source	native	name	p_value	significant	description	term_size	query_size	intersection_size	effective_domain_size	precision	recall	query	parents	Cluster	-log10(p_value)
GO:MF	GO:1901363	heterocyclic compound binding	0.00015931597508776608	True	"""Binding to heterocyclic compound."" [GOC:TermGenie]"	3307	107	36	22878	0.3364485981308411	0.010885999395222256	query_1	['GO:0036094']	4hr_60S_down	3.7977406740129833
GO:MF	GO:0043168	anion binding	0.00018281597248513142	True	"""Binding to an anion, a charged atom or group of atoms with a net negative charge."" [GOC:jl]"	3268	107	35	22878	0.32710280373831774	0.010709914320685434	query_1	['GO:0043167']	4hr_60S_down	3.737985862983389
GO:MF	GO:0030976	thiamine pyrophosphate binding	0.0006978455134916187	True	"""Binding to thiamine pyrophosphate, the diphosphoric ester of thiamine. Acts as a coenzyme of several (de)carboxylases, transketolases, and alpha-oxoacid dehydrogenases."" [GOC:mlg]"	9	107	3	22878	0.028037383177570093	0.3333333333333333	query_1	['GO:0019842', 'GO:0043168', 'GO:0043169', 'GO:0050997', 'GO:1901363', 'GO:1901681']	4hr_60S_down	3.156240709273591
GO:MF	GO:0015293	symporter activity	0.0006978455134916187	True	"""Enables the active transport of a solute across a membrane by a mechanism whereby two or more species are transported together in the same direction in a tightly coupled process not directly linked to a form of energy other than chemiosmotic energy."" [GOC:mtg_transport, ISBN:0815340729, PMID:10839820]"	97	107	6	22878	0.056074766355140186	0.061855670103092786	query_1	['GO:0015291']	4hr_60S_down	3.156240709273591
GO:MF	GO:0050997	quaternary ammonium group binding	0.0008040369446010722	True	"""Binding to a quaternary ammonium group, including glycine betaine, choline, carnitine and proline. A quaternary ammonium group is any compound that can be regarded as derived from ammonium hydroxide or an ammonium salt by replacement of all four hydrogen atoms of the NH4+ ion by organic groups."" [GOC:ai]"	12	107	3	22878	0.028037383177570093	0.25	query_1	['GO:0036094']	4hr_60S_down	3.094723995445883
GO:MF	GO:0043167	ion binding	0.0008040369446010722	True	"""Binding to an ion, a charged atoms or groups of atoms."" [GOC:jl]"	6685	107	52	22878	0.48598130841121495	0.007778608825729245	query_1	['GO:0036094']	4hr_60S_down	3.094723995445883
GO:MF	GO:0036094	small molecule binding	0.0008040369446010722	True	"""Binding to a small molecule, any low molecular weight, monomeric, non-encoded molecule."" [GOC:curators, GOC:pde, GOC:pm]"	6804	107	53	22878	0.4953271028037383	0.007789535567313345	query_1	['GO:0005488']	4hr_60S_down	3.094723995445883
GO:MF	GO:0005402	carbohydrate:monoatomic cation symporter activity	0.0008040369446010722	True	"""Enables the transfer of a solute or solutes from one side of a membrane to the other according to the reaction: sugar(out) + cation(out) = sugar(in) + cation(in)."" [GOC:ai]"	12	107	3	22878	0.028037383177570093	0.25	query_1	['GO:0015144', 'GO:0015294']	4hr_60S_down	3.094723995445883
GO:MF	GO:0005351	carbohydrate:proton symporter activity	0.0008040369446010722	True	"""Enables the transfer of a solute or solutes from one side of a membrane to the other according to the reaction: carbohydrate(out) + H+(out) = carbohydrate(in) + H+(in)."" [TC:2.A.1.1]"	12	107	3	22878	0.028037383177570093	0.25	query_1	['GO:0005402', 'GO:0015295']	4hr_60S_down	3.094723995445883
GO:CC	GO:0005737	cytoplasm	0.0009645345816240794	True	"""The contents of a cell excluding the plasma membrane and nucleus, but including other subcellular structures."" [ISBN:0198547684]"	9524	104	72	20029	0.6923076923076923	0.007559848803023939	query_1	['GO:0005622', 'GO:0110165']	4hr_60S_down	3.015682196906279
GO:MF	GO:0019842	vitamin binding	0.0013134259968073769	True	"""Binding to a vitamin, one of a number of unrelated organic substances that occur in many foods in small amounts and that are necessary in trace amounts for the normal metabolic functioning of the body."" [GOC:ai]"	133	107	6	22878	0.056074766355140186	0.045112781954887216	query_1	['GO:0036094']	4hr_60S_down	2.8815943919175773
GO:MF	GO:1901265	nucleoside phosphate binding	0.0027344344000584772	True	"""Binding to nucleoside phosphate."" [GOC:TermGenie]"	3179	107	30	22878	0.2803738317757009	0.009436929852154765	query_1	['GO:0005488']	4hr_60S_down	2.5631324910256206
GO:MF	GO:0000166	nucleotide binding	0.0027344344000584772	True	"""Binding to a nucleotide, any compound consisting of a nucleoside that is esterified with (ortho)phosphate or an oligophosphate at any hydroxyl group on the ribose or deoxyribose."" [GOC:mah, ISBN:0198547684]"	3173	107	30	22878	0.2803738317757009	0.009454774661203908	query_1	['GO:1901265', 'GO:1901363']	4hr_60S_down	2.5631324910256206
GO:MF	GO:0015295	solute:proton symporter activity	0.0028068486406815744	True	"""Enables the transfer of a solute or solutes from one side of a membrane to the other according to the reaction: solute(out) + H+(out) = solute(in) + H+(in)."" [GOC:ai]"	20	107	3	22878	0.028037383177570093	0.15	query_1	['GO:0015078', 'GO:0015294']	4hr_60S_down	2.5517810060649238
GO:MF	GO:0004737	pyruvate decarboxylase activity	0.0031476659844053225	True	"""Catalysis of the reaction: a 2-oxo acid = an aldehyde + CO2."" [EC:4.1.1.1]"	4	107	2	22878	0.018691588785046728	0.5	query_1	['GO:0016831']	4hr_60S_down	2.5020113591674744
GO:MF	GO:0015294	solute:monoatomic cation symporter activity	0.004260539283072345	True	"""Enables the transfer of a solute or solutes from one side of a membrane to the other according to the reaction: solute(out) + cation(out) = solute(in) + cation(in)."" [GOC:ai]"	24	107	3	22878	0.028037383177570093	0.125	query_1	['GO:0008324', 'GO:0015293']	4hr_60S_down	2.3705354260523714
GO:MF	GO:1901681	sulfur compound binding	0.00785040253442409	True	"""Binding to a sulfur compound."" [GOC:pr, GOC:TermGenie]"	30	107	3	22878	0.028037383177570093	0.1	query_1	['GO:0005488']	4hr_60S_down	2.1051080739557517
GO:MF	GO:0035639	purine ribonucleoside triphosphate binding	0.011265027339914104	True	"""Binding to a purine ribonucleoside triphosphate, a compound consisting of a purine base linked to a ribose sugar esterified with triphosphate on the sugar."" [GOC:BHF, GOC:ebc, ISBN:0198506732]"	2722	107	25	22878	0.2336448598130841	0.009184423218221896	query_1	['GO:0043168', 'GO:1901265', 'GO:1901363']	4hr_60S_down	1.948267749918009
GO:MF	GO:0003824	catalytic activity	0.011265027339914104	True	"""Catalysis of a biochemical reaction at physiological temperatures. In biologically catalyzed reactions, the reactants are known as substrates, and the catalysts are naturally occurring macromolecular substances known as enzymes. Enzymes possess specific binding sites for substrates, and are usually composed wholly or largely of protein, but RNA that has catalytic activity (ribozyme) is often also regarded as enzymatic."" [GOC:vw, ISBN:0198506732]"	9606	107	62	22878	0.5794392523364486	0.0064542993962107015	query_1	['GO:0003674']	4hr_60S_down	1.948267749918009
GO:MF	GO:0032553	ribonucleotide binding	0.011265027339914104	True	"""Binding to a ribonucleotide, any compound consisting of a ribonucleoside that is esterified with (ortho)phosphate or an oligophosphate at any hydroxyl group on the ribose moiety."" [GOC:mah]"	2865	107	26	22878	0.24299065420560748	0.009075043630017453	query_1	['GO:0000166', 'GO:0097367']	4hr_60S_down	1.948267749918009
GO:MF	GO:0005524	ATP binding	0.011265027339914104	True	"""Binding to ATP, adenosine 5'-triphosphate, a universally important coenzyme and enzyme regulator."" [ISBN:0198506732]"	2409	107	23	22878	0.21495327102803738	0.009547530095475302	query_1	['GO:0032559', 'GO:0035639']	4hr_60S_down	1.948267749918009
GO:MF	GO:0016782	transferase activity, transferring sulphur-containing groups	0.01154525974912908	True	"""Catalysis of the transfer of a sulfur-containing group from one compound (donor) to another (acceptor)."" [EC:2.8.-.-]"	38	107	3	22878	0.028037383177570093	0.07894736842105263	query_1	['GO:0016740']	4hr_60S_down	1.937596291733861
GO:MF	GO:0097367	carbohydrate derivative binding	0.01154525974912908	True	"""Binding to a carbohydrate derivative."" [GOC:pr]"	2907	107	26	22878	0.24299065420560748	0.008943928448572412	query_1	['GO:0005488']	4hr_60S_down	1.937596291733861
GO:BP	GO:0009987	cellular process	0.012268747192492642	True	"""Any process that is carried out at the cellular level, but not necessarily restricted to a single cell. For example, cell communication occurs among more than one cell, but occurs at the cellular level."" [GOC:go_curators, GOC:isa_complete]"	16591	95	88	21925	0.9263157894736842	0.0053040805255861615	query_1	['GO:0008150']	4hr_60S_down	1.9111997824372813
GO:BP	GO:0036294	cellular response to decreased oxygen levels	0.013557445705780135	True	"""Any process that results in a change in state or activity of a cell (in terms of movement, secretion, enzyme production, gene expression, etc.) as a result of a stimulus reflecting a decline in the level of oxygen."" [GOC:al]"	241	95	7	21925	0.07368421052631578	0.029045643153526972	query_1	['GO:0036293', 'GO:0071453']	4hr_60S_down	1.867822126131106
GO:BP	GO:0071453	cellular response to oxygen levels	0.013557445705780135	True	"""Any process that results in a change in state or activity of a cell (in terms of movement, secretion, enzyme production, gene expression, etc.) as a result of a stimulus reflecting the presence, absence, or concentration of oxygen."" [GOC:mah]"	241	95	7	21925	0.07368421052631578	0.029045643153526972	query_1	['GO:0070482', 'GO:0070887']	4hr_60S_down	1.867822126131106
GO:BP	GO:0071456	cellular response to hypoxia	0.013557445705780135	True	"""Any process that results in a change in state or activity of a cell (in terms of movement, secretion, enzyme production, gene expression, etc.) as a result of a stimulus indicating lowered oxygen tension. Hypoxia, defined as a decline in O2 levels below normoxic levels of 20.8 - 20.95%, results in metabolic adaptation at both the cellular and organismal level."" [GOC:mah]"	239	95	7	21925	0.07368421052631578	0.029288702928870293	query_1	['GO:0001666', 'GO:0033554', 'GO:0036294']	4hr_60S_down	1.867822126131106
GO:BP	GO:0044281	small molecule metabolic process	0.013557445705780135	True	"""The chemical reactions and pathways involving small molecules, any low molecular weight, monomeric, non-encoded molecule."" [GOC:curators, GOC:pde, GOC:vw]"	1595	95	19	21925	0.2	0.011912225705329153	query_1	['GO:0008152']	4hr_60S_down	1.867822126131106
GO:MF	GO:0017076	purine nucleotide binding	0.014917042791243932	True	"""Binding to a purine nucleotide, a compound consisting of a purine nucleoside esterified with (ortho)phosphate."" [GOC:ai]"	2971	107	26	22878	0.24299065420560748	0.008751262201279031	query_1	['GO:0000166']	4hr_60S_down	1.8263172644463446
GO:MF	GO:0030554	adenyl nucleotide binding	0.014917042791243932	True	"""Binding to an adenyl nucleotide, an adenosine esterified with (ortho)phosphate."" [ISBN:0198506732]"	2651	107	24	22878	0.22429906542056074	0.009053187476423991	query_1	['GO:0017076']	4hr_60S_down	1.8263172644463446
GO:BP	GO:0006082	organic acid metabolic process	0.01563893813888501	True	"""The chemical reactions and pathways involving organic acids, any acidic compound containing carbon in covalent linkage."" [ISBN:0198506732]"	1068	95	14	21925	0.14736842105263157	0.013108614232209739	query_1	['GO:0044281']	4hr_60S_down	1.8057927382377112
GO:BP	GO:0001666	response to hypoxia	0.01563893813888501	True	"""Any process that results in a change in state or activity of a cell or an organism (in terms of movement, secretion, enzyme production, gene expression, etc.) as a result of a stimulus indicating lowered oxygen tension. Hypoxia, defined as a decline in O2 levels below normoxic levels of 20.8 - 20.95%, results in metabolic adaptation at both the cellular and organismal level."" [GOC:hjd]"	266	95	7	21925	0.07368421052631578	0.02631578947368421	query_1	['GO:0006950', 'GO:0036293']	4hr_60S_down	1.8057927382377112
GO:BP	GO:0043436	oxoacid metabolic process	0.01563893813888501	True	"""The chemical reactions and pathways involving any oxoacid; an oxoacid is a compound which contains oxygen, at least one other element, and at least one hydrogen bound to oxygen, and which produces a conjugate base by loss of positive hydrogen ion(s) (hydrons)."" [Wikipedia:Oxyacid]"	1067	95	14	21925	0.14736842105263157	0.013120899718837863	query_1	['GO:0006082']	4hr_60S_down	1.8057927382377112
GO:BP	GO:0070482	response to oxygen levels	0.01563893813888501	True	"""Any process that results in a change in state or activity of a cell or an organism (in terms of movement, secretion, enzyme production, gene expression, etc.) as a result of a stimulus reflecting the presence, absence, or concentration of oxygen."" [GOC:BHF, GOC:mah]"	271	95	7	21925	0.07368421052631578	0.025830258302583026	query_1	['GO:0009628']	4hr_60S_down	1.8057927382377112
GO:BP	GO:0036293	response to decreased oxygen levels	0.01563893813888501	True	"""Any process that results in a change in state or activity of a cell or an organism (in terms of movement, secretion, enzyme production, gene expression, etc.) as a result of a stimulus reflecting a decline in the level of oxygen."" [GOC:al]"	270	95	7	21925	0.07368421052631578	0.025925925925925925	query_1	['GO:0070482']	4hr_60S_down	1.8057927382377112
GO:MF	GO:0016773	phosphotransferase activity, alcohol group as acceptor	0.015947168933922427	True	"""Catalysis of the transfer of a phosphorus-containing group from one compound (donor) to an alcohol group (acceptor)."" [EC:2.7.1.-]"	1324	107	15	22878	0.14018691588785046	0.011329305135951661	query_1	['GO:0016772']	4hr_60S_down	1.797316405114989
GO:MF	GO:0032555	purine ribonucleotide binding	0.015947168933922427	True	"""Binding to a purine ribonucleotide, any compound consisting of a purine ribonucleoside that is esterified with (ortho)phosphate or an oligophosphate at any hydroxyl group on the ribose moiety."" [GOC:mah]"	2841	107	25	22878	0.2336448598130841	0.008799718409010912	query_1	['GO:0017076', 'GO:0032553']	4hr_60S_down	1.797316405114989
GO:MF	GO:0032559	adenyl ribonucleotide binding	0.015947168933922427	True	"""Binding to an adenyl ribonucleotide, any compound consisting of adenosine esterified with (ortho)phosphate or an oligophosphate at any hydroxyl group on the ribose moiety."" [GOC:mah]"	2521	107	23	22878	0.21495327102803738	0.009123363744545815	query_1	['GO:0030554', 'GO:0032555']	4hr_60S_down	1.797316405114989
GO:BP	GO:0010167	response to nitrate	0.01703100892360855	True	"""Any process that results in a change in state or activity of a cell or an organism (in terms of movement, secretion, enzyme production, gene expression, etc.) as a result of a nitrate stimulus."" [GOC:sm]"	28	95	3	21925	0.031578947368421054	0.10714285714285714	query_1	['GO:1901698', 'GO:1901700']	4hr_60S_down	1.76875962350088
GO:BP	GO:0032787	monocarboxylic acid metabolic process	0.01785735470771769	True	"""The chemical reactions and pathways involving monocarboxylic acids, any organic acid containing one carboxyl (COOH) group or anion (COO-)."" [GOC:vk]"	489	95	9	21925	0.09473684210526316	0.018404907975460124	query_1	['GO:0019752']	4hr_60S_down	1.748182874726767
GO:MF	GO:0016301	kinase activity	0.019507397803058962	True	"""Catalysis of the transfer of a phosphate group, usually from ATP, to a substrate molecule."" [ISBN:0198506732]"	1499	107	16	22878	0.14953271028037382	0.01067378252168112	query_1	['GO:0016772']	4hr_60S_down	1.7098006596236957
GO:BP	GO:0006950	response to stress	0.02192435665868839	True	"""Any process that results in a change in state or activity of a cell or an organism (in terms of movement, secretion, enzyme production, gene expression, etc.) as a result of a disturbance in organismal or cellular homeostasis, usually, but not necessarily, exogenous (e.g. temperature, humidity, ionizing radiation)."" [GOC:mah]"	3733	95	30	21925	0.3157894736842105	0.008036431824270024	query_1	['GO:0050896']	4hr_60S_down	1.6590731415733644
GO:MF	GO:0015291	secondary active transmembrane transporter activity	0.02485586923554713	True	"""Enables the transfer of a solute from one side of a membrane to the other, up its concentration gradient. The transporter binds the solute and undergoes a series of conformational changes. Transport works equally well in either direction and is driven by a chemiosmotic source of energy, not direct ATP coupling. Secondary active transporters include symporters and antiporters."" [GOC:mtg_transport, ISBN:0198506732, ISBN:0815340729, PMID:10839820]"	283	107	6	22878	0.056074766355140186	0.02120141342756184	query_1	['GO:0022804']	4hr_60S_down	1.604571044530588
GO:MF	GO:0016783	sulfurtransferase activity	0.02485586923554713	True	"""Catalysis of the transfer of sulfur atoms from one compound (donor) to another (acceptor)."" [EC:2.8.1.-, GOC:ai]"	15	107	2	22878	0.018691588785046728	0.13333333333333333	query_1	['GO:0016782']	4hr_60S_down	1.604571044530588
GO:BP	GO:0097435	supramolecular fiber organization	0.029497528505807367	True	"""A process that is carried out at the cellular level which results in the assembly, arrangement of constituent parts, or disassembly of a supramolecular fiber, a polymer consisting of an indefinite number of protein or protein complex subunits that have polymerised to form a fiber-shaped structure."" [GOC:pr]"	152	95	5	21925	0.05263157894736842	0.03289473684210526	query_1	['GO:0016043']	4hr_60S_down	1.5302143705050586
GO:MF	GO:0016772	transferase activity, transferring phosphorus-containing groups	0.029842658655248322	True	"""Catalysis of the transfer of a phosphorus-containing group from one compound (donor) to another (acceptor)."" [GOC:jl, ISBN:0198506732]"	1729	107	17	22878	0.1588785046728972	0.009832272990167727	query_1	['GO:0016740']	4hr_60S_down	1.5251624885764057
MIRNA	MIRNA:ath-mir837-3p	ath-mir837-3p	0.030303030303030498	True	ath-mir837-3p	1	1	1	66	1.0	1.0	query_1	['MIRNA:000000']	4hr_60S_down	1.5185139398778846
GO:MF	GO:0022804	active transmembrane transporter activity	0.031897018970188956	True	"""Enables the transfer of a specific substance or related group of substances from one side of a membrane to the other, up the solute's concentration gradient. The transporter binds the solute and undergoes a series of conformational changes. Transport works equally well in either direction."" [GOC:mtg_transport, ISBN:0815340729]"	527	107	8	22878	0.07476635514018691	0.015180265654648957	query_1	['GO:0022857']	4hr_60S_down	1.4962499033156358
GO:MF	GO:0005488	binding	0.031897018970188956	True	"""The selective, non-covalent, often stoichiometric, interaction of a molecule with one or more specific sites on another molecule."" [GOC:ceb, GOC:mah, ISBN:0198506732]"	14966	107	83	22878	0.7757009345794392	0.005545904049178137	query_1	['GO:0003674']	4hr_60S_down	1.4962499033156358
GO:MF	GO:0010294	abscisic acid glucosyltransferase activity	0.031897018970188956	True	"""Catalysis of the reaction: (+)-abscisate + UDP-D-glucose = abscisic acid glucose ester + UDP."" [DOI:10.1016/j.tetasy.2004.11.062]"	1	107	1	22878	0.009345794392523364	1.0	query_1	['GO:0035251']	4hr_60S_down	1.4962499033156358
GO:MF	GO:0015144	carbohydrate transmembrane transporter activity	0.031897018970188956	True	"""Enables the transfer of carbohydrate from one side of a membrane to the other."" [GOC:jl, GOC:mtg_transport, ISBN:0815340729]"	70	107	3	22878	0.028037383177570093	0.04285714285714286	query_1	['GO:0022857']	4hr_60S_down	1.4962499033156358
GO:MF	GO:0004794	threonine deaminase activity	0.031897018970188956	True	"""Catalysis of the reaction: L-threonine = 2-oxobutanoate + NH4."" [EC:4.3.1.19]"	1	107	1	22878	0.009345794392523364	1.0	query_1	['GO:0016841']	4hr_60S_down	1.4962499033156358
GO:MF	GO:0016040	glutamate synthase (NADH) activity	0.031897018970188956	True	"""Catalysis of the reaction: 2 L-glutamate + NAD+ = 2-oxoglutarate + L-glutamine + H+ + NADH."" [EC:1.4.1.14, RHEA:13753]"	1	107	1	22878	0.009345794392523364	1.0	query_1	['GO:0015930']	4hr_60S_down	1.4962499033156358
GO:MF	GO:0016840	carbon-nitrogen lyase activity	0.031897018970188956	True	"""Catalysis of the release of ammonia or one of its derivatives, with the formation of a double bond or ring. Enzymes with this activity may catalyze the actual elimination of the ammonia, amine or amide, e.g. CH-CH(-NH-R) = C=CH- + NH2-R. Others, however, catalyze elimination of another component, e.g. water, which is followed by spontaneous reactions that lead to breakage of the C-N bond, e.g. L-serine ammonia-lyase (EC:4.3.1.17), so that the overall reaction is C(-OH)-CH(-NH2) = CH2-CO- + NH3, i.e. an elimination with rearrangement. The sub-subclasses of EC:4.3 are the ammonia-lyases (EC:4.3.1), lyases acting on amides, amidines, etc. (EC:4.3.2), the amine-lyases (EC:4.3.3), and other carbon-nitrogen lyases (EC:4.3.99)."" [EC:4.3.-.-]"	19	107	2	22878	0.018691588785046728	0.10526315789473684	query_1	['GO:0016829']	4hr_60S_down	1.4962499033156358
GO:MF	GO:0080131	hydroxyjasmonate sulfotransferase activity	0.031897018970188956	True	"""Catalysis of the reaction: a hydroxyjasmonate + 3'-phosphoadenosine-5'-phosphosulfate = a hydroxyjasmonate sulfate + adenosine-3',5'-diphosphate."" [EC:2.8.2.39, PMID:12637544]"	1	107	1	22878	0.009345794392523364	1.0	query_1	['GO:0008146']	4hr_60S_down	1.4962499033156358
GO:MF	GO:0080096	phosphatidate-sterol O-acyltransferase activity	0.031897018970188956	True	"""Catalysis of the reaction: a phosphatidate + a sterol = a sterol ester + a lysophosphatidate."" [PMID:16020547]"	1	107	1	22878	0.009345794392523364	1.0	query_1	['GO:0008374']	4hr_60S_down	1.4962499033156358
GO:MF	GO:0080095	phosphatidylethanolamine-sterol O-acyltransferase activity	0.031897018970188956	True	"""Catalysis of the reaction: a phosphatidylethanolamine + a sterol = a sterol ester + a lysophosphatidylethanolamine."" [PMID:16020547]"	1	107	1	22878	0.009345794392523364	1.0	query_1	['GO:0008374']	4hr_60S_down	1.4962499033156358
GO:MF	GO:0055056	D-glucose transmembrane transporter activity	0.031897018970188956	True	"""Enables the transfer of the D-enantiomer of the hexose monosaccharide glucose from one side of a membrane to the other."" [GOC:jid, GOC:jsg, GOC:mah]"	1	107	1	22878	0.009345794392523364	1.0	query_1	['GO:0015149']	4hr_60S_down	1.4962499033156358
GO:MF	GO:0004607	phosphatidylcholine-sterol O-acyltransferase activity	0.031897018970188956	True	"""Catalysis of the reaction: phosphatidylcholine + a sterol = a sterol ester + 1-acylglycerophosphocholine."" [EC:2.3.1.43]"	1	107	1	22878	0.009345794392523364	1.0	query_1	['GO:0008374']	4hr_60S_down	1.4962499033156358
GO:MF	GO:0106310	protein serine kinase activity	0.031897018970188956	True	"""Catalysis of the reactions: ATP + protein serine = ADP + protein serine phosphate."" [RHEA:17989]"	638	107	9	22878	0.08411214953271028	0.014106583072100314	query_1	['GO:0004672']	4hr_60S_down	1.4962499033156358
GO:MF	GO:0005358	high-affinity D-glucose:proton symporter activity	0.031897018970188956	True	"""Enables the transfer of a solute or solutes from one side of a membrane to the other according to the reaction: glucose + H+ = glucose + H+. This activity is constitutive and therefore always present, regardless of demand. Symporter activity enables the active transport of a solute across a membrane by a mechanism whereby two or more species are transported together in the same direction in a tightly coupled process not directly linked to a form of energy other than chemiosmotic energy. In high-affinity transport the transporter is able to bind the solute even if it is only present at very low concentrations."" [GOC:mtg_transport]"	1	107	1	22878	0.009345794392523364	1.0	query_1	['GO:0005356']	4hr_60S_down	1.4962499033156358
GO:MF	GO:0004747	ribokinase activity	0.031897018970188956	True	"""Catalysis of the reaction: ATP + D-ribose = ADP + D-ribose 5-phosphate."" [EC:2.7.1.15]"	1	107	1	22878	0.009345794392523364	1.0	query_1	['GO:0016773', 'GO:0019200']	4hr_60S_down	1.4962499033156358
GO:MF	GO:0044877	protein-containing complex binding	0.031897018970188956	True	"""Binding to a macromolecular complex."" [GOC:jl]"	128	107	4	22878	0.037383177570093455	0.03125	query_1	['GO:0005488']	4hr_60S_down	1.4962499033156358
GO:MF	GO:0036033	mediator complex binding	0.031897018970188956	True	"""Binding to a mediator complex. The mediator complex is a protein complex that interacts with the carboxy-terminal domain of the largest subunit of RNA polymerase II and plays an active role in transducing the signal from a transcription factor to the transcriptional machinery. The Saccharomyces complex contains several identifiable subcomplexes: a head domain comprising Srb2, -4, and -5, Med6, -8, and -11, and Rox3 proteins; a middle domain comprising Med1, -4, and -7, Nut1 and -2, Cse2, Rgr1, Soh1, and Srb7 proteins; a tail consisting of Gal11p, Med2p, Pgd1p, and Sin4p; and a regulatory subcomplex comprising Ssn2, -3, and -8, and Srb8 proteins. Metazoan mediator complexes have similar modular structures and include homologs of yeast Srb and Med proteins."" [GOC:yaf, PMID:18391015]"	1	107	1	22878	0.009345794392523364	1.0	query_1	['GO:0044877']	4hr_60S_down	1.4962499033156358
GO:MF	GO:0005356	D-glucose:proton symporter activity	0.031897018970188956	True	"""Enables the transfer of a solute or solutes from one side of a membrane to the other according to the reaction: D-glucose + H+ = D-glucose + H+. Symporter activity enables the active transport of a solute across a membrane by a mechanism whereby two or more species are transported together in the same direction in a tightly coupled process not directly linked to a form of energy other than chemiosmotic energy."" [GOC:mtg_transport]"	1	107	1	22878	0.009345794392523364	1.0	query_1	['GO:0009679', 'GO:0055056']	4hr_60S_down	1.4962499033156358
GO:MF	GO:0004674	protein serine/threonine kinase activity	0.031897018970188956	True	"""Catalysis of the reactions: ATP + protein serine = ADP + protein serine phosphate, and ATP + protein threonine = ADP + protein threonine phosphate."" [EC:2.7.11.-, GOC:bf, PMID:2956925]"	906	107	11	22878	0.102803738317757	0.012141280353200883	query_1	['GO:0004672']	4hr_60S_down	1.4962499033156358
GO:MF	GO:0016831	carboxy-lyase activity	0.036501159784395686	True	"""Catalysis of the nonhydrolytic addition or removal of a carboxyl group to or from a compound."" [GOC:curators]"	76	107	3	22878	0.028037383177570093	0.039473684210526314	query_1	['GO:0016830']	4hr_60S_down	1.4376933360925366
GO:BP	GO:0009628	response to abiotic stimulus	0.03665716118522433	True	"""Any process that results in a change in state or activity of a cell or an organism (in terms of movement, secretion, enzyme production, gene expression, etc.) as a result of an abiotic (not derived from living organisms) stimulus."" [GOC:hb]"	2131	95	20	21925	0.21052631578947367	0.009385265133740028	query_1	['GO:0050896']	4hr_60S_down	1.4358411708339651
GO:MF	GO:0005506	iron ion binding	0.041333593506062194	True	"""Binding to an iron (Fe) ion."" [GOC:ai]"	354	107	6	22878	0.056074766355140186	0.01694915254237288	query_1	['GO:0046914']	4hr_60S_down	1.3836968358987611
GO:MF	GO:0050660	flavin adenine dinucleotide binding	0.041333593506062194	True	"""Binding to FAD, flavin-adenine dinucleotide, the coenzyme or the prosthetic group of various flavoprotein oxidoreductase enzymes, in either the oxidized form, FAD, or the reduced form, FADH2."" [GOC:ai, GOC:imk, ISBN:0198506732]"	158	107	4	22878	0.037383177570093455	0.02531645569620253	query_1	['GO:0000166', 'GO:0043168']	4hr_60S_down	1.3836968358987611
GO:MF	GO:0016638	oxidoreductase activity, acting on the CH-NH2 group of donors	0.041333593506062194	True	"""Catalysis of an oxidation-reduction (redox) reaction in which a CH-NH2 group acts as a hydrogen or electron donor and reduces a hydrogen or electron acceptor."" [EC:1.4.-.-, GOC:ai]"	26	107	2	22878	0.018691588785046728	0.07692307692307693	query_1	['GO:0016491']	4hr_60S_down	1.3836968358987611
GO:MF	GO:0046914	transition metal ion binding	0.04235720289520277	True	"""Binding to a transition metal ions; a transition metal is an element whose atom has an incomplete d-subshell of extranuclear electrons, or which gives rise to a cation or cations with an incomplete d-subshell. Transition metals often have more than one valency state. Biologically relevant transition metals include vanadium, manganese, iron, copper, cobalt, nickel, molybdenum and silver."" [ISBN:0198506732]"	1282	107	13	22878	0.12149532710280374	0.01014040561622465	query_1	['GO:0046872']	4hr_60S_down	1.373072726734692
GO:BP	GO:0006629	lipid metabolic process	0.04336422710199203	True	"""The chemical reactions and pathways involving lipids, compounds soluble in an organic solvent but not, or sparingly, in an aqueous solvent. Includes fatty acids; neutral fats, other fatty-acid esters, and soaps; long-chain (fatty) alcohols and waxes; sphingoids and other long-chain bases; glycolipids, phospholipids and sphingolipids; and carotenes, polyprenols, sterols, terpenes and other isoprenoids."" [GOC:ma]"	1097	95	13	21925	0.1368421052631579	0.011850501367365542	query_1	['GO:0044238']	4hr_60S_down	1.3628683898093756
GO:MF	GO:0016740	transferase activity	0.045843018676864446	True	"""Catalysis of the transfer of a group, e.g. a methyl group, glycosyl group, acyl group, phosphorus-containing, or other groups, from one compound (generally regarded as the donor) to another compound (generally regarded as the acceptor). Transferase is the systematic name for any enzyme of EC class 2."" [EC:2.-.-.-]"	3963	107	29	22878	0.27102803738317754	0.007317688619732526	query_1	['GO:0003824']	4hr_60S_down	1.3387267926213675
GO:MF	GO:0004672	protein kinase activity	0.046120466602149114	True	"""Catalysis of the phosphorylation of an amino acid residue in a protein, usually according to the reaction: a protein + ATP = a phosphoprotein + ADP."" [PMID:25399640]"	1170	107	12	22878	0.11214953271028037	0.010256410256410256	query_1	['GO:0016301', 'GO:0016773', 'GO:0140096']	4hr_60S_down	1.3361063075847641
GO:MF	GO:0004321	fatty-acyl-CoA synthase activity	0.046120466602149114	True	"""Catalysis of the reaction: acetyl-CoA + n malonyl-CoA + 2n NADH + 2n NADPH + 4n H+ = a long-chain acyl-CoA + n CoA + n CO2 + 2n NAD+ + 2n NADP+."" [EC:2.3.1.86]"	2	107	1	22878	0.009345794392523364	0.5	query_1	['GO:0016408']	4hr_60S_down	1.3361063075847641
GO:MF	GO:0004591	oxoglutarate dehydrogenase (succinyl-transferring) activity	0.046120466602149114	True	"""Catalysis of the reaction: 2-oxoglutarate + lipoamide + H+ = S-succinyldihydrolipoamide + CO2."" [EC:1.2.4.2]"	2	107	1	22878	0.009345794392523364	0.5	query_1	['GO:0016624']	4hr_60S_down	1.3361063075847641
GO:MF	GO:0022857	transmembrane transporter activity	0.046120466602149114	True	"""Enables the transfer of a substance, usually a specific substance or a group of related substances, from one side of a membrane to the other."" [GOC:jid, GOC:mtg_transport, ISBN:0815340729]"	1157	107	12	22878	0.11214953271028037	0.010371650821089023	query_1	['GO:0005215']	4hr_60S_down	1.3361063075847641
GO:MF	GO:0016992	lipoate synthase activity	0.046120466602149114	True	"""Catalysis of the reaction: protein N6-(octanoyl)lysine + 2 sulfur + 2 S-adenosyl-L-methionine = protein N6-(lipoyl)lysine + 2 L-methionine + 2 5'-deoxyadenosyl."" [EC:2.8.1.8, PMID:18307109]"	2	107	1	22878	0.009345794392523364	0.5	query_1	['GO:0016783']	4hr_60S_down	1.3361063075847641
GO:MF	GO:0043546	molybdopterin cofactor binding	0.046120466602149114	True	"""Binding to a molybdopterin cofactor (Moco), essential for the catalytic activity of some enzymes, e.g. sulfite oxidase, xanthine dehydrogenase, and aldehyde oxidase. The cofactor consists of a mononuclear molybdenum (Mo-molybdopterin) or tungsten ion (W-molybdopterin) coordinated by one or two molybdopterin ligands."" [ISSN:09498257]"	2	107	1	22878	0.009345794392523364	0.5	query_1	['GO:0005488']	4hr_60S_down	1.3361063075847641
GO:MF	GO:0009703	nitrate reductase (NADH) activity	0.046120466602149114	True	"""Catalysis of the reaction: nitrite + NAD+ + H2O = nitrate + NADH + H+."" [RHEA:17913]"	2	107	1	22878	0.009345794392523364	0.5	query_1	['GO:0050463']	4hr_60S_down	1.3361063075847641
GO:MF	GO:0009679	hexose:proton symporter activity	0.046120466602149114	True	"""Enables the transfer of a solute or solutes from one side of a membrane to the other according to the reaction: hexose(out) + H+(out) = hexose(in) + H+(in)."" [TC:2.A.1.-.-]"	2	107	1	22878	0.009345794392523364	0.5	query_1	['GO:0005351', 'GO:0015149']	4hr_60S_down	1.3361063075847641
GO:MF	GO:0005542	folic acid binding	0.046120466602149114	True	"""Binding to folic acid, pteroylglutamic acid. Folic acid is widely distributed as a member of the vitamin B complex and is essential for the synthesis of purine and pyrimidines."" [GOC:jl, ISBN:0198506732]"	2	107	1	22878	0.009345794392523364	0.5	query_1	['GO:0019842', 'GO:0031406', 'GO:0033218', 'GO:0072341', 'GO:1901363']	4hr_60S_down	1.3361063075847641
GO:MF	GO:0061929	gamma-glutamylaminecyclotransferase activity	0.046120466602149114	True	"""Catalysis of the reaction: epsilon-(L-gamma-glutamyl)-L-lysine = L-lysine + 5-oxo-L-proline."" [PMID:20110353, PMID:6107907]"	2	107	1	22878	0.009345794392523364	0.5	query_1	['GO:0016842']	4hr_60S_down	1.3361063075847641
GO:MF	GO:0050463	nitrate reductase [NAD(P)H] activity	0.046120466602149114	True	"""Catalysis of the reaction: nitrite + NAD(P)+ + H2O = nitrate + NAD(P)H + H+."" [EC:1.7.1.2]"	2	107	1	22878	0.009345794392523364	0.5	query_1	['GO:0008940', 'GO:0046857']	4hr_60S_down	1.3361063075847641
GO:MF	GO:0005215	transporter activity	0.046120466602149114	True	"""Enables the directed movement of substances (such as macromolecules, small molecules, ions) into, out of or within a cell, accross or in between cells."" [GOC:ai, GOC:dgf]"	1183	107	12	22878	0.11214953271028037	0.01014370245139476	query_1	['GO:0003674']	4hr_60S_down	1.3361063075847641
GO:MF	GO:0050464	nitrate reductase (NADPH) activity	0.046120466602149114	True	"""Catalysis of the reaction: nitrite + NADP+ + H2O = nitrate + NADPH + H+."" [RHEA:19061]"	2	107	1	22878	0.009345794392523364	0.5	query_1	['GO:0050463']	4hr_60S_down	1.3361063075847641
GO:MF	GO:0042277	peptide binding	0.047784446583527304	True	"""Binding to a peptide, an organic compound comprising two or more amino acids linked by peptide bonds."" [GOC:jl]"	32	107	2	22878	0.018691588785046728	0.0625	query_1	['GO:0005488']	4hr_60S_down	1.3207134394158624
GO:MF	GO:0015171	amino acid transmembrane transporter activity	0.04999904765716156	True	"""Enables the transfer of amino acids from one side of a membrane to the other. Amino acids are organic molecules that contain an amino group and a carboxyl group."" [GOC:ai, GOC:mtg_transport, ISBN:0815340729]"	33	107	2	22878	0.018691588785046728	0.06060606060606061	query_1	['GO:0022857']	4hr_60S_down	1.3010382676875518
GO:CC	GO:0005730	nucleolus	0.02003392051391527	True	"""A small, dense body one or more of which are present in the nucleus of eukaryotic cells. It is rich in RNA and protein, is not bounded by a limiting membrane, and is not seen during mitosis. Its prime function is the transcription of the nucleolar DNA into 45S ribosomal-precursor RNA, the processing of this RNA into 5.8S, 18S, and 28S components of ribosomal RNA, and the association of these components with 5S RNA and proteins synthesized outside the nucleolus. This association results in the formation of ribonucleoprotein precursors; these pass into the cytoplasm and mature into the 40S and 60S subunits of the ribosome."" [ISBN:0198506732]"	701	27	6	20029	0.2222222222222222	0.008559201141226819	query_1	['GO:0031981', 'GO:0043232']	Bulked_60S_down	1.6982340536545515
GO:CC	GO:0031974	membrane-enclosed lumen	0.02003392051391527	True	"""The enclosed volume within a sealed membrane or between two sealed membranes. Encompasses the volume enclosed by the membranes of a particular organelle, e.g. endoplasmic reticulum lumen, or the space between the two lipid bilayers of a double membrane surrounding an organelle, e.g. nuclear envelope lumen."" [GOC:add, GOC:mah]"	1245	27	7	20029	0.25925925925925924	0.005622489959839358	query_1	['GO:0110165']	Bulked_60S_down	1.6982340536545515
GO:CC	GO:0043233	organelle lumen	0.02003392051391527	True	"""The internal volume enclosed by the membranes of a particular organelle; includes the volume enclosed by a single organelle membrane, e.g. endoplasmic reticulum lumen, or the volume enclosed by the innermost of the two lipid bilayers of an organelle envelope, e.g. nuclear lumen."" [GOC:jl, GOC:mah]"	1245	27	7	20029	0.25925925925925924	0.005622489959839358	query_1	['GO:0031974', 'GO:0043226']	Bulked_60S_down	1.6982340536545515
GO:CC	GO:0070013	intracellular organelle lumen	0.02003392051391527	True	"""An organelle lumen that is part of an intracellular organelle."" [GOC:mah]"	1245	27	7	20029	0.25925925925925924	0.005622489959839358	query_1	['GO:0043229', 'GO:0043233']	Bulked_60S_down	1.6982340536545515
GO:CC	GO:0005840	ribosome	0.034342821066972166	True	"""An intracellular organelle, about 200 A in diameter, consisting of RNA and protein. It is the site of protein biosynthesis resulting from translation of messenger RNA (mRNA). It consists of two subunits, one large and one small, each containing only protein and RNA. Both the ribosome and its subunits are characterized by their sedimentation coefficients, expressed in Svedberg units (symbol: S). Hence, the prokaryotic ribosome (70S) comprises a large (50S) subunit and a small (30S) subunit, while the eukaryotic ribosome (80S) comprises a large (60S) subunit and a small (40S) subunit. Two sites on the ribosomal large subunit are involved in translation, namely the aminoacyl site (A site) and peptidyl site (P site). Ribosomes from prokaryotes, eukaryotes, mitochondria, and chloroplasts have characteristically distinct ribosomal proteins."" [ISBN:0198506732]"	533	27	4	20029	0.14814814814814814	0.0075046904315197	query_1	['GO:0043232']	Bulked_60S_down	1.4641640328938794
GO:CC	GO:0009532	plastid stroma	0.034342821066972166	True	"""The proteinaceous ground substance of plastids."" [ISBN:0943088399]"	769	27	5	20029	0.18518518518518517	0.006501950585175552	query_1	['GO:0009536', 'GO:0110165']	Bulked_60S_down	1.4641640328938794
GO:CC	GO:0009570	chloroplast stroma	0.034342821066972166	True	"""The space enclosed by the double membrane of a chloroplast but excluding the thylakoid space. It contains DNA, ribosomes and some temporary products of photosynthesis."" [ISBN:0198547684]"	762	27	5	20029	0.18518518518518517	0.006561679790026247	query_1	['GO:0009507', 'GO:0009532']	Bulked_60S_down	1.4641640328938794
GO:CC	GO:0031981	nuclear lumen	0.034342821066972166	True	"""The volume enclosed by the nuclear inner membrane."" [GOC:mah, GOC:pz]"	1054	27	6	20029	0.2222222222222222	0.0056925996204933585	query_1	['GO:0005634', 'GO:0070013']	Bulked_60S_down	1.4641640328938794
GO:CC	GO:0043228	membraneless organelle	0.034342821066972166	True	"""Organized structure of distinctive morphology and function, not bounded by a lipid bilayer membrane. Includes ribosomes, the cytoskeleton and chromosomes."" [GOC:go_curators]"	2568	27	9	20029	0.3333333333333333	0.0035046728971962616	query_1	['GO:0043226']	Bulked_60S_down	1.4641640328938794
GO:CC	GO:0043232	intracellular membraneless organelle	0.034342821066972166	True	"""Organized structure of distinctive morphology and function, not bounded by a lipid bilayer membrane and occurring within the cell. Includes ribosomes, the cytoskeleton and chromosomes."" [GOC:go_curators]"	2568	27	9	20029	0.3333333333333333	0.0035046728971962616	query_1	['GO:0043228', 'GO:0043229']	Bulked_60S_down	1.4641640328938794
GO:CC	GO:0044391	ribosomal subunit	0.034342821066972166	True	"""Either of the two subunits of a ribosome: the ribosomal large subunit or the ribosomal small subunit."" [GOC:jl]"	262	27	3	20029	0.1111111111111111	0.011450381679389313	query_1	['GO:0005840', 'GO:1990904']	Bulked_60S_down	1.4641640328938794
GO:CC	GO:1990904	ribonucleoprotein complex	0.034342821066972166	True	"""A macromolecular complex that contains both RNA and protein molecules."" [GOC:krc, GOC:vesicles]"	831	27	5	20029	0.18518518518518517	0.006016847172081829	query_1	['GO:0032991']	Bulked_60S_down	1.4641640328938794
GO:CC	GO:0022626	cytosolic ribosome	0.037017442374373946	True	"""A ribosome located in the cytosol."" [GOC:mtg_sensu]"	289	27	3	20029	0.1111111111111111	0.010380622837370242	query_1	['GO:0005829', 'GO:0005840']	Bulked_60S_down	1.4315935910144475
GO:CC	GO:0022627	cytosolic small ribosomal subunit	0.037017442374373946	True	"""The small subunit of a ribosome located in the cytosol."" [GOC:mtg_sensu]"	91	27	2	20029	0.07407407407407407	0.02197802197802198	query_1	['GO:0015935', 'GO:0022626']	Bulked_60S_down	1.4315935910144475
GO:CC	GO:0005737	cytoplasm	5e-324	True	"""The contents of a cell excluding the plasma membrane and nucleus, but including other subcellular structures."" [ISBN:0198547684]"	9524	1869	1647	20029	0.8812199036918138	0.1729315413691726	query_1	['GO:0005622', 'GO:0110165']	16hr_60S_down	323.3062153431158
GO:CC	GO:0009536	plastid	5.7567338025353997e-266	True	"""Any member of a family of organelles found in the cytoplasm of plants and some protists, which are membrane-bounded and contain DNA. Plant plastids develop from a common type, the proplastid."" [GOC:jl, ISBN:0198547684]"	2856	1869	853	20029	0.45639379347244513	0.29866946778711484	query_1	['GO:0005737', 'GO:0043231']	16hr_60S_down	265.2398238523171
GO:CC	GO:0009507	chloroplast	3.2231002229967443e-252	True	"""A chlorophyll-containing plastid with thylakoids organized into grana and frets, or stroma thylakoids, and embedded in a stroma."" [ISBN:0471245208]"	2351	1869	756	20029	0.4044943820224719	0.3215652913653764	query_1	['GO:0009536']	16hr_60S_down	251.4917261897971
GO:CC	GO:0009570	chloroplast stroma	2.857735876905544e-232	True	"""The space enclosed by the double membrane of a chloroplast but excluding the thylakoid space. It contains DNA, ribosomes and some temporary products of photosynthesis."" [ISBN:0198547684]"	762	1869	416	20029	0.2225789192081327	0.5459317585301837	query_1	['GO:0009507', 'GO:0009532']	16hr_60S_down	231.54397791287994
GO:CC	GO:0009532	plastid stroma	3.1806777505681903e-230	True	"""The proteinaceous ground substance of plastids."" [ISBN:0943088399]"	769	1869	416	20029	0.2225789192081327	0.540962288686606	query_1	['GO:0009536', 'GO:0110165']	16hr_60S_down	229.49748032908167
GO:CC	GO:0005829	cytosol	1.2730598344282977e-189	True	"""The part of the cytoplasm that does not contain organelles but which does contain other particulate matter, such as protein complexes."" [GOC:hjd, GOC:jl]"	2420	1869	688	20029	0.3681112894596041	0.28429752066115704	query_1	['GO:0005737', 'GO:0110165']	16hr_60S_down	188.8951511838158
GO:CC	GO:0005622	intracellular anatomical structure	1.3684544804294539e-163	True	"""A component of a cell contained within (but not including) the plasma membrane. In eukaryotes it includes the nucleus and cytoplasm."" [ISBN:0198506732]"	13505	1869	1733	20029	0.9272338148742643	0.12832284339133654	query_1	['GO:0110165']	16hr_60S_down	162.8637696441633
GO:MF	GO:0003824	catalytic activity	1.1226702709496449e-125	True	"""Catalysis of a biochemical reaction at physiological temperatures. In biologically catalyzed reactions, the reactants are known as substrates, and the catalysts are naturally occurring macromolecular substances known as enzymes. Enzymes possess specific binding sites for substrates, and are usually composed wholly or largely of protein, but RNA that has catalytic activity (ribozyme) is often also regarded as enzymatic."" [GOC:vw, ISBN:0198506732]"	9606	1846	1268	22878	0.6868905742145178	0.13200083281282532	query_1	['GO:0003674']	16hr_60S_down	124.94974777760669
GO:BP	GO:0044281	small molecule metabolic process	7.522663166727461e-125	True	"""The chemical reactions and pathways involving small molecules, any low molecular weight, monomeric, non-encoded molecule."" [GOC:curators, GOC:pde, GOC:vw]"	1595	1705	426	21925	0.2498533724340176	0.2670846394984326	query_1	['GO:0008152']	16hr_60S_down	124.12362838362898
GO:CC	GO:0043231	intracellular membrane-bounded organelle	4.060175086952522e-103	True	"""Organized structure of distinctive morphology and function, bounded by a single or double lipid bilayer membrane and occurring within the cell. Includes the nucleus, mitochondria, plastids, vacuoles, and vesicles. Excludes the plasma membrane."" [GOC:go_curators]"	11808	1869	1522	20029	0.8143392188336008	0.12889566395663957	query_1	['GO:0043227', 'GO:0043229']	16hr_60S_down	102.39145523793566
GO:CC	GO:0043227	membrane-bounded organelle	1.496654220696437e-102	True	"""Organized structure of distinctive morphology and function, bounded by a single or double lipid bilayer membrane. Includes the nucleus, mitochondria, plastids, vacuoles, and vesicles. Excludes the plasma membrane."" [GOC:go_curators]"	11823	1869	1522	20029	0.8143392188336008	0.12873213228453015	query_1	['GO:0043226']	16hr_60S_down	101.82487852523438
GO:BP	GO:0006082	organic acid metabolic process	3.501920386933047e-94	True	"""The chemical reactions and pathways involving organic acids, any acidic compound containing carbon in covalent linkage."" [ISBN:0198506732]"	1068	1705	305	21925	0.17888563049853373	0.28558052434456926	query_1	['GO:0044281']	16hr_60S_down	93.4556937314418
GO:CC	GO:0043229	intracellular organelle	8.706025929106048e-94	True	"""Organized structure of distinctive morphology and function, occurring within the cell. Includes the nucleus, mitochondria, plastids, vacuoles, vesicles, ribosomes and the cytoskeleton. Excludes the plasma membrane."" [GOC:go_curators]"	12312	1869	1543	20029	0.8255751738897806	0.12532488628979857	query_1	['GO:0005622', 'GO:0043226']	16hr_60S_down	93.06018004371998
GO:BP	GO:0043436	oxoacid metabolic process	9.934736583508804e-94	True	"""The chemical reactions and pathways involving any oxoacid; an oxoacid is a compound which contains oxygen, at least one other element, and at least one hydrogen bound to oxygen, and which produces a conjugate base by loss of positive hydrogen ion(s) (hydrons)."" [Wikipedia:Oxyacid]"	1067	1705	304	21925	0.17829912023460412	0.2849109653233365	query_1	['GO:0006082']	16hr_60S_down	93.0028436435864
GO:CC	GO:0043226	organelle	2.8183611612264816e-93	True	"""Organized structure of distinctive morphology and function. Includes the nucleus, mitochondria, plastids, vacuoles, vesicles, ribosomes and the cytoskeleton, and prokaryotic structures such as anammoxosomes and pirellulosomes. Excludes the plasma membrane."" [GOC:go_curators]"	12326	1869	1543	20029	0.8255751738897806	0.12518254097030668	query_1	['GO:0110165']	16hr_60S_down	92.55000335463424
GO:BP	GO:0019752	carboxylic acid metabolic process	2.48495131173334e-91	True	"""The chemical reactions and pathways involving carboxylic acids, any organic acid containing one or more carboxyl (COOH) groups or anions (COO-)."" [ISBN:0198506732]"	955	1705	283	21925	0.16598240469208211	0.2963350785340314	query_1	['GO:0043436']	16hr_60S_down	90.60468211608666
GO:BP	GO:0006520	amino acid metabolic process	1.5584273036531038e-72	True	"""The chemical reactions and pathways involving amino acids, carboxylic acids containing one or more amino groups."" [ISBN:0198506732]"	435	1705	169	21925	0.09912023460410557	0.38850574712643676	query_1	['GO:0044238']	16hr_60S_down	71.8073134515576
GO:CC	GO:0009526	plastid envelope	1.516903367901776e-69	True	"""The double lipid bilayer enclosing a plastid and separating its contents from the rest of the cytoplasm; includes the intermembrane space."" [GOC:jy]"	988	1869	282	20029	0.1508828250401284	0.2854251012145749	query_1	['GO:0009536', 'GO:0031967']	16hr_60S_down	68.81904208442337
GO:CC	GO:0009579	thylakoid	7.714517894528658e-68	True	"""A membranous cellular structure that bears the photosynthetic pigments in plants, algae, and cyanobacteria. In cyanobacteria thylakoids are of various shapes and are attached to, or continuous with, the plasma membrane. In eukaryotes they are flattened, membrane-bounded disk-like structures located in the chloroplasts; in the chloroplasts of higher plants the thylakoids form dense stacks called grana. Isolated thylakoid preparations can carry out photosynthetic electron transport and the associated phosphorylation."" [GOC:ds, GOC:mtg_sensu, ISBN:0198506732]"	596	1869	209	20029	0.11182450508293205	0.35067114093959734	query_1	['GO:0043232']	16hr_60S_down	67.11269120923636
GO:CC	GO:0009941	chloroplast envelope	3.0662620568803036e-66	True	"""The double lipid bilayer enclosing the chloroplast and separating its contents from the rest of the cytoplasm; includes the intermembrane space."" [GOC:tb]"	692	1869	225	20029	0.12038523274478331	0.32514450867052025	query_1	['GO:0009507', 'GO:0009526']	16hr_60S_down	65.51339073108844
GO:BP	GO:0044283	small molecule biosynthetic process	3.7267897835877997e-63	True	"""The chemical reactions and pathways resulting in the formation of small molecules, any low molecular weight, monomeric, non-encoded molecule."" [GOC:curators, GOC:pde, GOC:vw]"	686	1705	202	21925	0.11847507331378299	0.2944606413994169	query_1	['GO:0009058', 'GO:0044281']	16hr_60S_down	62.42866510373197
GO:BP	GO:0009987	cellular process	5.146372492975468e-60	True	"""Any process that is carried out at the cellular level, but not necessarily restricted to a single cell. For example, cell communication occurs among more than one cell, but occurs at the cellular level."" [GOC:go_curators, GOC:isa_complete]"	16591	1705	1549	21925	0.9085043988269794	0.09336387197878368	query_1	['GO:0008150']	16hr_60S_down	59.2884987828771
KEGG	KEGG:01100	Metabolic pathways	1.0216003762393888e-56	True	Metabolic pathways	2337	865	597	5300	0.6901734104046243	0.2554557124518614	query_1	['KEGG:00000']	16hr_60S_down	55.990718955800766
GO:BP	GO:0046394	carboxylic acid biosynthetic process	2.3330628586701113e-55	True	"""The chemical reactions and pathways resulting in the formation of carboxylic acids, any organic acid containing one or more carboxyl (-COOH) groups."" [ISBN:0198506732]"	556	1705	170	21925	0.09970674486803519	0.3057553956834532	query_1	['GO:0016053', 'GO:0019752']	16hr_60S_down	54.63207356004645
GO:BP	GO:0016053	organic acid biosynthetic process	2.3330628586701113e-55	True	"""The chemical reactions and pathways resulting in the formation of organic acids, any acidic compound containing carbon in covalent linkage."" [ISBN:0198506732]"	556	1705	170	21925	0.09970674486803519	0.3057553956834532	query_1	['GO:0006082', 'GO:0044283']	16hr_60S_down	54.63207356004645
GO:BP	GO:0008152	metabolic process	2.8194454876410876e-54	True	"""A cellular process consisting of the biochemical pathways by which a living organism transforms chemical substances. This includes including anabolism (biosynthetic process) and catabolism (catabolic process). Metabolic processes includes the transformation of small molecules, as well  macromolecular processes such as DNA repair and replication, protein synthesis and degradation."" [GOC:go_curators, ISBN:0198547684]"	12615	1705	1283	21925	0.7524926686217008	0.10170432025366627	query_1	['GO:0009987']	16hr_60S_down	53.54983629782879
GO:CC	GO:0031967	organelle envelope	3.000584045029658e-51	True	"""A double membrane structure enclosing an organelle, including two lipid bilayers and the region between them. In some cases, an organelle envelope may have more than two membranes."" [GOC:mah, GOC:pz]"	1452	1869	321	20029	0.17174959871589085	0.22107438016528927	query_1	['GO:0043227', 'GO:0043229', 'GO:0110165']	16hr_60S_down	50.522794204331504
GO:CC	GO:0110165	cellular anatomical structure	5.270280852142694e-48	True	"""A part of a cellular organism consisting of a material entity with granularity above the level of a protein complex but below that of an anatomical system. Note that cellular organisms exclude viruses."" [GOC:kmv]"	18497	1869	1856	20029	0.9930444087747459	0.10034059577228739	query_1	['GO:0005575']	16hr_60S_down	47.278166240710455
GO:BP	GO:0170039	proteinogenic amino acid metabolic process	3.580736400848351e-47	True	"""The chemical reactions and pathways involving any amino acid that is incorporated into protein naturally by ribosomal translation of mRNA, and that has a specific codon for translation from mRNA to protein."" [GOC:ew]"	280	1705	110	21925	0.06451612903225806	0.39285714285714285	query_1	['GO:0006520', 'GO:0019752']	16hr_60S_down	46.44602764879281
GO:BP	GO:1901605	alpha-amino acid metabolic process	5.633687511196809e-47	True	"""The chemical reactions and pathways involving an alpha-amino acid."" [GOC:TermGenie]"	317	1705	117	21925	0.0686217008797654	0.36908517350157727	query_1	['GO:0006520', 'GO:0019752']	16hr_60S_down	46.24920724608412
GO:MF	GO:0016491	oxidoreductase activity	3.682487853293192e-46	True	"""Catalysis of an oxidation-reduction (redox) reaction, a reversible chemical reaction in which the oxidation state of an atom or atoms within a molecule is altered. One substrate acts as a hydrogen or electron donor and becomes oxidized, while the other acts as hydrogen or electron acceptor and becomes reduced."" [EC:1.-.-.-]"	1475	1846	290	22878	0.1570964247020585	0.19661016949152543	query_1	['GO:0003824']	16hr_60S_down	45.43385867700575
GO:CC	GO:0031976	plastid thylakoid	7.089938008623676e-46	True	"""Any thylakoid within a plastid."" [GOC:pz]"	519	1869	164	20029	0.08774745853397539	0.3159922928709056	query_1	['GO:0009536', 'GO:0009579']	16hr_60S_down	45.149357562084965
GO:BP	GO:0008652	amino acid biosynthetic process	7.307734315808703e-46	True	"""The chemical reactions and pathways resulting in the formation of amino acids, organic acids containing one or more amino substituents."" [ISBN:0198506732]"	220	1705	96	21925	0.0563049853372434	0.43636363636363634	query_1	['GO:0006520', 'GO:0009058']	16hr_60S_down	45.13621725049242
GO:CC	GO:0009534	chloroplast thylakoid	1.8190887669188245e-45	True	"""Sac-like membranous structures (cisternae) in a chloroplast combined into stacks (grana) and present singly in the stroma (stroma thylakoids or frets) as interconnections between grana. An example of this component is found in Arabidopsis thaliana."" [GOC:mtg_sensu, ISBN:0943088399]"	517	1869	163	20029	0.08721241305510968	0.3152804642166344	query_1	['GO:0009507', 'GO:0031976']	16hr_60S_down	44.74014610795003
GO:BP	GO:0170033	L-amino acid metabolic process	1.1434338570557712e-43	True	"""The chemical reactions and pathways involving an L-amino acid."" [GOC:edw]"	275	1705	105	21925	0.06158357771260997	0.38181818181818183	query_1	['GO:1901605']	16hr_60S_down	42.94178895247963
GO:BP	GO:1901607	alpha-amino acid biosynthetic process	1.8929901110401634e-41	True	"""The chemical reactions and pathways resulting in the formation of an alpha-amino acid."" [GOC:TermGenie]"	195	1705	86	21925	0.05043988269794721	0.441025641025641	query_1	['GO:0008652', 'GO:0046394', 'GO:1901605']	16hr_60S_down	40.722851654779944
KEGG	KEGG:01110	Biosynthesis of secondary metabolites	9.280434452925949e-41	True	Biosynthesis of secondary metabolites	1283	865	375	5300	0.43352601156069365	0.2922837100545596	query_1	['KEGG:00000']	16hr_60S_down	40.03243169230572
GO:MF	GO:0036094	small molecule binding	1.5385882608365748e-38	True	"""Binding to a small molecule, any low molecular weight, monomeric, non-encoded molecule."" [GOC:curators, GOC:pde, GOC:pm]"	6804	1846	810	22878	0.4387865655471289	0.11904761904761904	query_1	['GO:0005488']	16hr_60S_down	37.81287758547772
GO:BP	GO:0170038	proteinogenic amino acid biosynthetic process	4.404150133881591e-38	True	"""The chemical reactions and pathways resulting in the formation of any amino acid that is incorporated into protein naturally by ribosomal translation of mRNA, and that has a specific codon for translation from mRNA to protein."" [GOC:ew]"	161	1705	75	21925	0.04398826979472141	0.4658385093167702	query_1	['GO:0046394', 'GO:0170039']	16hr_60S_down	37.3561378847037
GO:CC	GO:0005739	mitochondrion	4.0604310512720095e-37	True	"""A semiautonomous, self replicating organelle that occurs in varying numbers, shapes, and sizes in the cytoplasm of virtually all eukaryotic cells. It is notably the site of tissue respiration."" [GOC:giardia, ISBN:0198506732]"	1720	1869	326	20029	0.17442482611021937	0.18953488372093022	query_1	['GO:0005737', 'GO:0043231']	16hr_60S_down	36.391427859710525
GO:MF	GO:1901363	heterocyclic compound binding	5.571744669971536e-37	True	"""Binding to heterocyclic compound."" [GOC:TermGenie]"	3307	1846	472	22878	0.25568797399783316	0.14272754762624734	query_1	['GO:0036094']	16hr_60S_down	36.254008793713105
KEGG	KEGG:01230	Biosynthesis of amino acids	1.0199274561769638e-35	True	Biosynthesis of amino acids	242	865	123	5300	0.14219653179190753	0.5082644628099173	query_1	['KEGG:00000']	16hr_60S_down	34.99143071696597
GO:BP	GO:0170034	L-amino acid biosynthetic process	7.43715501539424e-35	True	"""The chemical reactions and pathways resulting in the formation of L-amino acids, the L-enantiomers of amino acids."" [GOC:edw]"	153	1705	70	21925	0.04105571847507331	0.45751633986928103	query_1	['GO:0170033', 'GO:1901607']	16hr_60S_down	34.1285931662564
GO:BP	GO:0005975	carbohydrate metabolic process	2.2183581638025387e-34	True	"""The chemical reactions and pathways involving carbohydrates, any of a group of organic compounds based of the general formula Cx(H2O)y."" [GOC:mah, ISBN:0198506732]"	1101	1705	212	21925	0.12434017595307918	0.19255222524977295	query_1	['GO:0044238']	16hr_60S_down	33.653968333748004
GO:BP	GO:0032787	monocarboxylic acid metabolic process	1.4906112076689639e-33	True	"""The chemical reactions and pathways involving monocarboxylic acids, any organic acid containing one carboxyl (COOH) group or anion (COO-)."" [GOC:vk]"	489	1705	128	21925	0.0750733137829912	0.261758691206544	query_1	['GO:0019752']	16hr_60S_down	32.826635617702244
GO:MF	GO:0043168	anion binding	4.9725361336319716e-33	True	"""Binding to an anion, a charged atom or group of atoms with a net negative charge."" [GOC:jl]"	3268	1846	456	22878	0.24702058504875407	0.13953488372093023	query_1	['GO:0043167']	16hr_60S_down	32.303422052330234
GO:BP	GO:0019637	organophosphate metabolic process	7.258144467343247e-33	True	"""The chemical reactions and pathways involving organophosphates, any phosphate-containing organic compound."" [ISBN:0198506732]"	613	1705	145	21925	0.08504398826979472	0.2365415986949429	query_1	['GO:0006793']	16hr_60S_down	32.13917439177812
GO:BP	GO:1901135	carbohydrate derivative metabolic process	1.5223994790589925e-32	True	"""The chemical reactions and pathways involving carbohydrate derivative."" [GOC:TermGenie]"	660	1705	151	21925	0.08856304985337243	0.2287878787878788	query_1	['GO:0008152']	16hr_60S_down	31.81747137332971
GO:MF	GO:0043167	ion binding	1.6172759559213e-32	True	"""Binding to an ion, a charged atoms or groups of atoms."" [GOC:jl]"	6685	1846	777	22878	0.4209100758396533	0.1162303664921466	query_1	['GO:0036094']	16hr_60S_down	31.79121587006972
GO:BP	GO:0006790	sulfur compound metabolic process	1.777170192540788e-31	True	"""The chemical reactions and pathways involving the nonmetallic element sulfur or compounds that contain sulfur, such as the amino acids methionine and cysteine or the tripeptide glutathione."" [GOC:ai]"	320	1705	98	21925	0.05747800586510264	0.30625	query_1	['GO:0008152']	16hr_60S_down	30.750270979543036
GO:CC	GO:0042651	thylakoid membrane	2.329314864703731e-31	True	"""The pigmented membrane of any thylakoid."" [GOC:jl, GOC:pr]"	442	1869	128	20029	0.06848582129481005	0.2895927601809955	query_1	['GO:0034357']	16hr_60S_down	30.632771801821356
GO:CC	GO:0034357	photosynthetic membrane	2.845377768415138e-31	True	"""A membrane enriched in complexes formed of reaction centers, accessory pigments and electron carriers, in which photosynthetic reactions take place."" [GOC:ds, GOC:mah]"	443	1869	128	20029	0.06848582129481005	0.28893905191873587	query_1	['GO:0009579', 'GO:0016020']	16hr_60S_down	30.5458600660539
GO:BP	GO:0055086	nucleobase-containing small molecule metabolic process	6.819292213886466e-31	True	"""The cellular chemical reactions and pathways involving a nucleobase-containing small molecule: a nucleobase, a nucleoside, or a nucleotide."" [GOC:vw]"	399	1705	110	21925	0.06451612903225806	0.2756892230576441	query_1	['GO:0006139', 'GO:0044281']	16hr_60S_down	30.166260699178576
GO:MF	GO:0005507	copper ion binding	1.711083977341641e-30	True	"""Binding to a copper (Cu) ion."" [GOC:ai]"	192	1846	75	22878	0.040628385698808236	0.390625	query_1	['GO:0046914']	16hr_60S_down	29.766728675437804
GO:BP	GO:0006753	nucleoside phosphate metabolic process	1.779083090816778e-30	True	"""The chemical reactions and pathways involving any phosphorylated nucleoside."" [GOC:mah]"	359	1705	103	21925	0.06041055718475073	0.28690807799442897	query_1	['GO:0006796', 'GO:0019637', 'GO:0055086']	16hr_60S_down	29.749803768025952
GO:CC	GO:0055035	plastid thylakoid membrane	2.1212903525446985e-29	True	"""The lipid bilayer membrane of any thylakoid within a plastid."" [GOC:jid, GOC:rph]"	426	1869	122	20029	0.06527554842161584	0.2863849765258216	query_1	['GO:0031976', 'GO:0042170', 'GO:0042651']	16hr_60S_down	28.6733998831677
GO:MF	GO:1901265	nucleoside phosphate binding	2.2087117475432233e-29	True	"""Binding to nucleoside phosphate."" [GOC:TermGenie]"	3179	1846	435	22878	0.23564463705308775	0.1368354828562441	query_1	['GO:0005488']	16hr_60S_down	28.65586095892253
GO:CC	GO:0009535	chloroplast thylakoid membrane	4.912989465845251e-29	True	"""The pigmented membrane of a chloroplast thylakoid. An example of this component is found in Arabidopsis thaliana."" [GOC:lr, GOC:mtg_sensu]"	424	1869	121	20029	0.06474050294275013	0.28537735849056606	query_1	['GO:0009534', 'GO:0031968', 'GO:0055035']	16hr_60S_down	28.3086541670539
GO:CC	GO:0048046	apoplast	4.912989465845251e-29	True	"""The cell membranes and intracellular regions in a plant are connected through plasmodesmata, and plants may be described as having two major compartments: the living symplast and the non-living apoplast. The apoplast is external to the plasma membrane and includes cell walls, intercellular spaces and the lumen of dead structures such as xylem vessels. Water and solutes pass freely through it."" [GOC:jid]"	489	1869	132	20029	0.07062600321027288	0.26993865030674846	query_1	['GO:0005576']	16hr_60S_down	28.3086541670539
GO:MF	GO:0000166	nucleotide binding	5.368679381091954e-29	True	"""Binding to a nucleotide, any compound consisting of a nucleoside that is esterified with (ortho)phosphate or an oligophosphate at any hydroxyl group on the ribose or deoxyribose."" [GOC:mah, ISBN:0198547684]"	3173	1846	433	22878	0.23456121343445288	0.13646391427670973	query_1	['GO:1901265', 'GO:1901363']	16hr_60S_down	28.27013253144006
GO:BP	GO:0009058	biosynthetic process	3.8181553314418026e-27	True	"""A cellular process consisting of the biochemical pathways by which a living organism synthesizes chemical substances. This typically represents the energy-requiring part of metabolism in which simpler substances are transformed into more complex ones."" [GOC:curators, ISBN:0198547684]"	7344	1705	785	21925	0.4604105571847507	0.10688997821350762	query_1	['GO:0008152']	16hr_60S_down	26.418146407473046
KEGG	KEGG:01200	Carbon metabolism	6.279525700173547e-27	True	Carbon metabolism	271	865	119	5300	0.1375722543352601	0.43911439114391143	query_1	['KEGG:00000']	16hr_60S_down	26.202073157787705
GO:CC	GO:0010319	stromule	1.1011360149670441e-25	True	"""Thin filamentous structure extending from the surface of all plastid types examined so far, including chloroplast, proplastid, etioplast, leucoplast, amyloplast, and chromoplast. In general, stromules are more abundant in tissues containing non-green plastids, and in cells containing smaller plastids. The primary function of stromules is still unresolved, although the presence of stromules markedly increases the plastid surface area, potentially increasing transport to and from the cytosol. Other functions of stromules, such as transfer of macromolecules between plastids and starch granule formation in cereal endosperm, may be restricted to particular tissues and cell types."" [PMID:15272881, PMID:15699062, PMID:16582010]"	39	1869	32	20029	0.017121455323702513	0.8205128205128205	query_1	['GO:0009526', 'GO:0110165']	16hr_60S_down	24.9581590326166
GO:CC	GO:0031968	organelle outer membrane	3.9791269215174406e-25	True	"""The outer, i.e. cytoplasm-facing in a cellular organelle, lipid bilayer of an organelle envelope."" [GOC:mah]"	546	1869	134	20029	0.07169609416800428	0.2454212454212454	query_1	['GO:0019867', 'GO:0031967', 'GO:0098588']	16hr_60S_down	24.400212208017333
GO:CC	GO:0019867	outer membrane	3.9791269215174406e-25	True	"""The external membrane of Gram-negative bacteria or certain organelles such as mitochondria and chloroplasts; freely permeable to most ions and metabolites."" [GOC:go_curators]"	546	1869	134	20029	0.07169609416800428	0.2454212454212454	query_1	['GO:0016020']	16hr_60S_down	24.400212208017333
GO:CC	GO:0042170	plastid membrane	6.929961037680837e-25	True	"""Either of the lipid bilayers that surround a plastid and form the plastid envelope."" [GOC:mah]"	674	1869	153	20029	0.08186195826645265	0.22700296735905046	query_1	['GO:0009526', 'GO:0031090']	16hr_60S_down	24.159269207115145
GO:MF	GO:0017076	purine nucleotide binding	5.441734628952191e-24	True	"""Binding to a purine nucleotide, a compound consisting of a purine nucleoside esterified with (ortho)phosphate."" [GOC:ai]"	2971	1846	396	22878	0.21451787648970747	0.13328845506563447	query_1	['GO:0000166']	16hr_60S_down	23.264262640798044
GO:MF	GO:0016616	oxidoreductase activity, acting on the CH-OH group of donors, NAD or NADP as acceptor	1.257499322858721e-23	True	"""Catalysis of an oxidation-reduction (redox) reaction in which a CH-OH group acts as a hydrogen or electron donor and reduces NAD+ or NADP."" [EC:1.1.1.-]"	148	1846	58	22878	0.0314192849404117	0.3918918918918919	query_1	['GO:0016614']	16hr_60S_down	22.900492240131914
GO:BP	GO:0009117	nucleotide metabolic process	1.506289206746334e-23	True	"""The chemical reactions and pathways involving a nucleotide, a nucleoside that is esterified with (ortho)phosphate or an oligophosphate at any hydroxyl group on the glycose moiety; may be mono-, di- or triphosphate; this definition includes cyclic nucleotides (nucleoside cyclic phosphates)."" [GOC:ma]"	266	1705	78	21925	0.04574780058651026	0.2932330827067669	query_1	['GO:0006753']	16hr_60S_down	22.82209163581418
GO:BP	GO:0015979	photosynthesis	2.9646792922325385e-23	True	"""The synthesis by organisms of organic chemical compounds, especially carbohydrates, from carbon dioxide (CO2) using energy obtained from light rather than from the oxidation of chemical compounds."" [ISBN:0198547684]"	281	1705	80	21925	0.0469208211143695	0.2846975088967972	query_1	['GO:0008152']	16hr_60S_down	22.528022280089573
GO:BP	GO:0009056	catabolic process	4.2483550166101456e-23	True	"""A cellular process consisting of the biochemical pathways by which a living organism breaks down substances. This includes the breakdown of carbon compounds with the liberation of energy for use by the cell or organism."" [ISBN:0198547684]"	1378	1705	218	21925	0.1278592375366569	0.15820029027576196	query_1	['GO:0008152']	16hr_60S_down	22.37177919830313
GO:BP	GO:0044272	sulfur compound biosynthetic process	6.976196701202211e-22	True	"""The chemical reactions and pathways resulting in the formation of compounds that contain sulfur, such as the amino acids methionine and cysteine or the tripeptide glutathione."" [GOC:jl]"	175	1705	60	21925	0.03519061583577713	0.34285714285714286	query_1	['GO:0006790', 'GO:0009058']	16hr_60S_down	21.156381282513227
GO:BP	GO:0044238	primary metabolic process	8.148602684907345e-22	True	"""The chemical reactions and pathways involving those compounds which are formed as a part of the normal anabolic and catabolic processes. These processes take place in most, if not all, cells of the organism."" [GOC:go_curators]"	10881	1705	1044	21925	0.612316715542522	0.09594706368899918	query_1	['GO:0008152']	16hr_60S_down	21.088916857304437
GO:BP	GO:0006091	generation of precursor metabolites and energy	1.4574747767004976e-21	True	"""The chemical reactions and pathways resulting in the formation of precursor metabolites, substances from which energy is derived, and any process involved in the liberation of energy from these substances."" [GOC:jl]"	462	1705	104	21925	0.06099706744868035	0.22510822510822512	query_1	['GO:0008152']	16hr_60S_down	20.836398952476035
GO:BP	GO:0009266	response to temperature stimulus	1.6113172307980858e-21	True	"""Any process that results in a change in state or activity of a cell or an organism (in terms of movement, secretion, enzyme production, gene expression, etc.) as a result of a temperature stimulus."" [GOC:hb]"	644	1705	128	21925	0.0750733137829912	0.19875776397515527	query_1	['GO:0009628']	16hr_60S_down	20.792818948704184
GO:BP	GO:0046148	pigment biosynthetic process	1.7247453624291505e-21	True	"""The chemical reactions and pathways resulting in the formation of a pigment, any general or particular coloring matter in living organisms, e.g. melanin."" [ISBN:0198506732]"	146	1705	54	21925	0.03167155425219941	0.3698630136986301	query_1	['GO:0042440']	16hr_60S_down	20.763275014129817
GO:BP	GO:0072524	pyridine-containing compound metabolic process	2.707218505760612e-21	True	"""The chemical reactions and pathways involving a pyridine-containing compound, i.e. any compound that contains pyridine or a formal derivative thereof."" [GOC:mah]"	127	1705	50	21925	0.02932551319648094	0.3937007874015748	query_1	['GO:0008152']	16hr_60S_down	20.56747668991979
GO:BP	GO:0046496	nicotinamide nucleotide metabolic process	5.165519733945187e-21	True	"""The chemical reactions and pathways involving nicotinamide nucleotides, any nucleotide that contains combined nicotinamide."" [ISBN:0198506732]"	114	1705	47	21925	0.02756598240469208	0.41228070175438597	query_1	['GO:0019362']	16hr_60S_down	20.286885974971337
GO:MF	GO:0016614	oxidoreductase activity, acting on CH-OH group of donors	8.68852309523529e-21	True	"""Catalysis of an oxidation-reduction (redox) reaction in which a CH-OH group act as a hydrogen or electron donor and reduces a hydrogen or electron acceptor."" [GOC:ai]"	187	1846	62	22878	0.03358613217768147	0.3315508021390374	query_1	['GO:0016491']	16hr_60S_down	20.061054040133747
GO:MF	GO:0030554	adenyl nucleotide binding	1.1114564652528303e-20	True	"""Binding to an adenyl nucleotide, an adenosine esterified with (ortho)phosphate."" [ISBN:0198506732]"	2651	1846	352	22878	0.19068255687973998	0.13278008298755187	query_1	['GO:0017076']	16hr_60S_down	19.954107543554954
GO:BP	GO:0019362	pyridine nucleotide metabolic process	1.2237155698294274e-20	True	"""The chemical reactions and pathways involving a pyridine nucleotide, a nucleotide characterized by a pyridine derivative as a nitrogen base."" [GOC:jl]"	116	1705	47	21925	0.02756598240469208	0.4051724137931034	query_1	['GO:0009117', 'GO:0072524']	16hr_60S_down	19.912319514223285
GO:BP	GO:0006457	protein folding	1.4261669267330276e-20	True	"""The process of assisting in the covalent and noncovalent assembly of single chain polypeptides or multisubunit complexes into the correct tertiary structure."" [GOC:go_curators, GOC:rb]"	152	1705	54	21925	0.03167155425219941	0.35526315789473684	query_1	['GO:0009987', 'GO:0051604']	16hr_60S_down	19.845829639199277
GO:BP	GO:0015994	chlorophyll metabolic process	2.6938778214747063e-20	True	"""The chemical reactions and pathways involving chlorophyll, any compound of magnesium complexed in a porphyrin (tetrapyrrole) ring and which functions as a photosynthetic pigment."" [GOC:jl]"	90	1705	41	21925	0.02404692082111437	0.45555555555555555	query_1	['GO:0006778']	16hr_60S_down	19.569622105221274
GO:CC	GO:0099503	secretory vesicle	3.0992664312457245e-20	True	"""A cytoplasmic, membrane bound vesicle that is capable of fusing to the plasma membrane to release its contents into the extracellular space."" [GOC:dos]"	170	1869	61	20029	0.03263777421080792	0.3588235294117647	query_1	['GO:0031410']	16hr_60S_down	19.508741087637407
GO:MF	GO:0016829	lyase activity	3.128914700257616e-20	True	"""Catalysis of the cleavage of C-C, C-O, C-N and other bonds by other means than by hydrolysis or oxidation, or conversely adding a group to a double bond. They differ from other enzymes in that two substrates are involved in one reaction direction, but only one in the other direction. When acting on the single substrate, a molecule is eliminated and this generates either a new double bond or a new ring."" [EC:4.-.-.-]"	448	1846	102	22878	0.0552546045503792	0.22767857142857142	query_1	['GO:0003824']	16hr_60S_down	19.50460627632724
GO:BP	GO:0009628	response to abiotic stimulus	3.542157421952619e-20	True	"""Any process that results in a change in state or activity of a cell or an organism (in terms of movement, secretion, enzyme production, gene expression, etc.) as a result of an abiotic (not derived from living organisms) stimulus."" [GOC:hb]"	2131	1705	288	21925	0.1689149560117302	0.1351478179258564	query_1	['GO:0050896']	16hr_60S_down	19.450732141630947
GO:BP	GO:0033013	tetrapyrrole metabolic process	4.884227013183458e-20	True	"""The chemical reactions and pathways involving tetrapyrroles, natural pigments containing four pyrrole rings joined by one-carbon units linking position 2 of one pyrrole ring to position 5 of the next."" [GOC:mah]"	105	1705	44	21925	0.025806451612903226	0.41904761904761906	query_1	['GO:0008152']	16hr_60S_down	19.311204158756297
GO:MF	GO:0016853	isomerase activity	7.40147817508564e-20	True	"""Catalysis of the geometric or structural changes within one molecule. Isomerase is the systematic name for any enzyme of EC class 5."" [ISBN:0198506732]"	548	1846	115	22878	0.06229685807150596	0.20985401459854014	query_1	['GO:0003824']	16hr_60S_down	19.130681537137356
GO:BP	GO:0072521	purine-containing compound metabolic process	7.85239154609054e-20	True	"""The chemical reactions and pathways involving a purine-containing compound, i.e. any compound that contains purine or a formal derivative thereof."" [GOC:mah]"	264	1705	72	21925	0.04222873900293255	0.2727272727272727	query_1	['GO:0008152']	16hr_60S_down	19.104998053179656
GO:BP	GO:0033014	tetrapyrrole biosynthetic process	8.00669408394375e-20	True	"""The chemical reactions and pathways leading to the formation of tetrapyrroles, natural pigments containing four pyrrole rings joined by one-carbon units linking position 2 of one pyrrole ring to position 5 of the next."" [GOC:mah]"	75	1705	37	21925	0.021700879765395895	0.49333333333333335	query_1	['GO:0009058', 'GO:0033013']	16hr_60S_down	19.0965467644981
GO:BP	GO:0006163	purine nucleotide metabolic process	1.1300474675094283e-19	True	"""The chemical reactions and pathways involving a purine nucleotide, a compound consisting of nucleoside (a purine base linked to a deoxyribose or ribose sugar) esterified with a phosphate group at either the 3' or 5'-hydroxyl group of the sugar."" [GOC:go_curators, ISBN:0198506732]"	204	1705	62	21925	0.03636363636363636	0.30392156862745096	query_1	['GO:0009117', 'GO:0072521']	16hr_60S_down	18.94690331364539
GO:BP	GO:0015995	chlorophyll biosynthetic process	1.5019274255016876e-19	True	"""The chemical reactions and pathways resulting in the formation of chlorophyll, any compound of magnesium complexed in a porphyrin (tetrapyrrole) ring and which functions as a photosynthetic pigment, from less complex precursors."" [GOC:jl]"	64	1705	34	21925	0.01994134897360704	0.53125	query_1	['GO:0006779', 'GO:0015994', 'GO:0046148']	16hr_60S_down	18.823351052328945
GO:BP	GO:0006778	porphyrin-containing compound metabolic process	1.5177423254546595e-19	True	"""The chemical reactions and pathways involving any member of a large group of derivatives or analogs of porphyrin. Porphyrins consists of a ring of four pyrrole nuclei linked each to the next at their alpha positions through a methine group."" [GOC:jl, ISBN:0198506732, Wikipedia:Porphyrin#Natural_formation]"	103	1705	43	21925	0.025219941348973606	0.4174757281553398	query_1	['GO:0033013']	16hr_60S_down	18.818801954482765
GO:BP	GO:0043648	dicarboxylic acid metabolic process	4.736151155107355e-19	True	"""The chemical reactions and pathways involving dicarboxylic acids, any organic acid containing two carboxyl (COOH) groups or anions (COO-)."" [ISBN:0198506732]"	87	1705	39	21925	0.02287390029325513	0.4482758620689655	query_1	['GO:0019752']	16hr_60S_down	18.324574445478238
GO:BP	GO:0009657	plastid organization	7.067264783319869e-19	True	"""A process that is carried out at the cellular level which results in the assembly, arrangement of constituent parts, or disassembly of a plastid."" [GOC:mah]"	261	1705	70	21925	0.04105571847507331	0.2681992337164751	query_1	['GO:0006996']	16hr_60S_down	18.15074863703104
GO:BP	GO:0006779	porphyrin-containing compound biosynthetic process	9.03388052045196e-19	True	"""The chemical reactions and pathways resulting in the formation of any member of a large group of derivatives or analogs of porphyrin. Porphyrin consists of a ring of four pyrrole nuclei linked each to the next at their alpha positions through a methine group."" [GOC:jl, ISBN:0198506732, Wikipedia:Porphyrin#Natural_formation]"	71	1705	35	21925	0.020527859237536656	0.49295774647887325	query_1	['GO:0006778', 'GO:0033014']	16hr_60S_down	18.044125657592595
GO:BP	GO:0051604	protein maturation	1.1418895290883734e-18	True	"""Any process leading to the attainment of the full functional capacity of a protein."" [GOC:ai]"	244	1705	67	21925	0.03929618768328446	0.27459016393442626	query_1	['GO:0010467', 'GO:0019538']	16hr_60S_down	17.942375909424666
GO:MF	GO:0035639	purine ribonucleoside triphosphate binding	1.5908218591378784e-18	True	"""Binding to a purine ribonucleoside triphosphate, a compound consisting of a purine base linked to a ribose sugar esterified with triphosphate on the sugar."" [GOC:BHF, GOC:ebc, ISBN:0198506732]"	2722	1846	351	22878	0.19014084507042253	0.12894930198383542	query_1	['GO:0043168', 'GO:1901265', 'GO:1901363']	16hr_60S_down	17.798378450098845
GO:MF	GO:0097367	carbohydrate derivative binding	1.7722302621487934e-18	True	"""Binding to a carbohydrate derivative."" [GOC:pr]"	2907	1846	369	22878	0.19989165763813652	0.12693498452012383	query_1	['GO:0005488']	16hr_60S_down	17.75147985181475
GO:BP	GO:0042440	pigment metabolic process	2.6327270986230158e-18	True	"""The chemical reactions and pathways involving pigment, any general or particular coloring matter in living organisms, e.g. melanin."" [GOC:jl, ISBN:0198506732]"	186	1705	57	21925	0.03343108504398827	0.3064516129032258	query_1	['GO:0008152']	16hr_60S_down	17.57959415635334
GO:BP	GO:0090407	organophosphate biosynthetic process	6.467083081168653e-18	True	"""The chemical reactions and pathways resulting in the biosynthesis of deoxyribose phosphate, the phosphorylated sugar 2-deoxy-erythro-pentose."" [GOC:chem_mtg]"	411	1705	90	21925	0.05278592375366569	0.21897810218978103	query_1	['GO:0009058', 'GO:0019637']	16hr_60S_down	17.189291559733054
GO:CC	GO:0005777	peroxisome	8.844623528649246e-18	True	"""A small organelle enclosed by a single membrane, and found in most eukaryotic cells. Contains peroxidases and other enzymes involved in a variety of metabolic processes including free radical detoxification, lipid catabolism and biosynthesis, and hydrogen peroxide metabolism."" [GOC:pm, PMID:9302272, UniProtKB-KW:KW-0576]"	350	1869	89	20029	0.047619047619047616	0.2542857142857143	query_1	['GO:0042579']	16hr_60S_down	17.053320648103025
GO:CC	GO:0042579	microbody	8.844623528649246e-18	True	"""Cytoplasmic organelles, spherical or oval in shape, that are bounded by a single membrane and contain oxidative enzymes, especially those utilizing hydrogen peroxide (H2O2)."" [ISBN:0198506732]"	350	1869	89	20029	0.047619047619047616	0.2542857142857143	query_1	['GO:0005737', 'GO:0043231']	16hr_60S_down	17.053320648103025
GO:BP	GO:0043038	amino acid activation	1.1159558799587912e-17	True	"""The modification of an amino acid to an active form, for incorporation into a peptide, protein or other macromolecule."" [GOC:jl]"	59	1705	31	21925	0.01818181818181818	0.5254237288135594	query_1	['GO:0006520']	16hr_60S_down	16.952352975173714
GO:BP	GO:0043039	tRNA aminoacylation	1.1159558799587912e-17	True	"""The chemical reactions and pathways by which the various amino acids become bonded to their corresponding tRNAs. The most common route for synthesis of aminoacyl tRNA is by the formation of an ester bond between the 3'-hydroxyl group of the most 3' adenosine of the tRNA and the alpha carboxylic acid group of an amino acid, usually catalyzed by the cognate aminoacyl-tRNA ligase. A given aminoacyl-tRNA ligase aminoacylates all species of an isoaccepting group of tRNA molecules."" [GOC:ma, GOC:mah]"	59	1705	31	21925	0.01818181818181818	0.5254237288135594	query_1	['GO:0006399', 'GO:0043038']	16hr_60S_down	16.952352975173714
GO:BP	GO:0006081	aldehyde metabolic process	1.7562359208305497e-17	True	"""The chemical reactions and pathways involving aldehydes, any organic compound with the formula R-CH=O, as carried out by individual cells."" [GOC:go_curators, ISBN:0198506732]"	52	1705	29	21925	0.017008797653958945	0.5576923076923077	query_1	['GO:0008152']	16hr_60S_down	16.755417144333826
GO:MF	GO:0032553	ribonucleotide binding	3.07709994316351e-17	True	"""Binding to a ribonucleotide, any compound consisting of a ribonucleoside that is esterified with (ortho)phosphate or an oligophosphate at any hydroxyl group on the ribose moiety."" [GOC:mah]"	2865	1846	360	22878	0.19501625135427952	0.1256544502617801	query_1	['GO:0000166', 'GO:0097367']	16hr_60S_down	16.511858397785847
GO:BP	GO:0006006	glucose metabolic process	1.0568963718251793e-16	True	"""The chemical reactions and pathways involving glucose, the aldohexose gluco-hexose. D-glucose is dextrorotatory and is sometimes known as dextrose; it is an important source of energy for living organisms and is found free as well as combined in homo- and hetero-oligosaccharides and polysaccharides."" [ISBN:0198506732]"	40	1705	25	21925	0.01466275659824047	0.625	query_1	['GO:0019318']	16hr_60S_down	15.975967592967681
GO:MF	GO:0032555	purine ribonucleotide binding	1.3742618560640585e-16	True	"""Binding to a purine ribonucleotide, any compound consisting of a purine ribonucleoside that is esterified with (ortho)phosphate or an oligophosphate at any hydroxyl group on the ribose moiety."" [GOC:mah]"	2841	1846	355	22878	0.19230769230769232	0.12495600140795494	query_1	['GO:0017076', 'GO:0032553']	16hr_60S_down	15.861930507590548
GO:CC	GO:0071944	cell periphery	1.4405796622249386e-16	True	"""The broad region around and including the plasma membrane of a cell, encompassing the cell cortex (inside the cell), the plasma membrane, and any external encapsulating structures."" [GOC:pdt]"	2917	1869	402	20029	0.21508828250401285	0.13781282139184092	query_1	['GO:0110165']	16hr_60S_down	15.841462720786478
GO:BP	GO:0050896	response to stimulus	1.4857329795336814e-16	True	"""Any process that results in a change in state or activity of a cell or an organism (in terms of movement, secretion, enzyme production, gene expression, etc.) as a result of a stimulus. The process begins with detection of the stimulus and ends with a change in state or activity or the cell or organism."" [GOC:ai, GOC:bf]"	6001	1705	624	21925	0.3659824046920821	0.10398266955507415	query_1	['GO:0008150']	16hr_60S_down	15.82805923629233
GO:BP	GO:0006418	tRNA aminoacylation for protein translation	2.5613184079133206e-16	True	"""The synthesis of aminoacyl tRNA by the formation of an ester bond between the 3'-hydroxyl group of the most 3' adenosine of the tRNA and the alpha carboxylic acid group of an amino acid, to be used in ribosome-mediated polypeptide synthesis."" [GOC:ma]"	56	1705	29	21925	0.017008797653958945	0.5178571428571429	query_1	['GO:0006412', 'GO:0043039']	16hr_60S_down	15.591536429261307
GO:BP	GO:0005996	monosaccharide metabolic process	3.343027309504305e-16	True	"""The chemical reactions and pathways involving monosaccharides, the simplest carbohydrates. They are polyhydric alcohols containing either an aldehyde or a keto group and between three to ten or more carbon atoms. They form the constitutional repeating units of oligo- and polysaccharides."" [ISBN:0198506732]"	174	1705	52	21925	0.030498533724340176	0.2988505747126437	query_1	['GO:0005975', 'GO:0044281']	16hr_60S_down	15.475860075600497
GO:MF	GO:0043169	cation binding	5.5995962923328e-16	True	"""Binding to a cation, a charged atom or group of atoms with a net positive charge."" [GOC:jl]"	3961	1846	459	22878	0.24864572047670638	0.11587982832618025	query_1	['GO:0043167']	16hr_60S_down	15.251843282695983
GO:BP	GO:0009409	response to cold	6.273623342911479e-16	True	"""Any process that results in a change in state or activity of a cell or an organism (in terms of movement, secretion, enzyme production, gene expression, etc.) as a result of a cold stimulus, a temperature stimulus below the optimal temperature for that organism."" [GOC:lr]"	410	1705	86	21925	0.05043988269794721	0.2097560975609756	query_1	['GO:0006950', 'GO:0009266']	16hr_60S_down	15.202481559117002
GO:BP	GO:0042221	response to chemical	6.6316185180083e-16	True	"""Any process that results in a change in state or activity of a cell or an organism (in terms of movement, secretion, enzyme production, gene expression, etc.) as a result of a chemical stimulus."" [GOC:jl]"	2940	1705	350	21925	0.20527859237536658	0.11904761904761904	query_1	['GO:0050896']	16hr_60S_down	15.178380464407281
GO:MF	GO:0005524	ATP binding	9.285345221388168e-16	True	"""Binding to ATP, adenosine 5'-triphosphate, a universally important coenzyme and enzyme regulator."" [ISBN:0198506732]"	2409	1846	309	22878	0.1673889490790899	0.12826899128268993	query_1	['GO:0032559', 'GO:0035639']	16hr_60S_down	15.032201944917546
GO:MF	GO:0016787	hydrolase activity	2.283243345795893e-15	True	"""Catalysis of the hydrolysis of various bonds, e.g. C-O, C-N, C-C, phosphoric anhydride bonds, etc."" [ISBN:0198506732]"	3512	1846	414	22878	0.22426868905742145	0.11788154897494305	query_1	['GO:0003824']	16hr_60S_down	14.641447799370773
GO:CC	GO:0009506	plasmodesma	2.332378250140569e-15	True	"""A fine cytoplasmic channel, found in all higher plants, that connects the cytoplasm of one cell to that of an adjacent cell."" [PMID:29880547]"	900	1869	161	20029	0.08614232209737828	0.17888888888888888	query_1	['GO:0005911', 'GO:0055044']	16hr_60S_down	14.63220101710864
GO:CC	GO:0030054	cell junction	2.332378250140569e-15	True	"""A cellular component that forms a specialized region of connection between two or more cells, or between a cell and the extracellular matrix, or between two membrane-bound components of a cell, such as flagella."" [GOC:aruk, GOC:bc, GOC:mah, ISBN:0198506732, PMID:26820516, PMID:28096264]"	900	1869	161	20029	0.08614232209737828	0.17888888888888888	query_1	['GO:0110165']	16hr_60S_down	14.63220101710864
GO:CC	GO:0070161	anchoring junction	2.332378250140569e-15	True	"""A cell junction that mechanically attaches a cell (and its cytoskeleton) to neighboring cells or to the extracellular matrix."" [ISBN:0815332181]"	900	1869	161	20029	0.08614232209737828	0.17888888888888888	query_1	['GO:0030054']	16hr_60S_down	14.63220101710864
GO:CC	GO:0005911	cell-cell junction	2.332378250140569e-15	True	"""A cell junction that forms a connection between two or more cells of an organism; excludes direct cytoplasmic intercellular bridges, such as ring canals in insects."" [GOC:aruk, GOC:bc, GOC:dgh, GOC:hb, GOC:mah, PMID:21422226, PMID:28096264]"	900	1869	161	20029	0.08614232209737828	0.17888888888888888	query_1	['GO:0070161']	16hr_60S_down	14.63220101710864
GO:CC	GO:0031977	thylakoid lumen	2.5091410212422104e-15	True	"""The volume enclosed by a thylakoid membrane."" [GOC:mah, GOC:pz]"	74	1869	34	20029	0.01819154628143392	0.4594594594594595	query_1	['GO:0009579', 'GO:0110165']	16hr_60S_down	14.600474929348513
GO:CC	GO:0055044	symplast	2.5091410212422104e-15	True	"""The interconnected cell membranes and intracellular regions of a plant. The interconnections occur via the plasmodesmata."" [GOC:mtg_sensu]"	901	1869	161	20029	0.08614232209737828	0.17869034406215317	query_1	['GO:0110165']	16hr_60S_down	14.600474929348513
KEGG	KEGG:01210	2-Oxocarboxylic acid metabolism	2.5512088273079267e-15	True	2-Oxocarboxylic acid metabolism	103	865	53	5300	0.06127167630057803	0.5145631067961165	query_1	['KEGG:00000']	16hr_60S_down	14.593253991082246
GO:BP	GO:0016051	carbohydrate biosynthetic process	3.0619362015482414e-15	True	"""The chemical reactions and pathways resulting in the formation of carbohydrates, any of a group of organic compounds based of the general formula Cx(H2O)y."" [ISBN:0198506732]"	331	1705	74	21925	0.04340175953079179	0.22356495468277945	query_1	['GO:0005975', 'GO:0009058']	16hr_60S_down	14.514003862496088
GO:MF	GO:0046872	metal ion binding	3.2945034251492083e-15	True	"""Binding to a metal ion."" [GOC:ai]"	3948	1846	454	22878	0.24593716143011918	0.11499493414387031	query_1	['GO:0043169']	16hr_60S_down	14.482210036599485
GO:CC	GO:0043232	intracellular membraneless organelle	3.732165365853221e-15	True	"""Organized structure of distinctive morphology and function, not bounded by a lipid bilayer membrane and occurring within the cell. Includes ribosomes, the cytoskeleton and chromosomes."" [GOC:go_curators]"	2568	1869	357	20029	0.19101123595505617	0.13901869158878505	query_1	['GO:0043228', 'GO:0043229']	16hr_60S_down	14.428039121654779
GO:CC	GO:0043228	membraneless organelle	3.732165365853221e-15	True	"""Organized structure of distinctive morphology and function, not bounded by a lipid bilayer membrane. Includes ribosomes, the cytoskeleton and chromosomes."" [GOC:go_curators]"	2568	1869	357	20029	0.19101123595505617	0.13901869158878505	query_1	['GO:0043226']	16hr_60S_down	14.428039121654779
GO:BP	GO:0006950	response to stress	4.5782200815385435e-15	True	"""Any process that results in a change in state or activity of a cell or an organism (in terms of movement, secretion, enzyme production, gene expression, etc.) as a result of a disturbance in organismal or cellular homeostasis, usually, but not necessarily, exogenous (e.g. temperature, humidity, ionizing radiation)."" [GOC:mah]"	3733	1705	419	21925	0.24574780058651027	0.11224216447897134	query_1	['GO:0050896']	16hr_60S_down	14.339303334007395
GO:MF	GO:0004812	aminoacyl-tRNA ligase activity	5.248393723964721e-15	True	"""Catalysis of the formation of aminoacyl-tRNA from ATP, amino acid, and tRNA with the release of diphosphate and AMP."" [ISBN:0198506732]"	59	1846	29	22878	0.01570964247020585	0.4915254237288136	query_1	['GO:0016875', 'GO:0140101']	16hr_60S_down	14.279973592509803
GO:MF	GO:0016875	ligase activity, forming carbon-oxygen bonds	5.248393723964721e-15	True	"""Catalysis of the joining of two molecules via a carbon-oxygen bond, with the concomitant hydrolysis of the diphosphate bond in ATP or a similar triphosphate."" [EC:6.1.-.-]"	59	1846	29	22878	0.01570964247020585	0.4915254237288136	query_1	['GO:0016874']	16hr_60S_down	14.279973592509803
GO:MF	GO:0003729	mRNA binding	1.3394003404254255e-14	True	"""Binding to messenger RNA (mRNA), an intermediate molecule between DNA and protein. mRNA includes UTR and coding sequences, but does not contain introns."" [GOC:kmv, GOC:pr, SO:0000234]"	1619	1846	224	22878	0.12134344528710726	0.13835701050030882	query_1	['GO:0003723']	16hr_60S_down	13.873089595018426
GO:BP	GO:0006629	lipid metabolic process	1.4390994596863278e-14	True	"""The chemical reactions and pathways involving lipids, compounds soluble in an organic solvent but not, or sparingly, in an aqueous solvent. Includes fatty acids; neutral fats, other fatty-acid esters, and soaps; long-chain (fatty) alcohols and waxes; sphingoids and other long-chain bases; glycolipids, phospholipids and sphingolipids; and carotenes, polyprenols, sterols, terpenes and other isoprenoids."" [GOC:ma]"	1097	1705	163	21925	0.09560117302052785	0.14858705560619873	query_1	['GO:0044238']	16hr_60S_down	13.841909189871414
GO:MF	GO:0016765	transferase activity, transferring alkyl or aryl (other than methyl) groups	1.4603625642776806e-14	True	"""Catalysis of the transfer of an alkyl or aryl (but not methyl) group from one compound (donor) to another (acceptor)."" [EC:2.5.1.-]"	158	1846	48	22878	0.02600216684723727	0.3037974683544304	query_1	['GO:0016740']	16hr_60S_down	13.835539308518813
GO:CC	GO:0031410	cytoplasmic vesicle	1.9016343807333585e-14	True	"""A vesicle found in the cytoplasm of a cell."" [GOC:ai, GOC:mah, GOC:vesicles]"	745	1869	138	20029	0.0738362760834671	0.18523489932885906	query_1	['GO:0005737', 'GO:0097708']	16hr_60S_down	13.720872979351077
GO:BP	GO:0008610	lipid biosynthetic process	2.1023031003787894e-14	True	"""The chemical reactions and pathways resulting in the formation of lipids, compounds soluble in an organic solvent but not, or sparingly, in an aqueous solvent."" [GOC:go_curators]"	629	1705	110	21925	0.06451612903225806	0.17488076311605724	query_1	['GO:0006629', 'GO:0009058']	16hr_60S_down	13.677304669215358
GO:CC	GO:0097708	intracellular vesicle	2.320611235745963e-14	True	"""Any vesicle that is part of the intracellular region."" [GOC:vesicles]"	747	1869	138	20029	0.0738362760834671	0.18473895582329317	query_1	['GO:0031982', 'GO:0043231']	16hr_60S_down	13.634397609355348
GO:BP	GO:0009259	ribonucleotide metabolic process	2.5425425692330037e-14	True	"""The chemical reactions and pathways involving a ribonucleotide, a compound consisting of ribonucleoside (a base linked to a ribose sugar) esterified with a phosphate group at either the 3' or 5'-hydroxyl group of the sugar."" [GOC:go_curators, ISBN:0198506732]"	185	1705	51	21925	0.029912023460410556	0.2756756756756757	query_1	['GO:0009117', 'GO:0019693']	16hr_60S_down	13.594731767047017
GO:BP	GO:0019693	ribose phosphate metabolic process	2.5425425692330037e-14	True	"""The chemical reactions and pathways involving ribose phosphate, any phosphorylated ribose sugar."" [GOC:ai]"	185	1705	51	21925	0.029912023460410556	0.2756756756756757	query_1	['GO:0006796', 'GO:0019637', 'GO:1901135']	16hr_60S_down	13.594731767047017
GO:CC	GO:0009505	plant-type cell wall	4.197762609959744e-14	True	"""A more or less rigid structure lying outside the cell membrane of a cell and composed of cellulose and pectin and other organic and inorganic substances."" [ISBN:0471245208]"	366	1869	84	20029	0.0449438202247191	0.22950819672131148	query_1	['GO:0005618']	16hr_60S_down	13.376982125091313
GO:CC	GO:0005618	cell wall	5.2787059713878005e-14	True	"""The rigid or semi-rigid envelope lying outside the cell membrane of plant, fungal, most prokaryotic cells and some protozoan parasites, maintaining their shape and protecting them from osmotic lysis. In plants it is made of cellulose and, often, lignin; in fungi it is composed largely of polysaccharides; in bacteria it is composed of peptidoglycan; in protozoan parasites such as Giardia species, it's made of carbohydrates and proteins."" [GOC:giardia, ISBN:0198547684, PMID:15134259, Wikipedia:Microbial_cyst]"	401	1869	89	20029	0.047619047619047616	0.22194513715710723	query_1	['GO:0030312']	16hr_60S_down	13.277472527913817
GO:BP	GO:0006631	fatty acid metabolic process	5.547413085616317e-14	True	"""The chemical reactions and pathways involving fatty acids, aliphatic monocarboxylic acids liberated from naturally occurring fats and oils by hydrolysis."" [ISBN:0198547684]"	276	1705	64	21925	0.0375366568914956	0.2318840579710145	query_1	['GO:0006629', 'GO:0032787']	16hr_60S_down	13.255909493374084
GO:CC	GO:0031982	vesicle	5.6726053363723044e-14	True	"""Any small, fluid-filled, spherical organelle enclosed by membrane."" [GOC:mah, GOC:pz, GOC:vesicles]"	771	1869	140	20029	0.0749063670411985	0.1815823605706874	query_1	['GO:0043227']	16hr_60S_down	13.246217430818877
GO:MF	GO:0016860	intramolecular oxidoreductase activity	5.838944102648631e-14	True	"""Catalysis of an oxidation-reduction (redox) reaction in which the hydrogen donor and acceptor are the same molecule, and no oxidized product appears."" [EC:5.3.-.-, GOC:curators]"	51	1846	26	22878	0.014084507042253521	0.5098039215686274	query_1	['GO:0016853']	16hr_60S_down	13.23366568231464
GO:CC	GO:0005773	vacuole	1.1758937293025287e-13	True	"""A closed structure, found only in eukaryotic cells, that is completely surrounded by unit membrane and contains liquid material. Cells contain one or several vacuoles, that may have different functions from each other. Vacuoles have a diverse array of functions. They can act as a storage organelle for nutrients or waste products, as a degradative compartment, as a cost-effective way of increasing cell size, and as a homeostatic regulator controlling both turgor pressure and pH of the cytosol."" [GOC:mtg_sensu, ISBN:0198506732]"	1094	1869	180	20029	0.09630818619582665	0.16453382084095064	query_1	['GO:0005737', 'GO:0043231']	16hr_60S_down	12.929631925592322
GO:BP	GO:0009082	branched-chain amino acid biosynthetic process	1.194669601205534e-13	True	"""The chemical reactions and pathways resulting in the formation of amino acids containing a branched carbon skeleton, comprising isoleucine, leucine and valine."" [GOC:ai]"	25	1705	18	21925	0.010557184750733138	0.72	query_1	['GO:0009081', 'GO:0046394']	16hr_60S_down	12.922752186944582
GO:MF	GO:0032559	adenyl ribonucleotide binding	1.2323073934708362e-13	True	"""Binding to an adenyl ribonucleotide, any compound consisting of adenosine esterified with (ortho)phosphate or an oligophosphate at any hydroxyl group on the ribose moiety."" [GOC:mah]"	2521	1846	311	22878	0.1684723726977248	0.12336374454581515	query_1	['GO:0030554', 'GO:0032555']	16hr_60S_down	12.909280945875832
GO:BP	GO:1901136	carbohydrate derivative catabolic process	1.5379739062467483e-13	True	"""The chemical reactions and pathways resulting in the breakdown of carbohydrate derivative."" [GOC:TermGenie]"	137	1705	42	21925	0.02463343108504399	0.30656934306569344	query_1	['GO:0009056', 'GO:1901135']	16hr_60S_down	12.813051032850051
GO:BP	GO:0009069	serine family amino acid metabolic process	2.206699768822148e-13	True	"""The chemical reactions and pathways involving amino acids of the serine family, comprising cysteine, glycine, homoserine, selenocysteine and serine."" [GOC:ai]"	51	1705	25	21925	0.01466275659824047	0.49019607843137253	query_1	['GO:1901605']	16hr_60S_down	12.656256750487378
GO:BP	GO:0006575	modified amino acid metabolic process	2.5281053431715417e-13	True	"""The chemical reactions and pathways involving compounds derived from amino acids, organic acids containing one or more amino substituents."" [GOC:ai]"	94	1705	34	21925	0.01994134897360704	0.3617021276595745	query_1	['GO:0008152']	16hr_60S_down	12.59720483347315
GO:BP	GO:0009066	aspartate family amino acid metabolic process	2.6088819625545756e-13	True	"""The chemical reactions and pathways involving amino acids of the aspartate family, comprising asparagine, aspartate, lysine, methionine and threonine."" [GOC:ai]"	60	1705	27	21925	0.015835777126099706	0.45	query_1	['GO:0170033', 'GO:0170039']	16hr_60S_down	12.5835455698729
GO:MF	GO:0046914	transition metal ion binding	4.697808252991341e-13	True	"""Binding to a transition metal ions; a transition metal is an element whose atom has an incomplete d-subshell of extranuclear electrons, or which gives rise to a cation or cations with an incomplete d-subshell. Transition metals often have more than one valency state. Biologically relevant transition metals include vanadium, manganese, iron, copper, cobalt, nickel, molybdenum and silver."" [ISBN:0198506732]"	1282	1846	183	22878	0.09913326110509209	0.14274570982839313	query_1	['GO:0046872']	16hr_60S_down	12.328104713477366
GO:BP	GO:0009658	chloroplast organization	5.318824014087689e-13	True	"""A process that is carried out at the cellular level which results in the assembly, arrangement of constituent parts, or disassembly of the chloroplast."" [GOC:jid]"	192	1705	50	21925	0.02932551319648094	0.2604166666666667	query_1	['GO:0009657']	16hr_60S_down	12.274184379105069
GO:CC	GO:0000325	plant-type vacuole	5.961873471178901e-13	True	"""A closed structure that is completely surrounded by a unit membrane, contains liquid, and retains the same shape regardless of cell cycle phase. An example of this structure is found in Arabidopsis thaliana."" [GOC:mtg_sensu, ISBN:0815316208]"	794	1869	140	20029	0.0749063670411985	0.17632241813602015	query_1	['GO:0005773']	16hr_60S_down	12.224617245235946
GO:BP	GO:0072523	purine-containing compound catabolic process	5.964790279911188e-13	True	"""The chemical reactions and pathways resulting in the breakdown of a purine-containing compound, i.e. any compound that contains purine or a formal derivative thereof."" [GOC:mah]"	86	1705	32	21925	0.0187683284457478	0.37209302325581395	query_1	['GO:0009056', 'GO:0072521']	16hr_60S_down	12.224404821378128
GO:CC	GO:0005886	plasma membrane	6.10004730455912e-13	True	"""The membrane surrounding a cell that separates the cell from its external environment. It consists of a phospholipid bilayer and associated proteins."" [ISBN:0716731363]"	2524	1869	342	20029	0.18298555377207062	0.13549920760697307	query_1	['GO:0016020', 'GO:0071944']	16hr_60S_down	12.214666797115571
GO:BP	GO:1901700	response to oxygen-containing compound	7.331703405570087e-13	True	"""Any process that results in a change in state or activity of a cell or an organism (in terms of movement, secretion, enzyme production, gene expression, etc.) as a result of an oxygen-containing compound stimulus."" [GOC:pr, GOC:TermGenie]"	1659	1705	215	21925	0.12609970674486803	0.1295961422543701	query_1	['GO:0042221']	16hr_60S_down	12.13479511216722
GO:BP	GO:0006096	glycolytic process	7.999714205200733e-13	True	"""The chemical reactions and pathways resulting in the breakdown of a carbohydrate into pyruvate, with the concomitant production of a small amount of ATP and the reduction of NAD(P) to NAD(P)H. Glycolysis begins with the metabolism of a carbohydrate to generate products that can enter the pathway and ends with the production of pyruvate. Pyruvate may be converted to acetyl-coenzyme A, ethanol, lactate, or other small molecules."" [GOC:bf, GOC:dph, ISBN:0201090910, ISBN:0716720094, ISBN:0879010479, Wikipedia:Glycolysis]"	72	1705	29	21925	0.017008797653958945	0.4027777777777778	query_1	['GO:0006090', 'GO:0006091', 'GO:0016052', 'GO:0019364', 'GO:0046032', 'GO:0046034', 'GO:0046496']	16hr_60S_down	12.096925528173227
GO:BP	GO:0009137	purine nucleoside diphosphate catabolic process	7.999714205200733e-13	True	"""The chemical reactions and pathways resulting in the breakdown of purine nucleoside diphosphate, a compound consisting of a purine base linked to a ribose or deoxyribose sugar esterified with diphosphate on the sugar."" [GOC:go_curators, ISBN:0198506732]"	72	1705	29	21925	0.017008797653958945	0.4027777777777778	query_1	['GO:0009134', 'GO:0009135']	16hr_60S_down	12.096925528173227
GO:BP	GO:0009191	ribonucleoside diphosphate catabolic process	7.999714205200733e-13	True	"""The chemical reactions and pathways resulting in the breakdown of a ribonucleoside diphosphate, a compound consisting of a nucleobase linked to a ribose sugar esterified with diphosphate on the sugar."" [GOC:go_curators, ISBN:0198506732]"	72	1705	29	21925	0.017008797653958945	0.4027777777777778	query_1	['GO:0009134', 'GO:0009185']	16hr_60S_down	12.096925528173227
GO:BP	GO:0009261	ribonucleotide catabolic process	7.999714205200733e-13	True	"""The chemical reactions and pathways resulting in the breakdown of a ribonucleotide, a compound consisting of ribonucleoside (a base linked to a ribose sugar) esterified with a phosphate group at either the 3' or 5'-hydroxyl group of the sugar."" [GOC:go_curators, ISBN:0198506732]"	72	1705	29	21925	0.017008797653958945	0.4027777777777778	query_1	['GO:0009166', 'GO:0009259', 'GO:1901136']	16hr_60S_down	12.096925528173227
GO:BP	GO:0046032	ADP catabolic process	7.999714205200733e-13	True	"""The chemical reactions and pathways resulting in the breakdown of ADP, adenosine 5'-diphosphate."" [GOC:go_curators]"	72	1705	29	21925	0.017008797653958945	0.4027777777777778	query_1	['GO:0009154', 'GO:0009181', 'GO:0046031']	16hr_60S_down	12.096925528173227
GO:BP	GO:0046031	ADP metabolic process	7.999714205200733e-13	True	"""The chemical reactions and pathways involving ADP, adenosine 5'-diphosphate."" [GOC:go_curators]"	72	1705	29	21925	0.017008797653958945	0.4027777777777778	query_1	['GO:0009150', 'GO:0009179']	16hr_60S_down	12.096925528173227
GO:BP	GO:0009154	purine ribonucleotide catabolic process	7.999714205200733e-13	True	"""The chemical reactions and pathways resulting in the breakdown of a purine ribonucleotide, a compound consisting of ribonucleoside (a purine base linked to a ribose sugar) esterified with a phosphate group at either the 3' or 5'-hydroxyl group of the sugar."" [GOC:go_curators, ISBN:0198506732]"	72	1705	29	21925	0.017008797653958945	0.4027777777777778	query_1	['GO:0006195', 'GO:0009150', 'GO:0009261']	16hr_60S_down	12.096925528173227
GO:BP	GO:0009181	purine ribonucleoside diphosphate catabolic process	7.999714205200733e-13	True	"""The chemical reactions and pathways resulting in the breakdown of purine ribonucleoside diphosphate, a compound consisting of a purine base linked to a ribose sugar esterified with diphosphate on the sugar."" [GOC:go_curators, ISBN:0198506732]"	72	1705	29	21925	0.017008797653958945	0.4027777777777778	query_1	['GO:0009137', 'GO:0009179', 'GO:0009191']	16hr_60S_down	12.096925528173227
GO:MF	GO:0016830	carbon-carbon lyase activity	1.080442117087952e-12	True	"""Catalysis of the cleavage of C-C bonds by other means than by hydrolysis or oxidation, or conversely adding a group to a double bond."" [GOC:jl]"	116	1846	38	22878	0.020585048754062838	0.3275862068965517	query_1	['GO:0016829']	16hr_60S_down	11.966398494771168
GO:BP	GO:0006195	purine nucleotide catabolic process	1.1863730010666997e-12	True	"""The chemical reactions and pathways resulting in the breakdown of a purine nucleotide, a compound consisting of nucleoside (a purine base linked to a deoxyribose or ribose sugar) esterified with a phosphate group at either the 3' or 5'-hydroxyl group of the sugar."" [GOC:go_curators, ISBN:0198506732]"	73	1705	29	21925	0.017008797653958945	0.3972602739726027	query_1	['GO:0006163', 'GO:0009166', 'GO:0072523']	16hr_60S_down	11.92577874534209
GO:BP	GO:0009134	nucleoside diphosphate catabolic process	1.1863730010666997e-12	True	"""The chemical reactions and pathways resulting in the breakdown of a nucleoside diphosphate, a compound consisting of a nucleobase linked to a deoxyribose or ribose sugar esterified with diphosphate on the sugar."" [GOC:go_curators, ISBN:0198506732]"	73	1705	29	21925	0.017008797653958945	0.3972602739726027	query_1	['GO:0009132', 'GO:1901292']	16hr_60S_down	11.92577874534209
GO:BP	GO:0019364	pyridine nucleotide catabolic process	1.1863730010666997e-12	True	"""The chemical reactions and pathways resulting in the breakdown of a pyridine nucleotide, a nucleotide characterized by a pyridine derivative as a nitrogen base."" [GOC:jl, GOC:pde, GOC:vw]"	73	1705	29	21925	0.017008797653958945	0.3972602739726027	query_1	['GO:0009166', 'GO:0019362', 'GO:0072526']	16hr_60S_down	11.92577874534209
GO:MF	GO:0016874	ligase activity	1.2461317729850978e-12	True	"""Catalysis of the joining of two molecules, or two groups within a single molecule, using the energy from the hydrolysis of ATP, a similar triphosphate, or a pH gradient."" [EC:6.-.-.-]"	283	1846	64	22878	0.03466955579631636	0.22614840989399293	query_1	['GO:0003824']	16hr_60S_down	11.904436030506412
GO:BP	GO:0019318	hexose metabolic process	1.4069363776754745e-12	True	"""The chemical reactions and pathways involving a hexose, any monosaccharide with a chain of six carbon atoms in the molecule."" [ISBN:0198506732]"	122	1705	38	21925	0.022287390029325515	0.3114754098360656	query_1	['GO:0005996']	16hr_60S_down	11.851725541121898
GO:BP	GO:0044282	small molecule catabolic process	1.5573359895489767e-12	True	"""The chemical reactions and pathways resulting in the breakdown of small molecules, any low molecular weight, monomeric, non-encoded molecule."" [GOC:curators, GOC:vw]"	178	1705	47	21925	0.02756598240469208	0.2640449438202247	query_1	['GO:0009056', 'GO:0044281']	16hr_60S_down	11.807617679875499
GO:BP	GO:0072526	pyridine-containing compound catabolic process	1.746015901435467e-12	True	"""The chemical reactions and pathways resulting in the breakdown of a pyridine-containing compound, i.e. any compound that contains pyridine or a formal derivative thereof."" [GOC:mah]"	74	1705	29	21925	0.017008797653958945	0.3918918918918919	query_1	['GO:0009056', 'GO:0072524']	16hr_60S_down	11.757951805376022
GO:BP	GO:0006090	pyruvate metabolic process	2.5232502575268346e-12	True	"""The chemical reactions and pathways involving pyruvate, 2-oxopropanoate."" [GOC:go_curators]"	75	1705	29	21925	0.017008797653958945	0.38666666666666666	query_1	['GO:0032787']	16hr_60S_down	11.59803967374995
GO:BP	GO:1901292	nucleoside phosphate catabolic process	2.5232502575268346e-12	True	"""The chemical reactions and pathways resulting in the breakdown of a nucleoside phosphate."" [GOC:TermGenie]"	80	1705	30	21925	0.017595307917888565	0.375	query_1	['GO:0006753', 'GO:0034655', 'GO:0046434']	16hr_60S_down	11.59803967374995
GO:BP	GO:0009135	purine nucleoside diphosphate metabolic process	2.5232502575268346e-12	True	"""The chemical reactions and pathways involving purine nucleoside diphosphate, a compound consisting of a purine base linked to a ribose or deoxyribose sugar esterified with diphosphate on the sugar."" [GOC:go_curators, ISBN:0198506732]"	75	1705	29	21925	0.017008797653958945	0.38666666666666666	query_1	['GO:0009132']	16hr_60S_down	11.59803967374995
GO:BP	GO:0009179	purine ribonucleoside diphosphate metabolic process	2.5232502575268346e-12	True	"""The chemical reactions and pathways involving purine ribonucleoside diphosphate, a compound consisting of a purine base linked to a ribose sugar esterified with diphosphate on the sugar."" [GOC:go_curators, ISBN:0198506732]"	75	1705	29	21925	0.017008797653958945	0.38666666666666666	query_1	['GO:0009135', 'GO:0009185']	16hr_60S_down	11.59803967374995
GO:BP	GO:0072330	monocarboxylic acid biosynthetic process	2.566623817061511e-12	True	"""The chemical reactions and pathways resulting in the formation of monocarboxylic acids, any organic acid containing one carboxyl (-COOH) group."" [GOC:mah]"	249	1705	57	21925	0.03343108504398827	0.2289156626506024	query_1	['GO:0032787', 'GO:0046394']	16hr_60S_down	11.590637780002666
GO:CC	GO:0030312	external encapsulating structure	3.4100991239547653e-12	True	"""A structure that lies outside the plasma membrane and surrounds the entire cell or cells. This does not include the periplasmic space."" [GOC:go_curators]"	430	1869	89	20029	0.047619047619047616	0.2069767441860465	query_1	['GO:0071944', 'GO:0110165']	16hr_60S_down	11.467232996854744
GO:BP	GO:0009185	ribonucleoside diphosphate metabolic process	3.699469228734318e-12	True	"""The chemical reactions and pathways involving a ribonucleoside diphosphate, a compound consisting of a nucleobase linked to a ribose sugar esterified with diphosphate on the sugar."" [GOC:go_curators, ISBN:0198506732]"	76	1705	29	21925	0.017008797653958945	0.3815789473684211	query_1	['GO:0009132']	16hr_60S_down	11.431860580680848
GO:BP	GO:0009150	purine ribonucleotide metabolic process	3.923581589682251e-12	True	"""The chemical reactions and pathways involving a purine ribonucleotide, a compound consisting of ribonucleoside (a purine base linked to a ribose sugar) esterified with a phosphate group at either the 3' or 5'-hydroxyl group of the sugar."" [GOC:go_curators, ISBN:0198506732]"	163	1705	44	21925	0.025806451612903226	0.26993865030674846	query_1	['GO:0006163', 'GO:0009259']	16hr_60S_down	11.406317311939583
GO:BP	GO:0009064	glutamine family amino acid metabolic process	4.917171812379965e-12	True	"""The chemical reactions and pathways involving amino acids of the glutamine family, comprising arginine, glutamate, glutamine and proline."" [GOC:ai]"	98	1705	33	21925	0.01935483870967742	0.336734693877551	query_1	['GO:0170033', 'GO:0170039']	16hr_60S_down	11.308284616630539
GO:BP	GO:0000096	sulfur amino acid metabolic process	5.231257247801702e-12	True	"""The chemical reactions and pathways involving amino acids containing sulfur, comprising cysteine, homocysteine, methionine and selenocysteine."" [GOC:ai]"	67	1705	27	21925	0.015835777126099706	0.40298507462686567	query_1	['GO:0006790', 'GO:0019752']	16hr_60S_down	11.281393922955978
GO:MF	GO:0019842	vitamin binding	5.235934261150787e-12	True	"""Binding to a vitamin, one of a number of unrelated organic substances that occur in many foods in small amounts and that are necessary in trace amounts for the normal metabolic functioning of the body."" [GOC:ai]"	133	1846	40	22878	0.021668472372697724	0.3007518796992481	query_1	['GO:0036094']	16hr_60S_down	11.281005814794828
GO:BP	GO:0009166	nucleotide catabolic process	5.2745295319809915e-12	True	"""The chemical reactions and pathways resulting in the breakdown of nucleotides, any nucleoside that is esterified with (ortho)phosphate or an oligophosphate at any hydroxyl group on the glycose moiety; may be mono-, di- or triphosphate; this definition includes cyclic-nucleotides (nucleoside cyclic phosphates)."" [GOC:go_curators]"	77	1705	29	21925	0.017008797653958945	0.37662337662337664	query_1	['GO:0009117', 'GO:1901292']	16hr_60S_down	11.277816271722527
GO:BP	GO:0009079	pyruvate family amino acid biosynthetic process	6.676779514272627e-12	True	"""The chemical reactions and pathways resulting in the formation of any amino acid that requires pyruvate for its synthesis, e.g. alanine."" [GOC:jl]"	20	1705	15	21925	0.008797653958944282	0.75	query_1	['GO:0009078', 'GO:0170034', 'GO:0170038']	16hr_60S_down	11.175432965134764
GO:BP	GO:0009132	nucleoside diphosphate metabolic process	7.622631035605827e-12	True	"""The chemical reactions and pathways involving a nucleoside diphosphate, a compound consisting of a nucleobase linked to a deoxyribose or ribose sugar esterified with diphosphate on the sugar."" [GOC:go_curators, ISBN:0198506732]"	78	1705	29	21925	0.017008797653958945	0.3717948717948718	query_1	['GO:0006753']	16hr_60S_down	11.11789510122937
KEGG	KEGG:00630	Glyoxylate and dicarboxylate metabolism	9.281565071246896e-12	True	Glyoxylate and dicarboxylate metabolism	77	865	40	5300	0.046242774566473986	0.5194805194805194	query_1	['KEGG:00000']	16hr_60S_down	11.03237878622759
GO:BP	GO:0016052	carbohydrate catabolic process	1.3086742654423911e-11	True	"""The chemical reactions and pathways resulting in the breakdown of carbohydrates, any of a group of organic compounds based of the general formula Cx(H2O)y."" [ISBN:0198506732]"	266	1705	58	21925	0.03401759530791789	0.21804511278195488	query_1	['GO:0005975', 'GO:0009056']	16hr_60S_down	10.883168437731182
GO:BP	GO:1901137	carbohydrate derivative biosynthetic process	1.7025476849457973e-11	True	"""The chemical reactions and pathways resulting in the formation of carbohydrate derivative."" [GOC:TermGenie]"	407	1705	76	21925	0.04457478005865103	0.18673218673218672	query_1	['GO:0009058', 'GO:1901135']	16hr_60S_down	10.768900715527474
GO:BP	GO:0046434	organophosphate catabolic process	2.4064525844151932e-11	True	"""The chemical reactions and pathways resulting in the breakdown of organophosphates, any phosphate-containing organic compound."" [GOC:ai]"	92	1705	31	21925	0.01818181818181818	0.33695652173913043	query_1	['GO:0009056', 'GO:0019637']	16hr_60S_down	10.618622691032003
GO:BP	GO:0009072	aromatic amino acid metabolic process	2.4064525844151932e-11	True	"""The chemical reactions and pathways involving aromatic amino acid family, amino acids with aromatic ring (phenylalanine, tyrosine, tryptophan)."" [GOC:go_curators]"	92	1705	31	21925	0.01818181818181818	0.33695652173913043	query_1	['GO:0006520', 'GO:0019752']	16hr_60S_down	10.618622691032003
GO:CC	GO:0098588	bounding membrane of organelle	2.4119120175703982e-11	True	"""The lipid bilayer that forms the outer-most layer of an organelle."" [GOC:dos]"	1406	1869	209	20029	0.11182450508293205	0.14864864864864866	query_1	['GO:0031090']	16hr_60S_down	10.617638538563643
GO:MF	GO:0070279	vitamin B6 binding	2.5701846192150446e-11	True	"""Binding to a vitamin B6 compound: pyridoxal, pyridoxamine, pyridoxine, or the active form, pyridoxal phosphate."" [GOC:mah]"	88	1846	31	22878	0.016793066088840736	0.3522727272727273	query_1	['GO:0019842', 'GO:1901363']	16hr_60S_down	10.590035679693374
GO:MF	GO:0030170	pyridoxal phosphate binding	2.5701846192150446e-11	True	"""Binding to pyridoxal 5' phosphate, 3-hydroxy-5-(hydroxymethyl)-2-methyl4-pyridine carboxaldehyde 5' phosphate, the biologically active form of vitamin B6."" [GOC:mah, ISBN:0198506732]"	88	1846	31	22878	0.016793066088840736	0.3522727272727273	query_1	['GO:0043168', 'GO:0070279']	16hr_60S_down	10.590035679693374
GO:BP	GO:0009636	response to toxic substance	2.737242641867711e-11	True	"""Any process that results in a change in state or activity of a cell or an organism (in terms of movement, secretion, enzyme production, gene expression, etc.) as a result of a toxic stimulus."" [GOC:lr]"	316	1705	64	21925	0.0375366568914956	0.20253164556962025	query_1	['GO:0042221']	16hr_60S_down	10.562686703008769
GO:MF	GO:0016667	oxidoreductase activity, acting on a sulfur group of donors	2.849810003128856e-11	True	"""Catalysis of an oxidation-reduction (redox) reaction in which a sulfur-containing group acts as a hydrogen or electron donor and reduces a hydrogen or electron acceptor."" [EC:1.8.-.-, GOC:ai]"	78	1846	29	22878	0.01570964247020585	0.3717948717948718	query_1	['GO:0016491']	16hr_60S_down	10.545184093445272
GO:BP	GO:1901293	nucleoside phosphate biosynthetic process	3.944362817708811e-11	True	"""The chemical reactions and pathways resulting in the formation of a nucleoside phosphate."" [GOC:TermGenie]"	222	1705	51	21925	0.029912023460410556	0.22972972972972974	query_1	['GO:0006753', 'GO:0034654', 'GO:0090407']	16hr_60S_down	10.404023143811527
KEGG	KEGG:00710	Carbon fixation in photosynthetic organisms	5.830494427593367e-11	True	Carbon fixation in photosynthetic organisms	68	865	36	5300	0.04161849710982659	0.5294117647058824	query_1	['KEGG:00000']	16hr_60S_down	10.234294615383218
GO:MF	GO:0016859	cis-trans isomerase activity	5.864100949507273e-11	True	"""Catalysis of a reaction that interconverts cis and trans isomers. Atoms or groups are termed cis or trans to one another when they lie respectively on the same or on opposite sides of a reference plane identifiable as common among stereoisomers."" [GOC:mah, ISBN:0198506732]"	65	1846	26	22878	0.014084507042253521	0.4	query_1	['GO:0016853']	16hr_60S_down	10.231798561996431
KEGG	KEGG:00010	Glycolysis / Gluconeogenesis	6.286027565134647e-11	True	Glycolysis / Gluconeogenesis	119	865	51	5300	0.058959537572254334	0.42857142857142855	query_1	['KEGG:00000']	16hr_60S_down	10.20162371887052
GO:MF	GO:0051287	NAD binding	8.205897148521125e-11	True	"""Binding to nicotinamide adenine dinucleotide, a coenzyme involved in many redox and biosynthetic reactions; binding may be to either the oxidized form, NAD+, or the reduced form, NADH."" [GOC:ai]"	81	1846	29	22878	0.01570964247020585	0.35802469135802467	query_1	['GO:0030554']	16hr_60S_down	10.085873930716616
GO:MF	GO:0003727	single-stranded RNA binding	1.6797024678364529e-10	True	"""Binding to single-stranded RNA."" [GOC:jl]"	58	1846	24	22878	0.013001083423618635	0.41379310344827586	query_1	['GO:0003723']	16hr_60S_down	9.774767639714884
GO:BP	GO:0015977	carbon fixation	2.550668606043706e-10	True	"""A metabolic process in which carbon (usually derived from carbon dioxide) is incorporated into organic compounds (usually carbohydrates)."" [GOC:jl, GOC:mah]"	27	1705	16	21925	0.0093841642228739	0.5925925925925926	query_1	['GO:0008152']	16hr_60S_down	9.593345963152528
GO:BP	GO:0071840	cellular component organization or biogenesis	2.876372341365804e-10	True	"""A process that results in the biosynthesis of constituent macromolecules, assembly, arrangement of constituent parts, or disassembly of a cellular component."" [GOC:mah]"	2788	1705	310	21925	0.18181818181818182	0.11119081779053085	query_1	['GO:0009987']	16hr_60S_down	9.541154895989491
GO:BP	GO:0009084	glutamine family amino acid biosynthetic process	3.095808994715531e-10	True	"""The chemical reactions and pathways resulting in the formation of amino acids of the glutamine family, comprising arginine, glutamate, glutamine and proline."" [GOC:ai]"	31	1705	17	21925	0.00997067448680352	0.5483870967741935	query_1	['GO:0009064', 'GO:0170034', 'GO:0170038']	16hr_60S_down	9.509225842272095
GO:BP	GO:0009078	pyruvate family amino acid metabolic process	3.095808994715531e-10	True	"""The chemical reactions and pathways involving any amino acid that requires pyruvate for its synthesis, e.g. alanine."" [GOC:jl]"	31	1705	17	21925	0.00997067448680352	0.5483870967741935	query_1	['GO:0170033', 'GO:0170039']	16hr_60S_down	9.509225842272095
GO:BP	GO:0000097	sulfur amino acid biosynthetic process	3.342922467461919e-10	True	"""The chemical reactions and pathways resulting in the formation of amino acids containing sulfur, comprising cysteine, methionine and selenocysteine."" [GOC:ai]"	48	1705	21	21925	0.012316715542521995	0.4375	query_1	['GO:0000096', 'GO:0044272', 'GO:0046394']	16hr_60S_down	9.47587369590038
GO:BP	GO:0034655	nucleobase-containing compound catabolic process	3.837942464663643e-10	True	"""The chemical reactions and pathways resulting in the breakdown of nucleobases, nucleosides, nucleotides and nucleic acids."" [GOC:mah]"	228	1705	50	21925	0.02932551319648094	0.21929824561403508	query_1	['GO:0006139', 'GO:0009056']	16hr_60S_down	9.41590154014416
KEGG	KEGG:01240	Biosynthesis of cofactors	3.9883424428947423e-10	True	Biosynthesis of cofactors	236	865	79	5300	0.09132947976878612	0.3347457627118644	query_1	['KEGG:00000']	16hr_60S_down	9.399207559820084
GO:BP	GO:1990748	cellular detoxification	4.270715481942585e-10	True	"""Any process carried out at the cellular level that reduces or removes the toxicity of a toxic substance. These may include transport of the toxic substance away from sensitive areas and to compartments or complexes whose purpose is sequestration of the toxic substance."" [GOC:vw]"	172	1705	42	21925	0.02463343108504399	0.2441860465116279	query_1	['GO:0009987', 'GO:0097237', 'GO:0098754']	16hr_60S_down	9.369499360612096
GO:BP	GO:0006399	tRNA metabolic process	4.3486648695120313e-10	True	"""The chemical reactions and pathways involving tRNA, transfer RNA, a class of relatively small RNA molecules responsible for mediating the insertion of amino acids into the sequence of nascent polypeptide chains during protein synthesis. Transfer RNA is characterized by the presence of many unusual minor bases, the function of which has not been completely established."" [ISBN:0198506732]"	179	1705	43	21925	0.025219941348973606	0.24022346368715083	query_1	['GO:0016070']	16hr_60S_down	9.36164406001223
GO:BP	GO:0097237	cellular response to toxic substance	5.131925779695181e-10	True	"""Any process that results in a change in state or activity of a cell (in terms of movement, secretion, enzyme production, gene expression, etc.) as a result of a toxic stimulus."" [GOC:pr]"	173	1705	42	21925	0.02463343108504399	0.24277456647398843	query_1	['GO:0009636', 'GO:0070887']	16hr_60S_down	9.289719633221099
GO:BP	GO:0009240	isopentenyl diphosphate biosynthetic process	5.264770924891005e-10	True	"""The chemical reactions and pathways resulting in the formation of isopentenyl diphosphate, an isomer of dimethylallyl diphosphate and the key precursor of all isoprenoids."" [GOC:jl, ISBN:0198506732]"	18	1705	13	21925	0.007624633431085044	0.7222222222222222	query_1	['GO:0008299', 'GO:0008654', 'GO:0046490']	16hr_60S_down	9.278620520626664
GO:BP	GO:0046490	isopentenyl diphosphate metabolic process	5.264770924891005e-10	True	"""The chemical reactions and pathways involving isopentenyl diphosphate, an isomer of dimethylallyl diphosphate and the key precursor of all isoprenoids."" [ISBN:0198506732]"	18	1705	13	21925	0.007624633431085044	0.7222222222222222	query_1	['GO:0006644']	16hr_60S_down	9.278620520626664
GO:MF	GO:0003755	peptidyl-prolyl cis-trans isomerase activity	5.979437572820493e-10	True	"""Catalysis of the reaction: peptidyl-proline (omega=180) = peptidyl-proline (omega=0)."" [EC:5.2.1.8]"	61	1846	24	22878	0.013001083423618635	0.39344262295081966	query_1	['GO:0016859', 'GO:0140096']	16hr_60S_down	9.223339663922577
KEGG	KEGG:00260	Glycine, serine and threonine metabolism	6.952606353352758e-10	True	Glycine, serine and threonine metabolism	70	865	35	5300	0.04046242774566474	0.5	query_1	['KEGG:00000']	16hr_60S_down	9.157852359051942
GO:BP	GO:0009141	nucleoside triphosphate metabolic process	9.611087386414346e-10	True	"""The chemical reactions and pathways involving a nucleoside triphosphate, a compound consisting of a nucleobase linked to a deoxyribose or ribose sugar esterified with triphosphate on the sugar."" [GOC:go_curators, ISBN:0198506732]"	136	1705	36	21925	0.021114369501466276	0.2647058823529412	query_1	['GO:0006753']	16hr_60S_down	9.017227474016805
GO:BP	GO:0006996	organelle organization	1.1748631023056636e-09	True	"""A process that is carried out at the cellular level which results in the assembly, arrangement of constituent parts, or disassembly of an organelle within a cell. An organelle is an organized structure of distinctive morphology and function. Includes the nucleus, mitochondria, plastids, vacuoles, vesicles, ribosomes and the cytoskeleton. Excludes the plasma membrane."" [GOC:mah]"	1014	1705	138	21925	0.08093841642228738	0.13609467455621302	query_1	['GO:0016043']	16hr_60S_down	8.930012735415184
GO:BP	GO:0009073	aromatic amino acid family biosynthetic process	1.2389856104871794e-09	True	"""The chemical reactions and pathways resulting in the formation of aromatic amino acid family, amino acids with aromatic ring (phenylalanine, tyrosine, tryptophan)."" [GOC:go_curators]"	66	1705	24	21925	0.01407624633431085	0.36363636363636365	query_1	['GO:0009072', 'GO:0046394']	16hr_60S_down	8.906933737467604
GO:MF	GO:0140101	catalytic activity, acting on a tRNA	1.2914025210556931e-09	True	"""Catalytic activity that acts to modify a tRNA."" [GOC:molecular_function_refactoring, GOC:pdt]"	131	1846	36	22878	0.01950162513542795	0.2748091603053435	query_1	['GO:0140098']	16hr_60S_down	8.888938370106494
GO:BP	GO:0009199	ribonucleoside triphosphate metabolic process	1.3149760296582198e-09	True	"""The chemical reactions and pathways involving a ribonucleoside triphosphate, a compound consisting of a nucleobase linked to a ribose sugar esterified with triphosphate on the sugar."" [GOC:go_curators, ISBN:0198506732]"	131	1705	35	21925	0.020527859237536656	0.26717557251908397	query_1	['GO:0009141']	16hr_60S_down	8.881082163738517
GO:BP	GO:0016108	tetraterpenoid metabolic process	1.3939474258428866e-09	True	"""The chemical reactions and pathways involving tetraterpenoid compounds, terpenoids with eight isoprene units."" [ISBN:0198547684]"	42	1705	19	21925	0.011143695014662757	0.4523809523809524	query_1	['GO:0006721']	16hr_60S_down	8.855753605791021
GO:BP	GO:0016116	carotenoid metabolic process	1.3939474258428866e-09	True	"""The chemical reactions and pathways involving carotenoids, tetraterpenoid compounds in which two units of 4 isoprenoid residues joined head-to-tail are themselves joined tail-to-tail."" [ISBN:0198547684]"	42	1705	19	21925	0.011143695014662757	0.4523809523809524	query_1	['GO:0016108']	16hr_60S_down	8.855753605791021
GO:BP	GO:0009144	purine nucleoside triphosphate metabolic process	1.5194245356474338e-09	True	"""The chemical reactions and pathways involving purine nucleoside triphosphate, a compound consisting of a purine base linked to a ribose or deoxyribose sugar esterified with triphosphate on the sugar."" [GOC:go_curators, ISBN:0198506732]"	119	1705	33	21925	0.01935483870967742	0.2773109243697479	query_1	['GO:0009141']	16hr_60S_down	8.818320864893524
GO:BP	GO:0009205	purine ribonucleoside triphosphate metabolic process	1.5194245356474338e-09	True	"""The chemical reactions and pathways involving purine ribonucleoside triphosphate, a compound consisting of a purine base linked to a ribose sugar esterified with triphosphate on the sugar."" [GOC:go_curators, ISBN:0198506732]"	119	1705	33	21925	0.01935483870967742	0.2773109243697479	query_1	['GO:0009144', 'GO:0009199']	16hr_60S_down	8.818320864893524
GO:BP	GO:0009070	serine family amino acid biosynthetic process	1.6731090631157497e-09	True	"""The chemical reactions and pathways resulting in the formation of amino acids of the serine family, comprising cysteine, glycine, homoserine, selenocysteine and serine."" [GOC:ai]"	38	1705	18	21925	0.010557184750733138	0.47368421052631576	query_1	['GO:0009069', 'GO:1901607']	16hr_60S_down	8.776475748239319
GO:MF	GO:0044183	protein folding chaperone	1.893119271198858e-09	True	"""Binding to a protein or a protein-containing complex to assist the protein folding process."" [GOC:mtg_cambridge_2009]"	64	1846	24	22878	0.013001083423618635	0.375	query_1	['GO:0003674']	16hr_60S_down	8.722822023547163
GO:CC	GO:0012505	endomembrane system	2.2738991656731324e-09	True	"""A collection of membranous structures involved in transport within the cell. The main components of the endomembrane system are endoplasmic reticulum, Golgi bodies, vesicles, cell membrane and nuclear envelope. Members of the endomembrane system pass materials through each other or though the use of vesicles."" [GOC:lh]"	2364	1869	307	20029	0.164258962011771	0.12986463620981387	query_1	['GO:0110165']	16hr_60S_down	8.643228797679368
GO:BP	GO:0016043	cellular component organization	2.5412030549690464e-09	True	"""A process that results in the assembly, arrangement of constituent parts, or disassembly of a cellular component."" [GOC:ai, GOC:jl, GOC:mah]"	2502	1705	279	21925	0.16363636363636364	0.11151079136690648	query_1	['GO:0071840']	16hr_60S_down	8.59496063123879
GO:BP	GO:0010038	response to metal ion	2.9768098249678745e-09	True	"""Any process that results in a change in state or activity of a cell or an organism (in terms of movement, secretion, enzyme production, gene expression, etc.) as a result of a metal ion stimulus."" [GOC:sm]"	219	1705	47	21925	0.02756598240469208	0.2146118721461187	query_1	['GO:0042221']	16hr_60S_down	8.526248909594191
GO:BP	GO:0006720	isoprenoid metabolic process	3.4778390262351996e-09	True	"""The chemical reactions and pathways involving isoprenoid compounds, isoprene (2-methylbuta-1,3-diene) or compounds containing or derived from linked isoprene (3-methyl-2-butenylene) residues."" [ISBN:0198547684]"	220	1705	47	21925	0.02756598240469208	0.21363636363636362	query_1	['GO:0006629']	16hr_60S_down	8.458690523436145
GO:MF	GO:0016836	hydro-lyase activity	3.846191879586035e-09	True	"""Catalysis of the cleavage of a carbon-oxygen bond by elimination of water."" [EC:4.2.1.-]"	82	1846	27	22878	0.014626218851570965	0.32926829268292684	query_1	['GO:0016835']	16hr_60S_down	8.414969053387523
GO:BP	GO:0006633	fatty acid biosynthetic process	4.566177128164629e-09	True	"""The chemical reactions and pathways resulting in the formation of a fatty acid, any of the aliphatic monocarboxylic acids that can be liberated by hydrolysis from naturally occurring fats and oils. Fatty acids are predominantly straight-chain acids of 4 to 24 carbon atoms, which may be saturated or unsaturated; branched fatty acids and hydroxy fatty acids also occur, and very long chain acids of over 30 carbons are found in waxes."" [GOC:mah, ISBN:0198506732]"	171	1705	40	21925	0.02346041055718475	0.23391812865497075	query_1	['GO:0006631', 'GO:0008610', 'GO:0072330']	16hr_60S_down	8.340447245650768
GO:BP	GO:0009067	aspartate family amino acid biosynthetic process	5.696406572795502e-09	True	"""The chemical reactions and pathways resulting in the formation of amino acids of the aspartate family, comprising asparagine, aspartate, lysine, methionine and threonine."" [GOC:ai]"	45	1705	19	21925	0.011143695014662757	0.4222222222222222	query_1	['GO:0009066', 'GO:0170034', 'GO:0170038']	16hr_60S_down	8.244399021123284
KEGG	KEGG:00480	Glutathione metabolism	6.501152235199037e-09	True	Glutathione metabolism	103	865	43	5300	0.04971098265895954	0.4174757281553398	query_1	['KEGG:00000']	16hr_60S_down	8.187009664120065
GO:CC	GO:0005794	Golgi apparatus	8.740225637666789e-09	True	"""A membrane-bound cytoplasmic organelle of the endomembrane system that further processes the core oligosaccharides (e.g. N-glycans) added to proteins in the endoplasmic reticulum and packages them into membrane-bound vesicles. The Golgi apparatus operates at the intersection of the secretory, lysosomal, and endocytic pathways."" [ISBN:0198506732]"	1108	1869	164	20029	0.08774745853397539	0.148014440433213	query_1	['GO:0005737', 'GO:0012505', 'GO:0043231']	16hr_60S_down	8.058477355474443
GO:BP	GO:0019685	photosynthesis, dark reaction	8.81254260761427e-09	True	"""A complex cycle of enzyme-mediated reactions which catalyzes the reduction of carbon dioxide to sugar. As well as carbon dioxide the cycle requires reducing power in the form of reduced nicotinamide adenine dinucleotide phosphate (NADP) and chemical energy in the form of adenosine triphosphate (ATP). The reduced NADP (NADPH) and ATP are produced by the 'light' reactions."" [ISBN:0582015952]"	21	1705	13	21925	0.007624633431085044	0.6190476190476191	query_1	['GO:0015979', 'GO:0016051']	16hr_60S_down	8.054898770232372
GO:BP	GO:0019253	reductive pentose-phosphate cycle	8.81254260761427e-09	True	"""The fixation of carbon dioxide (CO2) as glucose in the chloroplasts of C3 plants; uses ATP and NADPH formed in the light reactions of photosynthesis; carbon dioxide reacts with ribulose 1,5-bisphosphate (catalyzed by the function of ribulose-bisphosphate carboxylase) to yield two molecules of 3-phosphoglycerate; these are then phosphorylated by ATP to 1,3-bisphosphateglyceraldehyde which, in turn, is then reduced by NADPH to glyceraldehyde 3-phosphate. The glyceraldehyde 3-phosphate is converted to fructose 5-phosphate and ribulose 5-phosphate by aldolase and other enzymes; the ribulose 5-phosphate is phosphorylated by ATP to ribulose 1,5-bisphosphate."" [ISBN:0198547684]"	21	1705	13	21925	0.007624633431085044	0.6190476190476191	query_1	['GO:0015977', 'GO:0019685']	16hr_60S_down	8.054898770232372
GO:BP	GO:0098869	cellular oxidant detoxification	9.465681330434988e-09	True	"""Any process carried out at the cellular level that reduces or removes the toxicity superoxide radicals or hydrogen peroxide."" [GOC:dos, GOC:vw]"	161	1705	38	21925	0.022287390029325515	0.2360248447204969	query_1	['GO:1990748']	16hr_60S_down	8.02384812048531
GO:BP	GO:0016117	carotenoid biosynthetic process	1.1469378940221776e-08	True	"""The chemical reactions and pathways resulting in the formation of carotenoids, tetraterpenoid compounds in which two units of 4 isoprenoid residues joined head-to-tail are themselves joined tail-to-tail."" [GOC:go_curators]"	33	1705	16	21925	0.0093841642228739	0.48484848484848486	query_1	['GO:0016109', 'GO:0016116', 'GO:0046148']	16hr_60S_down	7.940460098239721
GO:BP	GO:0016109	tetraterpenoid biosynthetic process	1.1469378940221776e-08	True	"""The chemical reactions and pathways resulting in the formation of tetraterpenoid compounds, terpenoids with eight isoprene units."" [GOC:go_curators]"	33	1705	16	21925	0.0093841642228739	0.48484848484848486	query_1	['GO:0016108', 'GO:0016114']	16hr_60S_down	7.940460098239721
GO:BP	GO:0006793	phosphorus metabolic process	1.1936105736363598e-08	True	"""The chemical reactions and pathways involving the nonmetallic element phosphorus or compounds that contain phosphorus."" [GOC:ai]"	2028	1705	232	21925	0.13607038123167156	0.11439842209072978	query_1	['GO:0008152']	16hr_60S_down	7.9231373426432015
GO:BP	GO:0006979	response to oxidative stress	1.5201826251077566e-08	True	"""Any process that results in a change in state or activity of a cell or an organism (in terms of movement, secretion, enzyme production, gene expression, etc.) as a result of oxidative stress, a state often resulting from exposure to high levels of reactive oxygen species, e.g. superoxide anions, hydrogen peroxide (H2O2), and hydroxyl radicals."" [GOC:jl, PMID:12115731]"	426	1705	71	21925	0.04164222873900293	0.16666666666666666	query_1	['GO:0006950']	16hr_60S_down	7.8181042355339905
GO:MF	GO:0015036	disulfide oxidoreductase activity	1.6158600820888773e-08	True	"""Catalysis of the reaction: substrate with reduced sulfide groups = substrate with oxidized disulfide bonds."" [GOC:curators]"	36	1846	17	22878	0.009209100758396533	0.4722222222222222	query_1	['GO:0016667']	16hr_60S_down	7.791596247650233
GO:BP	GO:0006796	phosphate-containing compound metabolic process	1.673295191954512e-08	True	"""The chemical reactions and pathways involving the phosphate group, the anion or salt of any phosphoric acid."" [GOC:ai]"	2025	1705	231	21925	0.13548387096774195	0.11407407407407408	query_1	['GO:0006793']	16hr_60S_down	7.776427436845046
GO:MF	GO:1901149	salicylic acid binding	1.7291609781351185e-08	True	"""Binding to salicylic acid."" [GOC:TermGenie, PMID:22699612]"	28	1846	15	22878	0.008125677139761646	0.5357142857142857	query_1	['GO:0033293']	16hr_60S_down	7.762164573723518
GO:BP	GO:0009081	branched-chain amino acid metabolic process	2.0122886063235874e-08	True	"""The chemical reactions and pathways involving amino acids containing a branched carbon skeleton, comprising isoleucine, leucine and valine."" [GOC:ai]"	48	1705	19	21925	0.011143695014662757	0.3958333333333333	query_1	['GO:0006520', 'GO:0019752']	16hr_60S_down	7.696309731794497
GO:BP	GO:0006563	L-serine metabolic process	2.2097765069728548e-08	True	"""The chemical reactions and pathways involving L-serine, the L-enantiomer of serine, i.e. (2S)-2-amino-3-hydroxypropanoic acid."" [GOC:ai, GOC:jsg]"	30	1705	15	21925	0.008797653958944282	0.5	query_1	['GO:0009069', 'GO:0170033', 'GO:0170039']	16hr_60S_down	7.655651647897061
GO:BP	GO:0006555	methionine metabolic process	2.2097765069728548e-08	True	"""The chemical reactions and pathways involving methionine (2-amino-4-(methylthio)butanoic acid), a sulfur-containing, essential amino acid found in peptide linkage in proteins."" [GOC:jl, ISBN:0198506732]"	30	1705	15	21925	0.008797653958944282	0.5	query_1	['GO:0000096', 'GO:0009066']	16hr_60S_down	7.655651647897061
GO:CC	GO:0010287	plastoglobule	2.2189731273922768e-08	True	"""A lipoprotein particle present in chloroplasts. They are rich in non-polar lipids (triglycerides, esters) as well as in prenylquinones, plastoquinone and tocopherols. Plastoglobules are often associated with thylakoid membranes, suggesting an exchange of lipids with thylakoids."" [GOC:tair_curators, PMID:16461379]"	62	1869	23	20029	0.012306046013911182	0.3709677419354839	query_1	['GO:0009570', 'GO:0110165']	16hr_60S_down	7.653847957207341
GO:MF	GO:0016903	oxidoreductase activity, acting on the aldehyde or oxo group of donors	2.6225878988517258e-08	True	"""Catalysis of an oxidation-reduction (redox) reaction in which an aldehyde or ketone (oxo) group acts as a hydrogen or electron donor and reduces a hydrogen or electron acceptor."" [GOC:ai]"	61	1846	22	22878	0.011917659804983749	0.36065573770491804	query_1	['GO:0016491']	16hr_60S_down	7.581269947044207
KEGG	KEGG:00030	Pentose phosphate pathway	2.6989259800561637e-08	True	Pentose phosphate pathway	58	865	29	5300	0.03352601156069364	0.5	query_1	['KEGG:00000']	16hr_60S_down	7.56880902611187
GO:BP	GO:0046034	ATP metabolic process	3.052461576459352e-08	True	"""The chemical reactions and pathways involving ATP, adenosine triphosphate, a universally important coenzyme and enzyme regulator."" [GOC:go_curators]"	113	1705	30	21925	0.017595307917888565	0.26548672566371684	query_1	['GO:0009150', 'GO:0009205']	16hr_60S_down	7.5153497941272915
GO:MF	GO:0005488	binding	3.1292741418783466e-08	True	"""The selective, non-covalent, often stoichiometric, interaction of a molecule with one or more specific sites on another molecule."" [GOC:ceb, GOC:mah, ISBN:0198506732]"	14966	1846	1324	22878	0.7172264355362947	0.08846719230255246	query_1	['GO:0003674']	16hr_60S_down	7.504556388566883
GO:MF	GO:0016209	antioxidant activity	3.1659285725577006e-08	True	"""Inhibition of the reactions brought about by dioxygen (O2) or peroxides. Usually the antioxidant is effective because it can itself be more easily oxidized than the substance protected. The term is often applied to components that can trap free radicals, thereby breaking the chain reaction that normally leads to extensive biological damage."" [ISBN:0198506732]"	153	1846	37	22878	0.020043336944745395	0.24183006535947713	query_1	['GO:0003674']	16hr_60S_down	7.49949888760821
GO:MF	GO:0016620	oxidoreductase activity, acting on the aldehyde or oxo group of donors, NAD or NADP as acceptor	3.212379786341901e-08	True	"""Catalysis of an oxidation-reduction (redox) reaction in which an aldehyde or ketone (oxo) group acts as a hydrogen or electron donor and reduces NAD or NADP."" [GOC:jl]"	42	1846	18	22878	0.009750812567713976	0.42857142857142855	query_1	['GO:0016903']	16hr_60S_down	7.493173115522195
GO:BP	GO:0098754	detoxification	3.440113158924924e-08	True	"""Any process that reduces or removes the toxicity of a toxic substance. These may include transport of the toxic substance away from sensitive areas and to compartments or complexes whose purpose is sequestration of the toxic substance."" [GOC:dos]"	275	1705	52	21925	0.030498533724340176	0.1890909090909091	query_1	['GO:0008150', 'GO:0009636']	16hr_60S_down	7.463427271530683
GO:BP	GO:0006549	isoleucine metabolic process	3.535279404387315e-08	True	"""The chemical reactions and pathways involving isoleucine, (2R*,3R*)-2-amino-3-methylpentanoic acid."" [GOC:ai]"	13	1705	10	21925	0.005865102639296188	0.7692307692307693	query_1	['GO:0009081', 'GO:1901605']	16hr_60S_down	7.451576256835
GO:BP	GO:0006526	L-arginine biosynthetic process	3.535279404387315e-08	True	"""The chemical reactions and pathways resulting in the formation of arginine, 2-amino-5-(carbamimidamido)pentanoic acid."" [ISBN:0198506732]"	13	1705	10	21925	0.005865102639296188	0.7692307692307693	query_1	['GO:0006525', 'GO:0009084']	16hr_60S_down	7.451576256835
GO:BP	GO:0009097	isoleucine biosynthetic process	3.535279404387315e-08	True	"""The chemical reactions and pathways resulting in the formation of isoleucine, (2R*,3R*)-2-amino-3-methylpentanoic acid."" [GOC:ai]"	13	1705	10	21925	0.005865102639296188	0.7692307692307693	query_1	['GO:0006549', 'GO:0009082', 'GO:1901607']	16hr_60S_down	7.451576256835
GO:BP	GO:0046686	response to cadmium ion	3.5402357494856414e-08	True	"""Any process that results in a change in state or activity of a cell or an organism (in terms of movement, secretion, enzyme production, gene expression, etc.) as a result of a cadmium (Cd) ion stimulus."" [GOC:ai]"	71	1705	23	21925	0.013489736070381233	0.323943661971831	query_1	['GO:0010038']	16hr_60S_down	7.4509678167053774
GO:BP	GO:0006099	tricarboxylic acid cycle	3.593907297480743e-08	True	"""A nearly universal metabolic pathway in which the acetyl group of acetyl coenzyme A is effectively oxidized to two CO2 and four pairs of electrons are transferred to coenzymes. The acetyl group combines with oxaloacetate to form citrate, which undergoes successive transformations to isocitrate, 2-oxoglutarate, succinyl-CoA, succinate, fumarate, malate, and oxaloacetate again, thus completing the cycle. In eukaryotes the tricarboxylic acid is confined to the mitochondria. See also glyoxylate cycle."" [ISBN:0198506732]"	60	1705	21	21925	0.012316715542521995	0.35	query_1	['GO:0009060', 'GO:0044238']	16hr_60S_down	7.444433129428439
GO:BP	GO:0005976	polysaccharide metabolic process	4.15390845523882e-08	True	"""The chemical reactions and pathways involving a polysaccharide, a polymer of many (typically more than 10) monosaccharide residues linked glycosidically."" [ISBN:0198547684]"	463	1705	74	21925	0.04340175953079179	0.15982721382289417	query_1	['GO:0005975', 'GO:0043170']	16hr_60S_down	7.38154307877413
GO:BP	GO:0006749	glutathione metabolic process	4.214002039721675e-08	True	"""The chemical reactions and pathways involving glutathione, the tripeptide glutamylcysteinylglycine, which acts as a coenzyme for some enzymes and as an antioxidant in the protection of sulfhydryl groups in enzymes and other proteins; it has a specific role in the reduction of hydrogen peroxide (H2O2) and oxidized ascorbate, and it participates in the gamma-glutamyl cycle."" [ISBN:0198506732]"	45	1705	18	21925	0.010557184750733138	0.4	query_1	['GO:0006575', 'GO:0006790', 'GO:0043603']	16hr_60S_down	7.375305258514427
GO:MF	GO:0016462	pyrophosphatase activity	4.598272915362178e-08	True	"""Catalysis of the hydrolysis of a pyrophosphate bond (diphosphate bond) between two phosphate groups."" [GOC:curators, https://en.wikipedia.org/wiki/Pyrophosphatase]"	913	1846	126	22878	0.06825568797399784	0.1380065717415115	query_1	['GO:0016818']	16hr_60S_down	7.337405256181485
GO:BP	GO:1901659	glycosyl compound biosynthetic process	4.9811216301276554e-08	True	"""The chemical reactions and pathways resulting in the formation of glycosyl compound."" [GOC:pr, GOC:TermGenie]"	61	1705	21	21925	0.012316715542521995	0.3442622950819672	query_1	['GO:1901137', 'GO:1901657']	16hr_60S_down	7.302672853439602
GO:BP	GO:0008299	isoprenoid biosynthetic process	5.459278477551994e-08	True	"""The chemical reactions and pathways resulting in the formation of an isoprenoid compound, isoprene (2-methylbuta-1,3-diene) or compounds containing or derived from linked isoprene (3-methyl-2-butenylene) residues."" [ISBN:0198506732]"	186	1705	40	21925	0.02346041055718475	0.21505376344086022	query_1	['GO:0006720', 'GO:0008610']	16hr_60S_down	7.26286475178682
GO:MF	GO:0016817	hydrolase activity, acting on acid anhydrides	6.115994991068563e-08	True	"""Catalysis of the hydrolysis of any acid anhydride."" [GOC:jl]"	927	1846	127	22878	0.06879739978331528	0.13700107874865156	query_1	['GO:0016787']	16hr_60S_down	7.2135328789418915
GO:CC	GO:0009543	chloroplast thylakoid lumen	7.357138937799883e-08	True	"""The cavity enclosed within the chloroplast thylakoid membrane. An example of this component is found in Arabidopsis thaliana."" [GOC:mtg_sensu, ISBN:0943088399]"	51	1869	20	20029	0.010700909577314071	0.39215686274509803	query_1	['GO:0009534', 'GO:0031978']	16hr_60S_down	7.133291042333189
GO:CC	GO:0031978	plastid thylakoid lumen	7.357138937799883e-08	True	"""The volume enclosed by a plastid thylakoid membrane."" [GOC:mah]"	51	1869	20	20029	0.010700909577314071	0.39215686274509803	query_1	['GO:0031976', 'GO:0031977']	16hr_60S_down	7.133291042333189
GO:CC	GO:0098791	Golgi apparatus subcompartment	7.357138937799883e-08	True	"""A compartment that consists of a lumen and an enclosing membrane, and is part of the Golgi apparatus."" [GOC:dos]"	365	1869	69	20029	0.03691813804173355	0.18904109589041096	query_1	['GO:0005794', 'GO:0031984']	16hr_60S_down	7.133291042333189
GO:BP	GO:0006098	pentose-phosphate shunt	7.433675265808875e-08	True	"""The metabolic process in which glucose-6-phosphate is oxidized to form carbon dioxide (CO2) and ribulose 5-phosphate, coupled to reduction of NADP+ to NADPH; ribulose 5-P then enters a series of reactions that can yield biosynthetic precursors (ribose-5-phosphate and erythrose-4-phosphate) and glycolytic intermediates (fructose-6-phosphate and glyceraldehyde-3-phosphate)."" [GOC:pde, ISBN:0198506732, MetaCyc:PENTOSE-P-PWY]"	24	1705	13	21925	0.007624633431085044	0.5416666666666666	query_1	['GO:0006740', 'GO:0051156']	16hr_60S_down	7.128796414634918
GO:BP	GO:0045454	cell redox homeostasis	7.433675265808875e-08	True	"""Any process that maintains the redox environment of a cell or compartment within a cell."" [GOC:ai, GOC:dph, GOC:tb]"	24	1705	13	21925	0.007624633431085044	0.5416666666666666	query_1	['GO:0019725']	16hr_60S_down	7.128796414634918
GO:MF	GO:0008483	transaminase activity	7.916070617129441e-08	True	"""Catalysis of the transfer of an amino group to an acceptor, usually a 2-oxo acid."" [EC:2.6.1.-]"	70	1846	23	22878	0.012459371614301192	0.32857142857142857	query_1	['GO:0016769']	16hr_60S_down	7.101490340224503
GO:MF	GO:0016818	hydrolase activity, acting on acid anhydrides, in phosphorus-containing anhydrides	7.963677325623327e-08	True	"""Catalysis of the hydrolysis of any acid anhydride which contains phosphorus."" [GOC:jl]"	922	1846	126	22878	0.06825568797399784	0.13665943600867678	query_1	['GO:0016817']	16hr_60S_down	7.098886345146415
GO:BP	GO:0043650	dicarboxylic acid biosynthetic process	8.182974995232073e-08	True	"""The chemical reactions and pathways resulting in the formation of dicarboxylic acids, any organic acid containing two carboxyl (-COOH) groups."" [ISBN:0198506732]"	37	1705	16	21925	0.0093841642228739	0.43243243243243246	query_1	['GO:0043648', 'GO:0046394']	16hr_60S_down	7.087088775898243
GO:MF	GO:0016831	carboxy-lyase activity	8.556103994350912e-08	True	"""Catalysis of the nonhydrolytic addition or removal of a carboxyl group to or from a compound."" [GOC:curators]"	76	1846	24	22878	0.013001083423618635	0.3157894736842105	query_1	['GO:0016830']	16hr_60S_down	7.067723945477523
GO:CC	GO:0005576	extracellular region	9.364460798666588e-08	True	"""The space external to the outermost structure of a cell. For cells without external protective or external encapsulating structures this refers to space outside of the plasma membrane. This term covers the host cell environment outside an intracellular parasite."" [GOC:go_curators]"	1772	1869	234	20029	0.12520064205457465	0.13205417607223477	query_1	['GO:0110165']	16hr_60S_down	7.02851722404479
GO:MF	GO:0017111	ribonucleoside triphosphate phosphatase activity	9.972867176951072e-08	True	"""Catalysis of the reaction: a ribonucleoside triphosphate + H2O = a ribonucleoside diphosphate + H+ + phosphate."" [RHEA:23680]"	850	1846	118	22878	0.06392199349945829	0.1388235294117647	query_1	['GO:0016462']	16hr_60S_down	7.001179965046885
GO:BP	GO:0006739	NADP metabolic process	1.0687492508938143e-07	True	"""The chemical reactions and pathways involving nicotinamide adenine dinucleotide phosphate (NADP+), a coenzyme that interconverts with its reduced form, NADPH, in many redox and biosynthetic reactions."" [GOC:mah]"	33	1705	15	21925	0.008797653958944282	0.45454545454545453	query_1	['GO:0006163', 'GO:0046496']	16hr_60S_down	6.971124176668727
KEGG	KEGG:00220	Arginine biosynthesis	1.1577550442269241e-07	True	Arginine biosynthesis	36	865	21	5300	0.024277456647398842	0.5833333333333334	query_1	['KEGG:00000']	16hr_60S_down	6.9363833181508285
GO:CC	GO:0005802	trans-Golgi network	1.1920366984750284e-07	True	"""The network of interconnected tubular and cisternal structures located within the Golgi apparatus on the side distal to the endoplasmic reticulum, from which secretory vesicles emerge. The trans-Golgi network is important in the later stages of protein secretion where it is thought to play a key role in the sorting and targeting of secreted proteins to the correct destination."" [GOC:vw, ISBN:0815316194]"	268	1869	55	20029	0.029427501337613696	0.20522388059701493	query_1	['GO:0098791']	16hr_60S_down	6.923710374042208
KEGG	KEGG:00270	Cysteine and methionine metabolism	1.208238066691644e-07	True	Cysteine and methionine metabolism	124	865	46	5300	0.05317919075144509	0.3709677419354839	query_1	['KEGG:00000']	16hr_60S_down	6.917847485529502
GO:MF	GO:0016810	hydrolase activity, acting on carbon-nitrogen (but not peptide) bonds	1.221277812191956e-07	True	"""Catalysis of the hydrolysis of any carbon-nitrogen bond, C-N, with the exception of peptide bonds."" [EC:3.5.-.-]"	127	1846	32	22878	0.01733477789815818	0.25196850393700787	query_1	['GO:0016787']	16hr_60S_down	6.913185532960817
GO:BP	GO:0044042	glucan metabolic process	1.2585220127555183e-07	True	"""The chemical reactions and pathways involving glucans, polysaccharides consisting only of glucose residues."" [GOC:jl]"	222	1705	44	21925	0.025806451612903226	0.1981981981981982	query_1	['GO:0005976']	16hr_60S_down	6.900139183822694
GO:MF	GO:0000287	magnesium ion binding	1.3351764176555443e-07	True	"""Binding to a magnesium (Mg) ion."" [GOC:ai]"	141	1846	34	22878	0.018418201516793065	0.24113475177304963	query_1	['GO:0046872']	16hr_60S_down	6.874461346919368
GO:MF	GO:0016769	transferase activity, transferring nitrogenous groups	1.3351764176555443e-07	True	"""Catalysis of the transfer of a nitrogenous group from one compound (donor) to another (acceptor)."" [GOC:jl, ISBN:0198506732]"	72	1846	23	22878	0.012459371614301192	0.3194444444444444	query_1	['GO:0016740']	16hr_60S_down	6.874461346919368
GO:BP	GO:0009225	nucleotide-sugar metabolic process	1.3605426095505334e-07	True	"""The cellular chemical reactions and pathways involving nucleotide-sugars, any nucleotide-carbohydrate in which the distal phosphoric residue of a nucleoside 5'-diphosphate is in glycosidic linkage with a monosaccharide or monosaccharide derivative."" [ISBN:0198506732]"	48	1705	18	21925	0.010557184750733138	0.375	query_1	['GO:0006753', 'GO:1901135']	16hr_60S_down	6.866287852412046
GO:BP	GO:0006740	NADPH regeneration	1.3934317233332734e-07	True	"""A metabolic process that generates a pool of NADPH by the reduction of NADP+."" [GOC:mah]"	25	1705	13	21925	0.007624633431085044	0.52	query_1	['GO:0006091', 'GO:0006739']	16hr_60S_down	6.855914306395279
GO:BP	GO:0009408	response to heat	1.499044029608779e-07	True	"""Any process that results in a change in state or activity of a cell or an organism (in terms of movement, secretion, enzyme production, gene expression, etc.) as a result of a heat stimulus, a temperature stimulus above the optimal temperature for that organism."" [GOC:lr]"	255	1705	48	21925	0.0281524926686217	0.18823529411764706	query_1	['GO:0006950', 'GO:0009266']	16hr_60S_down	6.824185610957385
GO:BP	GO:0046395	carboxylic acid catabolic process	1.597251967112476e-07	True	"""The chemical reactions and pathways resulting in the breakdown of carboxylic acids, any organic acid containing one or more carboxyl (-COOH) groups."" [ISBN:0198506732]"	128	1705	31	21925	0.01818181818181818	0.2421875	query_1	['GO:0016054', 'GO:0019752']	16hr_60S_down	6.796626568335552
GO:BP	GO:0016054	organic acid catabolic process	1.597251967112476e-07	True	"""The chemical reactions and pathways resulting in the breakdown of organic acids, any acidic compound containing carbon in covalent linkage."" [ISBN:0198506732]"	128	1705	31	21925	0.01818181818181818	0.2421875	query_1	['GO:0006082', 'GO:0044282']	16hr_60S_down	6.796626568335552
GO:BP	GO:1901657	glycosyl compound metabolic process	1.943054694296071e-07	True	"""The chemical reactions and pathways involving glycosyl compound."" [GOC:pr, GOC:TermGenie]"	143	1705	33	21925	0.01935483870967742	0.23076923076923078	query_1	['GO:1901135']	16hr_60S_down	6.711514974440537
KEGG	KEGG:00290	Valine, leucine and isoleucine biosynthesis	2.5715629740250637e-07	True	Valine, leucine and isoleucine biosynthesis	21	865	15	5300	0.017341040462427744	0.7142857142857143	query_1	['KEGG:00000']	16hr_60S_down	6.589802835940708
GO:BP	GO:0018193	peptidyl-amino acid modification	2.6956938967739417e-07	True	"""The alteration of an amino acid residue in a peptide."" [GOC:mah]"	117	1705	29	21925	0.017008797653958945	0.24786324786324787	query_1	['GO:0036211']	16hr_60S_down	6.569329424632812
GO:BP	GO:0019761	glucosinolate biosynthetic process	2.752953872413649e-07	True	"""The chemical reactions and pathways resulting in the formation of glucosinolates, substituted thioglucosides found in rapeseed products and related cruciferae."" [GOC:ai]"	50	1705	18	21925	0.010557184750733138	0.36	query_1	['GO:0016144', 'GO:0019760']	16hr_60S_down	6.560201065440686
GO:BP	GO:0016144	S-glycoside biosynthetic process	2.752953872413649e-07	True	"""The chemical reactions and pathways resulting in the formation of S-glycosides, any compound in which a glycosyl group has been substituted into a thiol group."" [ISBN:0198506732]"	50	1705	18	21925	0.010557184750733138	0.36	query_1	['GO:0016143', 'GO:0044272', 'GO:1901659']	16hr_60S_down	6.560201065440686
GO:BP	GO:0009098	L-leucine biosynthetic process	2.794066322703231e-07	True	"""The chemical reactions and pathways resulting in the formation of L-leucine, 2-amino-4-methylpentanoic acid."" [GOC:ai]"	15	1705	10	21925	0.005865102639296188	0.6666666666666666	query_1	['GO:0006551', 'GO:0009079', 'GO:0009082']	16hr_60S_down	6.5537632892589945
GO:BP	GO:0006544	glycine metabolic process	2.794066322703231e-07	True	"""The chemical reactions and pathways involving glycine, aminoethanoic acid."" [GOC:go_curators]"	15	1705	10	21925	0.005865102639296188	0.6666666666666666	query_1	['GO:0009069', 'GO:0170039']	16hr_60S_down	6.5537632892589945
GO:BP	GO:0006066	alcohol metabolic process	3.233220984603817e-07	True	"""The chemical reactions and pathways involving alcohols, any of a class of compounds containing one or more hydroxyl groups attached to a saturated carbon atom."" [ISBN:0198506732]"	146	1705	33	21925	0.01935483870967742	0.22602739726027396	query_1	['GO:0044281']	16hr_60S_down	6.4903646111588795
GO:BP	GO:0044085	cellular component biogenesis	4.3375428602374616e-07	True	"""A process that results in the biosynthesis of constituent macromolecules, assembly, and arrangement of constituent parts of a cellular component. Includes biosynthesis of constituent macromolecules, and those macromolecular modifications that are involved in synthesis or assembly of the cellular component."" [GOC:jl, GOC:mah]"	1115	1705	138	21925	0.08093841642228738	0.12376681614349776	query_1	['GO:0071840']	16hr_60S_down	6.362756220818325
GO:BP	GO:0043603	amide metabolic process	5.146108527785638e-07	True	"""The chemical reactions and pathways involving an amide, any derivative of an oxoacid in which an acidic hydroxy group has been replaced by an amino or substituted amino group, as carried out by individual cells."" [GOC:curators]"	156	1705	34	21925	0.01994134897360704	0.21794871794871795	query_1	['GO:0008152']	16hr_60S_down	6.28852105906593
GO:BP	GO:0009165	nucleotide biosynthetic process	6.679491599982509e-07	True	"""The chemical reactions and pathways resulting in the formation of nucleotides, any nucleoside that is esterified with (ortho)phosphate or an oligophosphate at any hydroxyl group on the glycose moiety; may be mono-, di- or triphosphate; this definition includes cyclic-nucleotides (nucleoside cyclic phosphates)."" [GOC:go_curators]"	143	1705	32	21925	0.0187683284457478	0.22377622377622378	query_1	['GO:0009117', 'GO:1901293']	16hr_60S_down	6.175256591974266
GO:BP	GO:0019682	glyceraldehyde-3-phosphate metabolic process	6.730572134796945e-07	True	"""The chemical reactions and pathways involving glyceraldehyde-3-phosphate, an important intermediate in glycolysis."" [GOC:ai, ISBN:0198506732]"	16	1705	10	21925	0.005865102639296188	0.625	query_1	['GO:0006081', 'GO:0006796', 'GO:0019637', 'GO:1901135']	16hr_60S_down	6.1719480168422844
GO:BP	GO:0051156	glucose 6-phosphate metabolic process	7.349967762788448e-07	True	"""The chemical reactions and pathways involving glucose 6-phosphate, a monophosphorylated derivative of glucose with the phosphate group attached to C-6."" [GOC:ai]"	28	1705	13	21925	0.007624633431085044	0.4642857142857143	query_1	['GO:0006796', 'GO:0019637', 'GO:1901135']	16hr_60S_down	6.133714565742172
GO:MF	GO:0016740	transferase activity	8.158571827173108e-07	True	"""Catalysis of the transfer of a group, e.g. a methyl group, glycosyl group, acyl group, phosphorus-containing, or other groups, from one compound (generally regarded as the donor) to another compound (generally regarded as the acceptor). Transferase is the systematic name for any enzyme of EC class 2."" [EC:2.-.-.-]"	3963	1846	407	22878	0.22047670639219935	0.10269997476659097	query_1	['GO:0003824']	16hr_60S_down	6.088385858631248
GO:BP	GO:0032544	plastid translation	8.634593755675184e-07	True	"""The chemical reactions and pathways resulting in the formation of a protein in a plastid. This is a ribosome-mediated process in which the information in messenger RNA (mRNA) is used to specify the sequence of amino acids in the protein; the plastid has its own ribosomes and transfer RNAs, and uses a genetic code that differs from the nuclear code."" [GOC:go_curators]"	20	1705	11	21925	0.0064516129032258064	0.55	query_1	['GO:0006412', 'GO:0009657']	16hr_60S_down	6.06375809050172
KEGG	KEGG:00620	Pyruvate metabolism	9.206028097202559e-07	True	Pyruvate metabolism	96	865	37	5300	0.04277456647398844	0.3854166666666667	query_1	['KEGG:00000']	16hr_60S_down	6.035927703954166
GO:MF	GO:0008187	poly-pyrimidine tract binding	9.31711217050804e-07	True	"""Binding to a stretch of pyrimidines (cytosine or uracil) in an RNA molecule."" [GOC:jl]"	19	1846	11	22878	0.005958829902491874	0.5789473684210527	query_1	['GO:0003727']	16hr_60S_down	6.030718675924675
GO:MF	GO:0008266	poly(U) RNA binding	9.31711217050804e-07	True	"""Binding to a sequence of uracil residues in an RNA molecule."" [GOC:mah]"	19	1846	11	22878	0.005958829902491874	0.5789473684210527	query_1	['GO:0008187']	16hr_60S_down	6.030718675924675
KEGG	KEGG:00860	Porphyrin metabolism	1.0708633157884502e-06	True	Porphyrin metabolism	53	865	25	5300	0.028901734104046242	0.4716981132075472	query_1	['KEGG:00000']	16hr_60S_down	5.970265958661224
GO:BP	GO:0048316	seed development	1.1162412958394691e-06	True	"""The process whose specific outcome is the progression of the seed over time, from its formation to the mature structure. A seed is a propagating organ formed in the sexual reproductive cycle of gymnosperms and angiosperms, consisting of a protective coat enclosing an embryo and food reserves."" [GOC:jid, PO:0009010]"	624	1705	87	21925	0.05102639296187683	0.13942307692307693	query_1	['GO:0009791', 'GO:0010154', 'GO:0048608']	16hr_60S_down	5.952241914606086
GO:MF	GO:0050661	NADP binding	1.1500644363647683e-06	True	"""Binding to nicotinamide-adenine dinucleotide phosphate, a coenzyme involved in many redox and biosynthetic reactions; binding may be to either the oxidized form, NADP+, or the reduced form, NADPH."" [GOC:ai]"	74	1846	22	22878	0.011917659804983749	0.2972972972972973	query_1	['GO:0030554']	16hr_60S_down	5.9392778261040595
GO:BP	GO:0019760	glucosinolate metabolic process	1.3885397246242913e-06	True	"""The chemical reactions and pathways involving glucosinolates, substituted thioglucosides found in rapeseed products and related cruciferae. They are metabolized to a variety of toxic products which are most likely the cause of hepatocytic necrosis in animals and humans."" [GOC:curators]"	105	1705	26	21925	0.015249266862170088	0.24761904761904763	query_1	['GO:0016143', 'GO:0043436']	16hr_60S_down	5.8574416910391545
GO:BP	GO:0016143	S-glycoside metabolic process	1.3885397246242913e-06	True	"""The chemical reactions and pathways involving S-glycosides, any compound in which a glycosyl group has been substituted into a thiol group."" [ISBN:0198506732]"	105	1705	26	21925	0.015249266862170088	0.24761904761904763	query_1	['GO:0006790', 'GO:1901657']	16hr_60S_down	5.8574416910391545
GO:BP	GO:0009086	methionine biosynthetic process	1.4983750294729962e-06	True	"""The chemical reactions and pathways resulting in the formation of methionine (2-amino-4-(methylthio)butanoic acid), a sulfur-containing, essential amino acid found in peptide linkage in proteins."" [GOC:jl, ISBN:0198506732]"	25	1705	12	21925	0.007038123167155425	0.48	query_1	['GO:0000097', 'GO:0006555', 'GO:0009067']	16hr_60S_down	5.824379473121106
GO:MF	GO:0016774	phosphotransferase activity, carboxyl group as acceptor	1.804663976555224e-06	True	"""Catalysis of the transfer of a phosphorus-containing group from one compound (donor) to a carboxyl group (acceptor)."" [EC:2.7.2.-]"	13	1846	9	22878	0.004875406283856988	0.6923076923076923	query_1	['GO:0016772']	16hr_60S_down	5.743603650663135
GO:BP	GO:0009051	pentose-phosphate shunt, oxidative branch	2.009475503671107e-06	True	"""The branch of the pentose-phosphate shunt which involves the oxidation of glucose 6-P and produces ribulose 5-P, reduced NADP+ and carbon dioxide (CO2)."" [ISBN:0198506732, MetaCyc:OXIDATIVEPENT-PWY]"	8	1705	7	21925	0.004105571847507331	0.875	query_1	['GO:0006098', 'GO:0006740', 'GO:1901135']	16hr_60S_down	5.696917283667173
GO:MF	GO:0140662	ATP-dependent protein folding chaperone	2.148552563397269e-06	True	"""Binding to a protein or a protein-containing complex to assist the protein folding process, driven by ATP hydrolysis."" [PMID:27365453]"	48	1846	17	22878	0.009209100758396533	0.3541666666666667	query_1	['GO:0044183', 'GO:0140657']	16hr_60S_down	5.667854017025857
GO:BP	GO:0010154	fruit development	2.377260963019455e-06	True	"""The process whose specific outcome is the progression of the fruit over time, from its formation to the mature structure. The fruit is a reproductive body of a seed plant."" [GOC:sm]"	664	1705	90	21925	0.05278592375366569	0.1355421686746988	query_1	['GO:0048608']	16hr_60S_down	5.623923141124803
GO:MF	GO:0043177	organic acid binding	2.4592986176875484e-06	True	"""Binding to an organic acid, any acidic compound containing carbon in covalent linkage."" [GOC:jl, ISBN:0198506732]"	96	1846	25	22878	0.013542795232936078	0.2604166666666667	query_1	['GO:0036094']	16hr_60S_down	5.609188734319449
GO:MF	GO:0031406	carboxylic acid binding	2.4592986176875484e-06	True	"""Binding to a carboxylic acid, an organic acid containing one or more carboxyl (COOH) groups or anions (COO-)."" [GOC:mah, ISBN:0198506732]"	96	1846	25	22878	0.013542795232936078	0.2604166666666667	query_1	['GO:0043168', 'GO:0043177']	16hr_60S_down	5.609188734319449
GO:BP	GO:0009793	embryo development ending in seed dormancy	2.5276283339595654e-06	True	"""The process whose specific outcome is the progression of the embryo over time, from zygote formation to the end of seed dormancy. An example of this process is found in Arabidopsis thaliana."" [GOC:go_curators, GOC:mtg_sensu]"	411	1705	63	21925	0.03695014662756598	0.15328467153284672	query_1	['GO:0003006', 'GO:0009790', 'GO:0048316']	16hr_60S_down	5.5972867849691825
GO:BP	GO:0009123	nucleoside monophosphate metabolic process	2.5945867559646016e-06	True	"""The chemical reactions and pathways involving a nucleoside monophosphate, a compound consisting of a nucleobase linked to a deoxyribose or ribose sugar esterified with phosphate on the sugar."" [GOC:go_curators, ISBN:0198506732]"	69	1705	20	21925	0.011730205278592375	0.2898550724637681	query_1	['GO:0006753']	16hr_60S_down	5.58593180309325
GO:BP	GO:0009423	chorismate biosynthetic process	2.707115766306884e-06	True	"""The chemical reactions and pathways resulting in the formation of the unsymmetrical ether derived from phosphoenolpyruvate and 5-phosphoshikimic acid formed as an intermediate in the biosynthesis of aromatic amino acids and many other compounds."" [GOC:sm, ISBN:0198547684]"	11	1705	8	21925	0.00469208211143695	0.7272727272727273	query_1	['GO:0043650', 'GO:0046417']	16hr_60S_down	5.567493171790171
GO:BP	GO:0019288	isopentenyl diphosphate biosynthetic process, methylerythritol 4-phosphate pathway	2.707115766306884e-06	True	"""The chemical reactions and pathways resulting in the formation of isopentenyl diphosphate by the mevalonate-independent pathway. Isopentenyl diphosphate (IPP) is the fundamental unit in isoprenoid biosynthesis and is biosynthesized from pyruvate and glyceraldehyde 3-phosphate via intermediates, including 1-deoxy-D-xylulose 5-phosphate."" [GOC:go_curators, MetaCyc:NONMEVIPP-PWY, PMID:18948055]"	11	1705	8	21925	0.00469208211143695	0.7272727272727273	query_1	['GO:0009240', 'GO:0019682']	16hr_60S_down	5.567493171790171
GO:MF	GO:0004364	glutathione transferase activity	2.847060613444029e-06	True	"""Catalysis of the reaction: R-X + glutathione = H-X + R-S-glutathione. R may be an aliphatic, aromatic or heterocyclic group; X may be a sulfate, nitrile or halide group."" [EC:2.5.1.18]"	60	1846	19	22878	0.010292524377031419	0.31666666666666665	query_1	['GO:0016765']	16hr_60S_down	5.545603286697776
GO:BP	GO:0006534	cysteine metabolic process	3.036386054433595e-06	True	"""The chemical reactions and pathways involving cysteine, 2-amino-3-mercaptopropanoic acid."" [GOC:go_curators]"	31	1705	13	21925	0.007624633431085044	0.41935483870967744	query_1	['GO:0000096', 'GO:1901605']	16hr_60S_down	5.517643011876915
GO:BP	GO:0006541	glutamine metabolic process	3.106284400883991e-06	True	"""The chemical reactions and pathways involving glutamine, 2-amino-4-carbamoylbutanoic acid."" [GOC:ai]"	52	1705	17	21925	0.00997067448680352	0.3269230769230769	query_1	['GO:0009064']	16hr_60S_down	5.507758784254548
GO:BP	GO:0042435	indole-containing compound biosynthetic process	3.324976653726286e-06	True	"""The chemical reactions and pathways resulting in the formation of compounds that contain an indole (2,3-benzopyrrole) skeleton."" [GOC:jl]"	58	1705	18	21925	0.010557184750733138	0.3103448275862069	query_1	['GO:0009058', 'GO:0042430']	16hr_60S_down	5.478211399742364
GO:BP	GO:0042430	indole-containing compound metabolic process	3.5255640732949773e-06	True	"""The chemical reactions and pathways involving compounds that contain an indole (2,3-benzopyrrole) skeleton."" [GOC:jl, GOC:mah]"	83	1705	22	21925	0.012903225806451613	0.26506024096385544	query_1	['GO:0008152']	16hr_60S_down	5.452771388085057
GO:BP	GO:0009057	macromolecule catabolic process	3.6093031220973736e-06	True	"""The chemical reactions and pathways resulting in the breakdown of a macromolecule, any molecule of high relative molecular mass, the structure of which essentially comprises the multiple repetition of units derived, actually or conceptually, from molecules of low relative molecular mass."" [GOC:mah]"	632	1705	86	21925	0.05043988269794721	0.1360759493670886	query_1	['GO:0009056', 'GO:0043170']	16hr_60S_down	5.442576642815499
GO:MF	GO:0004124	cysteine synthase activity	3.632106565941516e-06	True	"""Catalysis of the reaction: O3-acetyl-L-serine + hydrogen sulfide = L-cysteine + acetate."" [EC:2.5.1.47]"	8	1846	7	22878	0.003791982665222102	0.875	query_1	['GO:0016765']	16hr_60S_down	5.439841417771709
GO:MF	GO:0033293	monocarboxylic acid binding	3.7127780956795865e-06	True	"""Binding to a monocarboxylic acid, any organic acid containing one carboxyl (COOH) group or anion (COO-)."" [GOC:mah]"	61	1846	19	22878	0.010292524377031419	0.3114754098360656	query_1	['GO:0031406']	16hr_60S_down	5.43030100679371
GO:MF	GO:0019843	rRNA binding	4.051096890790576e-06	True	"""Binding to a ribosomal RNA."" [GOC:jl]"	112	1846	27	22878	0.014626218851570965	0.24107142857142858	query_1	['GO:0003723']	16hr_60S_down	5.392427369595359
GO:MF	GO:1901681	sulfur compound binding	4.051096890790576e-06	True	"""Binding to a sulfur compound."" [GOC:pr, GOC:TermGenie]"	30	1846	13	22878	0.007042253521126761	0.43333333333333335	query_1	['GO:0005488']	16hr_60S_down	5.392427369595359
GO:BP	GO:0005982	starch metabolic process	4.168630520649719e-06	True	"""The chemical reactions and pathways involving starch, the most important reserve polysaccharide in plants. It is a glucan consisting of two components, amylose and amylopectin, which are both glucose homopolymers. Starch is synthesized as a temporary storage form of carbon and can be catabolized to produce sucrose."" [ISBN:0198506732]"	71	1705	20	21925	0.011730205278592375	0.28169014084507044	query_1	['GO:0044042']	16hr_60S_down	5.380006596107564
GO:CC	GO:0031985	Golgi cisterna	4.410255913065129e-06	True	"""Any of the thin, flattened membrane-bounded compartments that form the central portion of the Golgi complex."" [GOC:mah]"	203	1869	42	20029	0.02247191011235955	0.20689655172413793	query_1	['GO:0005795', 'GO:0098791']	16hr_60S_down	5.355536209079243
GO:BP	GO:1901259	chloroplast rRNA processing	4.8749827258116895e-06	True	"""Any rRNA processing that takes place in chloroplast."" [GOC:TermGenie]"	15	1705	9	21925	0.005278592375366569	0.6	query_1	['GO:0006364']	16hr_60S_down	5.312026918857333
GO:BP	GO:0006782	protoporphyrinogen IX biosynthetic process	4.8749827258116895e-06	True	"""The chemical reactions and pathways resulting in the formation of protoporphyrinogen IX."" [GOC:go_curators]"	15	1705	9	21925	0.005278592375366569	0.6	query_1	['GO:0006779', 'GO:0006783', 'GO:0046501']	16hr_60S_down	5.312026918857333
GO:BP	GO:0046501	protoporphyrinogen IX metabolic process	4.8749827258116895e-06	True	"""The chemical reactions and pathways involving protoporphyrinogen IX, the specific substrate for the enzyme ferrochelatase, which catalyzes the insertion of iron to form protoheme. It is probably also the substrate for chlorophyll formation."" [ISBN:0198506732]"	15	1705	9	21925	0.005278592375366569	0.6	query_1	['GO:0006778']	16hr_60S_down	5.312026918857333
GO:MF	GO:0016868	intramolecular phosphotransferase activity	4.9004424246836965e-06	True	"""Catalysis of the transfer of a phosphate group from one position to another within a single molecule."" [GOC:mah]"	11	1846	8	22878	0.004333694474539545	0.7272727272727273	query_1	['GO:0016866']	16hr_60S_down	5.309764708966393
GO:MF	GO:0003723	RNA binding	4.938133697847051e-06	True	"""Binding to an RNA molecule or a portion thereof."" [GOC:jl, GOC:mah]"	2517	1846	271	22878	0.14680390032502708	0.10766785856177989	query_1	['GO:0003676']	16hr_60S_down	5.3064371559085055
GO:BP	GO:0006551	L-leucine metabolic process	4.990703328853991e-06	True	"""The chemical reactions and pathways involving L-leucine, 2-amino-4-methylpentanoic acid."" [GOC:ai]"	23	1705	11	21925	0.0064516129032258064	0.4782608695652174	query_1	['GO:0009078', 'GO:0009081']	16hr_60S_down	5.301838245896468
GO:BP	GO:0009161	ribonucleoside monophosphate metabolic process	4.990703328853991e-06	True	"""The chemical reactions and pathways involving a ribonucleoside monophosphate, a compound consisting of a nucleobase linked to a ribose sugar esterified with phosphate on the sugar."" [GOC:go_curators, ISBN:0198506732]"	48	1705	16	21925	0.0093841642228739	0.3333333333333333	query_1	['GO:0009123']	16hr_60S_down	5.301838245896468
GO:BP	GO:0006721	terpenoid metabolic process	5.573636064768141e-06	True	"""The chemical reactions and pathways involving terpenoids, any member of a class of compounds characterized by an isoprenoid chemical structure and including derivatives with various functional groups."" [ISBN:0198506732]"	188	1705	36	21925	0.021114369501466276	0.19148936170212766	query_1	['GO:0006720']	16hr_60S_down	5.253861392318628
GO:MF	GO:0016741	transferase activity, transferring one-carbon groups	5.845871928801604e-06	True	"""Catalysis of the transfer of a one-carbon group from one compound (donor) to another (acceptor)."" [GOC:jl, ISBN:0198506732]"	394	1846	62	22878	0.03358613217768147	0.15736040609137056	query_1	['GO:0016740']	16hr_60S_down	5.233150703385701
GO:BP	GO:0019748	secondary metabolic process	5.9428175763703435e-06	True	"""The chemical reactions and pathways resulting in many of the chemical changes of compounds that are not necessarily required for growth and maintenance of cells, and are often unique to a taxon. In multicellular organisms secondary metabolism is generally carried out in specific cell types, and may be useful for the organism as a whole. In unicellular organisms, secondary metabolism is often used for the production of antibiotics or for the utilization and acquisition of unusual nutrients."" [GOC:go_curators]"	271	1705	46	21925	0.026979472140762465	0.16974169741697417	query_1	['GO:0008152']	16hr_60S_down	5.226007600852625
GO:CC	GO:0005795	Golgi stack	6.439095076498072e-06	True	"""The set of thin, flattened membrane-bounded compartments, called cisternae, that form the central portion of the Golgi complex. The stack usually comprises cis, medial, and trans cisternae; the cis- and trans-Golgi networks are not considered part of the stack."" [GOC:mah, ISBN:0815316194]"	213	1869	43	20029	0.023006955591225255	0.20187793427230047	query_1	['GO:0098791']	16hr_60S_down	5.191175162282681
GO:BP	GO:0000413	protein peptidyl-prolyl isomerization	6.808543562325063e-06	True	"""The modification of a protein by cis-trans isomerization of a proline residue."" [GOC:krc, PMID:16959570]"	33	1705	13	21925	0.007624633431085044	0.3939393939393939	query_1	['GO:0018208']	16hr_60S_down	5.1669457794959
GO:BP	GO:0006417	regulation of translation	6.851033471824147e-06	True	"""Any process that modulates the frequency, rate or extent of the chemical reactions and pathways resulting in the formation of proteins by the translation of mRNA or circRNA."" [GOC:isa_complete]"	121	1705	27	21925	0.015835777126099706	0.2231404958677686	query_1	['GO:0006412', 'GO:0010608', 'GO:0051246']	16hr_60S_down	5.164243910660004
GO:BP	GO:0009099	L-valine biosynthetic process	7.558246174148644e-06	True	"""The chemical reactions and pathways resulting in the formation of valine, 2-amino-3-methylbutanoic acid."" [GOC:ai]"	9	1705	7	21925	0.004105571847507331	0.7777777777777778	query_1	['GO:0006573', 'GO:0009079', 'GO:0009082']	16hr_60S_down	5.121578967098384
GO:CC	GO:0005759	mitochondrial matrix	7.748148230189653e-06	True	"""The gel-like material, with considerable fine structure, that lies in the matrix space, or lumen, of a mitochondrion. It contains the enzymes of the tricarboxylic acid cycle and, in some organisms, the enzymes concerned with fatty acid oxidation."" [GOC:as, ISBN:0198506732]"	113	1869	28	20029	0.0149812734082397	0.24778761061946902	query_1	['GO:0005739', 'GO:0070013']	16hr_60S_down	5.11080207936521
GO:BP	GO:0009156	ribonucleoside monophosphate biosynthetic process	8.082579939441545e-06	True	"""The chemical reactions and pathways resulting in the formation of a ribonucleoside monophosphate, a compound consisting of a nucleobase linked to a ribose sugar esterified with phosphate on the sugar."" [GOC:go_curators, ISBN:0198506732]"	44	1705	15	21925	0.008797653958944282	0.3409090909090909	query_1	['GO:0009124', 'GO:0009161']	16hr_60S_down	5.092449991376268
KEGG	KEGG:00520	Amino sugar and nucleotide sugar metabolism	8.573500475705543e-06	True	Amino sugar and nucleotide sugar metabolism	133	865	44	5300	0.05086705202312139	0.3308270676691729	query_1	['KEGG:00000']	16hr_60S_down	5.066841823713703
GO:MF	GO:0051536	iron-sulfur cluster binding	9.131505010746886e-06	True	"""Binding to an iron-sulfur cluster, a combination of iron and sulfur atoms."" [GOC:ai]"	138	1846	30	22878	0.016251354279523293	0.21739130434782608	query_1	['GO:0051540']	16hr_60S_down	5.039457638238259
GO:MF	GO:0051540	metal cluster binding	9.131505010746886e-06	True	"""Binding to a cluster of atoms including both metal ions and nonmetal atoms, usually sulfur and oxygen. Examples include iron-sulfur clusters and nickel-iron-sulfur clusters."" [GOC:jsg]"	138	1846	30	22878	0.016251354279523293	0.21739130434782608	query_1	['GO:0036094']	16hr_60S_down	5.039457638238259
GO:MF	GO:0016846	carbon-sulfur lyase activity	9.292472114300074e-06	True	"""Catalysis of the elimination of hydrogen sulfide or substituted H2S."" [EC:4.4.-.-]"	32	1846	13	22878	0.007042253521126761	0.40625	query_1	['GO:0016829']	16hr_60S_down	5.031868733500869
GO:MF	GO:0004176	ATP-dependent peptidase activity	9.422278321007934e-06	True	"""Catalysis of the hydrolysis of peptide bonds, driven by ATP hydrolysis."" [GOC:mah]"	37	1846	14	22878	0.007583965330444204	0.3783783783783784	query_1	['GO:0008233', 'GO:0140657']	16hr_60S_down	5.025844071452836
GO:MF	GO:0016866	intramolecular transferase activity	9.6512886139442e-06	True	"""Catalysis of the transfer of a functional group from one position to another within a single molecule."" [GOC:mah]"	59	1846	18	22878	0.009750812567713976	0.3050847457627119	query_1	['GO:0016853']	16hr_60S_down	5.015414696960566
GO:BP	GO:0006525	arginine metabolic process	9.916542073766604e-06	True	"""The chemical reactions and pathways involving arginine, 2-amino-5-(carbamimidamido)pentanoic acid."" [GOC:go_curators]"	20	1705	10	21925	0.005865102639296188	0.5	query_1	['GO:1901605']	16hr_60S_down	5.003639741160866
GO:BP	GO:0019684	photosynthesis, light reaction	1.0499168142446163e-05	True	"""The light reactions of photosynthesis, which take place in photosystems II and I. Light energy is harvested and used to power the transfer of electrons among a series of electron donors and acceptors. The final electron acceptor is NADP+, which is reduced to NADPH. NADPH generated from light reactions is used in sugar synthesis in dark reactions. Light reactions also generate a proton motive force across the thylakoid membrane, and the proton gradient is used to synthesize ATP. There are two chemical reactions involved in the light reactions: water oxidation in photosystem II, and NADP reduction in photosystem I."" [PMID:15746074]"	146	1705	30	21925	0.017595307917888565	0.2054794520547945	query_1	['GO:0006091', 'GO:0015979']	16hr_60S_down	4.978845109068813
GO:BP	GO:0009124	nucleoside monophosphate biosynthetic process	1.2142057025770595e-05	True	"""The chemical reactions and pathways resulting in the formation of a nucleoside monophosphate, a compound consisting of a nucleobase linked to a deoxyribose or ribose sugar esterified with phosphate on the sugar."" [GOC:go_curators, ISBN:0198506732]"	51	1705	16	21925	0.0093841642228739	0.3137254901960784	query_1	['GO:0009123', 'GO:1901293']	16hr_60S_down	4.915707731772793
GO:MF	GO:0051082	unfolded protein binding	1.2593319324488694e-05	True	"""Binding to an unfolded protein."" [GOC:ai]"	60	1846	18	22878	0.009750812567713976	0.3	query_1	['GO:0005515']	16hr_60S_down	4.8998597842440095
GO:MF	GO:0016854	racemase and epimerase activity	1.3300578385932415e-05	True	"""Catalysis of a reaction that alters the configuration of one or more chiral centers in a molecule."" [GOC:mah, ISBN:0198506732]"	38	1846	14	22878	0.007583965330444204	0.3684210526315789	query_1	['GO:0016853']	16hr_60S_down	4.87612947299102
KEGG	KEGG:00920	Sulfur metabolism	1.4509175612981587e-05	True	Sulfur metabolism	42	865	20	5300	0.023121387283236993	0.47619047619047616	query_1	['KEGG:00000']	16hr_60S_down	4.838357262745179
GO:CC	GO:0031090	organelle membrane	1.4977838582868926e-05	True	"""A membrane that is one of the two lipid bilayers of an organelle envelope or the outermost membrane of single membrane bound organelle."" [GOC:dos, GOC:mah]"	2413	1869	289	20029	0.15462814339218833	0.11976792374637381	query_1	['GO:0016020', 'GO:0043227']	16hr_60S_down	4.824550854143899
GO:BP	GO:0009743	response to carbohydrate	1.5133136609445146e-05	True	"""Any process that results in a change in state or activity of a cell or an organism (in terms of movement, secretion, enzyme production, gene expression, etc.) as a result of a carbohydrate stimulus."" [GOC:jl]"	196	1705	36	21925	0.021114369501466276	0.1836734693877551	query_1	['GO:1901700']	16hr_60S_down	4.820071047456462
GO:BP	GO:0010043	response to zinc ion	1.5133136609445146e-05	True	"""Any process that results in a change in state or activity of a cell or an organism (in terms of movement, secretion, enzyme production, gene expression, etc.) as a result of a zinc ion stimulus."" [GOC:sm]"	46	1705	15	21925	0.008797653958944282	0.32608695652173914	query_1	['GO:0010038']	16hr_60S_down	4.820071047456462
KEGG	KEGG:00450	Selenocompound metabolism	1.5991645825384013e-05	True	Selenocompound metabolism	18	865	12	5300	0.013872832369942197	0.6666666666666666	query_1	['KEGG:00000']	16hr_60S_down	4.796106837310691
GO:BP	GO:0006767	water-soluble vitamin metabolic process	1.7135309150137413e-05	True	"""The chemical reactions and pathways involving any of a diverse group of vitamins that are soluble in water."" [GOC:jl]"	84	1705	21	21925	0.012316715542521995	0.25	query_1	['GO:0006766']	16hr_60S_down	4.766108055751909
KEGG	KEGG:00660	C5-Branched dibasic acid metabolism	1.9428870694839454e-05	True	C5-Branched dibasic acid metabolism	7	865	7	5300	0.008092485549132947	1.0	query_1	['KEGG:00000']	16hr_60S_down	4.711552442079224
GO:CC	GO:0005783	endoplasmic reticulum	2.1271581960648064e-05	True	"""The irregular network of unit membranes, visible only by electron microscopy, that occurs in the cytoplasm of many eukaryotic cells. The membranes form a complex meshwork of tubular channels, which are often expanded into slitlike cavities called cisternae. The ER takes two forms, rough (or granular), with ribosomes adhering to the outer surface, and smooth (with no ribosomes attached)."" [ISBN:0198506732]"	1149	1869	153	20029	0.08186195826645265	0.13315926892950392	query_1	['GO:0005737', 'GO:0012505', 'GO:0043231']	16hr_60S_down	4.672200210556507
GO:BP	GO:0009695	jasmonic acid biosynthetic process	2.1496521521410877e-05	True	"""The chemical reactions and pathways resulting in the formation of jasmonic acid, a fatty acid derivative."" [PMID:33821356]"	26	1705	11	21925	0.0064516129032258064	0.4230769230769231	query_1	['GO:0009694', 'GO:0042759']	16hr_60S_down	4.667631810143763
GO:BP	GO:0006102	isocitrate metabolic process	2.249293058258251e-05	True	"""The chemical reactions and pathways involving isocitrate, the anion of isocitric acid, 1-hydroxy-1,2,3-propanetricarboxylic acid. Isocitrate is an important intermediate in the TCA cycle and the glycoxylate cycle."" [ISBN:0198506732]"	10	1705	7	21925	0.004105571847507331	0.7	query_1	['GO:0072350', 'GO:1902652']	16hr_60S_down	4.647953957061968
GO:MF	GO:0140657	ATP-dependent activity	2.336682634119858e-05	True	"""A molecular function characterized by the coupling of ATP hydrolysis to other steps of a reaction mechanism to make the reaction energetically favorable, for example to catalyze a reaction or drive transport against a concentration gradient."" [PMID:24878343, PMID:25750732, PMID:32933017, PMID:33818025, PMID:33873056, PMID:33988324]"	867	1846	110	22878	0.059588299024918745	0.12687427912341406	query_1	['GO:0003674']	16hr_60S_down	4.631400269041256
GO:BP	GO:0009790	embryo development	2.6101362979027352e-05	True	"""The process whose specific outcome is the progression of an embryo from its formation until the end of its embryonic life stage. The end of the embryonic stage is organism-specific. For example, for mammals, the process would begin with zygote formation and end with birth. For insects, the process would begin at zygote formation and end with larval hatching. For plant zygotic embryos, this would be from zygote formation to the end of seed dormancy. For plant vegetative embryos, this would be from the initial determination of the cell or group of cells to form an embryo until the point when the embryo becomes independent of the parent plant."" [GOC:go_curators, GOC:isa_complete, GOC:mtg_sensu]"	441	1705	63	21925	0.03695014662756598	0.14285714285714285	query_1	['GO:0007275']	16hr_60S_down	4.583336813779909
GO:BP	GO:0033993	response to lipid	2.6101362979027352e-05	True	"""Any process that results in a change in state or activity of a cell or an organism (in terms of movement, secretion, enzyme production, gene expression, etc.) as a result of a lipid stimulus."" [GOC:sl]"	1022	1705	121	21925	0.07096774193548387	0.11839530332681017	query_1	['GO:0042221']	16hr_60S_down	4.583336813779909
GO:BP	GO:0010027	thylakoid membrane organization	2.7087394785902892e-05	True	"""A process that is carried out at the cellular level which results in the assembly, arrangement of constituent parts, or disassembly of the thylakoid membrane."" [GOC:dph, GOC:jl, GOC:mah, GOC:tb]"	48	1705	15	21925	0.008797653958944282	0.3125	query_1	['GO:0009668']	16hr_60S_down	4.56723276257533
GO:BP	GO:0009311	oligosaccharide metabolic process	2.7559878468204594e-05	True	"""The chemical reactions and pathways involving oligosaccharides, molecules with between two and (about) 20 monosaccharide residues connected by glycosidic linkages."" [ISBN:0198506732]"	73	1705	19	21925	0.011143695014662757	0.2602739726027397	query_1	['GO:0005975']	16hr_60S_down	4.559722701884314
GO:MF	GO:0004029	aldehyde dehydrogenase (NAD+) activity	2.7930905697782792e-05	True	"""Catalysis of the reaction: an aldehyde + H2O + NAD+ = a carboxylate + 2 H+ + NADH."" [RHEA:16185]"	13	1846	8	22878	0.004333694474539545	0.6153846153846154	query_1	['GO:0004030']	16hr_60S_down	4.553914981478659
GO:MF	GO:0004030	aldehyde dehydrogenase [NAD(P)+] activity	2.7930905697782792e-05	True	"""Catalysis of the reaction: an aldehyde + NAD(P)+ + H2O = an acid + NAD(P)H + H+."" [EC:1.2.1.5]"	13	1846	8	22878	0.004333694474539545	0.6153846153846154	query_1	['GO:0016620']	16hr_60S_down	4.553914981478659
GO:MF	GO:0004601	peroxidase activity	2.7930905697782792e-05	True	"""Catalysis of the reaction: a donor + a peroxide = an oxidized donor + 2 H2O."" [GOC:curators]"	131	1846	28	22878	0.015167930660888408	0.21374045801526717	query_1	['GO:0016209', 'GO:0016684']	16hr_60S_down	4.553914981478659
GO:BP	GO:0000271	polysaccharide biosynthetic process	3.139410834908081e-05	True	"""The chemical reactions and pathways resulting in the formation of a polysaccharide, a polymer of many (typically more than 10) monosaccharide residues linked glycosidically."" [GOC:go_curators]"	219	1705	38	21925	0.022287390029325515	0.1735159817351598	query_1	['GO:0005976', 'GO:0009059', 'GO:0016051']	16hr_60S_down	4.503151847199455
GO:MF	GO:0016627	oxidoreductase activity, acting on the CH-CH group of donors	3.2129709696512804e-05	True	"""Catalysis of an oxidation-reduction (redox) reaction in which a CH-CH group acts as a hydrogen or electron donor and reduces a hydrogen or electron acceptor."" [EC:1.3.-.-]"	83	1846	21	22878	0.011375947995666305	0.25301204819277107	query_1	['GO:0016491']	16hr_60S_down	4.493093198437656
GO:BP	GO:0065008	regulation of biological quality	3.2158124174601326e-05	True	"""Any process that modulates a qualitative or quantitative trait of a biological quality. A biological quality is a measurable attribute of an organism or part of an organism, such as size, mass, shape, color, etc."" [GOC:dph, GOC:isa_complete, GOC:mah, GOC:pr, GOC:vw]"	482	1705	67	21925	0.03929618768328446	0.13900414937759337	query_1	['GO:0065007']	16hr_60S_down	4.492709292149311
GO:BP	GO:0006730	one-carbon metabolic process	3.2158124174601326e-05	True	"""The chemical reactions and pathways involving the transfer of one-carbon units in various oxidation states."" [GOC:hjd, GOC:mah, GOC:pde]"	32	1705	12	21925	0.007038123167155425	0.375	query_1	['GO:0044281']	16hr_60S_down	4.492709292149311
GO:MF	GO:0016861	intramolecular oxidoreductase activity, interconverting aldoses and ketoses	3.2954171062593496e-05	True	"""Catalysis of an oxidation-reduction (redox) reaction in which the hydrogen donor and acceptor, which is an aldose or a ketose, are the same molecule, and no oxidized product appears."" [EC:5.3.1.-, GOC:jl]"	17	1846	9	22878	0.004875406283856988	0.5294117647058824	query_1	['GO:0016860']	16hr_60S_down	4.482089608237714
GO:BP	GO:0018208	peptidyl-proline modification	3.3446585850800866e-05	True	"""The modification of peptidyl-proline."" [GOC:go_curators]"	43	1705	14	21925	0.008211143695014663	0.32558139534883723	query_1	['GO:0018193']	16hr_60S_down	4.475648207397881
GO:BP	GO:0046185	aldehyde catabolic process	3.3687434767708344e-05	True	"""The chemical reactions and pathways resulting in the breakdown of aldehydes, any organic compound with the formula R-CH=O."" [GOC:ai]"	14	1705	8	21925	0.00469208211143695	0.5714285714285714	query_1	['GO:0006081', 'GO:0009056']	16hr_60S_down	4.472532058435472
GO:MF	GO:0019904	protein domain specific binding	3.4936589308420434e-05	True	"""Binding to a specific domain of a protein."" [GOC:go_curators]"	97	1846	23	22878	0.012459371614301192	0.23711340206185566	query_1	['GO:0005515']	16hr_60S_down	4.456719495370075
GO:BP	GO:0034440	lipid oxidation	3.5100691891866194e-05	True	"""The removal of one or more electrons from a lipid, with or without the concomitant removal of a proton or protons, by reaction with an electron-accepting substance, by addition of oxygen or by removal of hydrogen."" [GOC:BHF, GOC:mah]"	49	1705	15	21925	0.008797653958944282	0.30612244897959184	query_1	['GO:0030258']	16hr_60S_down	4.454684322797481
GO:BP	GO:0009060	aerobic respiration	3.538016696250696e-05	True	"""The enzymatic release of energy from inorganic and organic compounds (especially carbohydrates and fats) which requires oxygen as the terminal electron acceptor."" [GOC:das, GOC:jl, ISBN:0140513590]"	102	1705	23	21925	0.013489736070381233	0.22549019607843138	query_1	['GO:0045333']	16hr_60S_down	4.451240121942848
GO:BP	GO:0042558	pteridine-containing compound metabolic process	3.9921652343637766e-05	True	"""The chemical reactions and pathways involving any compound containing pteridine (pyrazino(2,3-dipyrimidine)), e.g. pteroic acid, xanthopterin and folic acid."" [GOC:jl, ISBN:0198506732]"	38	1705	13	21925	0.007624633431085044	0.34210526315789475	query_1	['GO:0008152']	16hr_60S_down	4.39879149171149
GO:BP	GO:0031667	response to nutrient levels	4.012222173562123e-05	True	"""Any process that results in a change in state or activity of a cell or an organism (in terms of movement, secretion, enzyme production, gene expression, etc.) as a result of a stimulus reflecting the presence, absence, or concentration of nutrients."" [GOC:mah]"	230	1705	39	21925	0.02287390029325513	0.16956521739130434	query_1	['GO:0050896']	16hr_60S_down	4.3966150262796075
GO:MF	GO:0050897	cobalt ion binding	4.025748939641755e-05	True	"""Binding to a cobalt ion (Co2+)."" [GOC:ai]"	47	1846	15	22878	0.008125677139761646	0.3191489361702128	query_1	['GO:0046914']	16hr_60S_down	4.395153312787658
GO:MF	GO:0180051	translation factor activity	4.122823714249706e-05	True	"""A molecular function required for translation of a mRNA into a protein functioning as part of initiation, elongation or termination of translation."" [GOC:pg]"	172	1846	33	22878	0.017876489707475622	0.19186046511627908	query_1	['GO:0003674']	16hr_60S_down	4.38480523458146
GO:MF	GO:0008237	metallopeptidase activity	4.122823714249706e-05	True	"""Catalysis of the hydrolysis of peptide bonds by a mechanism in which water acts as a nucleophile, one or two metal ions hold the water molecule in place, and charged amino acid side chains are ligands for the metal ions."" [GOC:mah, https://www.ebi.ac.uk/merops/about/glossary.shtml#CATTYPE]"	105	1846	24	22878	0.013001083423618635	0.22857142857142856	query_1	['GO:0008233']	16hr_60S_down	4.38480523458146
GO:CC	GO:0005768	endosome	4.1696347001649794e-05	True	"""A vacuole to which materials ingested by endocytosis are delivered."" [ISBN:0198506732, PMID:19696797]"	424	1869	68	20029	0.03638309256286784	0.16037735849056603	query_1	['GO:0012505', 'GO:0031410']	16hr_60S_down	4.379901991705358
GO:BP	GO:0006536	glutamate metabolic process	4.4827484168365464e-05	True	"""The chemical reactions and pathways involving glutamate, the anion of 2-aminopentanedioic acid."" [GOC:go_curators]"	23	1705	10	21925	0.005865102639296188	0.43478260869565216	query_1	['GO:0009064', 'GO:0043648']	16hr_60S_down	4.34845563415352
GO:MF	GO:0016835	carbon-oxygen lyase activity	4.526323245690203e-05	True	"""Catalysis of the breakage of a carbon-oxygen bond."" [EC:4.2.-.-]"	165	1846	32	22878	0.01733477789815818	0.19393939393939394	query_1	['GO:0016829']	16hr_60S_down	4.344254434294966
GO:CC	GO:0005797	Golgi medial cisterna	5.0301408154258037e-05	True	"""The middle Golgi cisterna (or cisternae)."" [ISBN:0815316194]"	56	1869	17	20029	0.00909577314071696	0.30357142857142855	query_1	['GO:0031985']	16hr_60S_down	4.298419856990517
GO:MF	GO:0008937	ferredoxin-[NAD(P)H] reductase activity	5.4561827534344186e-05	True	"""Catalysis of the reaction: reduced ferredoxin + NAD(P)+ = oxidized ferredoxin + NAD(P)H + H+."" [GOC:curators]"	5	1846	5	22878	0.0027085590465872156	1.0	query_1	['GO:0016731']	16hr_60S_down	4.263111091526269
GO:MF	GO:0004324	ferredoxin-NADP+ reductase activity	5.4561827534344186e-05	True	"""Catalysis of the reaction: 2 reduced [2Fe-2S]-[ferredoxin] + NADP+ + H+ = 2 oxidized [2Fe-2S]-[ferredoxin] + NADPH."" [RHEA:20125]"	5	1846	5	22878	0.0027085590465872156	1.0	query_1	['GO:0008937']	16hr_60S_down	4.263111091526269
GO:BP	GO:0009226	nucleotide-sugar biosynthetic process	5.465580939957265e-05	True	"""The chemical reactions and pathways resulting in the formation of nucleotide-sugars, any nucleotide-carbohydrate in which the distal phosphoric residue of a nucleoside 5'-diphosphate is in glycosidic linkage with a monosaccharide or monosaccharide derivative."" [ISBN:0198506732]"	39	1705	13	21925	0.007624633431085044	0.3333333333333333	query_1	['GO:0009225', 'GO:1901137', 'GO:1901293']	16hr_60S_down	4.262363669833442
GO:BP	GO:0005985	sucrose metabolic process	5.465580939957265e-05	True	"""The chemical reactions and pathways involving sucrose, the disaccharide fructofuranosyl-glucopyranoside."" [GOC:go_curators]"	39	1705	13	21925	0.007624633431085044	0.3333333333333333	query_1	['GO:0005984']	16hr_60S_down	4.262363669833442
GO:MF	GO:0033218	amide binding	5.708246485533396e-05	True	"""Binding to an amide, any derivative of an oxoacid in which an acidic hydroxy group has been replaced by an amino or substituted amino group."" [GOC:mah]"	32	1846	12	22878	0.0065005417118093175	0.375	query_1	['GO:0005488']	16hr_60S_down	4.243497282054271
GO:BP	GO:0061077	chaperone-mediated protein folding	5.7792745531013306e-05	True	"""The process of inhibiting aggregation and assisting in the covalent and noncovalent assembly of single chain polypeptides or multisubunit complexes into the correct tertiary structure that is dependent on interaction with a chaperone."" [GOC:dph, GOC:vw]"	19	1705	9	21925	0.005278592375366569	0.47368421052631576	query_1	['GO:0006457']	16hr_60S_down	4.238126673233117
GO:BP	GO:0006766	vitamin metabolic process	5.78808404037562e-05	True	"""The chemical reactions and pathways involving vitamins. Vitamin is a general term for a number of unrelated organic substances that occur in many foods in small amounts and that are necessary in trace amounts for the normal metabolic functioning of the body. Vitamins may be water-soluble or fat-soluble and usually serve as components of coenzyme systems."" [GOC:ai]"	105	1705	23	21925	0.013489736070381233	0.21904761904761905	query_1	['GO:0044281']	16hr_60S_down	4.237465171746777
GO:BP	GO:0009250	glucan biosynthetic process	5.810228657696375e-05	True	"""The chemical reactions and pathways resulting in the formation of glucans, polysaccharides consisting only of glucose residues."" [GOC:go_curators]"	120	1705	25	21925	0.01466275659824047	0.20833333333333334	query_1	['GO:0000271', 'GO:0044042']	16hr_60S_down	4.235806775901972
GO:BP	GO:0001676	long-chain fatty acid metabolic process	5.810228657696375e-05	True	"""The chemical reactions and pathways involving a long-chain fatty acid. A long-chain fatty acid has an aliphatic tail containing 13 to 22 carbons."" [GOC:ajp]"	51	1705	15	21925	0.008797653958944282	0.29411764705882354	query_1	['GO:0006631']	16hr_60S_down	4.235806775901972
GO:BP	GO:0046364	monosaccharide biosynthetic process	5.810228657696375e-05	True	"""The chemical reactions and pathways resulting in the formation of monosaccharides, polyhydric alcohols containing either an aldehyde or a keto group and between three to ten or more carbon atoms."" [ISBN:0198506732]"	51	1705	15	21925	0.008797653958944282	0.29411764705882354	query_1	['GO:0005996', 'GO:0016051', 'GO:0044283']	16hr_60S_down	4.235806775901972
GO:BP	GO:0009668	plastid membrane organization	5.810228657696375e-05	True	"""A process that is carried out at the cellular level which results in the assembly, arrangement of constituent parts, or disassembly of either of the lipid bilayers surrounding a plastid."" [GOC:ai, GOC:dph, GOC:jl, GOC:mah]"	51	1705	15	21925	0.008797653958944282	0.29411764705882354	query_1	['GO:0009657', 'GO:0061024']	16hr_60S_down	4.235806775901972
KEGG	KEGG:01250	Biosynthesis of nucleotide sugars	5.9841379331267384e-05	True	Biosynthesis of nucleotide sugars	100	865	34	5300	0.03930635838150289	0.34	query_1	['KEGG:00000']	16hr_60S_down	4.2229984046313245
GO:BP	GO:0030258	lipid modification	5.984423796310082e-05	True	"""The covalent alteration of one or more fatty acids in a lipid, resulting in a change in the properties of the lipid."" [GOC:mah]"	77	1705	19	21925	0.011143695014662757	0.24675324675324675	query_1	['GO:0006629']	16hr_60S_down	4.2229776588130825
GO:MF	GO:0016684	oxidoreductase activity, acting on peroxide as acceptor	6.226394306265088e-05	True	"""Catalysis of an oxidation-reduction (redox) reaction in which the peroxide group acts as a hydrogen or electron acceptor."" [EC:1.11.-.-]"	137	1846	28	22878	0.015167930660888408	0.20437956204379562	query_1	['GO:0016491']	16hr_60S_down	4.205763379700295
GO:BP	GO:0046417	chorismate metabolic process	6.270637332180842e-05	True	"""The chemical reactions and pathways involving chorismate, the anion of (3R-trans)-3-((1-carboxyethenyl)oxy)-4-hydroxy-1,5-cyclohexadiene-1-carboxylic acid."" [ISBN:0198506732]"	15	1705	8	21925	0.00469208211143695	0.5333333333333333	query_1	['GO:0043648']	16hr_60S_down	4.2026883163012325
GO:BP	GO:0045727	positive regulation of translation	6.270637332180842e-05	True	"""Any process that activates or increases the frequency, rate or extent of the chemical reactions and pathways resulting in the formation of proteins by the translation of mRNA or circRNA."" [GOC:dph, GOC:go_curators, GOC:tb]"	15	1705	8	21925	0.00469208211143695	0.5333333333333333	query_1	['GO:0006412', 'GO:0006417', 'GO:0010628', 'GO:0051247']	16hr_60S_down	4.2026883163012325
GO:BP	GO:0008654	phospholipid biosynthetic process	6.578593604863377e-05	True	"""The chemical reactions and pathways resulting in the formation of a phospholipid, a lipid containing phosphoric acid as a mono- or diester."" [ISBN:0198506732]"	152	1705	29	21925	0.017008797653958945	0.19078947368421054	query_1	['GO:0006644', 'GO:0008610', 'GO:0090407']	16hr_60S_down	4.181866941481934
GO:BP	GO:0006783	heme biosynthetic process	6.759960029638063e-05	True	"""The chemical reactions and pathways resulting in the formation of heme, any compound of iron complexed in a porphyrin (tetrapyrrole) ring, from less complex precursors."" [GOC:jl, PMID:11788607]"	24	1705	10	21925	0.005865102639296188	0.4166666666666667	query_1	['GO:0006779', 'GO:0042168', 'GO:0046148']	16hr_60S_down	4.1700558719517
GO:BP	GO:0042168	heme metabolic process	6.801580570527002e-05	True	"""The chemical reactions and pathways involving heme, any compound of iron complexed in a porphyrin (tetrapyrrole) ring."" [GOC:jl, ISBN:0124325653]"	29	1705	11	21925	0.0064516129032258064	0.3793103448275862	query_1	['GO:0006778', 'GO:0042440']	16hr_60S_down	4.167390152985774
GO:BP	GO:0034599	cellular response to oxidative stress	6.831120282486722e-05	True	"""Any process that results in a change in state or activity of a cell (in terms of movement, secretion, enzyme production, gene expression, etc.) as a result of oxidative stress, a state often resulting from exposure to high levels of reactive oxygen species, e.g. superoxide anions, hydrogen peroxide (H2O2), and hydroxyl radicals."" [GOC:mah]"	71	1705	18	21925	0.010557184750733138	0.2535211267605634	query_1	['GO:0006979', 'GO:0062197']	16hr_60S_down	4.1655080675329526
KEGG	KEGG:00966	Glucosinolate biosynthesis	7.050412878653726e-05	True	Glucosinolate biosynthesis	26	865	14	5300	0.016184971098265895	0.5384615384615384	query_1	['KEGG:00000']	16hr_60S_down	4.151785449580148
GO:MF	GO:0004177	aminopeptidase activity	7.620864510836766e-05	True	"""Catalysis of the hydrolysis of a single N-terminal amino acid residue from a polypeptide chain."" [EC:3.4.11.-, https://www.ebi.ac.uk/merops/about/glossary.shtml#AMINOPEPTIDASE, PMID:24157837]"	23	1846	10	22878	0.005417118093174431	0.43478260869565216	query_1	['GO:0008238']	16hr_60S_down	4.117995759501673
GO:BP	GO:0019751	polyol metabolic process	7.811632432826477e-05	True	"""The chemical reactions and pathways involving a polyol, any alcohol containing three or more hydroxyl groups attached to saturated carbon atoms."" [PMID:30240188]"	65	1705	17	21925	0.00997067448680352	0.26153846153846155	query_1	['GO:0006066']	16hr_60S_down	4.107258200119307
GO:CC	GO:0031969	chloroplast membrane	8.283459226883742e-05	True	"""Either of the lipid bilayers that surround a chloroplast and form the chloroplast envelope."" [GOC:mah, GOC:pz]"	281	1869	49	20029	0.026217228464419477	0.17437722419928825	query_1	['GO:0009941', 'GO:0042170']	16hr_60S_down	4.081788261112029
GO:MF	GO:0016744	transketolase or transaldolase activity	8.356914345690036e-05	True	"""Catalysis of the transfer of an aldehyde or ketonic group from one compound (donor) to another (acceptor)."" [GOC:jl, ISBN:0198506732]"	11	1846	7	22878	0.003791982665222102	0.6363636363636364	query_1	['GO:0016740']	16hr_60S_down	4.077954049117355
KEGG	KEGG:00400	Phenylalanine, tyrosine and tryptophan biosynthesis	8.496952586557547e-05	True	Phenylalanine, tyrosine and tryptophan biosynthesis	54	865	22	5300	0.025433526011560695	0.4074074074074074	query_1	['KEGG:00000']	16hr_60S_down	4.07073680512623
GO:MF	GO:0016877	ligase activity, forming carbon-sulfur bonds	8.59804303949179e-05	True	"""Catalysis of the joining of two molecules via a carbon-sulfur bond, with the concomitant hydrolysis of the diphosphate bond in ATP or a similar triphosphate."" [EC:6.2.-.-]"	50	1846	15	22878	0.008125677139761646	0.3	query_1	['GO:0016874']	16hr_60S_down	4.065600385252159
GO:BP	GO:0033036	macromolecule localization	9.217998203689226e-05	True	"""Any process in which a macromolecule is transported to, or maintained in, a specific location."" [GOC:mah]"	1041	1705	120	21925	0.07038123167155426	0.11527377521613832	query_1	['GO:0051179']	16hr_60S_down	4.035363380842431
GO:BP	GO:0005984	disaccharide metabolic process	9.685302471295976e-05	True	"""The chemical reactions and pathways involving any disaccharide, sugars composed of two monosaccharide units."" [GOC:jl, ISBN:0192800981]"	66	1705	17	21925	0.00997067448680352	0.25757575757575757	query_1	['GO:0009311']	16hr_60S_down	4.013886811747808
GO:BP	GO:0042759	long-chain fatty acid biosynthetic process	9.781953332564498e-05	True	"""The chemical reactions and pathways resulting in the formation of a long-chain fatty acid. A long-chain fatty acid has an aliphatic tail containing 13 to 22 carbons."" [PMID:18390550]"	30	1705	11	21925	0.0064516129032258064	0.36666666666666664	query_1	['GO:0001676', 'GO:0006633']	16hr_60S_down	4.0095744134282585
GO:MF	GO:0015038	glutathione disulfide oxidoreductase activity	0.00010020630310637818	True	"""Catalysis of the reaction: 2 glutathione + electron acceptor = glutathione disulfide + electron donor."" [GOC:mah]"	8	1846	6	22878	0.0032502708559046588	0.75	query_1	['GO:0015036']	16hr_60S_down	3.9991049599236237
WP	WP:WP2579	Cadmium and glutathione	0.0001008203612770222	True	Cadmium and glutathione	22	151	15	625	0.09933774834437085	0.6818181818181818	query_1	['WP:000000']	16hr_60S_down	3.9964517506556936
WP	WP:WP4597	Glucosinolate biosynthesis from methionine	0.0001008203612770222	True	Glucosinolate biosynthesis from methionine	15	151	12	625	0.07947019867549669	0.8	query_1	['WP:000000']	16hr_60S_down	3.9964517506556936
GO:BP	GO:0031425	chloroplast RNA processing	0.00010183195747562791	True	"""The conversion of a primary RNA molecule transcribed from a chloroplast genome into one or more mature RNA molecules."" [GOC:mah]"	25	1705	10	21925	0.005865102639296188	0.4	query_1	['GO:0006396']	16hr_60S_down	3.9921159078803297
GO:MF	GO:0140098	catalytic activity, acting on RNA	0.00010355963486444873	True	"""Catalytic activity that acts to modify RNA."" [GOC:molecular_function_refactoring, GOC:pdt]"	498	1846	69	22878	0.03737811484290358	0.13855421686746988	query_1	['GO:0140640']	16hr_60S_down	3.9848094894908797
KEGG	KEGG:00250	Alanine, aspartate and glutamate metabolism	0.00010486834382051641	True	Alanine, aspartate and glutamate metabolism	51	865	21	5300	0.024277456647398842	0.4117647058823529	query_1	['KEGG:00000']	16hr_60S_down	3.9793555907282836
GO:BP	GO:0009414	response to water deprivation	0.00010775375099879403	True	"""Any process that results in a change in state or activity of a cell or an organism (in terms of movement, secretion, enzyme production, gene expression, etc.) as a result of a water deprivation stimulus, prolonged deprivation of water."" [GOC:lr]"	424	1705	59	21925	0.03460410557184751	0.1391509433962264	query_1	['GO:0006950', 'GO:0009415']	16hr_60S_down	3.9675676027475237
GO:BP	GO:0009404	toxin metabolic process	0.0001081049339279978	True	"""The chemical reactions and pathways involving a toxin, a poisonous compound (typically a protein) that is produced by cells or organisms and that can cause disease when introduced into the body or tissues of an organism."" [GOC:cab2]"	60	1705	16	21925	0.0093841642228739	0.26666666666666666	query_1	['GO:0019748']	16hr_60S_down	3.966154484318619
GO:BP	GO:0006760	folic acid-containing compound metabolic process	0.00011663297665106619	True	"""The chemical reactions and pathways involving a folic acid-containing compound, i.e. any of a group of heterocyclic compounds based on the pteroic acid skeleton conjugated with one or more L-glutamic acid or L-glutamate units."" [GOC:ai, GOC:mah]"	36	1705	12	21925	0.007038123167155425	0.3333333333333333	query_1	['GO:0006575', 'GO:0042558']	16hr_60S_down	3.9331786403766014
GO:BP	GO:0009416	response to light stimulus	0.00011663297665106619	True	"""Any process that results in a change in state or activity of a cell or an organism (in terms of movement, secretion, enzyme production, gene expression, etc.) as a result of a light stimulus, electromagnetic radiation of wavelengths classified as infrared, visible or ultraviolet light."" [GOC:go_curators, ISBN:0582227089]"	764	1705	93	21925	0.05454545454545454	0.12172774869109948	query_1	['GO:0009314']	16hr_60S_down	3.9331786403766014
GO:BP	GO:0072329	monocarboxylic acid catabolic process	0.00011768006898041698	True	"""The chemical reactions and pathways resulting in the breakdown of monocarboxylic acids, any organic acid containing one carboxyl (-COOH) group."" [GOC:mah]"	54	1705	15	21925	0.008797653958944282	0.2777777777777778	query_1	['GO:0032787', 'GO:0046395']	16hr_60S_down	3.929297085710458
GO:BP	GO:0015980	energy derivation by oxidation of organic compounds	0.00011863565243207254	True	"""The chemical reactions and pathways by which a cell derives energy from organic compounds; results in the oxidation of the compounds from which energy is released."" [GOC:mah]"	133	1705	26	21925	0.015249266862170088	0.19548872180451127	query_1	['GO:0006091']	16hr_60S_down	3.9257847770113385
GO:CC	GO:0009501	amyloplast	0.00011968827819996512	True	"""A plastid whose main function is to synthesize and store starch."" [ISBN:0140514031]"	15	1869	8	20029	0.004280363830925628	0.5333333333333333	query_1	['GO:0009536']	16hr_60S_down	3.9219483806073505
KEGG	KEGG:00053	Ascorbate and aldarate metabolism	0.00012460366969434074	True	Ascorbate and aldarate metabolism	63	865	24	5300	0.027745664739884393	0.38095238095238093	query_1	['KEGG:00000']	16hr_60S_down	3.904469167110767
GO:BP	GO:0009415	response to water	0.00012521281774712284	True	"""Any process that results in a change in state or activity of a cell or an organism (in terms of movement, secretion, enzyme production, gene expression, etc.) as a result of a stimulus reflecting the presence, absence, or concentration of water."" [GOC:jl]"	436	1705	60	21925	0.03519061583577713	0.13761467889908258	query_1	['GO:0001101', 'GO:0009628', 'GO:1901700']	16hr_60S_down	3.90235121112629
KEGG	KEGG:00230	Purine metabolism	0.00014677474664613656	True	Purine metabolism	92	865	31	5300	0.035838150289017344	0.33695652173913043	query_1	['KEGG:00000']	16hr_60S_down	3.8333486606030314
GO:BP	GO:0006508	proteolysis	0.0001592581866359742	True	"""The hydrolysis of proteins into smaller polypeptides and/or amino acids by cleavage of their peptide bonds."" [GOC:bf, GOC:mah]"	791	1705	95	21925	0.05571847507331378	0.12010113780025285	query_1	['GO:0019538']	16hr_60S_down	3.7978982335957845
GO:BP	GO:0072528	pyrimidine-containing compound biosynthetic process	0.0001595743744141429	True	"""The chemical reactions and pathways resulting in the formation of a pyrimidine-containing compound, i.e. any compound that contains pyrimidine or a formal derivative thereof."" [GOC:mah]"	49	1705	14	21925	0.008211143695014663	0.2857142857142857	query_1	['GO:0009058', 'GO:0072527']	16hr_60S_down	3.797036849476996
GO:BP	GO:0043933	protein-containing complex organization	0.00016310343681037634	True	"""Any process in which macromolecules aggregate, disaggregate, or are modified, resulting in the formation, disassembly, or alteration of a protein complex."" [GOC:mah]"	518	1705	68	21925	0.03988269794721408	0.13127413127413126	query_1	['GO:0016043']	16hr_60S_down	3.7875368876902193
GO:BP	GO:0046500	S-adenosylmethionine metabolic process	0.00016830006746950904	True	"""The chemical reactions and pathways involving S-adenosylmethionine, S-(5'-adenosyl)-L-methionine, an important intermediate in one-carbon metabolism."" [GOC:go_curators, ISBN:0198506732]"	9	1705	6	21925	0.0035190615835777126	0.6666666666666666	query_1	['GO:0006790']	16hr_60S_down	3.7739157099206135
GO:BP	GO:0032259	methylation	0.0001698137179249454	True	"""The process in which a methyl group is covalently attached to a molecule."" [GOC:mah]"	355	1705	51	21925	0.029912023460410556	0.14366197183098592	query_1	['GO:0008152']	16hr_60S_down	3.770027229413234
GO:BP	GO:0016114	terpenoid biosynthetic process	0.0001698137179249454	True	"""The chemical reactions and pathways resulting in the formation of terpenoids, any member of a class of compounds characterized by an isoprenoid chemical structure."" [GOC:ai]"	160	1705	29	21925	0.017008797653958945	0.18125	query_1	['GO:0006721', 'GO:0008299']	16hr_60S_down	3.770027229413234
GO:BP	GO:0010731	protein glutathionylation	0.00017608795802421563	True	"""The protein modification process in which a glutathione molecule is added to a protein amino acid through a disulfide linkage."" [GOC:BHF, GOC:dph, GOC:rl, GOC:tb]"	6	1705	5	21925	0.002932551319648094	0.8333333333333334	query_1	['GO:0036211']	16hr_60S_down	3.7542703427405706
GO:MF	GO:1900750	oligopeptide binding	0.00017653060727863544	True	"""Binding to an oligopeptide."" [GOC:TermGenie, PMID:21854595]"	12	1846	7	22878	0.003791982665222102	0.5833333333333334	query_1	['GO:0033218']	16hr_60S_down	3.7531799847815264
GO:MF	GO:0043295	glutathione binding	0.00017653060727863544	True	"""Binding to glutathione; a tripeptide composed of the three amino acids cysteine, glutamic acid and glycine."" [GOC:bf, ISBN:0198506732]"	12	1846	7	22878	0.003791982665222102	0.5833333333333334	query_1	['GO:0043168', 'GO:0072341', 'GO:1900750', 'GO:1901681']	16hr_60S_down	3.7531799847815264
GO:MF	GO:0003924	GTPase activity	0.00017653060727863544	True	"""Catalysis of the reaction: GTP + H2O = GDP + H+ + phosphate."" [PMID:26832457, PMID:27218782]"	304	1846	47	22878	0.025460455037919827	0.15460526315789475	query_1	['GO:0017111']	16hr_60S_down	3.7531799847815264
GO:BP	GO:0072350	tricarboxylic acid metabolic process	0.00018670719111954026	True	"""The chemical reactions and pathways involving dicarboxylic acids, any organic acid containing three carboxyl (COOH) groups or anions (COO-)."" [GOC:mah]"	17	1705	8	21925	0.00469208211143695	0.47058823529411764	query_1	['GO:0019752']	16hr_60S_down	3.728838954662646
GO:MF	GO:0008047	enzyme activator activity	0.000199517892372239	True	"""Binds to and increases the activity of an enzyme."" [GOC:dph, GOC:mah, GOC:tb]"	108	1846	23	22878	0.012459371614301192	0.21296296296296297	query_1	['GO:0003824', 'GO:0030234', 'GO:0140677']	16hr_60S_down	3.7000181515556942
GO:BP	GO:0019252	starch biosynthetic process	0.00020777415277803895	True	"""The chemical reactions and pathways resulting in the formation of starch, the most important reserve polysaccharide in plants."" [GOC:ai]"	38	1705	12	21925	0.007038123167155425	0.3157894736842105	query_1	['GO:0005982', 'GO:0009250']	16hr_60S_down	3.682408479897506
GO:BP	GO:1902652	secondary alcohol metabolic process	0.00020874249533728295	True	"""The chemical reactions and pathways involving secondary alcohol."" [GO_REF:0000068, GOC:mengo_curators, GOC:TermGenie, PMID:11288200]"	13	1705	7	21925	0.004105571847507331	0.5384615384615384	query_1	['GO:0006066']	16hr_60S_down	3.6803891292201376
GO:BP	GO:0042364	water-soluble vitamin biosynthetic process	0.00020874249533728295	True	"""The chemical reactions and pathways resulting in the formation of any of a diverse group of vitamins that are soluble in water."" [GOC:jl]"	77	1705	18	21925	0.010557184750733138	0.23376623376623376	query_1	['GO:0006767', 'GO:0009110']	16hr_60S_down	3.6803891292201376
GO:BP	GO:0010206	photosystem II repair	0.00020874249533728295	True	"""Proteolysis of the damaged D1 protein and re-assembly of a new D1 subunit in the photosystem II following photoinhibition."" [GOC:sm]"	13	1705	7	21925	0.004105571847507331	0.5384615384615384	query_1	['GO:0009765', 'GO:0030091']	16hr_60S_down	3.6803891292201376
GO:BP	GO:0019400	alditol metabolic process	0.00021039278814237333	True	"""The chemical reactions and pathways involving alditols, any polyhydric alcohol derived from the acyclic form of a monosaccharide by reduction of its aldehyde or keto group to an alcoholic group."" [ISBN:0198506732]"	27	1705	10	21925	0.005865102639296188	0.37037037037037035	query_1	['GO:0005975', 'GO:0019751']	16hr_60S_down	3.676969151037555
GO:BP	GO:0009260	ribonucleotide biosynthetic process	0.00021394433865953665	True	"""The chemical reactions and pathways resulting in the formation of a ribonucleotide, a compound consisting of ribonucleoside (a base linked to a ribose sugar) esterified with a phosphate group at either the 3' or 5'-hydroxyl group of the sugar."" [GOC:go_curators, ISBN:0198506732]"	99	1705	21	21925	0.012316715542521995	0.21212121212121213	query_1	['GO:0009165', 'GO:0009259', 'GO:0046390']	16hr_60S_down	3.6696992012176914
GO:BP	GO:0046390	ribose phosphate biosynthetic process	0.00021394433865953665	True	"""The chemical reactions and pathways resulting in the formation of ribose phosphate, any phosphorylated ribose sugar."" [GOC:ai]"	99	1705	21	21925	0.012316715542521995	0.21212121212121213	query_1	['GO:0019693', 'GO:0090407', 'GO:1901137']	16hr_60S_down	3.6696992012176914
GO:CC	GO:0009509	chromoplast	0.0002298052402159572	True	"""A plastid containing pigments other than chlorophyll, usually yellow and orange carotenoid pigments."" [ISBN:0471245208]"	6	1869	5	20029	0.002675227394328518	0.8333333333333334	query_1	['GO:0009536']	16hr_60S_down	3.6386400723799937
GO:BP	GO:0072527	pyrimidine-containing compound metabolic process	0.000241761101414697	True	"""The chemical reactions and pathways involving a pyrimidine-containing compound, i.e. any compound that contains pyrimidine or a formal derivative thereof."" [GOC:mah]"	64	1705	16	21925	0.0093841642228739	0.25	query_1	['GO:0008152']	16hr_60S_down	3.616613574442692
GO:CC	GO:0005788	endoplasmic reticulum lumen	0.0002447666349090181	True	"""The volume enclosed by the membranes of the endoplasmic reticulum."" [ISBN:0198547684]"	40	1869	13	20029	0.006955591225254147	0.325	query_1	['GO:0005783', 'GO:0070013']	16hr_60S_down	3.611247782860094
GO:BP	GO:0009809	lignin biosynthetic process	0.00024803046856769777	True	"""The chemical reactions and pathways resulting in the formation of lignins, a class of polymers formed by the dehydrogenetive radical polymerization of various phenylpropanoid monomers."" [GOC:tair_curators, ISBN:0198547684]"	51	1705	14	21925	0.008211143695014663	0.27450980392156865	query_1	['GO:0009699', 'GO:0009808']	16hr_60S_down	3.6054949662784366
GO:BP	GO:0170040	proteinogenic amino acid catabolic process	0.00024803046856769777	True	"""The chemical reactions and pathways resulting in the breakdown of any amino acid that is incorporated into protein naturally by ribosomal translation of mRNA, and that has a specific codon for translation from mRNA to protein."" [GOC:ew]"	51	1705	14	21925	0.008211143695014663	0.27450980392156865	query_1	['GO:0046395', 'GO:0170039']	16hr_60S_down	3.6054949662784366
GO:BP	GO:0009694	jasmonic acid metabolic process	0.00025009857233615186	True	"""The chemical reactions and pathways involving jasmonic acid, a fatty acid derivative with the formula (1R-(1 alpha, 2 beta(Z)))-3-oxo-2-(2-pentenyl)cyclopentaneacetic acid."" [ISBN:0387969845]"	33	1705	11	21925	0.0064516129032258064	0.3333333333333333	query_1	['GO:0001676']	16hr_60S_down	3.6018887873910526
GO:BP	GO:0006221	pyrimidine nucleotide biosynthetic process	0.00025009857233615186	True	"""The chemical reactions and pathways resulting in the formation of a pyrimidine nucleotide, a compound consisting of nucleoside (a pyrimidine base linked to a deoxyribose or ribose sugar) esterified with a phosphate group at either the 3' or 5'-hydroxyl group of the sugar."" [GOC:go_curators, ISBN:0198506732]"	33	1705	11	21925	0.0064516129032258064	0.3333333333333333	query_1	['GO:0006220', 'GO:0009165', 'GO:0072528']	16hr_60S_down	3.6018887873910526
GO:BP	GO:0009314	response to radiation	0.0002532803954167562	True	"""Any process that results in a change in state or activity of a cell or an organism (in terms of movement, secretion, enzyme production, gene expression, etc.) as a result of an electromagnetic radiation stimulus. Electromagnetic radiation is a propagating wave in space with electric and magnetic components. These components oscillate at right angles to each other and to the direction of propagation."" [GOC:jl, Wikipedia:Electromagnetic_radiation]"	781	1705	93	21925	0.05454545454545454	0.11907810499359796	query_1	['GO:0009628']	16hr_60S_down	3.5963984244685276
GO:BP	GO:0019395	fatty acid oxidation	0.0002657909762382167	True	"""The removal of one or more electrons from a fatty acid, with or without the concomitant removal of a proton or protons, by reaction with an electron-accepting substance, by addition of oxygen or by removal of hydrogen."" [ISBN:0198506732]"	39	1705	12	21925	0.007038123167155425	0.3076923076923077	query_1	['GO:0006631', 'GO:0034440']	16hr_60S_down	3.575459767699056
GO:MF	GO:0004069	L-aspartate:2-oxoglutarate aminotransferase activity	0.0002658225368752095	True	"""Catalysis of the reaction: L-aspartate + 2-oxoglutarate = oxaloacetate + L-glutamate."" [EC:2.6.1.1]"	6	1846	5	22878	0.0027085590465872156	0.8333333333333334	query_1	['GO:0008483']	16hr_60S_down	3.575408201626451
GO:MF	GO:0016731	oxidoreductase activity, acting on iron-sulfur proteins as donors, NAD or NADP as acceptor	0.0002658225368752095	True	"""Catalysis of an oxidation-reduction (redox) reaction in which an iron-sulfur protein acts as a hydrogen or electron donor and reduces NAD or NADP."" [GOC:jl]"	6	1846	5	22878	0.0027085590465872156	0.8333333333333334	query_1	['GO:0016730']	16hr_60S_down	3.575408201626451
GO:MF	GO:0004345	glucose-6-phosphate dehydrogenase activity	0.0002658225368752095	True	"""Catalysis of the reaction: D-glucose 6-phosphate + NADP+ = D-glucono-1,5-lactone 6-phosphate + NADPH + H+."" [EC:1.1.1.49]"	6	1846	5	22878	0.0027085590465872156	0.8333333333333334	query_1	['GO:0016616']	16hr_60S_down	3.575408201626451
GO:MF	GO:0016887	ATP hydrolysis activity	0.00026919899821580744	True	"""Catalysis of the reaction: ATP + H2O = ADP + H+ phosphate. ATP hydrolysis is used in some reactions as an energy source, for example to catalyze a reaction or drive transport against a concentration gradient."" [RHEA:13065]"	552	1846	73	22878	0.03954496208017335	0.1322463768115942	query_1	['GO:0017111', 'GO:0140657']	16hr_60S_down	3.5699265606076316
GO:BP	GO:0019725	cellular homeostasis	0.00027750081194383364	True	"""Any process involved in the maintenance of an internal steady state at the level of the cell."" [GOC:isa_complete, GOC:jl, ISBN:0395825172]"	173	1705	30	21925	0.017595307917888565	0.17341040462427745	query_1	['GO:0042592']	16hr_60S_down	3.556735741830636
GO:BP	GO:0009168	purine ribonucleoside monophosphate biosynthetic process	0.0002882629800074568	True	"""The chemical reactions and pathways resulting in the formation of purine ribonucleoside monophosphate, a compound consisting of a purine base linked to a ribose sugar esterified with phosphate on the sugar."" [GOC:go_curators, ISBN:0198506732]"	28	1705	10	21925	0.005865102639296188	0.35714285714285715	query_1	['GO:0009127', 'GO:0009156', 'GO:0009167']	16hr_60S_down	3.5402111280273796
GO:BP	GO:1901606	alpha-amino acid catabolic process	0.0002882629800074568	True	"""The chemical reactions and pathways resulting in the breakdown of an alpha-amino acid."" [GOC:TermGenie]"	65	1705	16	21925	0.0093841642228739	0.24615384615384617	query_1	['GO:0009063', 'GO:0046395', 'GO:1901605']	16hr_60S_down	3.5402111280273796
GO:BP	GO:0000373	Group II intron splicing	0.0002882629800074568	True	"""The splicing of Group II introns. This occurs by a ribozymic mechanism where the intron sequence forms a distinct 3D structure, characteristic of Group II introns and containing splice site consensus sequences, that is involved in catalyzing the splicing reactions, though protein factors are also required in vivo. Splicing occurs by a series of two transesterification reactions (mechanistically similar to those for splicing of nuclear mRNAs) initiated by a bulged adenosine residue within the intron sequence as the initiating nucleophile. The intron is excised as a lariat."" [GOC:krc, PMID:11377794]"	28	1705	10	21925	0.005865102639296188	0.35714285714285715	query_1	['GO:0000377']	16hr_60S_down	3.5402111280273796
GO:BP	GO:0033559	unsaturated fatty acid metabolic process	0.0002882629800074568	True	"""The chemical reactions and pathways involving an unsaturated fatty acid, any fatty acid containing one or more double bonds between carbon atoms."" [GOC:mah]"	28	1705	10	21925	0.005865102639296188	0.35714285714285715	query_1	['GO:0006631']	16hr_60S_down	3.5402111280273796
GO:BP	GO:0009127	purine nucleoside monophosphate biosynthetic process	0.0002882629800074568	True	"""The chemical reactions and pathways resulting in the formation of purine nucleoside monophosphate, a compound consisting of a purine base linked to a ribose or deoxyribose sugar esterified with phosphate on the sugar."" [GOC:go_curators, ISBN:0198506732]"	28	1705	10	21925	0.005865102639296188	0.35714285714285715	query_1	['GO:0009124', 'GO:0009126']	16hr_60S_down	3.5402111280273796
GO:BP	GO:0006094	gluconeogenesis	0.0002887931588606792	True	"""The formation of glucose from noncarbohydrate precursors, such as pyruvate, amino acids and glycerol."" [MetaCyc:GLUCONEO-PWY]"	18	1705	8	21925	0.00469208211143695	0.4444444444444444	query_1	['GO:0006006', 'GO:0019319']	16hr_60S_down	3.539413098859487
GO:BP	GO:0006108	malate metabolic process	0.0002887931588606792	True	"""The chemical reactions and pathways involving malate, the anion of hydroxybutanedioic acid, a chiral hydroxydicarboxylic acid. The (+) enantiomer is an important intermediate in metabolism as a component of both the TCA cycle and the glyoxylate cycle."" [ISBN:0198506732]"	18	1705	8	21925	0.00469208211143695	0.4444444444444444	query_1	['GO:0043648']	16hr_60S_down	3.539413098859487
GO:BP	GO:0019344	cysteine biosynthetic process	0.00030965188124143283	True	"""The chemical reactions and pathways resulting in the formation of cysteine, 2-amino-3-mercaptopropanoic acid."" [GOC:go_curators]"	23	1705	9	21925	0.005278592375366569	0.391304347826087	query_1	['GO:0000097', 'GO:0006534', 'GO:0009070']	16hr_60S_down	3.5091262771583933
KEGG	KEGG:00071	Fatty acid degradation	0.00031533202642018617	True	Fatty acid degradation	47	865	19	5300	0.021965317919075144	0.40425531914893614	query_1	['KEGG:00000']	16hr_60S_down	3.501231918274564
GO:BP	GO:0009407	toxin catabolic process	0.000327526329688941	True	"""The chemical reactions and pathways resulting in the breakdown of toxin, a poisonous compound (typically a protein) that is produced by cells or organisms and that can cause disease when introduced into the body or tissues of an organism."" [GOC:go_curators]"	46	1705	13	21925	0.007624633431085044	0.2826086956521739	query_1	['GO:0009056', 'GO:0009404', 'GO:0098754']	16hr_60S_down	3.484753781537895
GO:BP	GO:0006220	pyrimidine nucleotide metabolic process	0.00032820290284628855	True	"""The chemical reactions and pathways involving a pyrimidine nucleotide, a compound consisting of nucleoside (a pyrimidine base linked to a deoxyribose or ribose sugar) esterified with a phosphate group at either the 3' or 5'-hydroxyl group of the sugar."" [GOC:go_curators, ISBN:0198506732]"	34	1705	11	21925	0.0064516129032258064	0.3235294117647059	query_1	['GO:0009117', 'GO:0072527']	16hr_60S_down	3.4838575820746693
GO:BP	GO:0043094	metabolic compound salvage	0.00034339339587143865	True	"""Any process which produces a useful metabolic compound from derivatives of it without de novo synthesis, as carried out by individual cells."" [GOC:mlg]"	73	1705	17	21925	0.00997067448680352	0.2328767123287671	query_1	['GO:0009058']	16hr_60S_down	3.4642080614295336
GO:BP	GO:0006089	lactate metabolic process	0.00034941190804117057	True	"""The chemical reactions and pathways involving lactate, the anion of lactic acid."" [ISBN:0198547684]"	10	1705	6	21925	0.0035190615835777126	0.6	query_1	['GO:0032787']	16hr_60S_down	3.456662298241339
GO:BP	GO:0061727	methylglyoxal catabolic process to lactate	0.00034941190804117057	True	"""The chemical reactions and pathways resulting in the breakdown of methylglyoxal, CH3-CO-CHO, into lactate."" [GOC:dph, PMID:2198020]"	10	1705	6	21925	0.0035190615835777126	0.6	query_1	['GO:0006089', 'GO:0051596']	16hr_60S_down	3.456662298241339
GO:BP	GO:0001887	selenium compound metabolic process	0.00036126916210433007	True	"""The chemical reactions and pathways involving compounds that contain selenium, such as selenocysteine."" [PMID:12730456]"	4	1705	4	21925	0.002346041055718475	1.0	query_1	['GO:0008152']	16hr_60S_down	3.4421691081787467
GO:BP	GO:0034337	RNA folding	0.00036126916210433007	True	"""The process of assisting in the covalent and noncovalent assembly of single or multimeric RNAs into the correct tertiary structure."" [GOC:mah, PMID:10393192]"	4	1705	4	21925	0.002346041055718475	1.0	query_1	['GO:0009987']	16hr_60S_down	3.4421691081787467
GO:MF	GO:0008168	methyltransferase activity	0.0003637636876650788	True	"""Catalysis of the transfer of a methyl group to an acceptor molecule."" [ISBN:0198506732]"	377	1846	54	22878	0.02925243770314193	0.14323607427055704	query_1	['GO:0016741']	16hr_60S_down	3.4391806561075526
GO:MF	GO:0015035	protein-disulfide reductase activity	0.0003637636876650788	True	"""Catalysis of the reaction: a protein with reduced sulfide groups = a protein with oxidized disulfide bonds."" [PMID:7559385]"	27	1846	10	22878	0.005417118093174431	0.37037037037037035	query_1	['GO:0015036', 'GO:0140096']	16hr_60S_down	3.4391806561075526
GO:BP	GO:0001101	response to acid chemical	0.00037097034759984684	True	"""Any process that results in a change in state or activity of a cell or an organism (in terms of movement, secretion, enzyme production, gene expression, etc.) as a result of a stimulus by the chemical structure of the anion portion of a dissociated acid (rather than the acid acting as a proton donor). The acid chemical may be in gaseous, liquid or solid form."" [GOC:go_curators, GOC:rn]"	464	1705	61	21925	0.03577712609970674	0.1314655172413793	query_1	['GO:0042221']	16hr_60S_down	3.4306608030222185
GO:MF	GO:0008233	peptidase activity	0.00041735825672056234	True	"""Catalysis of the hydrolysis of a peptide bond. A peptide bond is a covalent bond formed when the carbon atom from the carboxyl group of one amino acid shares electrons with the nitrogen atom from the amino group of a second amino acid."" [EC:3.4.-.-, GOC:jl]"	648	1846	82	22878	0.044420368364030335	0.12654320987654322	query_1	['GO:0016787', 'GO:0140096']	16hr_60S_down	3.3794909903028882
GO:CC	GO:0010007	magnesium chelatase complex	0.00043309333900355164	True	"""A heterotrimeric enzyme complex composed of three subunits, all of which are required for enzyme activity, which catalyzes the chelation of Mg by proto IX in an ATP-dependent manner."" [PMID:11842180]"	4	1869	4	20029	0.002140181915462814	1.0	query_1	['GO:0009507', 'GO:1902494']	16hr_60S_down	3.363418495688877
GO:BP	GO:0009808	lignin metabolic process	0.00048660903796634246	True	"""The chemical reactions and pathways involving lignins, a class of polymers of phenylpropanoid units."" [GOC:lr, GOC:yl]"	75	1705	17	21925	0.00997067448680352	0.22666666666666666	query_1	['GO:0009698']	16hr_60S_down	3.312819829021192
GO:BP	GO:0006546	glycine catabolic process	0.0005064322314811316	True	"""The chemical reactions and pathways resulting in the breakdown of glycine, aminoethanoic acid."" [GOC:go_curators]"	7	1705	5	21925	0.002932551319648094	0.7142857142857143	query_1	['GO:0006544', 'GO:0009071', 'GO:0170040']	16hr_60S_down	3.295478661780304
GO:BP	GO:2000896	amylopectin metabolic process	0.0005064322314811316	True	"""The chemical reactions and pathways involving an amylopectin."" [GOC:mengo_curators]"	7	1705	5	21925	0.002932551319648094	0.7142857142857143	query_1	['GO:0043170', 'GO:1901135']	16hr_60S_down	3.295478661780304
GO:BP	GO:0010021	amylopectin biosynthetic process	0.0005064322314811316	True	"""The chemical reactions and pathways resulting in the formation of amylopectin, the (1->4) linked alpha glucose units with alpha-(1->6) linkages."" [ISBN:0943088399]"	7	1705	5	21925	0.002932551319648094	0.7142857142857143	query_1	['GO:0009059', 'GO:1901137', 'GO:2000896']	16hr_60S_down	3.295478661780304
GO:BP	GO:0031408	oxylipin biosynthetic process	0.000537062255195693	True	"""The chemical reactions and pathways resulting in the formation of any oxylipin, any of a group of biologically active compounds formed by oxidative metabolism of polyunsaturated fatty acids."" [GOC:mah, PMID:11960741]"	30	1705	10	21925	0.005865102639296188	0.3333333333333333	query_1	['GO:0031407', 'GO:0046394']	16hr_60S_down	3.2699753688239905
GO:BP	GO:0046653	tetrahydrofolate metabolic process	0.000537062255195693	True	"""The chemical reactions and pathways involving tetrahydrofolate, 5,6,7,8-tetrahydrofolic acid, a folate derivative bearing additional hydrogens on the pterin group."" [ISBN:0198506732]"	30	1705	10	21925	0.005865102639296188	0.3333333333333333	query_1	['GO:0006760']	16hr_60S_down	3.2699753688239905
GO:BP	GO:0009110	vitamin biosynthetic process	0.000537062255195693	True	"""The chemical reactions and pathways resulting in the formation of a vitamin, one of a number of unrelated organic substances that occur in many foods in small amounts and that are necessary in trace amounts for the normal metabolic functioning of the body."" [GOC:go_curators, ISBN:0198506732]"	98	1705	20	21925	0.011730205278592375	0.20408163265306123	query_1	['GO:0006766', 'GO:0044283']	16hr_60S_down	3.2699753688239905
GO:MF	GO:0046423	allene-oxide cyclase activity	0.0005491026544334019	True	"""Catalysis of the reaction: (9Z,13S,15Z)-12,13-epoxyoctadeca-9,11,15-trienoate = (15Z)-12-oxophyto-10,15-dienoate."" [EC:5.3.99.6, RHEA:22592]"	4	1846	4	22878	0.0021668472372697724	1.0	query_1	['GO:0009975', 'GO:0016860']	16hr_60S_down	3.2603464568497333
GO:MF	GO:0004462	lactoylglutathione lyase activity	0.0005491026544334019	True	"""Catalysis of the reaction: (R)-S-lactoylglutathione = glutathione + methylglyoxal."" [EC:4.4.1.5, RHEA:19069]"	4	1846	4	22878	0.0021668472372697724	1.0	query_1	['GO:0016846']	16hr_60S_down	3.2603464568497333
GO:MF	GO:0042578	phosphoric ester hydrolase activity	0.0005491026544334019	True	"""Catalysis of the reaction: RPO-R' + H2O = RPOOH + R'H. This reaction is the hydrolysis of any phosphoric ester bond, any ester formed from orthophosphoric acid, O=P(OH)3."" [GOC:jl]"	402	1846	56	22878	0.030335861321776816	0.13930348258706468	query_1	['GO:0016788']	16hr_60S_down	3.2603464568497333
GO:MF	GO:0004781	sulfate adenylyltransferase (ATP) activity	0.0005491026544334019	True	"""Catalysis of the reaction: ATP + H+ + sulfate = adenosine 5'-phosphosulfate + diphosphate."" [EC:2.7.7.4]"	4	1846	4	22878	0.0021668472372697724	1.0	query_1	['GO:0004779']	16hr_60S_down	3.2603464568497333
GO:BP	GO:0009112	nucleobase metabolic process	0.000568376173061132	True	"""The chemical reactions and pathways involving a nucleobase, a nitrogenous base that is a constituent of a nucleic acid, e.g. the purines: adenine, guanine, hypoxanthine, xanthine and the pyrimidines: cytosine, uracil, thymine."" [GOC:ma]"	36	1705	11	21925	0.0064516129032258064	0.3055555555555556	query_1	['GO:0055086']	16hr_60S_down	3.245364136453515
GO:BP	GO:0035999	tetrahydrofolate interconversion	0.0005934127454579193	True	"""The chemical reactions and pathways by which one-carbon (C1) units are transferred between tetrahydrofolate molecules, to synthesize other tetrahydrofolate molecules."" [GOC:yaf, PMID:1825999]"	15	1705	7	21925	0.004105571847507331	0.4666666666666667	query_1	['GO:0006730', 'GO:0046653']	16hr_60S_down	3.226643130040412
GO:BP	GO:0009089	lysine biosynthetic process via diaminopimelate	0.0005934127454579193	True	"""The chemical reactions and pathways resulting in the formation of lysine, via the intermediate diaminopimelate."" [GOC:go_curators]"	15	1705	7	21925	0.004105571847507331	0.4666666666666667	query_1	['GO:0009085', 'GO:0046451']	16hr_60S_down	3.226643130040412
GO:BP	GO:0006535	cysteine biosynthetic process from serine	0.0005934127454579193	True	"""The chemical reactions and pathways resulting in the formation of cysteine from other compounds, including serine."" [GOC:go_curators]"	15	1705	7	21925	0.004105571847507331	0.4666666666666667	query_1	['GO:0006563', 'GO:0019344']	16hr_60S_down	3.226643130040412
GO:BP	GO:0046451	diaminopimelate metabolic process	0.0005934127454579193	True	"""The chemical reactions and pathways involving diaminopimelate, the anion of the dicarboxylic acid 2,6-diaminoheptanedioic acid. It is an intermediate in lysine biosynthesis and as a component (as meso-diaminopimelate) of the peptidoglycan of Gram-negative bacterial cell walls."" [GOC:ai, ISBN:0198506732]"	15	1705	7	21925	0.004105571847507331	0.4666666666666667	query_1	['GO:0006520', 'GO:0043648', 'GO:1901568']	16hr_60S_down	3.226643130040412
GO:BP	GO:0009220	pyrimidine ribonucleotide biosynthetic process	0.0006229258272036577	True	"""The chemical reactions and pathways resulting in the formation of a pyrimidine ribonucleotide, a compound consisting of nucleoside (a pyrimidine base linked to a ribose sugar) esterified with a phosphate group at either the 3' or 5'-hydroxyl group of the sugar."" [GOC:go_curators, ISBN:0198506732]"	25	1705	9	21925	0.005278592375366569	0.36	query_1	['GO:0006221', 'GO:0009218', 'GO:0009260']	16hr_60S_down	3.2055636624161115
GO:BP	GO:0009218	pyrimidine ribonucleotide metabolic process	0.0006229258272036577	True	"""The chemical reactions and pathways involving a pyrimidine ribonucleotide, a compound consisting of nucleoside (a pyrimidine base linked to a ribose sugar) esterified with a phosphate group at either the 3' or 5'-hydroxyl group of the sugar."" [GOC:go_curators, ISBN:0198506732]"	25	1705	9	21925	0.005278592375366569	0.36	query_1	['GO:0006220', 'GO:0009259']	16hr_60S_down	3.2055636624161115
GO:BP	GO:0051259	protein complex oligomerization	0.0006297095532263215	True	"""The process of creating protein oligomers, compounds composed of a small number, usually between three and ten, of component monomers; protein oligomers may be composed of different or identical monomers. Oligomers may be formed by the polymerization of a number of monomers or the depolymerization of a large protein polymer."" [GOC:ai, PMID:18293929]"	49	1705	13	21925	0.007624633431085044	0.2653061224489796	query_1	['GO:0065003']	16hr_60S_down	3.200859718033487
MIRNA	MIRNA:ath-mir396b-5p	ath-mir396b-5p	0.000661025912215758	True	ath-mir396b-5p	9	7	5	66	0.7142857142857143	0.5555555555555556	query_1	['MIRNA:000000']	16hr_60S_down	3.179781515836984
MIRNA	MIRNA:ath-mir396a-5p	ath-mir396a-5p	0.000661025912215758	True	ath-mir396a-5p	9	7	5	66	0.7142857142857143	0.5555555555555556	query_1	['MIRNA:000000']	16hr_60S_down	3.179781515836984
GO:BP	GO:0019319	hexose biosynthetic process	0.0006633247754912823	True	"""The chemical reactions and pathways resulting in the formation of hexose, any monosaccharide with a chain of six carbon atoms in the molecule."" [ISBN:0198506732]"	20	1705	8	21925	0.00469208211143695	0.4	query_1	['GO:0019318', 'GO:0046364']	16hr_60S_down	3.1782737812962187
GO:BP	GO:0009438	methylglyoxal metabolic process	0.0006662873706040239	True	"""The chemical reactions and pathways involving methylglyoxal, CH3-CO-CHO, the aldehyde of pyruvic acid."" [GOC:ai]"	11	1705	6	21925	0.0035190615835777126	0.5454545454545454	query_1	['GO:0006081', 'GO:0042180']	16hr_60S_down	3.176338418652867
GO:BP	GO:0044036	cell wall macromolecule metabolic process	0.0006662873706040239	True	"""The chemical reactions and pathways involving macromolecules forming, or destined to form, part of the cell wall. A cell wall is a rigid or semi-rigid envelope lying outside the cell membrane of plant, fungal and most prokaryotic cells, maintaining their shape and protecting them from osmotic lysis."" [GOC:jl, GOC:mah]"	165	1705	28	21925	0.016422287390029325	0.1696969696969697	query_1	['GO:0043170', 'GO:0071554']	16hr_60S_down	3.176338418652867
GO:BP	GO:0042182	ketone catabolic process	0.0006662873706040239	True	"""The chemical reactions and pathways resulting in the breakdown of ketones, a class of organic compounds that contain the carbonyl group, CO, and in which the carbonyl group is bonded only to carbon atoms. The general formula for a ketone is RCOR, where R and R are alkyl or aryl groups."" [GOC:go_curators]"	11	1705	6	21925	0.0035190615835777126	0.5454545454545454	query_1	['GO:0042180', 'GO:0044282']	16hr_60S_down	3.176338418652867
GO:BP	GO:0051596	methylglyoxal catabolic process	0.0006662873706040239	True	"""The chemical reactions and pathways resulting in the breakdown of methylglyoxal, CH3-CO-CHO, the aldehyde of pyruvic acid."" [GOC:ai]"	11	1705	6	21925	0.0035190615835777126	0.5454545454545454	query_1	['GO:0009438', 'GO:0042182', 'GO:0046185']	16hr_60S_down	3.176338418652867
GO:BP	GO:0048731	system development	0.000685814598891384	True	"""The process whose specific outcome is the progression of an organismal system over time, from its formation to the mature structure. A system is a regularly interacting or interdependent group of organs or tissues that work together to carry out a given biological process."" [GOC:dph, GOC:jid]"	2117	1705	211	21925	0.12375366568914956	0.09966934341048654	query_1	['GO:0007275', 'GO:0048856']	16hr_60S_down	3.163793274323892
GO:BP	GO:0009167	purine ribonucleoside monophosphate metabolic process	0.0007003191431495894	True	"""The chemical reactions and pathways involving purine ribonucleoside monophosphate, a compound consisting of a purine base linked to a ribose sugar esterified with phosphate on the sugar."" [GOC:go_curators, ISBN:0198506732]"	31	1705	10	21925	0.005865102639296188	0.3225806451612903	query_1	['GO:0009126', 'GO:0009161']	16hr_60S_down	3.154704002096098
GO:BP	GO:0009126	purine nucleoside monophosphate metabolic process	0.0007003191431495894	True	"""The chemical reactions and pathways involving purine nucleoside monophosphate, a compound consisting of a purine base linked to a ribose or deoxyribose sugar esterified with phosphate on the sugar."" [GOC:go_curators, ISBN:0198506732]"	31	1705	10	21925	0.005865102639296188	0.3225806451612903	query_1	['GO:0009123']	16hr_60S_down	3.154704002096098
GO:BP	GO:0045333	cellular respiration	0.0007062225573869966	True	"""The enzymatic release of energy from inorganic and organic compounds (especially carbohydrates and fats) which either requires oxygen (aerobic respiration) or does not (anaerobic respiration)."" [GOC:das, ISBN:0140513590, ISBN:0198506732]"	124	1705	23	21925	0.013489736070381233	0.18548387096774194	query_1	['GO:0015980']	16hr_60S_down	3.15105841479297
GO:MF	GO:0016840	carbon-nitrogen lyase activity	0.000759938231372196	True	"""Catalysis of the release of ammonia or one of its derivatives, with the formation of a double bond or ring. Enzymes with this activity may catalyze the actual elimination of the ammonia, amine or amide, e.g. CH-CH(-NH-R) = C=CH- + NH2-R. Others, however, catalyze elimination of another component, e.g. water, which is followed by spontaneous reactions that lead to breakage of the C-N bond, e.g. L-serine ammonia-lyase (EC:4.3.1.17), so that the overall reaction is C(-OH)-CH(-NH2) = CH2-CO- + NH3, i.e. an elimination with rearrangement. The sub-subclasses of EC:4.3 are the ammonia-lyases (EC:4.3.1), lyases acting on amides, amidines, etc. (EC:4.3.2), the amine-lyases (EC:4.3.3), and other carbon-nitrogen lyases (EC:4.3.99)."" [EC:4.3.-.-]"	19	1846	8	22878	0.004333694474539545	0.42105263157894735	query_1	['GO:0016829']	16hr_60S_down	3.1192217062249914
GO:MF	GO:0072341	modified amino acid binding	0.000759938231372196	True	"""Binding to a modified amino acid."" [GOC:mah]"	19	1846	8	22878	0.004333694474539545	0.42105263157894735	query_1	['GO:0005488']	16hr_60S_down	3.1192217062249914
GO:BP	GO:0031669	cellular response to nutrient levels	0.000774396034865132	True	"""Any process that results in a change in state or activity of a cell (in terms of movement, secretion, enzyme production, gene expression, etc.) as a result of a stimulus reflecting the presence, absence, or concentration of nutrients."" [GOC:mah]"	158	1705	27	21925	0.015835777126099706	0.17088607594936708	query_1	['GO:0031667', 'GO:0051716']	16hr_60S_down	3.1110368794091174
GO:BP	GO:0051246	regulation of protein metabolic process	0.0008269219459482173	True	"""Any process that modulates the frequency, rate or extent of the chemical reactions and pathways involving a protein."" [GOC:ai]"	211	1705	33	21925	0.01935483870967742	0.15639810426540285	query_1	['GO:0019538', 'GO:0060255', 'GO:0080090']	16hr_60S_down	3.082535482036068
GO:BP	GO:0006071	glycerol metabolic process	0.0008510318348156184	True	"""The chemical reactions and pathways involving glycerol, 1,2,3-propanetriol, a sweet, hygroscopic, viscous liquid, widely distributed in nature as a constituent of many lipids."" [GOC:ai, ISBN:0198506732]"	26	1705	9	21925	0.005278592375366569	0.34615384615384615	query_1	['GO:0019400']	16hr_60S_down	3.0700541938212154
GO:BP	GO:0170041	non-proteinogenic amino acid metabolic process	0.0009233564848146411	True	"""The chemical reactions and pathways involving non-proteingenic amino acids."" [GOC:ew]"	38	1705	11	21925	0.0064516129032258064	0.2894736842105263	query_1	['GO:0006520', 'GO:0019752']	16hr_60S_down	3.0346305963759406
GO:BP	GO:0031407	oxylipin metabolic process	0.0009302965588197901	True	"""The chemical reactions and pathways involving any oxylipin, any of a group of biologically active compounds formed by oxidative metabolism of polyunsaturated fatty acids."" [GOC:mah, PMID:11960741]"	32	1705	10	21925	0.005865102639296188	0.3125	query_1	['GO:0019752']	16hr_60S_down	3.0313785855015087
GO:BP	GO:0009063	amino acid catabolic process	0.0009403966376993033	True	"""The chemical reactions and pathways resulting in the breakdown of amino acids, organic acids containing one or more amino substituents."" [GOC:ai]"	72	1705	16	21925	0.0093841642228739	0.2222222222222222	query_1	['GO:0006520', 'GO:0009056']	16hr_60S_down	3.0266889323238417
GO:BP	GO:0006573	valine metabolic process	0.0009522386329413959	True	"""The chemical reactions and pathways involving valine, 2-amino-3-methylbutanoic acid."" [GOC:ai]"	21	1705	8	21925	0.00469208211143695	0.38095238095238093	query_1	['GO:0009081', 'GO:1901605']	16hr_60S_down	3.021254202894154
GO:MF	GO:0016857	racemase and epimerase activity, acting on carbohydrates and derivatives	0.000957409589729337	True	"""Catalysis of a reaction that alters the configuration of one or more chiral centers in a carbohydrate molecule."" [EC:5.1.3.-, GOC:mah]"	30	1846	10	22878	0.005417118093174431	0.3333333333333333	query_1	['GO:0016854']	16hr_60S_down	3.018902226795917
GO:MF	GO:0016717	oxidoreductase activity, acting on paired donors, with oxidation of a pair of donors resulting in the reduction of molecular oxygen to two molecules of water	0.000957409589729337	True	"""Catalysis of an oxidation-reduction (redox) reaction in which hydrogen or electrons are transferred from each of two donors, and molecular oxygen is reduced to two molecules of water."" [EC:1.14.19.-]"	30	1846	10	22878	0.005417118093174431	0.3333333333333333	query_1	['GO:0016705']	16hr_60S_down	3.018902226795917
GO:MF	GO:0016615	malate dehydrogenase activity	0.0009717061621043612	True	"""Catalysis of the reversible conversion of pyruvate or oxaloacetate to malate."" [GOC:mah, ISBN:0582227089]"	15	1846	7	22878	0.003791982665222102	0.4666666666666667	query_1	['GO:0016614']	16hr_60S_down	3.0124650431696818
GO:MF	GO:0016668	oxidoreductase activity, acting on a sulfur group of donors, NAD(P) as acceptor	0.0009717061621043612	True	"""Catalysis of an oxidation-reduction (redox) reaction in which a sulfur-containing group acts as a hydrogen or electron donor and reduces NAD or NADP."" [GOC:jl]"	15	1846	7	22878	0.003791982665222102	0.4666666666666667	query_1	['GO:0016667']	16hr_60S_down	3.0124650431696818
GO:MF	GO:0003746	translation elongation factor activity	0.0009717061621043612	True	"""Functions in chain elongation during polypeptide synthesis at the ribosome."" [ISBN:0198506732]"	68	1846	16	22878	0.00866738894907909	0.23529411764705882	query_1	['GO:0180051']	16hr_60S_down	3.0124650431696818
KEGG	KEGG:00592	alpha-Linolenic acid metabolism	0.001015756571359791	True	alpha-Linolenic acid metabolism	43	865	17	5300	0.019653179190751446	0.3953488372093023	query_1	['KEGG:00000']	16hr_60S_down	2.9932103593573824
GO:BP	GO:0007275	multicellular organism development	0.00102863676302815	True	"""The biological process whose specific outcome is the progression of a multicellular organism over time from an initial condition (e.g. a zygote or a young adult) to a later condition (e.g. a multicellular animal or an aged adult)."" [GOC:dph, GOC:ems, GOC:isa_complete, GOC:tb]"	2715	1705	261	21925	0.1530791788856305	0.09613259668508287	query_1	['GO:0032501', 'GO:0048856']	16hr_60S_down	2.987737958242664
GO:BP	GO:0009744	response to sucrose	0.0010316813154218148	True	"""Any process that results in a change in state or activity of a cell or an organism (in terms of movement, secretion, enzyme production, gene expression, etc.) as a result of a sucrose stimulus."" [GOC:jl]"	80	1705	17	21925	0.00997067448680352	0.2125	query_1	['GO:0034285']	16hr_60S_down	2.986454434809379
GO:BP	GO:0006109	regulation of carbohydrate metabolic process	0.0010316813154218148	True	"""Any process that modulates the frequency, rate or extent of the chemical reactions and pathways involving carbohydrates."" [GOC:go_curators]"	80	1705	17	21925	0.00997067448680352	0.2125	query_1	['GO:0005975', 'GO:0080090']	16hr_60S_down	2.986454434809379
GO:BP	GO:0033554	cellular response to stress	0.001039617749410237	True	"""Any process that results in a change in state or activity of a cell (in terms of movement, secretion, enzyme production, gene expression, etc.) as a result of a stimulus indicating the organism is under stress. The stress is usually, but not necessarily, exogenous (e.g. temperature, humidity, ionizing radiation)."" [GOC:mah]"	1085	1705	118	21925	0.06920821114369502	0.10875576036866359	query_1	['GO:0006950', 'GO:0051716']	16hr_60S_down	2.9831263143911873
KEGG	KEGG:00051	Fructose and mannose metabolism	0.0010493682526647068	True	Fructose and mannose metabolism	63	865	22	5300	0.025433526011560695	0.3492063492063492	query_1	['KEGG:00000']	16hr_60S_down	2.9790720789799665
GO:BP	GO:0006644	phospholipid metabolic process	0.0010574722573773727	True	"""The chemical reactions and pathways involving phospholipids, any lipid containing phosphoric acid as a mono- or diester."" [ISBN:0198506732]"	214	1705	33	21925	0.01935483870967742	0.1542056074766355	query_1	['GO:0006629', 'GO:0006796', 'GO:0019637']	16hr_60S_down	2.9757310174526497
GO:CC	GO:0009654	photosystem II oxygen evolving complex	0.001060047071133132	True	"""A complex, composed of a cluster of manganese, calcium and chloride ions bound to extrinsic proteins, that catalyzes the splitting of water to O2 and 4 H+. In cyanobacteria there are five extrinsic proteins in OEC (PsbO, PsbP-like, PsbQ-like, PsbU and PsbV), while in plants there are only three (PsbO, PsbP and PsbQ)."" [GOC:cjm, InterPro:IPR002683]"	24	1869	9	20029	0.004815409309791332	0.375	query_1	['GO:0009523', 'GO:0042651', 'GO:0098796', 'GO:1990204']	16hr_60S_down	2.9746748495658974
GO:MF	GO:0051920	peroxiredoxin activity	0.0010601386980866273	True	"""Catalysis of the reaction: [protein]-dithol + ROOH = [protein]-disulfide + H2O + ROH."" [RHEA:10008]"	11	1846	6	22878	0.0032502708559046588	0.5454545454545454	query_1	['GO:0004601']	16hr_60S_down	2.9746373122133702
GO:MF	GO:0140824	thioredoxin-dependent peroxiredoxin activity	0.0010601386980866273	True	"""Catalysis of the reaction: [thioredoxin]-dithiol + a hydroperoxide = [thioredoxin]-disulfide + an alcohol + H2O."" [PMID:12707274, PMID:19820102, RHEA:62620]"	11	1846	6	22878	0.0032502708559046588	0.5454545454545454	query_1	['GO:0051920']	16hr_60S_down	2.9746373122133702
GO:MF	GO:0016730	oxidoreductase activity, acting on iron-sulfur proteins as donors	0.0010601386980866273	True	"""Catalysis of an oxidation-reduction (redox) reaction in which an iron-sulfur protein acts as a hydrogen or electron donor and reduces a hydrogen or electron acceptor."" [GOC:ai]"	11	1846	6	22878	0.0032502708559046588	0.5454545454545454	query_1	['GO:0016491']	16hr_60S_down	2.9746373122133702
GO:BP	GO:0048856	anatomical structure development	0.0010776739437488502	True	"""The biological process whose specific outcome is the progression of an anatomical structure from an initial condition to its mature state. This process begins with the formation of the structure and ends with the mature structure, whatever form that may be including its natural destruction. An anatomical structure is any biological entity that occupies space and is distinguished from its surroundings. Anatomical structures can be macroscopic such as a carpel, or microscopic such as an acrosome."" [GO_REF:0000021]"	3166	1705	299	21925	0.175366568914956	0.09444093493367024	query_1	['GO:0032502']	16hr_60S_down	2.9675126174888984
GO:MF	GO:0051539	4 iron, 4 sulfur cluster binding	0.0011007759013083862	True	"""Binding to a 4 iron, 4 sulfur (4Fe-4S) cluster; this cluster consists of four iron atoms, with the inorganic sulfur atoms found between the irons and acting as bridging ligands."" [GOC:ai, PMID:15952888, Wikipedia:Iron-sulfur_cluster]"	62	1846	15	22878	0.008125677139761646	0.24193548387096775	query_1	['GO:0051536']	16hr_60S_down	2.958301086778759
GO:BP	GO:0009791	post-embryonic development	0.001105645426464744	True	"""The process whose specific outcome is the progression of the organism over time, from the completion of embryonic development to the mature structure. See embryonic development."" [GOC:go_curators]"	1667	1705	170	21925	0.09970674486803519	0.10197960407918416	query_1	['GO:0007275', 'GO:0032501']	16hr_60S_down	2.9563841262129267
GO:BP	GO:0046487	glyoxylate metabolic process	0.001113123593257314	True	"""The chemical reactions and pathways involving glyoxylate, the anion of glyoxylic acid, HOC-COOH."" [ISBN:0198506732]"	8	1705	5	21925	0.002932551319648094	0.625	query_1	['GO:0006081', 'GO:0032787']	16hr_60S_down	2.9534566120447616
GO:BP	GO:0006690	icosanoid metabolic process	0.001113123593257314	True	"""The chemical reactions and pathways involving icosanoids, any of a group of C20 polyunsaturated fatty acids."" [GOC:ma]"	8	1705	5	21925	0.002932551319648094	0.625	query_1	['GO:0019752']	16hr_60S_down	2.9534566120447616
GO:BP	GO:0010304	PSII associated light-harvesting complex II catabolic process	0.001113123593257314	True	"""The chemical reactions and pathways resulting in the breakdown of one or more components of the light-harvesting complex of photosystem II."" [GOC:mah, PMID:16157880]"	8	1705	5	21925	0.002932551319648094	0.625	query_1	['GO:0030163']	16hr_60S_down	2.9534566120447616
GO:BP	GO:0009071	serine family amino acid catabolic process	0.001113123593257314	True	"""The chemical reactions and pathways resulting in the breakdown of amino acids of the serine family, comprising cysteine, glycine, homoserine, selenocysteine and serine."" [GOC:ai]"	8	1705	5	21925	0.002932551319648094	0.625	query_1	['GO:0009069', 'GO:1901606']	16hr_60S_down	2.9534566120447616
GO:BP	GO:0006545	glycine biosynthetic process	0.001113123593257314	True	"""The chemical reactions and pathways resulting in the formation of glycine, aminoethanoic acid."" [GOC:go_curators]"	8	1705	5	21925	0.002932551319648094	0.625	query_1	['GO:0006544', 'GO:0009070', 'GO:0170038']	16hr_60S_down	2.9534566120447616
GO:BP	GO:0006591	ornithine metabolic process	0.001113123593257314	True	"""The chemical reactions and pathways involving ornithine, an amino acid only rarely found in proteins, but which is important in living organisms as an intermediate in the reactions of the urea cycle and in arginine biosynthesis."" [GOC:jl, ISBN:0192801023]"	8	1705	5	21925	0.002932551319648094	0.625	query_1	['GO:0170041', 'GO:1901605']	16hr_60S_down	2.9534566120447616
GO:BP	GO:0006636	unsaturated fatty acid biosynthetic process	0.0011186917172163347	True	"""The chemical reactions and pathways resulting in the formation of an unsaturated fatty acid, any fatty acid containing one or more double bonds between carbon atoms."" [GOC:mah, MetaCyc:PWY-762, MetaCyc:PWY-782]"	27	1705	9	21925	0.005278592375366569	0.3333333333333333	query_1	['GO:0006633', 'GO:0033559']	16hr_60S_down	2.951289577419663
GO:BP	GO:0031647	regulation of protein stability	0.0011186917172163347	True	"""Any process that affects the structure and integrity of a protein, altering the likelihood of its degradation or aggregation."" [GOC:dph, GOC:mah, GOC:tb]"	27	1705	9	21925	0.005278592375366569	0.3333333333333333	query_1	['GO:0065008']	16hr_60S_down	2.951289577419663
GO:BP	GO:0010207	photosystem II assembly	0.0011186917172163347	True	"""The aggregation, arrangement and bonding together of a set of components to form a photosystem II complex on the thylakoid membrane. The photosystem II complex consists of at least 20 polypeptides and around 80 cofactors in most organisms."" [GOC:aa, GOC:pz]"	27	1705	9	21925	0.005278592375366569	0.3333333333333333	query_1	['GO:0019684', 'GO:0065003']	16hr_60S_down	2.951289577419663
GO:BP	GO:0009684	indoleacetic acid biosynthetic process	0.0011335396156223897	True	"""The chemical reactions and pathways resulting in the formation of indole-3-acetic acid, a compound which functions as a growth regulator in plants."" [ISBN:0387969845]"	12	1705	6	21925	0.0035190615835777126	0.5	query_1	['GO:0009683', 'GO:0009851', 'GO:0042435', 'GO:0072330']	16hr_60S_down	2.9455632972881873
GO:BP	GO:0006566	threonine metabolic process	0.0011335396156223897	True	"""The chemical reactions and pathways involving threonine (2-amino-3-hydroxybutyric acid), a polar, uncharged, essential amino acid found in peptide linkage in proteins."" [GOC:jl, ISBN:0198506732]"	12	1705	6	21925	0.0035190615835777126	0.5	query_1	['GO:0009066']	16hr_60S_down	2.9455632972881873
GO:BP	GO:0070887	cellular response to chemical stimulus	0.0011335396156223897	True	"""Any process that results in a change in state or activity of a cell (in terms of movement, secretion, enzyme production, gene expression, etc.) as a result of a chemical stimulus."" [GOC:mah]"	1669	1705	170	21925	0.09970674486803519	0.10185739964050329	query_1	['GO:0042221', 'GO:0051716']	16hr_60S_down	2.9455632972881873
GO:BP	GO:0051641	cellular localization	0.0011471804887934287	True	"""A cellular localization process whereby a substance or cellular entity, such as a protein complex or organelle, is transported to, and/or maintained in, a specific location within a cell including the localization of substances or cellular entities to the cell membrane."" [GOC:tb, GOC:vw]"	969	1705	107	21925	0.06275659824046921	0.11042311661506708	query_1	['GO:0009987', 'GO:0051179']	16hr_60S_down	2.940368248079176
GO:MF	GO:0019001	guanyl nucleotide binding	0.0011521976387511056	True	"""Binding to a guanyl nucleotide, consisting of guanosine esterified with (ortho)phosphate."" [ISBN:0198506732]"	358	1846	50	22878	0.027085590465872156	0.13966480446927373	query_1	['GO:0017076']	16hr_60S_down	2.9384730191272115
GO:MF	GO:0032561	guanyl ribonucleotide binding	0.0011521976387511056	True	"""Binding to a guanyl ribonucleotide, any compound consisting of guanosine esterified with (ortho)phosphate or an oligophosphate at any hydroxyl group on the ribose moiety."" [GOC:mah]"	358	1846	50	22878	0.027085590465872156	0.13966480446927373	query_1	['GO:0019001', 'GO:0032555']	16hr_60S_down	2.9384730191272115
GO:MF	GO:0016628	oxidoreductase activity, acting on the CH-CH group of donors, NAD or NADP as acceptor	0.0011521976387511056	True	"""Catalysis of an oxidation-reduction (redox) reaction in which a CH-CH group acts as a hydrogen or electron donor and reduces NAD or NADP."" [EC:1.3.1.-]"	49	1846	13	22878	0.007042253521126761	0.2653061224489796	query_1	['GO:0016627']	16hr_60S_down	2.9384730191272115
GO:BP	GO:0070727	cellular macromolecule localization	0.0011556283321064148	True	"""Any process in which a macromolecule is transported to, and/or maintained in, a specific location at the level of a cell. Localization at the cellular level encompasses movement within the cell, from within the cell to the cell surface, or from one location to another at the surface of a cell."" [GOC:mah]"	840	1705	95	21925	0.05571847507331378	0.1130952380952381	query_1	['GO:0033036', 'GO:0051641']	16hr_60S_down	2.9371818192623826
GO:MF	GO:0016878	acid-thiol ligase activity	0.0012014551147641293	True	"""Catalysis of the joining of an acid and a thiol via a carbon-sulfur bond, with the concomitant hydrolysis of the diphosphate bond in ATP or a similar triphosphate."" [EC:6.2.1.-, GOC:mah]"	31	1846	10	22878	0.005417118093174431	0.3225806451612903	query_1	['GO:0016877']	16hr_60S_down	2.920292449391401
GO:BP	GO:0072522	purine-containing compound biosynthetic process	0.0012062457030986432	True	"""The chemical reactions and pathways resulting in the formation of a purine-containing compound, i.e. any compound that contains purine or a formal derivative thereof."" [GOC:mah]"	129	1705	23	21925	0.013489736070381233	0.17829457364341086	query_1	['GO:0009058', 'GO:0072521']	16hr_60S_down	2.9185642206938485
GO:MF	GO:0005525	GTP binding	0.0012146151317255893	True	"""Binding to GTP, guanosine triphosphate."" [GOC:ai]"	331	1846	47	22878	0.025460455037919827	0.1419939577039275	query_1	['GO:0032561', 'GO:0035639']	16hr_60S_down	2.9155613127211204
GO:BP	GO:0070542	response to fatty acid	0.0012835265265033105	True	"""Any process that results in a change in state or activity of a cell or an organism (in terms of movement, secretion, enzyme production, gene expression, etc.) as a result of a fatty acid stimulus."" [GOC:lp]"	235	1705	35	21925	0.020527859237536656	0.14893617021276595	query_1	['GO:0033993', 'GO:1901700']	16hr_60S_down	2.891595151382903
GO:BP	GO:0010383	cell wall polysaccharide metabolic process	0.0012948780137590256	True	"""The chemical reactions and pathways involving cell wall polysaccharides."" [GOC:tair_curators]"	138	1705	24	21925	0.01407624633431085	0.17391304347826086	query_1	['GO:0005976', 'GO:0044036']	16hr_60S_down	2.887771143124571
GO:BP	GO:0016072	rRNA metabolic process	0.00130804306169754	True	"""The chemical reactions and pathways involving rRNA, ribosomal RNA, a structural constituent of ribosomes."" [ISBN:0198506732]"	199	1705	31	21925	0.01818181818181818	0.15577889447236182	query_1	['GO:0016070']	16hr_60S_down	2.8833779584966237
KEGG	KEGG:00020	Citrate cycle (TCA cycle)	0.0013138827365764148	True	Citrate cycle (TCA cycle)	64	865	22	5300	0.025433526011560695	0.34375	query_1	['KEGG:00000']	16hr_60S_down	2.8814433936273214
GO:BP	GO:0034285	response to disaccharide	0.0013248843771531682	True	"""Any process that results in a change in state or activity of a cell or an organism (in terms of movement, secretion, enzyme production, gene expression, etc.) as a result of a disaccharide stimulus."" [GOC:sart]"	82	1705	17	21925	0.00997067448680352	0.2073170731707317	query_1	['GO:0009743']	16hr_60S_down	2.8778220210142713
GO:BP	GO:0042254	ribosome biogenesis	0.0013248843771531682	True	"""A cellular process that results in the biosynthesis of constituent macromolecules, assembly, and arrangement of constituent parts of ribosome subunits; includes transport to the sites of protein synthesis."" [GOC:ma, PMID:26404467, Wikipedia:Ribosome_biogenesis]"	254	1705	37	21925	0.021700879765395895	0.14566929133858267	query_1	['GO:0022613']	16hr_60S_down	2.8778220210142713
GO:BP	GO:0032984	protein-containing complex disassembly	0.0013253057561078401	True	"""The disaggregation of a protein-containing macromolecular complex into its constituent components."" [GOC:mah]"	60	1705	14	21925	0.008211143695014663	0.23333333333333334	query_1	['GO:0022411', 'GO:0043933']	16hr_60S_down	2.877683915786235
GO:BP	GO:0048564	photosystem I assembly	0.001329067694722795	True	"""The aggregation, arrangement and bonding together of a set of components to form a photosystem I complex on the thylakoid membrane."" [GOC:go_curators]"	17	1705	7	21925	0.004105571847507331	0.4117647058823529	query_1	['GO:0019684', 'GO:0065003']	16hr_60S_down	2.8764528981424182
GO:BP	GO:0009129	pyrimidine nucleoside monophosphate metabolic process	0.001329067694722795	True	"""The chemical reactions and pathways involving pyrimidine nucleoside monophosphate, a compound consisting of a pyrimidine base linked to a ribose or deoxyribose sugar esterified with phosphate on the sugar."" [GOC:go_curators, ISBN:0198506732]"	17	1705	7	21925	0.004105571847507331	0.4117647058823529	query_1	['GO:0009123']	16hr_60S_down	2.8764528981424182
GO:BP	GO:0016145	S-glycoside catabolic process	0.001329067694722795	True	"""The chemical reactions and pathways resulting in the breakdown of S-glycosides, any compound in which a glycosyl group has been substituted into a thiol group."" [ISBN:0198506732]"	17	1705	7	21925	0.004105571847507331	0.4117647058823529	query_1	['GO:0016143', 'GO:0044273', 'GO:1901658']	16hr_60S_down	2.8764528981424182
GO:BP	GO:0009085	lysine biosynthetic process	0.001329067694722795	True	"""The chemical reactions and pathways resulting in the formation of lysine, 2,6-diaminohexanoic acid."" [GOC:go_curators]"	17	1705	7	21925	0.004105571847507331	0.4117647058823529	query_1	['GO:0006553', 'GO:0009067']	16hr_60S_down	2.8764528981424182
GO:BP	GO:0019762	glucosinolate catabolic process	0.001329067694722795	True	"""The chemical reactions and pathways resulting in the breakdown of glucosinolates, substituted thioglucosides found in rapeseed products and related cruciferae."" [GOC:ai]"	17	1705	7	21925	0.004105571847507331	0.4117647058823529	query_1	['GO:0016145', 'GO:0019760']	16hr_60S_down	2.8764528981424182
GO:BP	GO:0006206	pyrimidine nucleobase metabolic process	0.001329067694722795	True	"""The chemical reactions and pathways involving pyrimidine nucleobases, 1,3-diazine, organic nitrogenous bases."" [GOC:go_curators]"	17	1705	7	21925	0.004105571847507331	0.4117647058823529	query_1	['GO:0009112', 'GO:0072527']	16hr_60S_down	2.8764528981424182
GO:BP	GO:0042594	response to starvation	0.0013581703117800793	True	"""Any process that results in a change in state or activity of a cell or an organism (in terms of movement, secretion, enzyme production, gene expression, etc.) as a result of a starvation stimulus, deprivation of nourishment."" [GOC:go_curators]"	182	1705	29	21925	0.017008797653958945	0.15934065934065933	query_1	['GO:0006950', 'GO:0031667']	16hr_60S_down	2.8670457670006284
GO:BP	GO:0006531	aspartate metabolic process	0.0013581703117800793	True	"""The chemical reactions and pathways involving aspartate, the anion derived from aspartic acid, 2-aminobutanedioic acid."" [GOC:go_curators, ISBN:0198506732]"	5	1705	4	21925	0.002346041055718475	0.8	query_1	['GO:0009066', 'GO:0043648']	16hr_60S_down	2.8670457670006284
GO:BP	GO:0046398	UDP-glucuronate metabolic process	0.0013581703117800793	True	"""The chemical reactions and pathways involving UDP-glucuronate, a substance composed of glucuronic acid in glycosidic linkage with uridine diphosphate."" [GOC:ai]"	5	1705	4	21925	0.002346041055718475	0.8	query_1	['GO:0009225', 'GO:0019752']	16hr_60S_down	2.8670457670006284
GO:BP	GO:0006101	citrate metabolic process	0.0013581703117800793	True	"""The chemical reactions and pathways involving citrate, 2-hydroxy-1,2,3-propanetricarboyxlate. Citrate is widely distributed in nature and is an important intermediate in the TCA cycle and the glyoxylate cycle."" [ISBN:0198506732]"	5	1705	4	21925	0.002346041055718475	0.8	query_1	['GO:0072350']	16hr_60S_down	2.8670457670006284
GO:BP	GO:0006103	2-oxoglutarate metabolic process	0.0013581703117800793	True	"""The chemical reactions and pathways involving oxoglutarate, the dianion of 2-oxoglutaric acid. It is a key constituent of the TCA cycle and a key intermediate in amino-acid metabolism."" [ISBN:0198506732]"	5	1705	4	21925	0.002346041055718475	0.8	query_1	['GO:0043648']	16hr_60S_down	2.8670457670006284
GO:BP	GO:0043243	positive regulation of protein-containing complex disassembly	0.0013581703117800793	True	"""Any process that activates or increases the frequency, rate or extent of protein complex disassembly, the disaggregation of a protein complex into its constituent components."" [GOC:jl]"	5	1705	4	21925	0.002346041055718475	0.8	query_1	['GO:0032984', 'GO:0043244', 'GO:0051130']	16hr_60S_down	2.8670457670006284
GO:BP	GO:0042180	ketone metabolic process	0.0013781825696646056	True	"""The chemical reactions and pathways involving any of a class of organic compounds that contain the carbonyl group, CO, and in which the carbonyl group is bonded only to carbon atoms, as carried out by individual cells. The general formula for a ketone is RCOR, where R and R are alkyl or aryl groups."" [GOC:jl, ISBN:0787650153]"	106	1705	20	21925	0.011730205278592375	0.18867924528301888	query_1	['GO:0008152']	16hr_60S_down	2.8606932470540025
GO:BP	GO:0006084	acetyl-CoA metabolic process	0.0014260424950798202	True	"""The chemical reactions and pathways involving acetyl-CoA, a derivative of coenzyme A in which the sulfhydryl group is acetylated; it is a metabolite derived from several pathways (e.g. glycolysis, fatty acid oxidation, amino-acid catabolism) and is further metabolized by the tricarboxylic acid cycle. It is a key intermediate in lipid and terpenoid biosynthesis."" [ISBN:0198547684]"	28	1705	9	21925	0.005278592375366569	0.32142857142857145	query_1	['GO:0006637']	16hr_60S_down	2.8458675326162064
GO:BP	GO:1901701	cellular response to oxygen-containing compound	0.0014522646704301458	True	"""Any process that results in a change in state or activity of a cell (in terms of movement, secretion, enzyme production, gene expression, etc.) as a result of an oxygen-containing compound stimulus."" [GOC:pr, GOC:TermGenie]"	772	1705	88	21925	0.05161290322580645	0.11398963730569948	query_1	['GO:0070887', 'GO:1901700']	16hr_60S_down	2.8379542276906533
GO:BP	GO:1902221	erythrose 4-phosphate/phosphoenolpyruvate family amino acid metabolic process	0.001528683646691815	True	"""The chemical reactions and pathways involving erythrose 4-phosphate/phosphoenolpyruvate family amino acid."" [GOC:pr, GOC:TermGenie]"	61	1705	14	21925	0.008211143695014663	0.22950819672131148	query_1	['GO:0170033', 'GO:0170039']	16hr_60S_down	2.815682380324258
GO:BP	GO:0000302	response to reactive oxygen species	0.001532307890504531	True	"""Any process that results in a change in state or activity of a cell or an organism (in terms of movement, secretion, enzyme production, gene expression, etc.) as a result of a reactive oxygen species stimulus. Reactive oxygen species include singlet oxygen, superoxide, and oxygen free radicals."" [GOC:krc]"	140	1705	24	21925	0.01407624633431085	0.17142857142857143	query_1	['GO:0006979', 'GO:1901700']	16hr_60S_down	2.814653962045199
KEGG	KEGG:01212	Fatty acid metabolism	0.001560217155713962	True	Fatty acid metabolism	69	865	23	5300	0.026589595375722544	0.3333333333333333	query_1	['KEGG:00000']	16hr_60S_down	2.8068149510270506
GO:MF	GO:0016776	phosphotransferase activity, phosphate group as acceptor	0.0015974915783320235	True	"""Catalysis of the transfer of a phosphorus-containing group from one compound (donor) to a phosphate group (acceptor)."" [EC:2.7.4.-]"	32	1846	10	22878	0.005417118093174431	0.3125	query_1	['GO:0016772']	16hr_60S_down	2.796561422680405
GO:MF	GO:0016782	transferase activity, transferring sulphur-containing groups	0.0016045740472493638	True	"""Catalysis of the transfer of a sulfur-containing group from one compound (donor) to another (acceptor)."" [EC:2.8.-.-]"	38	1846	11	22878	0.005958829902491874	0.2894736842105263	query_1	['GO:0016740']	16hr_60S_down	2.794640236455811
GO:MF	GO:0016758	hexosyltransferase activity	0.0016146684736501962	True	"""Catalysis of the transfer of a hexosyl group from one compound (donor) to another (acceptor)."" [EC:2.4.1.-]"	354	1846	49	22878	0.026543878656554713	0.1384180790960452	query_1	['GO:0016757']	16hr_60S_down	2.7919166342272583
GO:MF	GO:0016791	phosphatase activity	0.0016469166746381583	True	"""Catalysis of the hydrolysis of a phosphoric monoester, releasing a phosphate."" [GOC:curators, GOC:pg]"	345	1846	48	22878	0.02600216684723727	0.1391304347826087	query_1	['GO:0042578']	16hr_60S_down	2.7833283733015817
GO:MF	GO:0051753	mannan synthase activity	0.0016665149993023679	True	"""Catalysis of the reaction: mannan(n) + GDP-mannose = mannan(n+1) + GDP. This reaction is the formation of the beta-(1->4)-linked mannan backbone in substrates such as galactomannan."" [PMID:14726589]"	8	1846	5	22878	0.0027085590465872156	0.625	query_1	['GO:0019187']	16hr_60S_down	2.7781907731616053
GO:MF	GO:0004332	fructose-bisphosphate aldolase activity	0.0016665149993023679	True	"""Catalysis of the reaction: beta-D-fructose 1,6-bisphosphate = D-glyceraldehyde 3-phosphate + dihydroxyacetone phosphate."" [EC:4.1.2.13]"	8	1846	5	22878	0.0027085590465872156	0.625	query_1	['GO:0016832']	16hr_60S_down	2.7781907731616053
GO:MF	GO:0043878	glyceraldehyde-3-phosphate dehydrogenase (NAD+) (non-phosphorylating) activity	0.0016665149993023679	True	"""Catalysis of the reaction: D-glyceraldehyde 3-phosphate + NAD+ + H2O = 3-phospho-D-glycerate + NADH + H+."" [PMID:9497334]"	8	1846	5	22878	0.0027085590465872156	0.625	query_1	['GO:0120533']	16hr_60S_down	2.7781907731616053
GO:MF	GO:0042802	identical protein binding	0.0016665149993023679	True	"""Binding to an identical protein or proteins."" [GOC:jl]"	412	1846	55	22878	0.029794149512459372	0.13349514563106796	query_1	['GO:0005515']	16hr_60S_down	2.7781907731616053
GO:MF	GO:0050660	flavin adenine dinucleotide binding	0.0016814612297796861	True	"""Binding to FAD, flavin-adenine dinucleotide, the coenzyme or the prosthetic group of various flavoprotein oxidoreductase enzymes, in either the oxidized form, FAD, or the reduced form, FADH2."" [GOC:ai, GOC:imk, ISBN:0198506732]"	158	1846	27	22878	0.014626218851570965	0.17088607594936708	query_1	['GO:0000166', 'GO:0043168']	16hr_60S_down	2.774313141960324
GO:BP	GO:0048608	reproductive structure development	0.0017269606054944717	True	"""The reproductive developmental process whose specific outcome is the progression of somatic structures that will be used in the process of creating new individuals from one or more parents, from their formation to the mature structures."" [GOC:dph, GOC:isa_complete, GOC:jid]"	1313	1705	137	21925	0.08035190615835777	0.10434120335110435	query_1	['GO:0003006', 'GO:0048856', 'GO:0061458']	16hr_60S_down	2.762717569213957
GO:BP	GO:0006479	protein methylation	0.0017307185201130759	True	"""The addition of a methyl group to a protein amino acid. A methyl group is derived from methane by the removal of a hydrogen atom."" [GOC:ai]"	23	1705	8	21925	0.00469208211143695	0.34782608695652173	query_1	['GO:0008213', 'GO:0043414']	16hr_60S_down	2.7617735589888164
GO:BP	GO:0046112	nucleobase biosynthetic process	0.0017307185201130759	True	"""The chemical reactions and pathways resulting in the formation of a nucleobase, a nitrogenous base that is a constituent of a nucleic acid."" [GOC:ai]"	23	1705	8	21925	0.00469208211143695	0.34782608695652173	query_1	['GO:0009058', 'GO:0009112']	16hr_60S_down	2.7617735589888164
GO:BP	GO:0008213	protein alkylation	0.0017307185201130759	True	"""The addition of an alkyl group to a protein amino acid. Alkyl groups are derived from alkanes by removal of one hydrogen atom."" [GOC:ma]"	23	1705	8	21925	0.00469208211143695	0.34782608695652173	query_1	['GO:0036211']	16hr_60S_down	2.7617735589888164
GO:BP	GO:0006413	translational initiation	0.0017483750609841133	True	"""The process preceding formation of the peptide bond between the first two amino acids of a protein. This includes the formation of a complex of the ribosome, mRNA or circRNA, and an initiation complex that contains the first aminoacyl-tRNA."" [ISBN:019879276X]"	108	1705	20	21925	0.011730205278592375	0.18518518518518517	query_1	['GO:0006412', 'GO:0008152']	16hr_60S_down	2.757365396962887
GO:MF	GO:0050997	quaternary ammonium group binding	0.0017526465989653349	True	"""Binding to a quaternary ammonium group, including glycine betaine, choline, carnitine and proline. A quaternary ammonium group is any compound that can be regarded as derived from ammonium hydroxide or an ammonium salt by replacement of all four hydrogen atoms of the NH4+ ion by organic groups."" [GOC:ai]"	12	1846	6	22878	0.0032502708559046588	0.5	query_1	['GO:0036094']	16hr_60S_down	2.756305645567337
GO:BP	GO:0006364	rRNA processing	0.001756560130842864	True	"""Any process involved in the conversion of a primary ribosomal RNA (rRNA) transcript into one or more mature rRNA molecules."" [GOC:curators]"	194	1705	30	21925	0.017595307917888565	0.15463917525773196	query_1	['GO:0006396', 'GO:0016072', 'GO:0042254']	16hr_60S_down	2.75533697878043
GO:BP	GO:0009683	indoleacetic acid metabolic process	0.0017883853284041125	True	"""The chemical reactions and pathways involving indole-3-acetic acid, a compound which functions as a growth regulator in plants."" [GOC:mah]"	13	1705	6	21925	0.0035190615835777126	0.46153846153846156	query_1	['GO:0009850', 'GO:0032787', 'GO:0042430']	16hr_60S_down	2.7475389016642557
GO:BP	GO:0009173	pyrimidine ribonucleoside monophosphate metabolic process	0.0017883853284041125	True	"""The chemical reactions and pathways involving pyrimidine ribonucleoside monophosphate, a compound consisting of a pyrimidine base linked to a ribose sugar esterified with phosphate on the sugar."" [GOC:go_curators, ISBN:0198506732]"	13	1705	6	21925	0.0035190615835777126	0.46153846153846156	query_1	['GO:0009129', 'GO:0009161']	16hr_60S_down	2.7475389016642557
GO:BP	GO:0061458	reproductive system development	0.001805084273410371	True	"""The progression of the reproductive system over time from its formation to the mature structure. The reproductive system consists of the organs that function in reproduction."" [GOC:dph]"	1315	1705	137	21925	0.08035190615835777	0.10418250950570342	query_1	['GO:0048731']	16hr_60S_down	2.7435025175130447
GO:BP	GO:0006635	fatty acid beta-oxidation	0.0018127697638470254	True	"""A fatty acid oxidation process that results in the complete oxidation of a long-chain fatty acid. Fatty acid beta-oxidation begins with the addition of coenzyme A to a fatty acid, and occurs by successive cycles of reactions during each of which the fatty acid is shortened by a two-carbon fragment removed as acetyl coenzyme A; the cycle continues until only two or three carbons remain (as acetyl-CoA or propionyl-CoA respectively)."" [GOC:mah, ISBN:0198506732]"	35	1705	10	21925	0.005865102639296188	0.2857142857142857	query_1	['GO:0009062', 'GO:0019395']	16hr_60S_down	2.74165735124938
GO:BP	GO:0043487	regulation of RNA stability	0.001817774667221531	True	"""Any process that modulates the propensity of RNA molecules to degradation. Includes processes that both stabilize and destabilize RNAs."" [GOC:jl]"	55	1705	13	21925	0.007624633431085044	0.23636363636363636	query_1	['GO:0006401', 'GO:0009894', 'GO:0010608', 'GO:0051252', 'GO:0065008']	16hr_60S_down	2.74045995326338
GO:BP	GO:0008104	protein localization	0.001880778100336666	True	"""Any process in which a protein is transported to, or maintained in, a specific location."" [GOC:ai]"	811	1705	91	21925	0.05337243401759531	0.11220715166461159	query_1	['GO:0070727']	16hr_60S_down	2.7256624407516377
GO:BP	GO:0050821	protein stabilization	0.0019013337529433677	True	"""Any process involved in maintaining the structure and integrity of a protein and preventing it from degradation or aggregation."" [GOC:ai]"	18	1705	7	21925	0.004105571847507331	0.3888888888888889	query_1	['GO:0031647']	16hr_60S_down	2.7209416420303225
GO:BP	GO:0044550	secondary metabolite biosynthetic process	0.001983556932147997	True	"""The chemical reactions and pathways resulting in the formation of secondary metabolites, the compounds that are not necessarily required for growth and maintenance of cells, and are often unique to a taxon."" [GOC:jl]"	160	1705	26	21925	0.015249266862170088	0.1625	query_1	['GO:0009058', 'GO:0019748']	16hr_60S_down	2.7025553298694973
GO:MF	GO:0004779	sulfate adenylyltransferase activity	0.0019995522774486785	True	"""Catalysis of the transfer of an adenylyl group from an adenosine nucleotide (ATP or ADP) to sulfate, forming adenylylsulfate."" [GOC:mah]"	5	1846	4	22878	0.0021668472372697724	0.8	query_1	['GO:0070566']	16hr_60S_down	2.699067236936463
GO:MF	GO:0016656	monodehydroascorbate reductase (NADH) activity	0.0019995522774486785	True	"""Catalysis of the reaction: 2 monodehydro-L-ascorbate radical + NADH + H+ = 2 L-ascorbate + NAD+."" [RHEA:14581]"	5	1846	4	22878	0.0021668472372697724	0.8	query_1	['GO:0016655']	16hr_60S_down	2.699067236936463
GO:MF	GO:0051003	ligase activity, forming nitrogen-metal bonds, forming coordination complexes	0.0019995522774486785	True	"""Catalysis of the ligation of two substances via a nitrogen-metal bond, forming a coordination complex."" [EC:6.6.1.-]"	5	1846	4	22878	0.0021668472372697724	0.8	query_1	['GO:0051002']	16hr_60S_down	2.699067236936463
GO:MF	GO:0003988	acetyl-CoA C-acyltransferase activity	0.0019995522774486785	True	"""Catalysis of the reaction: acyl-CoA + acetyl-CoA = CoA + 3-oxoacyl-CoA."" [RHEA:21564]"	5	1846	4	22878	0.0021668472372697724	0.8	query_1	['GO:0016408']	16hr_60S_down	2.699067236936463
GO:MF	GO:0051002	ligase activity, forming nitrogen-metal bonds	0.0019995522774486785	True	"""Catalysis of the joining of a metal ion to a molecule via a nitrogen-metal bond, with the concomitant hydrolysis of the diphosphate bond in ATP or a similar triphosphate."" [EC:6.6.-.-]"	5	1846	4	22878	0.0021668472372697724	0.8	query_1	['GO:0016874']	16hr_60S_down	2.699067236936463
GO:MF	GO:0016851	magnesium chelatase activity	0.0019995522774486785	True	"""Catalysis of the reaction: ATP + H2O + Mg2+ + protoporphyrin IX = ADP + 3 H+ + Mg-protoporphyrin IX + phosphate."" [RHEA:13961]"	5	1846	4	22878	0.0021668472372697724	0.8	query_1	['GO:0051003']	16hr_60S_down	2.699067236936463
GO:MF	GO:0035242	protein-arginine omega-N asymmetric methyltransferase activity	0.0019995522774486785	True	"""Catalysis of the addition of a second methyl group to methylated peptidyl-arginine. Methylation is on the same terminal nitrogen (omega nitrogen) residue that was previously methylated, resulting in asymmetrical peptidyl-N(omega),N(omega)-dimethylated arginine residues."" [PMID:14705965]"	5	1846	4	22878	0.0021668472372697724	0.8	query_1	['GO:0016274']	16hr_60S_down	2.699067236936463
GO:BP	GO:0043489	RNA stabilization	0.0020347675447750617	True	"""Prevention of degradation of RNA molecules."" [GOC:go_curators]"	9	1705	5	21925	0.002932551319648094	0.5555555555555556	query_1	['GO:0043487', 'GO:1902369']	16hr_60S_down	2.6914851981281167
GO:BP	GO:1902369	negative regulation of RNA catabolic process	0.0020347675447750617	True	"""Any process that stops, prevents or reduces the frequency, rate or extent of RNA catabolic process."" [GOC:bf, GOC:TermGenie, PMID:16640457]"	9	1705	5	21925	0.002932551319648094	0.5555555555555556	query_1	['GO:0006401', 'GO:0009895', 'GO:0051253']	16hr_60S_down	2.6914851981281167
GO:BP	GO:0018195	peptidyl-arginine modification	0.0020347675447750617	True	"""The modification of peptidyl-arginine."" [GOC:go_curators]"	9	1705	5	21925	0.002932551319648094	0.5555555555555556	query_1	['GO:0018193']	16hr_60S_down	2.6914851981281167
GO:BP	GO:0018216	peptidyl-arginine methylation	0.0020347675447750617	True	"""The addition of a methyl group to an arginine residue in a protein."" [GOC:mah]"	9	1705	5	21925	0.002932551319648094	0.5555555555555556	query_1	['GO:0006479', 'GO:0018195']	16hr_60S_down	2.6914851981281167
GO:BP	GO:0009267	cellular response to starvation	0.0020347675447750617	True	"""Any process that results in a change in state or activity of a cell (in terms of movement, secretion, enzyme production, gene expression, etc.) as a result of deprivation of nourishment."" [GOC:jl]"	143	1705	24	21925	0.01407624633431085	0.16783216783216784	query_1	['GO:0031669', 'GO:0033554', 'GO:0042594']	16hr_60S_down	2.6914851981281167
GO:BP	GO:0032501	multicellular organismal process	0.0020912387589242646	True	"""Any biological process, occurring at the level of a multicellular organism, pertinent to its function."" [GOC:curators, GOC:dph, GOC:isa_complete, GOC:tb]"	2966	1705	279	21925	0.16363636363636364	0.09406608226567768	query_1	['GO:0008150']	16hr_60S_down	2.6795963804947176
GO:BP	GO:0120252	hydrocarbon metabolic process	0.002144154890130088	True	"""The chemical reactions and pathways involving a hydrocarbon, a compound consisting of carbon and hydrogen only."" [GOC:krc, Wikipedia:Hydrocarbon]"	56	1705	13	21925	0.007624633431085044	0.23214285714285715	query_1	['GO:0008152']	16hr_60S_down	2.668743845145742
GO:BP	GO:0032502	developmental process	0.002282690106233549	True	"""A biological process whose specific outcome is the progression of an integrated living unit: an anatomical structure (which may be a subcellular structure, cell, tissue, or organ), or organism over time from an initial condition to a later condition."" [GOC:isa_complete]"	3256	1705	303	21925	0.17771260997067448	0.09305896805896806	query_1	['GO:0008150']	16hr_60S_down	2.6415530435197723
GO:BP	GO:0043244	regulation of protein-containing complex disassembly	0.0022965176483323814	True	"""Any process that modulates the frequency, rate or extent of protein complex disassembly, the disaggregation of a protein complex into its constituent components."" [GOC:jl]"	24	1705	8	21925	0.00469208211143695	0.3333333333333333	query_1	['GO:0032984', 'GO:0051128']	16hr_60S_down	2.638930212756871
GO:BP	GO:0030091	protein repair	0.0022965176483323814	True	"""The process of restoring a protein to its original state after damage by such things as oxidation or spontaneous decomposition of residues."" [GOC:mlg]"	24	1705	8	21925	0.00469208211143695	0.3333333333333333	query_1	['GO:0019538']	16hr_60S_down	2.638930212756871
GO:BP	GO:0044273	sulfur compound catabolic process	0.00238018594725254	True	"""The chemical reactions and pathways resulting in the breakdown of compounds that contain sulfur, such as the amino acids methionine and cysteine or the tripeptide glutathione."" [GOC:jl]"	30	1705	9	21925	0.005278592375366569	0.3	query_1	['GO:0006790', 'GO:0009056']	16hr_60S_down	2.62338911323291
GO:MF	GO:0016757	glycosyltransferase activity	0.002517403616386601	True	"""Catalysis of the transfer of a glycosyl group from one compound (donor) to another (acceptor)."" [GOC:jl, ISBN:0198506732]"	598	1846	73	22878	0.03954496208017335	0.12207357859531773	query_1	['GO:0016740']	16hr_60S_down	2.59904714825111
GO:BP	GO:0009642	response to light intensity	0.0025399223692137056	True	"""Any process that results in a change in state or activity of a cell or an organism (in terms of movement, secretion, enzyme production, gene expression, etc.) as a result of a light intensity stimulus."" [GOC:go_curators]"	154	1705	25	21925	0.01466275659824047	0.16233766233766234	query_1	['GO:0009416']	16hr_60S_down	2.5951795570561798
GO:MF	GO:0005509	calcium ion binding	0.002595980467956236	True	"""Binding to a calcium ion (Ca2+)."" [GOC:ai]"	260	1846	38	22878	0.020585048754062838	0.14615384615384616	query_1	['GO:0046872']	16hr_60S_down	2.585698579472107
GO:BP	GO:0005983	starch catabolic process	0.0026958353155381266	True	"""The chemical reactions and pathways resulting in the breakdown of starch, the most important reserve polysaccharide in plants."" [GOC:ai]"	19	1705	7	21925	0.004105571847507331	0.3684210526315789	query_1	['GO:0005982', 'GO:0009251']	16hr_60S_down	2.569306641712969
GO:BP	GO:0010143	cutin biosynthetic process	0.0026958353155381266	True	"""The chemical reactions and pathways resulting in the formation of cutin, a waxy substance, which combined with cellulose forms a substance nearly impervious to water and constituting the cuticle in plants."" [ISBN:0028623819]"	19	1705	7	21925	0.004105571847507331	0.3684210526315789	query_1	['GO:0009059', 'GO:0160062']	16hr_60S_down	2.569306641712969
GO:BP	GO:0160062	cutin-based cuticle development	0.0026958353155381266	True	"""The process whose specific outcome is the progression of the cutin-based cuticle over time, from its formation to the mature structure. Cutin-based cuticle is an extracellular structure composed of a covalently linked macromolecular scaffold of cutin and a variety of organic solvent-soluble lipids that are collectively termed waxes. Such structures are found on the external face of polysaccharide cell walls in land plants."" [PMID:23893170]"	19	1705	7	21925	0.004105571847507331	0.3684210526315789	query_1	['GO:0048856']	16hr_60S_down	2.569306641712969
GO:BP	GO:0019856	pyrimidine nucleobase biosynthetic process	0.0027416385600378627	True	"""The chemical reactions and pathways resulting in the formation of pyrimidine nucleobases, 1,3-diazine, organic nitrogenous bases."" [GOC:go_curators]"	14	1705	6	21925	0.0035190615835777126	0.42857142857142855	query_1	['GO:0006206', 'GO:0046112', 'GO:0072528']	16hr_60S_down	2.5619898003589383
GO:BP	GO:1905156	negative regulation of photosynthesis	0.0027416385600378627	True	"""Any process that stops, prevents or reduces the frequency, rate or extent of photosynthesis."" [GO_REF:0000058, GOC:TermGenie, PMID:7592491]"	14	1705	6	21925	0.0035190615835777126	0.42857142857142855	query_1	['GO:0009892', 'GO:0010109', 'GO:0015979']	16hr_60S_down	2.5619898003589383
GO:BP	GO:0016122	xanthophyll metabolic process	0.0027416385600378627	True	"""The chemical reactions and pathways involving xanthophylls, oxygen-containing carotenoids."" [ISBN:0198547684]"	14	1705	6	21925	0.0035190615835777126	0.42857142857142855	query_1	['GO:0016116']	16hr_60S_down	2.5619898003589383
GO:BP	GO:0042026	protein refolding	0.0027416385600378627	True	"""The process carried out by a cell that restores the biological activity of an unfolded or misfolded protein, using helper proteins such as chaperones."" [GOC:mb]"	14	1705	6	21925	0.0035190615835777126	0.42857142857142855	query_1	['GO:0006457']	16hr_60S_down	2.5619898003589383
GO:MF	GO:0016742	hydroxymethyl-, formyl- and related transferase activity	0.0027782265044593675	True	"""Catalysis of the transfer of a hydroxymethyl- or formyl group from one compound (donor) to another (acceptor)."" [EC:2.1.2.-, GOC:mah]"	13	1846	6	22878	0.0032502708559046588	0.46153846153846156	query_1	['GO:0016741']	16hr_60S_down	2.556232349805473
GO:MF	GO:0016811	hydrolase activity, acting on carbon-nitrogen (but not peptide) bonds, in linear amides	0.0027782265044593675	True	"""Catalysis of the hydrolysis of any non-peptide carbon-nitrogen bond in a linear amide."" [EC:3.5.1.-]"	54	1846	13	22878	0.007042253521126761	0.24074074074074073	query_1	['GO:0016810']	16hr_60S_down	2.556232349805473
GO:MF	GO:0008143	poly(A) binding	0.0027782265044593675	True	"""Binding to a sequence of adenylyl residues in an RNA molecule, such as the poly(A) tail, a sequence of adenylyl residues at the 3' end of eukaryotic mRNA."" [GOC:jl]"	13	1846	6	22878	0.0032502708559046588	0.46153846153846156	query_1	['GO:0070717']	16hr_60S_down	2.556232349805473
GO:MF	GO:0016879	ligase activity, forming carbon-nitrogen bonds	0.0027782265044593675	True	"""Catalysis of the joining of two molecules, or two groups within a single molecule, via a carbon-nitrogen bond, with the concomitant hydrolysis of the diphosphate bond in ATP or a similar triphosphate."" [EC:6.3.-.-]"	61	1846	14	22878	0.007583965330444204	0.22950819672131148	query_1	['GO:0016874']	16hr_60S_down	2.556232349805473
GO:CC	GO:0098807	chloroplast thylakoid membrane protein complex	0.0028428744275388134	True	"""A protein complex that is part of a chloroplast thylakoid membrane."" [GOC:dos]"	17	1869	7	20029	0.003745318352059925	0.4117647058823529	query_1	['GO:0009535', 'GO:0098796']	16hr_60S_down	2.546242323085286
GO:MF	GO:0046527	glucosyltransferase activity	0.0028652683107570085	True	"""Catalysis of the transfer of a glucosyl group to an acceptor molecule, typically another carbohydrate or a lipid."" [ISBN:0198506732]"	190	1846	30	22878	0.016251354279523293	0.15789473684210525	query_1	['GO:0016758']	16hr_60S_down	2.542834703391129
GO:MF	GO:0043130	ubiquitin binding	0.0028707396523753237	True	"""Binding to ubiquitin, a protein that when covalently bound to other cellular proteins marks them for proteolytic degradation."" [GOC:ecd]"	41	1846	11	22878	0.005958829902491874	0.2682926829268293	query_1	['GO:0032182']	16hr_60S_down	2.5420061919213524
GO:MF	GO:0016405	CoA-ligase activity	0.0029875497555965774	True	"""Catalysis of the reaction: substrate + ATP + CoASH = AMP + diphosphate + substrate-CoA."" [GOC:ai]"	29	1846	9	22878	0.004875406283856988	0.3103448275862069	query_1	['GO:0016877']	16hr_60S_down	2.5246848531061996
GO:MF	GO:0016863	intramolecular oxidoreductase activity, transposing C=C bonds	0.0029875497555965774	True	"""Catalysis of an oxidation-reduction (redox) reaction in which the hydrogen donor and acceptor are the same molecule, one or more carbon-carbon double bonds in the molecule are rearranged, and no oxidized product appears."" [EC:5.3.3.-, GOC:mah]"	9	1846	5	22878	0.0027085590465872156	0.5555555555555556	query_1	['GO:0016860']	16hr_60S_down	2.5246848531061996
GO:MF	GO:0030060	L-malate dehydrogenase (NAD+) activity	0.0029875497555965774	True	"""Catalysis of the reaction: (S)-malate + NAD+ = oxaloacetate + NADH + H+."" [RHEA:21432]"	9	1846	5	22878	0.0027085590465872156	0.5555555555555556	query_1	['GO:0016615', 'GO:0016616']	16hr_60S_down	2.5246848531061996
GO:MF	GO:0004602	glutathione peroxidase activity	0.0029875497555965774	True	"""Catalysis of the reaction: 2 glutathione + hydrogen peroxide = oxidized glutathione + 2 H2O."" [EC:1.11.1.9, PMID:36771108]"	9	1846	5	22878	0.0027085590465872156	0.5555555555555556	query_1	['GO:0004601']	16hr_60S_down	2.5246848531061996
GO:MF	GO:0043022	ribosome binding	0.0029875497555965774	True	"""Binding to a ribosome."" [GOC:go_curators]"	29	1846	9	22878	0.004875406283856988	0.3103448275862069	query_1	['GO:0043021']	16hr_60S_down	2.5246848531061996
GO:MF	GO:0019202	amino acid kinase activity	0.0029875497555965774	True	"""Catalysis of the transfer of a phosphate group, usually from ATP, to an amino acid substrate."" [GOC:jl]"	9	1846	5	22878	0.0027085590465872156	0.5555555555555556	query_1	['GO:0016301']	16hr_60S_down	2.5246848531061996
GO:MF	GO:0090599	alpha-glucosidase activity	0.0029875497555965774	True	"""Catalysis of the hydrolysis of terminal, non-reducing alpha-linked alpha-D-glucose residue with release of alpha-D-glucose."" [GOC:tb]"	9	1846	5	22878	0.0027085590465872156	0.5555555555555556	query_1	['GO:0015926']	16hr_60S_down	2.5246848531061996
GO:CC	GO:0010494	cytoplasmic stress granule	0.0030067714742968107	True	"""A dense aggregation in the cytosol composed of proteins and RNAs that appear when the cell is under stress."" [GOC:ans, PMID:17284590, PMID:17601829, PMID:17967451, PMID:20368989]"	22	1869	8	20029	0.004280363830925628	0.36363636363636365	query_1	['GO:0036464']	16hr_60S_down	2.521899578624909
GO:BP	GO:0072596	establishment of protein localization to chloroplast	0.0030376570640074105	True	"""The directed movement of a protein to a specific location in a chloroplast."" [GOC:mah]"	44	1705	11	21925	0.0064516129032258064	0.25	query_1	['GO:0072594', 'GO:0072598']	16hr_60S_down	2.51746125733825
GO:BP	GO:0000162	L-tryptophan biosynthetic process	0.0030534508610316475	True	"""The chemical reactions and pathways resulting in the formation of L-tryptophan, the chiral amino acid 2-amino-3-(1H-indol-3-yl)propanoic acid; L-tryptophan is synthesized from chorismate via anthranilate."" [GOC:mah, ISBN:0471331309, MetaCyc:TRPSYN-PWY]"	25	1705	8	21925	0.00469208211143695	0.32	query_1	['GO:0006568', 'GO:0009073', 'GO:0046219', 'GO:1902223']	16hr_60S_down	2.515209064682204
GO:BP	GO:0046219	indolalkylamine biosynthetic process	0.0030534508610316475	True	"""The chemical reactions and pathways resulting in the formation of indolalkylamines, indole or indole derivatives containing a primary, secondary, or tertiary amine group."" [GOC:curators]"	25	1705	8	21925	0.00469208211143695	0.32	query_1	['GO:0006586', 'GO:0042401', 'GO:0042435']	16hr_60S_down	2.515209064682204
GO:BP	GO:0019538	protein metabolic process	0.0030534508610316475	True	"""The chemical reactions and pathways involving a protein. Includes protein modification."" [GOC:ma]"	4407	1705	397	21925	0.23284457478005866	0.0900839573405945	query_1	['GO:0043170', 'GO:0044238']	16hr_60S_down	2.515209064682204
GO:BP	GO:0006414	translational elongation	0.003107553693293855	True	"""The successive addition of amino acid residues to a nascent polypeptide chain during protein biosynthesis."" [GOC:ems]"	81	1705	16	21925	0.0093841642228739	0.19753086419753085	query_1	['GO:0006412', 'GO:0009059']	16hr_60S_down	2.5075813587443125
GO:BP	GO:0050658	RNA transport	0.003107553693293855	True	"""The directed movement of RNA, ribonucleic acids, into, out of or within a cell, or between cells, by means of some agent such as a transporter or pore."" [GOC:ai]"	81	1705	16	21925	0.0093841642228739	0.19753086419753085	query_1	['GO:0050657', 'GO:0051236']	16hr_60S_down	2.5075813587443125
GO:BP	GO:0051236	establishment of RNA localization	0.003107553693293855	True	"""The directed movement of RNA to a specific location."" [GOC:ai]"	81	1705	16	21925	0.0093841642228739	0.19753086419753085	query_1	['GO:0006403', 'GO:0051234']	16hr_60S_down	2.5075813587443125
GO:BP	GO:0050657	nucleic acid transport	0.003107553693293855	True	"""The directed movement of nucleic acids, single or double-stranded polynucleotides involved in the storage, transmission and transfer of genetic information, into, out of or within a cell, or between cells, by means of some agent such as a transporter or pore."" [GOC:ai, ISBN:0198506732]"	81	1705	16	21925	0.0093841642228739	0.19753086419753085	query_1	['GO:0015931']	16hr_60S_down	2.5075813587443125
GO:BP	GO:0006164	purine nucleotide biosynthetic process	0.003144559684406665	True	"""The chemical reactions and pathways resulting in the formation of a purine nucleotide, a compound consisting of nucleoside (a purine base linked to a deoxyribose or ribose sugar) esterified with a phosphate group at either the 3' or 5'-hydroxyl group of the sugar."" [GOC:go_curators, ISBN:0198506732]"	89	1705	17	21925	0.00997067448680352	0.19101123595505617	query_1	['GO:0006163', 'GO:0009165', 'GO:0072522']	16hr_60S_down	2.5024401578562543
GO:BP	GO:0042450	L-arginine biosynthetic process via ornithine	0.0032471955526302463	True	"""The chemical reactions and pathways resulting in the formation of arginine (2-amino-5-guanidinopentanoic acid) via the intermediate compound ornithine."" [GOC:jl]"	3	1705	3	21925	0.0017595307917888563	1.0	query_1	['GO:0006526', 'GO:0006591']	16hr_60S_down	2.4884915565015207
GO:BP	GO:0050993	dimethylallyl diphosphate metabolic process	0.0032471955526302463	True	"""The chemical reactions and pathways involving dimethylallyl diphosphate."" [GOC:ai]"	3	1705	3	21925	0.0017595307917888563	1.0	query_1	['GO:0006644']	16hr_60S_down	2.4884915565015207
GO:BP	GO:0019919	peptidyl-arginine methylation, to asymmetrical-dimethyl arginine	0.0032471955526302463	True	"""The process of methylation of peptidyl-arginine to form peptidyl-N(omega),N(omega)-dimethyl-L-arginine."" [RESID:AA0068, RESID:AA0069]"	3	1705	3	21925	0.0017595307917888563	1.0	query_1	['GO:0035247']	16hr_60S_down	2.4884915565015207
GO:BP	GO:0035247	peptidyl-arginine omega-N-methylation	0.0032471955526302463	True	"""The addition of a methyl group onto a terminal nitrogen (omega nitrogen) atom of an arginine residue in a protein."" [PMID:14705965, RESID:AA0067, RESID:AA0068, RESID:AA0069]"	3	1705	3	21925	0.0017595307917888563	1.0	query_1	['GO:0035246']	16hr_60S_down	2.4884915565015207
GO:BP	GO:0050992	dimethylallyl diphosphate biosynthetic process	0.0032471955526302463	True	"""The chemical reactions and pathways resulting in the formation of dimethylallyl diphosphate."" [GOC:ai]"	3	1705	3	21925	0.0017595307917888563	1.0	query_1	['GO:0008654', 'GO:0050993']	16hr_60S_down	2.4884915565015207
GO:BP	GO:0097054	L-glutamate biosynthetic process	0.0032471955526302463	True	"""The chemical reactions and pathways resulting in the formation of L-glutamate, the L enantiomer anion of 2-aminopentanedioic acid."" [GOC:yaf]"	3	1705	3	21925	0.0017595307917888563	1.0	query_1	['GO:0006537']	16hr_60S_down	2.4884915565015207
GO:BP	GO:0006537	glutamate biosynthetic process	0.0032471955526302463	True	"""The chemical reactions and pathways resulting in the formation of glutamate, the anion of 2-aminopentanedioic acid."" [GOC:go_curators]"	3	1705	3	21925	0.0017595307917888563	1.0	query_1	['GO:0006536', 'GO:0009084', 'GO:0043650']	16hr_60S_down	2.4884915565015207
GO:BP	GO:1990428	miRNA transport	0.0033035279317997915	True	"""The directed movement of microRNA (miRNA) into, out of or within a cell, or between cells, or within a multicellular organism by means of some agent such as a transporter or pore."" [GO:jl, PMID:24356509]"	6	1705	4	21925	0.002346041055718475	0.6666666666666666	query_1	['GO:0050658']	16hr_60S_down	2.4810220168183585
GO:BP	GO:0110095	cellular detoxification of aldehyde	0.0033035279317997915	True	"""Any process carried out at the cellular level that reduces or removes the toxicity of an aldehyde. These may include transport of aldehydes away from sensitive areas and to compartments or complexes whose purpose is sequestration of the toxic substance."" [GOC:vw, PMID:25656103]"	6	1705	4	21925	0.002346041055718475	0.6666666666666666	query_1	['GO:0110096', 'GO:1990748']	16hr_60S_down	2.4810220168183585
GO:BP	GO:0009833	plant-type primary cell wall biogenesis	0.0033035279317997915	True	"""A cellular process that results in the biosynthesis of constituent macromolecules, assembly, and arrangement of constituent parts of cellulose and pectin-containing cell walls that form adjacent to the middle lamella following cell division and during cell expansion. An example of this is found in Arabidopsis thaliana."" [GOC:lr, GOC:mtg_sensu]"	6	1705	4	21925	0.002346041055718475	0.6666666666666666	query_1	['GO:0000281', 'GO:0009832', 'GO:1903047']	16hr_60S_down	2.4810220168183585
GO:BP	GO:0045184	establishment of protein localization	0.00333313440759989	True	"""The directed movement of a protein to a specific location."" [GOC:bf]"	752	1705	84	21925	0.04926686217008798	0.11170212765957446	query_1	['GO:0008104', 'GO:0051234']	16hr_60S_down	2.477147173197551
GO:BP	GO:0022411	cellular component disassembly	0.003372159018563299	True	"""A cellular process that results in the breakdown of a cellular component."" [GOC:isa_complete]"	74	1705	15	21925	0.008797653958944282	0.20270270270270271	query_1	['GO:0016043']	16hr_60S_down	2.4720919538408284
GO:BP	GO:0006397	mRNA processing	0.00337726521996168	True	"""Any process involved in the conversion of a primary mRNA transcript into one or more mature mRNA(s) prior to translation into polypeptide."" [GOC:mah]"	468	1705	57	21925	0.03343108504398827	0.12179487179487179	query_1	['GO:0006396', 'GO:0016071']	16hr_60S_down	2.471434832452243
GO:BP	GO:0060560	developmental growth involved in morphogenesis	0.0034026489258253342	True	"""The increase in size or mass of an anatomical structure that contributes to the structure attaining its shape."" [GOC:dph]"	347	1705	45	21925	0.026392961876832845	0.12968299711815562	query_1	['GO:0009653', 'GO:0048589']	16hr_60S_down	2.468182857675328
GO:BP	GO:0010239	chloroplast mRNA processing	0.0034437617715700943	True	"""Steps involved in processing precursor RNAs arising from transcription of operons in the chloroplast genome into mature mRNAs."" [GOC:tb, PMID:9648738]"	10	1705	5	21925	0.002932551319648094	0.5	query_1	['GO:0006397', 'GO:0031425']	16hr_60S_down	2.4629668992831384
GO:BP	GO:0046033	AMP metabolic process	0.0034437617715700943	True	"""The chemical reactions and pathways involving AMP, adenosine monophosphate."" [GOC:go_curators]"	10	1705	5	21925	0.002932551319648094	0.5	query_1	['GO:0009150', 'GO:0009167']	16hr_60S_down	2.4629668992831384
GO:BP	GO:0006167	AMP biosynthetic process	0.0034437617715700943	True	"""The chemical reactions and pathways resulting in the formation of AMP, adenosine monophosphate."" [GOC:go_curators, ISBN:0198506732]"	10	1705	5	21925	0.002932551319648094	0.5	query_1	['GO:0009152', 'GO:0009168', 'GO:0046033']	16hr_60S_down	2.4629668992831384
GO:BP	GO:0009088	threonine biosynthetic process	0.0034437617715700943	True	"""The chemical reactions and pathways resulting in the formation of threonine (2-amino-3-hydroxybutyric acid), a polar, uncharged, essential amino acid found in peptide linkage in proteins."" [GOC:jl, ISBN:0198506732]"	10	1705	5	21925	0.002932551319648094	0.5	query_1	['GO:0006566', 'GO:0009067']	16hr_60S_down	2.4629668992831384
GO:BP	GO:0042214	terpene metabolic process	0.0035650194876697397	True	"""The chemical reactions and pathways involving terpenes, any of a large group of hydrocarbons that are made up of isoprene (C5H8) units which may be cyclic, acyclic or multicyclic, saturated or unsaturated, and may contain various functional groups."" [GOC:curators]"	20	1705	7	21925	0.004105571847507331	0.35	query_1	['GO:0006720', 'GO:0120252']	16hr_60S_down	2.447938091796884
GO:BP	GO:0006553	lysine metabolic process	0.0035650194876697397	True	"""The chemical reactions and pathways involving lysine, 2,6-diaminohexanoic acid."" [GOC:go_curators]"	20	1705	7	21925	0.004105571847507331	0.35	query_1	['GO:1901605']	16hr_60S_down	2.447938091796884
GO:BP	GO:0000103	sulfate assimilation	0.0035650194876697397	True	"""The pathways by which inorganic sulfate is processed and incorporated into sulfated compounds."" [GOC:jl]"	20	1705	7	21925	0.004105571847507331	0.35	query_1	['GO:0006790']	16hr_60S_down	2.447938091796884
GO:BP	GO:0015031	protein transport	0.0038329875174759193	True	"""The directed movement of proteins into, out of or within a cell, or between cells, by means of some agent such as a transporter or pore."" [GOC:ai]"	713	1705	80	21925	0.0469208211143695	0.11220196353436185	query_1	['GO:0045184', 'GO:0071705']	16hr_60S_down	2.416462595068673
GO:BP	GO:0042398	modified amino acid biosynthetic process	0.0038384243431869984	True	"""The chemical reactions and pathways resulting in the formation of compounds derived from amino acids, organic acids containing one or more amino substituents."" [GOC:ai]"	26	1705	8	21925	0.00469208211143695	0.3076923076923077	query_1	['GO:0006575', 'GO:0009058']	16hr_60S_down	2.415847015083242
KEGG	KEGG:00785	Lipoic acid metabolism	0.003876050137430528	True	Lipoic acid metabolism	36	865	14	5300	0.016184971098265895	0.3888888888888889	query_1	['KEGG:00000']	16hr_60S_down	2.4116106139049185
GO:BP	GO:0030244	cellulose biosynthetic process	0.003925671066347984	True	"""The chemical reactions and pathways resulting in the formation of cellulose, a linear beta1-4 glucan of molecular mass 50-400 kDa with the pyranose units in the -4C1 conformation."" [GOC:mah, ISBN:0198506732]"	60	1705	13	21925	0.007624633431085044	0.21666666666666667	query_1	['GO:0030243', 'GO:0051274']	16hr_60S_down	2.406086092931305
GO:BP	GO:0080022	primary root development	0.004088203497086328	True	"""The process whose specific outcome is the progression of the primary root over time, from its formation to the mature structure. The primary root develops directly from the embryonic radicle."" [GOC:dhl]"	39	1705	10	21925	0.005865102639296188	0.2564102564102564	query_1	['GO:0048364']	16hr_60S_down	2.3884674946096287
GO:BP	GO:0009062	fatty acid catabolic process	0.004088203497086328	True	"""The chemical reactions and pathways resulting in the breakdown of a fatty acid, any of the aliphatic monocarboxylic acids that can be liberated by hydrolysis from naturally occurring fats and oils. Fatty acids are predominantly straight-chain acids of 4 to 24 carbon atoms, which may be saturated or unsaturated; branched fatty acids and hydroxy fatty acids also occur, and very long chain acids of over 30 carbons are found in waxes."" [GOC:go_curators]"	39	1705	10	21925	0.005865102639296188	0.2564102564102564	query_1	['GO:0006631', 'GO:0016042', 'GO:0072329']	16hr_60S_down	2.3884674946096287
GO:MF	GO:0016833	oxo-acid-lyase activity	0.004230125283245234	True	"""Catalysis of the cleavage of a C-C bond by other means than by hydrolysis or oxidation, of a 3-hydroxy acid."" [EC:4.1.3.-, GOC:jl]"	14	1846	6	22878	0.0032502708559046588	0.42857142857142855	query_1	['GO:0016830']	16hr_60S_down	2.3736467699733392
GO:MF	GO:0070717	poly-purine tract binding	0.004230125283245234	True	"""Binding to a stretch of purines (adenine or guanine) in an RNA molecule."" [GOC:mah]"	14	1846	6	22878	0.0032502708559046588	0.42857142857142855	query_1	['GO:0003727']	16hr_60S_down	2.3736467699733392
GO:BP	GO:0065003	protein-containing complex assembly	0.0042459395608208765	True	"""The aggregation, arrangement and bonding together of a set of macromolecules to form a protein-containing complex."" [GOC:jl]"	473	1705	57	21925	0.03343108504398827	0.12050739957716702	query_1	['GO:0022607', 'GO:0043933']	16hr_60S_down	2.3720261921268735
KEGG	KEGG:00900	Terpenoid backbone biosynthesis	0.004413982922295831	True	Terpenoid backbone biosynthesis	61	865	20	5300	0.023121387283236993	0.32786885245901637	query_1	['KEGG:00000']	16hr_60S_down	2.355169351456881
GO:MF	GO:0008469	histone arginine N-methyltransferase activity	0.0044168984303749135	True	"""Catalysis of the reaction: S-adenosyl-L-methionine + (histone)-arginine = S-adenosyl-L-homocysteine + (histone)-N-methyl-arginine."" [PMID:8002954]"	3	1846	3	22878	0.0016251354279523294	1.0	query_1	['GO:0016274', 'GO:0042054']	16hr_60S_down	2.3548825875278627
GO:MF	GO:0080109	indole-3-acetonitrile nitrile hydratase activity	0.0044168984303749135	True	"""Catalysis of the reaction: indole-3-acetonitrile + H2O = indole-3-acetamide."" [MetaCyc:RXN-7567, PMID:11607511, PMID:12430025]"	3	1846	3	22878	0.0016251354279523294	1.0	query_1	['GO:0018822']	16hr_60S_down	2.3548825875278627
GO:MF	GO:0035241	protein-arginine omega-N monomethyltransferase activity	0.0044168984303749135	True	"""Catalysis of the addition of a methyl group to either of the unmethylated terminal nitrogen atoms (also called omega nitrogen) in peptidyl-arginine to form an omega-N-G-monomethylated arginine residue. The reaction is S-adenosyl-L-methionine + [protein]-L-arginine = S-adenosyl-L-homocysteine + [protein]-Nomega-methyl-L-arginine."" [EC:2.1.1.321, PMID:14705965, RESID:AA0069]"	3	1846	3	22878	0.0016251354279523294	1.0	query_1	['GO:0016274']	16hr_60S_down	2.3548825875278627
GO:MF	GO:0004618	phosphoglycerate kinase activity	0.0044168984303749135	True	"""Catalysis of the reaction: 3-phospho-D-glycerate + ATP = 3-phospho-D-glyceroyl phosphate + ADP + H+."" [EC:2.7.2.3, RHEA:14801]"	3	1846	3	22878	0.0016251354279523294	1.0	query_1	['GO:0016301', 'GO:0016774']	16hr_60S_down	2.3548825875278627
GO:MF	GO:0050017	L-3-cyanoalanine synthase activity	0.0044168984303749135	True	"""Catalysis of the reaction: L-cysteine + HCN = sulfide + L-3-cyanoalanine."" [EC:4.4.1.9, MetaCyc:L-3-CYANOALANINE-SYNTHASE-RXN]"	3	1846	3	22878	0.0016251354279523294	1.0	query_1	['GO:0016846']	16hr_60S_down	2.3548825875278627
GO:MF	GO:0097718	disordered domain specific binding	0.0044168984303749135	True	"""Binding to a disordered domain of a protein."" [GOC:gg, PMID:11746698]"	3	1846	3	22878	0.0016251354279523294	1.0	query_1	['GO:0019904']	16hr_60S_down	2.3548825875278627
GO:MF	GO:0019205	nucleobase-containing compound kinase activity	0.0044168984303749135	True	"""Catalysis of the transfer of a phosphate group, usually from ATP or GTP, to a nucleobase, nucleoside, nucleotide or polynucleotide substrate."" [GOC:jl]"	37	1846	10	22878	0.005417118093174431	0.2702702702702703	query_1	['GO:0016301']	16hr_60S_down	2.3548825875278627
GO:MF	GO:0003849	3-deoxy-7-phosphoheptulonate synthase activity	0.0044168984303749135	True	"""Catalysis of the reaction: D-erythrose 4-phosphate + H2O + phosphoenolpyruvate = 7-phospho-2-dehydro-3-deoxy-D-arabino-heptonate + phosphate."" [EC:2.5.1.54, RHEA:14717]"	3	1846	3	22878	0.0016251354279523294	1.0	query_1	['GO:0016765']	16hr_60S_down	2.3548825875278627
GO:MF	GO:0052592	oxidoreductase activity, acting on CH or CH2 groups, with an iron-sulfur protein as acceptor	0.0044168984303749135	True	"""Catalysis of an oxidation-reduction (redox) reaction in which a CH2 group acts as a hydrogen or electron donor and reduces an iron-sulfur protein."" [GOC:ai]"	3	1846	3	22878	0.0016251354279523294	1.0	query_1	['GO:0016725']	16hr_60S_down	2.3548825875278627
GO:MF	GO:0015930	glutamate synthase activity	0.0044168984303749135	True	"""Catalysis of the formation of L-glutamine and 2-oxoglutarate from L-glutamate, using NADH, NADPH or ferredoxin as hydrogen acceptors."" [GOC:curators]"	3	1846	3	22878	0.0016251354279523294	1.0	query_1	['GO:0016638']	16hr_60S_down	2.3548825875278627
GO:MF	GO:0003994	aconitate hydratase activity	0.0044168984303749135	True	"""Catalysis of the reaction: citrate = isocitrate. The reaction occurs in two steps: (1) citrate = cis-aconitate + H2O, (2) cis-aconitate + H2O = isocitrate. This reaction is the interconversion of citrate and isocitrate via the labile, enzyme-bound intermediate cis-aconitate. Water is removed from one part of the citrate molecule and added back to a different atom to form isocitrate."" [EC:4.2.1.3, GOC:pde, GOC:vw]"	3	1846	3	22878	0.0016251354279523294	1.0	query_1	['GO:0016836']	16hr_60S_down	2.3548825875278627
GO:MF	GO:0003984	acetolactate synthase activity	0.0044168984303749135	True	"""Catalysis of the reaction: H+ + 2 pyruvate = (2S)-2-acetolactate + CO2. Can also convert 2-oxobutanoate and pyruvate to (S)-2-ethyl-2-hydroxy-3-oxobutanoate."" [EC:2.2.1.6]"	3	1846	3	22878	0.0016251354279523294	1.0	query_1	['GO:0016744']	16hr_60S_down	2.3548825875278627
GO:MF	GO:0004614	phosphoglucomutase activity	0.0044168984303749135	True	"""Catalysis of the reaction: alpha-D-glucose 1-phosphate = alpha-D-glucose 6-phosphate."" [EC:5.4.2.2]"	3	1846	3	22878	0.0016251354279523294	1.0	query_1	['GO:0016868']	16hr_60S_down	2.3548825875278627
GO:BP	GO:0006403	RNA localization	0.004422875566146595	True	"""A process in which RNA is transported to, or maintained in, a specific location."" [GOC:ai]"	84	1705	16	21925	0.0093841642228739	0.19047619047619047	query_1	['GO:0033036']	16hr_60S_down	2.3542952789654823
GO:MF	GO:0031072	heat shock protein binding	0.004598363196086929	True	"""Binding to a heat shock protein, a protein synthesized or activated in response to heat shock."" [GOC:mah, GOC:vw]"	25	1846	8	22878	0.004333694474539545	0.32	query_1	['GO:0005515']	16hr_60S_down	2.3373967294940945
GO:MF	GO:0004365	glyceraldehyde-3-phosphate dehydrogenase (NAD+) (phosphorylating) activity	0.004620896132897874	True	"""Catalysis of the reaction: D-glyceraldehyde 3-phosphate + phosphate + NAD+ = 3-phospho-D-glyceroyl phosphate + NADH + H+."" [EC:1.2.1.12]"	6	1846	4	22878	0.0021668472372697724	0.6666666666666666	query_1	['GO:0043891']	16hr_60S_down	2.335273793311261
GO:BP	GO:1901658	glycosyl compound catabolic process	0.004633385975972599	True	"""The chemical reactions and pathways resulting in the breakdown of glycosyl compound."" [GOC:pr, GOC:TermGenie]"	33	1705	9	21925	0.005278592375366569	0.2727272727272727	query_1	['GO:1901136', 'GO:1901657']	16hr_60S_down	2.334101520160991
GO:BP	GO:0010193	response to ozone	0.004633385975972599	True	"""Any process that results in a change in state or activity of a cell or an organism (in terms of movement, secretion, enzyme production, gene expression, etc.) as a result of a ozone stimulus."" [GOC:sm]"	33	1705	9	21925	0.005278592375366569	0.2727272727272727	query_1	['GO:0000302']	16hr_60S_down	2.334101520160991
GO:BP	GO:0009699	phenylpropanoid biosynthetic process	0.004871903453166473	True	"""The chemical reactions and pathways resulting in the formation of aromatic derivatives of trans-cinnamic acid."" [GOC:jl]"	118	1705	20	21925	0.011730205278592375	0.1694915254237288	query_1	['GO:0009698', 'GO:0044550']	16hr_60S_down	2.312301326732428
GO:BP	GO:0050829	defense response to Gram-negative bacterium	0.004871903453166473	True	"""Reactions triggered in response to the presence of a Gram-negative bacterium that act to protect the cell or organism."" [GOC:ai]"	21	1705	7	21925	0.004105571847507331	0.3333333333333333	query_1	['GO:0042742']	16hr_60S_down	2.312301326732428
GO:MF	GO:0004222	metalloendopeptidase activity	0.004917914702856913	True	"""Catalysis of the hydrolysis of internal, alpha-peptide bonds in a polypeptide chain by a mechanism in which water acts as a nucleophile, one or two metal ions hold the water molecule in place, and charged amino acid side chains are ligands for the metal ions."" [GOC:mah, https://www.ebi.ac.uk/merops/about/glossary.shtml#CATTYPE, https://www.ebi.ac.uk/merops/about/glossary.shtml#ENDOPEPTIDASE]"	58	1846	13	22878	0.007042253521126761	0.22413793103448276	query_1	['GO:0004175', 'GO:0008237']	16hr_60S_down	2.308219008008813
GO:MF	GO:0051879	Hsp90 protein binding	0.004917914702856913	True	"""Binding to Hsp90 proteins, any of a group of heat shock proteins around 90kDa in size."" [GOC:ai]"	10	1846	5	22878	0.0027085590465872156	0.5	query_1	['GO:0031072']	16hr_60S_down	2.308219008008813
GO:MF	GO:0008172	S-methyltransferase activity	0.004917914702856913	True	"""Catalysis of the transfer of a methyl group to the sulfur atom of an acceptor molecule."" [GOC:ai]"	10	1846	5	22878	0.0027085590465872156	0.5	query_1	['GO:0008168']	16hr_60S_down	2.308219008008813
GO:MF	GO:0120533	glyceraldehyde-3-phosphate dehydrogenase [NAD(P)+] (non-phosphorylating) activity	0.004917914702856913	True	"""Catalysis of the reaction: D-glyceraldehyde 3-phosphate + NAD(P)+ + H2O = (2R)-3-phosphoglycerate + NAD(P)H + 2 H+."" [EC:1.2.1.90]"	10	1846	5	22878	0.0027085590465872156	0.5	query_1	['GO:0016620']	16hr_60S_down	2.308219008008813
GO:MF	GO:0019238	cyclohydrolase activity	0.004917914702856913	True	"""Catalysis of the hydrolysis of any non-peptide carbon-nitrogen bond in a cyclic amidine, a compound of the form R-C(=NH)-NH2, in a reaction that involves the opening of a ring."" [GOC:mah]"	10	1846	5	22878	0.0027085590465872156	0.5	query_1	['GO:0016814']	16hr_60S_down	2.308219008008813
GO:BP	GO:1902223	erythrose 4-phosphate/phosphoenolpyruvate family amino acid biosynthetic process	0.00499517886520147	True	"""The chemical reactions and pathways resulting in the formation of erythrose 4-phosphate/phosphoenolpyruvate family amino acid."" [GOC:pr, GOC:TermGenie]"	40	1705	10	21925	0.005865102639296188	0.25	query_1	['GO:0170034', 'GO:0170038', 'GO:1902221']	16hr_60S_down	2.3014489561308484
GO:BP	GO:0061024	membrane organization	0.005243452273520284	True	"""A process which results in the assembly, arrangement of constituent parts, or disassembly of a membrane. A membrane is a double layer of lipid molecules that encloses all cells, and, in eukaryotes, many organelles; may be a single or double lipid bilayer; also includes associated proteins."" [GOC:dph, GOC:tb]"	181	1705	27	21925	0.015835777126099706	0.14917127071823205	query_1	['GO:0016043']	16hr_60S_down	2.2803826806378242
GO:MF	GO:0043021	ribonucleoprotein complex binding	0.005327275381989313	True	"""Binding to a complex of RNA and protein."" [GOC:bf, GOC:go_curators, GOC:vk]"	38	1846	10	22878	0.005417118093174431	0.2631578947368421	query_1	['GO:0044877']	16hr_60S_down	2.273494852720113
GO:BP	GO:0048767	root hair elongation	0.005600556185543269	True	"""The process in which the root hair grows longer."" [GOC:jid, PMID:12468740]"	70	1705	14	21925	0.008211143695014663	0.2	query_1	['GO:0048588', 'GO:0060560', 'GO:0080147']	16hr_60S_down	2.2517688415084423
GO:BP	GO:0052803	imidazole-containing compound metabolic process	0.0056082094657279626	True	"""The chemical reactions and pathways involving imidazoles, five-membered organic heterocycle containing two nitrogen atoms at positions 1 and 3, or any of its derivatives; compounds containing an imidazole skeleton."" [GOC:curators]"	11	1705	5	21925	0.002932551319648094	0.45454545454545453	query_1	['GO:0008152']	16hr_60S_down	2.2511757739089213
GO:BP	GO:0006547	L-histidine metabolic process	0.0056082094657279626	True	"""The chemical reactions and pathways involving L-histidine, 2-amino-3-(1H-imidazol-4-yl)propanoic acid."" [GOC:go_curators]"	11	1705	5	21925	0.002932551319648094	0.45454545454545453	query_1	['GO:0009072', 'GO:0052803', 'GO:0170033', 'GO:0170039']	16hr_60S_down	2.2511757739089213
GO:BP	GO:0033356	UDP-L-arabinose metabolic process	0.0056082094657279626	True	"""The chemical reactions and pathways involving UDP-L-arabinose, uridinediphosphoarabinose, a substance composed of arabinose in glycosidic linkage with uridine diphosphate."" [GOC:mah]"	11	1705	5	21925	0.002932551319648094	0.45454545454545453	query_1	['GO:0009225']	16hr_60S_down	2.2511757739089213
GO:BP	GO:0043155	negative regulation of photosynthesis, light reaction	0.0056082094657279626	True	"""Any process that stops, prevents, or reduces the frequency, rate or extent of the light-dependent reaction of photosynthesis."" [GOC:jl]"	11	1705	5	21925	0.002932551319648094	0.45454545454545453	query_1	['GO:0019684', 'GO:0042548', 'GO:1905156']	16hr_60S_down	2.2511757739089213
GO:BP	GO:0000105	L-histidine biosynthetic process	0.0056082094657279626	True	"""The chemical reactions and pathways resulting in the formation of L-histidine, 2-amino-3-(1H-imidazol-4-yl)propanoic acid."" [GOC:go_curators]"	11	1705	5	21925	0.002932551319648094	0.45454545454545453	query_1	['GO:0006547', 'GO:0009073', 'GO:0170034', 'GO:0170038']	16hr_60S_down	2.2511757739089213
GO:BP	GO:0010205	photoinhibition	0.0056082094657279626	True	"""The mechanism by which high light intensity inhibits photosynthesis through inactivation of the D1 protein of photosystem II."" [GOC:mtg_electron_transport, PMID:12068126]"	11	1705	5	21925	0.002932551319648094	0.45454545454545453	query_1	['GO:0009644', 'GO:0009767', 'GO:0043155']	16hr_60S_down	2.2511757739089213
GO:BP	GO:0009130	pyrimidine nucleoside monophosphate biosynthetic process	0.0056632736255394535	True	"""The chemical reactions and pathways resulting in the formation of pyrimidine nucleoside monophosphate, a compound consisting of a pyrimidine base linked to a ribose or deoxyribose sugar esterified with phosphate on the sugar."" [GOC:go_curators, ISBN:0198506732]"	16	1705	6	21925	0.0035190615835777126	0.375	query_1	['GO:0009124', 'GO:0009129']	16hr_60S_down	2.246932454585538
GO:BP	GO:0019852	L-ascorbic acid metabolic process	0.0056901365516896524	True	"""The chemical reactions and pathways involving L-ascorbic acid, (2R)-2-[(1S)-1,2-dihydroxyethyl]-4-hydroxy-5-oxo-2,5-dihydrofuran-3-olate; L-ascorbic acid is vitamin C and has co-factor and anti-oxidant activities in many species."" [GOC:jl, ISBN:0198506732]"	34	1705	9	21925	0.005278592375366569	0.2647058823529412	query_1	['GO:0005996', 'GO:0006767', 'GO:0019752', 'GO:1901334']	16hr_60S_down	2.2448773112967175
GO:BP	GO:0052546	cell wall pectin metabolic process	0.0056901365516896524	True	"""The chemical reactions and pathways involving pectin, a polymer containing a backbone of alpha-1,4-linked D-galacturonic acid residues, as part of the organization and biogenesis of the cell wall."" [GOC:ai]"	34	1705	9	21925	0.005278592375366569	0.2647058823529412	query_1	['GO:0009664', 'GO:0045488']	16hr_60S_down	2.2448773112967175
GO:MF	GO:0070006	metalloaminopeptidase activity	0.00577066008680047	True	"""Catalysis of the hydrolysis of a single N-terminal amino acid residue from a polypeptide chain by a mechanism in which water acts as a nucleophile, one or two metal ions hold the water molecule in place, and charged amino acid side chains are ligands for the metal ions."" [https://www.ebi.ac.uk/merops/about/glossary.shtml#AMINOPEPTIDASE]"	15	1846	6	22878	0.0032502708559046588	0.4	query_1	['GO:0004177', 'GO:0008235']	16hr_60S_down	2.2387745064874816
GO:MF	GO:0016783	sulfurtransferase activity	0.00577066008680047	True	"""Catalysis of the transfer of sulfur atoms from one compound (donor) to another (acceptor)."" [EC:2.8.1.-, GOC:ai]"	15	1846	6	22878	0.0032502708559046588	0.4	query_1	['GO:0016782']	16hr_60S_down	2.2387745064874816
WP	WP:WP2624	TCA cycle Krebs cycle 	0.0058887413407150875	True	TCA cycle Krebs cycle 	29	151	15	625	0.09933774834437085	0.5172413793103449	query_1	['WP:000000']	16hr_60S_down	2.22997752137522
GO:BP	GO:0072598	protein localization to chloroplast	0.005929944502925804	True	"""A process in which a protein is transported to, or maintained at, a location in a chloroplast."" [GOC:ecd]"	48	1705	11	21925	0.0064516129032258064	0.22916666666666666	query_1	['GO:0033365']	16hr_60S_down	2.2269493710852934
GO:BP	GO:1901334	lactone metabolic process	0.005976350033536463	True	"""The chemical reactions and pathways involving lactone."" [GOC:TermGenie]"	41	1705	10	21925	0.005865102639296188	0.24390243902439024	query_1	['GO:0008152']	16hr_60S_down	2.223563973913297
GO:BP	GO:0046165	alcohol biosynthetic process	0.006314765472267638	True	"""The chemical reactions and pathways resulting in the formation of alcohols, any of a class of compounds containing one or more hydroxyl groups attached to a saturated carbon atom."" [GOC:ai]"	71	1705	14	21925	0.008211143695014663	0.19718309859154928	query_1	['GO:0006066', 'GO:0044283']	16hr_60S_down	2.1996427743234412
GO:BP	GO:0009753	response to jasmonic acid	0.006497492761562974	True	"""Any process that results in a change in state or activity of a cell or an organism (in terms of movement, secretion, enzyme production, gene expression, etc.) as a result of a jasmonic acid stimulus."" [GOC:jl]"	231	1705	32	21925	0.0187683284457478	0.13852813852813853	query_1	['GO:0009725', 'GO:0070542']	16hr_60S_down	2.1872541956461125
GO:BP	GO:0006564	L-serine biosynthetic process	0.0065184237177522975	True	"""The chemical reactions and pathways resulting in the formation of L-serine, the L-enantiomer of serine, i.e. (2S)-2-amino-3-hydroxypropanoic acid."" [GOC:ai, GOC:jsg]"	7	1705	4	21925	0.002346041055718475	0.5714285714285714	query_1	['GO:0006563', 'GO:0009070', 'GO:0170034', 'GO:0170038']	16hr_60S_down	2.1858574124654284
GO:BP	GO:0019287	isopentenyl diphosphate biosynthetic process, mevalonate pathway	0.0065184237177522975	True	"""The chemical reactions and pathways resulting in the formation of isopentenyl diphosphate, via the intermediate mevalonate. This pathway converts acetate, in the form of acetyl-CoA, to isopentenyl diphosphate (IPP), the fundamental unit in isoprenoid biosynthesis, through a series of mevalonate intermediates."" [GOC:go_curators, MetaCyc:PWY-922]"	7	1705	4	21925	0.002346041055718475	0.5714285714285714	query_1	['GO:0006084', 'GO:0009240']	16hr_60S_down	2.1858574124654284
GO:BP	GO:0006097	glyoxylate cycle	0.0065184237177522975	True	"""A modification of the TCA cycle occurring in some plants and microorganisms, in which isocitrate is cleaved to glyoxylate and succinate. Glyoxylate can then react with acetyl-CoA to form malate."" [ISBN:0198506732]"	7	1705	4	21925	0.002346041055718475	0.5714285714285714	query_1	['GO:0005975', 'GO:0046487']	16hr_60S_down	2.1858574124654284
GO:BP	GO:0019243	methylglyoxal catabolic process to D-lactate via S-lactoyl-glutathione	0.0065184237177522975	True	"""The chemical reactions and pathways resulting in the breakdown of methylglyoxal, CH3-CO-CHO, into D-lactate via the intermediate S-lactoyl-glutathione. Glutathione is used in the first step of the pathway and then regenerated in the second step."" [GOC:ai, GOC:dph, PMID:2198020]"	7	1705	4	21925	0.002346041055718475	0.5714285714285714	query_1	['GO:0061727']	16hr_60S_down	2.1858574124654284
GO:BP	GO:0019264	glycine biosynthetic process from serine	0.0065184237177522975	True	"""The chemical reactions and pathways resulting in the formation of glycine from other compounds, including serine."" [GOC:go_curators]"	7	1705	4	21925	0.002346041055718475	0.5714285714285714	query_1	['GO:0006545', 'GO:0006563']	16hr_60S_down	2.1858574124654284
GO:BP	GO:0110096	cellular response to aldehyde	0.0065184237177522975	True	"""Any process that results in a change in state or activity of a cell (in terms of movement, secretion, enzyme production, gene expression, etc.) as a result of an aldehyde stimulus."" [GOC:vw, PMID:25656103]"	7	1705	4	21925	0.002346041055718475	0.5714285714285714	query_1	['GO:1901701']	16hr_60S_down	2.1858574124654284
GO:BP	GO:0043085	positive regulation of catalytic activity	0.0065184237177522975	True	"""Any process that activates or increases the activity of an enzyme."" [GOC:ebc, GOC:jl, GOC:tb, GOC:vw]"	56	1705	12	21925	0.007038123167155425	0.21428571428571427	query_1	['GO:0044093', 'GO:0050790']	16hr_60S_down	2.1858574124654284
GO:BP	GO:0016123	xanthophyll biosynthetic process	0.0065184237177522975	True	"""The chemical reactions and pathways resulting in the formation of xanthophylls, oxygen-containing carotenoids."" [GOC:go_curators]"	7	1705	4	21925	0.002346041055718475	0.5714285714285714	query_1	['GO:0016117', 'GO:0016122']	16hr_60S_down	2.1858574124654284
GO:BP	GO:0009251	glucan catabolic process	0.006865158659529088	True	"""The chemical reactions and pathways resulting in the breakdown of glucans, polysaccharides consisting only of glucose residues."" [GOC:go_curators]"	49	1705	11	21925	0.0064516129032258064	0.22448979591836735	query_1	['GO:0000272', 'GO:0044042']	16hr_60S_down	2.1633494214043925
GO:BP	GO:0009644	response to high light intensity	0.006865158659529088	True	"""Any process that results in a change in state or activity of a cell or an organism (in terms of movement, secretion, enzyme production, gene expression, etc.) as a result of a high light intensity stimulus."" [GOC:go_curators]"	64	1705	13	21925	0.007624633431085044	0.203125	query_1	['GO:0009642']	16hr_60S_down	2.1633494214043925
GO:BP	GO:0019747	regulation of isoprenoid metabolic process	0.006865158659529088	True	"""Any process that modulates the frequency, rate or extent of the chemical reactions and pathways involving isoprenoids."" [GOC:go_curators]"	35	1705	9	21925	0.005278592375366569	0.2571428571428571	query_1	['GO:0006720', 'GO:0019216']	16hr_60S_down	2.1633494214043925
GO:BP	GO:0006568	L-tryptophan metabolic process	0.006865158659529088	True	"""The chemical reactions and pathways involving tryptophan, the chiral amino acid 2-amino-3-(1H-indol-3-yl)propanoic acid."" [ISBN:0198547684]"	35	1705	9	21925	0.005278592375366569	0.2571428571428571	query_1	['GO:0006586', 'GO:0009072', 'GO:1902221']	16hr_60S_down	2.1633494214043925
GO:BP	GO:0010109	regulation of photosynthesis	0.006865158659529088	True	"""Any process that modulates the frequency, rate or extent of photosynthesis."" [GOC:sm]"	49	1705	11	21925	0.0064516129032258064	0.22448979591836735	query_1	['GO:0015979', 'GO:0019222']	16hr_60S_down	2.1633494214043925
GO:BP	GO:0006586	indolalkylamine metabolic process	0.006865158659529088	True	"""The chemical reactions and pathways involving indolalkylamines, indole or indole derivatives containing a primary, secondary, or tertiary amine group."" [GOC:curators]"	35	1705	9	21925	0.005278592375366569	0.2571428571428571	query_1	['GO:0006576', 'GO:0042430']	16hr_60S_down	2.1633494214043925
GO:BP	GO:0062197	cellular response to chemical stress	0.006988660979058186	True	"""Any process that results in a change in state or activity of a cell (in terms of movement, secretion, enzyme production, gene expression, etc.) as a result of a chemical stimulus indicating the organism is under stress."" [PMID:26653712]"	122	1705	20	21925	0.011730205278592375	0.16393442622950818	query_1	['GO:0033554', 'GO:0070887']	16hr_60S_down	2.155606026702512
GO:BP	GO:0050790	regulation of catalytic activity	0.007141052825463855	True	"""Any process that modulates the activity of an enzyme."" [GOC:ai, GOC:ebc, GOC:vw]"	131	1705	21	21925	0.012316715542521995	0.16030534351145037	query_1	['GO:0065009']	16hr_60S_down	2.146237754248771
GO:MF	GO:0008235	metalloexopeptidase activity	0.007342312438544081	True	"""Catalysis of the hydrolysis of a peptide bond not more than three residues from the N- or C-terminus of a polypeptide chain by a mechanism in which water acts as a nucleophile, one or two metal ions hold the water molecule in place, and charged amino acid side chains are ligands for the metal ions."" [GOC:mah, https://www.ebi.ac.uk/merops/about/glossary.shtml]"	21	1846	7	22878	0.003791982665222102	0.3333333333333333	query_1	['GO:0008237', 'GO:0008238']	16hr_60S_down	2.1341671388393104
GO:MF	GO:0016832	aldehyde-lyase activity	0.007342312438544081	True	"""Catalysis of the cleavage of a C-C bond in a molecule containing a hydroxyl group and a carbonyl group to form two smaller molecules, each being an aldehyde or a ketone."" [GOC:curators]"	21	1846	7	22878	0.003791982665222102	0.3333333333333333	query_1	['GO:0016830']	16hr_60S_down	2.1341671388393104
GO:MF	GO:0019203	carbohydrate phosphatase activity	0.007650828816512681	True	"""Catalysis of the reaction: carbohydrate phosphate + H2O = carbohydrate + phosphate."" [GOC:mah]"	27	1846	8	22878	0.004333694474539545	0.2962962962962963	query_1	['GO:0016791']	16hr_60S_down	2.1162915150502393
GO:CC	GO:1903293	phosphatase complex	0.007679597405896116	True	"""A protein complex which is capable of phosphatase activity."" [GO_REF:0000088, GOC:bhm, GOC:TermGenie, PMID:24766807]"	25	1869	8	20029	0.004280363830925628	0.32	query_1	['GO:1902494']	16hr_60S_down	2.114661546762849
GO:CC	GO:0008287	protein serine/threonine phosphatase complex	0.007679597405896116	True	"""A complex, normally consisting of a catalytic and a regulatory subunit, which catalyzes the removal of a phosphate group from a serine or threonine residue of a protein."" [GOC:bf]"	25	1869	8	20029	0.004280363830925628	0.32	query_1	['GO:1903293']	16hr_60S_down	2.114661546762849
GO:BP	GO:0009750	response to fructose	0.007783680676851482	True	"""Any process that results in a change in state or activity of a cell or an organism (in terms of movement, secretion, enzyme production, gene expression, etc.) as a result of a fructose stimulus."" [GOC:jl]"	17	1705	6	21925	0.0035190615835777126	0.35294117647058826	query_1	['GO:0009746']	16hr_60S_down	2.108814989174181
GO:BP	GO:0030243	cellulose metabolic process	0.0077858638816438305	True	"""The chemical reactions and pathways involving cellulose, a linear beta1-4 glucan of molecular mass 50-400 kDa with the pyranose units in the -4C1 conformation."" [GOC:mah, ISBN:0198506732]"	89	1705	16	21925	0.0093841642228739	0.1797752808988764	query_1	['GO:0051273']	16hr_60S_down	2.108693193215817
GO:BP	GO:0022607	cellular component assembly	0.007889416505117914	True	"""The aggregation, arrangement and bonding together of a cellular component."" [GOC:isa_complete]"	690	1705	76	21925	0.04457478005865103	0.11014492753623188	query_1	['GO:0016043', 'GO:0044085']	16hr_60S_down	2.102955115672484
GO:BP	GO:0051716	cellular response to stimulus	0.00789473677903555	True	"""Any process that results in a change in state or activity of a cell (in terms of movement, secretion, enzyme production, gene expression, etc.) as a result of a stimulus. The process begins with detection of the stimulus by a cell and ends with a change in state or activity or the cell."" [GOC:bf, GOC:jl]"	2897	1705	267	21925	0.1565982404692082	0.09216430790472903	query_1	['GO:0009987', 'GO:0050896']	16hr_60S_down	2.1026623453666526
GO:BP	GO:0072593	reactive oxygen species metabolic process	0.007998198439353336	True	"""The chemical reactions and pathways involving a reactive oxygen species, any molecules or ions formed by the incomplete one-electron reduction of oxygen. They contribute to the microbicidal activity of phagocytes, regulation of signal transduction and gene expression, and the oxidative damage to biopolymers."" [GOC:mah]"	187	1705	27	21925	0.015835777126099706	0.1443850267379679	query_1	['GO:0008152']	16hr_60S_down	2.0970078250028172
GO:BP	GO:0120251	hydrocarbon biosynthetic process	0.008050117083479089	True	"""The chemical reactions and pathways resulting in the formation of a hydrocarbon, a compound consisting of carbon and hydrogen only."" [GOC:krc, Wikipedia:Hydrocarbon]"	50	1705	11	21925	0.0064516129032258064	0.22	query_1	['GO:0009058', 'GO:0120252']	16hr_60S_down	2.094197803068267
GO:MF	GO:0016408	C-acyltransferase activity	0.008112405960492787	True	"""Catalysis of the transfer of an acyl group to a carbon atom on the acceptor molecule."" [GOC:ai]"	11	1846	5	22878	0.0027085590465872156	0.45454545454545453	query_1	['GO:0016747']	16hr_60S_down	2.090850324530653
GO:BP	GO:1901463	regulation of tetrapyrrole biosynthetic process	0.00821445631346223	True	"""Any process that modulates the frequency, rate or extent of tetrapyrrole biosynthetic process."" [GOC:mengo_curators, GOC:TermGenie]"	23	1705	7	21925	0.004105571847507331	0.30434782608695654	query_1	['GO:0009889', 'GO:0033014', 'GO:1901401']	16hr_60S_down	2.0854211757319083
GO:BP	GO:0048364	root development	0.008296363173853991	True	"""The process whose specific outcome is the progression of the root over time, from its formation to the mature structure. The root is the water- and mineral-absorbing part of a plant which is usually underground, does not bear leaves, tends to grow downwards and is typically derived from the radicle of the embryo."" [GOC:jid, PO:0009005]"	616	1705	69	21925	0.04046920821114369	0.11201298701298701	query_1	['GO:0022622', 'GO:0099402']	16hr_60S_down	2.08111224493284
GO:MF	GO:0016597	amino acid binding	0.008340727673975609	True	"""Binding to an amino acid, organic acids containing one or more amino substituents."" [GOC:ai]"	16	1846	6	22878	0.0032502708559046588	0.375	query_1	['GO:0005488']	16hr_60S_down	2.078796058354314
GO:MF	GO:0031420	alkali metal ion binding	0.008340727673975609	True	"""Binding to an alkali metal ion; alkali metals are those elements in group Ia of the periodic table, with the exception of hydrogen."" [GOC:mah]"	16	1846	6	22878	0.0032502708559046588	0.375	query_1	['GO:0046872']	16hr_60S_down	2.078796058354314
GO:BP	GO:0009174	pyrimidine ribonucleoside monophosphate biosynthetic process	0.008352036149152278	True	"""The chemical reactions and pathways resulting in the formation of pyrimidine ribonucleoside monophosphate, a compound consisting of a pyrimidine base linked to a ribose sugar esterified with phosphate on the sugar."" [GOC:go_curators, ISBN:0198506732]"	12	1705	5	21925	0.002932551319648094	0.4166666666666667	query_1	['GO:0009130', 'GO:0009156', 'GO:0009173']	16hr_60S_down	2.0782076346311587
GO:BP	GO:0006222	UMP biosynthetic process	0.008352036149152278	True	"""The chemical reactions and pathways resulting in the formation of UMP, uridine monophosphate."" [ISBN:0198506732]"	12	1705	5	21925	0.002932551319648094	0.4166666666666667	query_1	['GO:0009174', 'GO:0009220', 'GO:0046049']	16hr_60S_down	2.0782076346311587
GO:BP	GO:0071265	L-methionine biosynthetic process	0.008352036149152278	True	"""The chemical reactions and pathways resulting in the formation of L-methionine, the L-enantiomer of (2S)-2-amino-4-(methylsulfanyl)butanoic acid."" [GOC:ecd]"	12	1705	5	21925	0.002932551319648094	0.4166666666666667	query_1	['GO:0009086']	16hr_60S_down	2.0782076346311587
GO:BP	GO:0046049	UMP metabolic process	0.008352036149152278	True	"""The chemical reactions and pathways involving UMP, uridine monophosphate."" [GOC:go_curators]"	12	1705	5	21925	0.002932551319648094	0.4166666666666667	query_1	['GO:0009173', 'GO:0009218']	16hr_60S_down	2.0782076346311587
GO:BP	GO:0022622	root system development	0.008561438794092067	True	"""The process whose specific outcome is the progression of the root system over time, from its formation to the mature structure."" [GOC:isa_complete]"	617	1705	69	21925	0.04046920821114369	0.11183144246353323	query_1	['GO:0048731']	16hr_60S_down	2.06745324375435
KEGG	KEGG:00910	Nitrogen metabolism	0.00881307464244599	True	Nitrogen metabolism	43	865	15	5300	0.017341040462427744	0.3488372093023256	query_1	['KEGG:00000']	16hr_60S_down	2.054872551599754
GO:CC	GO:0035770	ribonucleoprotein granule	0.008836344154070605	True	"""A non-membranous macromolecular complex containing proteins and translationally silenced mRNAs. RNA granules contain proteins that control the localization, stability, and translation of their RNA cargo. Different types of RNA granules (RGs) exist, depending on the cell type and cellular conditions."" [GOC:go_curators, GOC:sp, PMID:16520386, PMID:20368989, PMID:21436445]"	63	1869	14	20029	0.00749063670411985	0.2222222222222222	query_1	['GO:0043232', 'GO:0099080']	16hr_60S_down	2.0537273777595075
GO:CC	GO:0036464	cytoplasmic ribonucleoprotein granule	0.008836344154070605	True	"""A ribonucleoprotein granule located in the cytoplasm."" [GOC:bf, GOC:PARL, PMID:15121898]"	63	1869	14	20029	0.00749063670411985	0.2222222222222222	query_1	['GO:0005737', 'GO:0035770']	16hr_60S_down	2.0537273777595075
GO:MF	GO:0005543	phospholipid binding	0.009047567636182804	True	"""Binding to a phospholipid, a class of lipids containing phosphoric acid as a mono- or diester."" [ISBN:0198506732]"	135	1846	22	22878	0.011917659804983749	0.16296296296296298	query_1	['GO:0008289']	16hr_60S_down	2.043468161586862
GO:MF	GO:0043891	glyceraldehyde-3-phosphate dehydrogenase [NAD(P)+] (phosphorylating) activity	0.009225009553453718	True	"""Catalysis of the reaction: D-glyceraldehyde 3-phosphate + phosphate + NAD(P)+ = 3-phospho-D-glyceroyl phosphate + NAD(P)H + H+."" [EC:1.2.1.59]"	7	1846	4	22878	0.0021668472372697724	0.5714285714285714	query_1	['GO:0016620']	16hr_60S_down	2.0350331754117112
GO:MF	GO:0004372	glycine hydroxymethyltransferase activity	0.009225009553453718	True	"""Catalysis of the reaction: 5,10-methylenetetrahydrofolate + glycine + H2O = tetrahydrofolate + L-serine."" [RHEA:15481]"	7	1846	4	22878	0.0021668472372697724	0.5714285714285714	query_1	['GO:0016742']	16hr_60S_down	2.0350331754117112
GO:BP	GO:0030163	protein catabolic process	0.009324949801977529	True	"""The chemical reactions and pathways resulting in the breakdown of a protein by the destruction of the native, active configuration, with or without the hydrolysis of peptide bonds."" [GOC:mah]"	306	1705	39	21925	0.02287390029325513	0.12745098039215685	query_1	['GO:0009057', 'GO:0019538']	16hr_60S_down	2.030353497404834
GO:MF	GO:0035251	UDP-glucosyltransferase activity	0.00945499410785832	True	"""Catalysis of the transfer of a glucosyl group from UDP-glucose to an acceptor molecule."" [PMID:19858195]"	153	1846	24	22878	0.013001083423618635	0.1568627450980392	query_1	['GO:0008194', 'GO:0046527']	16hr_60S_down	2.0243387374615027
GO:MF	GO:0016814	hydrolase activity, acting on carbon-nitrogen (but not peptide) bonds, in cyclic amidines	0.009562624327078413	True	"""Catalysis of the hydrolysis of any non-peptide carbon-nitrogen bond in a cyclic amidine, a compound of the form R-C(=NH)-NH2."" [EC:3.5.4.-]"	28	1846	8	22878	0.004333694474539545	0.2857142857142857	query_1	['GO:0016810']	16hr_60S_down	2.019422905384668
GO:BP	GO:1901401	regulation of tetrapyrrole metabolic process	0.009628448698330246	True	"""Any process that modulates the frequency, rate or extent of tetrapyrrole metabolic process."" [GOC:mengo_curators, GOC:TermGenie]"	30	1705	8	21925	0.00469208211143695	0.26666666666666666	query_1	['GO:0019222', 'GO:0033013']	16hr_60S_down	2.016443679233291
GO:BP	GO:0016049	cell growth	0.009696233005838235	True	"""The process in which a cell irreversibly increases in size over time by accretion and biosynthetic production of matter similar to that already present."" [GOC:ai]"	419	1705	50	21925	0.02932551319648094	0.11933174224343675	query_1	['GO:0009987', 'GO:0040007']	16hr_60S_down	2.013396956715957
GO:BP	GO:0019216	regulation of lipid metabolic process	0.009995684601465294	True	"""Any process that modulates the frequency, rate or extent of the chemical reactions and pathways involving lipids."" [GOC:go_curators]"	83	1705	15	21925	0.008797653958944282	0.18072289156626506	query_1	['GO:0006629', 'GO:0080090']	16hr_60S_down	2.0001874558273234
GO:MF	GO:0004175	endopeptidase activity	0.0100749193112912	True	"""Catalysis of the hydrolysis of internal, alpha-peptide bonds in a polypeptide chain."" [http://merops.sanger.ac.uk/about/glossary.htm#ENDOPEPTIDASE]"	341	1846	44	22878	0.023835319609967497	0.12903225806451613	query_1	['GO:0008233']	16hr_60S_down	1.9967584233805313
GO:CC	GO:0000138	Golgi trans cisterna	0.010123980433516429	True	"""The Golgi cisterna farthest from the endoplasmic reticulum; the final processing compartment through which proteins pass before exiting the Golgi apparatus; the compartment in which N-linked protein glycosylation is completed."" [ISBN:0815316194]"	85	1869	17	20029	0.00909577314071696	0.2	query_1	['GO:0031985']	16hr_60S_down	1.9946487028681943
GO:BP	GO:0080147	root hair cell development	0.010181505395748849	True	"""The process whose specific outcome is the progression of a root hair cell over time, from its formation to the mature state."" [PMID:19675148]"	100	1705	17	21925	0.00997067448680352	0.17	query_1	['GO:0048468', 'GO:0048765']	16hr_60S_down	1.9921880042456814
GO:BP	GO:0043043	peptide biosynthetic process	0.010181505395748849	True	"""The chemical reactions and pathways resulting in the formation of peptides, compounds of 2 or more (but usually less than 100) amino acids where the alpha carboxyl group of one is bound to the alpha amino group of another. This may include the translation of a precursor protein and its subsequent processing into a functional peptide."" [GOC:dph, GOC:jl]"	4	1705	3	21925	0.0017595307917888563	0.75	query_1	['GO:0006518', 'GO:0009058']	16hr_60S_down	1.9921880042456814
GO:BP	GO:0043649	dicarboxylic acid catabolic process	0.010181505395748849	True	"""The chemical reactions and pathways resulting in the breakdown of dicarboxylic acids, any organic acid containing two carboxyl (-COOH) groups."" [ISBN:0198506732]"	4	1705	3	21925	0.0017595307917888563	0.75	query_1	['GO:0043648', 'GO:0046395']	16hr_60S_down	1.9921880042456814
GO:BP	GO:0035246	peptidyl-arginine N-methylation	0.010181505395748849	True	"""The addition of a methyl group onto a nitrogen atom of an arginine residue in a protein."" [GOC:bf]"	4	1705	3	21925	0.0017595307917888563	0.75	query_1	['GO:0018216']	16hr_60S_down	1.9921880042456814
GO:BP	GO:0033355	ascorbate glutathione cycle	0.010181505395748849	True	"""A cyclic series of interconversions involving L-ascorbate and glutathione that scavenges hydrogen peroxide and reduces it to water, with concomitant oxidation of NADPH."" [GOC:mah, MetaCyc:PWY-2261]"	4	1705	3	21925	0.0017595307917888563	0.75	query_1	['GO:0006749', 'GO:0019852', 'GO:0042744']	16hr_60S_down	1.9921880042456814
GO:BP	GO:0000272	polysaccharide catabolic process	0.010181505395748849	True	"""The chemical reactions and pathways resulting in the breakdown of a polysaccharide, a polymer of many (typically more than 10) monosaccharide residues linked glycosidically."" [PMID:33139480]"	181	1705	26	21925	0.015249266862170088	0.143646408839779	query_1	['GO:0005976', 'GO:0009057', 'GO:0016052']	16hr_60S_down	1.9921880042456814
GO:BP	GO:0006065	UDP-glucuronate biosynthetic process	0.010181505395748849	True	"""The chemical reactions and pathways resulting in the formation of UDP-glucuronate, a substance composed of glucuronic acid in glycosidic linkage with uridine diphosphate."" [GOC:ai]"	4	1705	3	21925	0.0017595307917888563	0.75	query_1	['GO:0009226', 'GO:0046394', 'GO:0046398']	16hr_60S_down	1.9921880042456814
GO:BP	GO:0006858	extracellular transport	0.010181505395748849	True	"""The transport of substances that occurs outside cells."" [GOC:go_curators]"	4	1705	3	21925	0.0017595307917888563	0.75	query_1	['GO:0006810']	16hr_60S_down	1.9921880042456814
GO:BP	GO:0016120	carotene biosynthetic process	0.010181505395748849	True	"""The chemical reactions and pathways resulting in the formation of carotenes, hydrocarbon carotenoids."" [GOC:go_curators]"	4	1705	3	21925	0.0017595307917888563	0.75	query_1	['GO:0016119', 'GO:0046246']	16hr_60S_down	1.9921880042456814
GO:BP	GO:0006556	S-adenosylmethionine biosynthetic process	0.010181505395748849	True	"""The chemical reactions and pathways resulting in the formation of S-adenosylmethionine, S-(5'-adenosyl)-L-methionine, an important intermediate in one-carbon metabolism."" [GOC:go_curators, ISBN:0198506732]"	4	1705	3	21925	0.0017595307917888563	0.75	query_1	['GO:0044272', 'GO:0046500']	16hr_60S_down	1.9921880042456814
GO:BP	GO:0046173	polyol biosynthetic process	0.010352711876456986	True	"""The chemical reactions and pathways resulting in the formation of a polyol, any alcohol containing three or more hydroxyl groups attached to saturated carbon atoms."" [GOC:curators]"	24	1705	7	21925	0.004105571847507331	0.2916666666666667	query_1	['GO:0019751', 'GO:0046165']	16hr_60S_down	1.9849458725537168
GO:BP	GO:0000288	nuclear-transcribed mRNA catabolic process, deadenylation-dependent decay	0.010352711876456986	True	"""A major pathway of degradation of nuclear-transcribed mRNAs that proceeds through a series of ordered steps that includes poly(A) tail shortening and that can regulate mRNA stability."" [GOC:jp, GOC:krc]"	24	1705	7	21925	0.004105571847507331	0.2916666666666667	query_1	['GO:0000956', 'GO:0061157']	16hr_60S_down	1.9849458725537168
GO:BP	GO:0006970	response to osmotic stress	0.010501398207078107	True	"""Any process that results in a change in state or activity of a cell or an organism (in terms of movement, secretion, enzyme production, gene expression, etc.) as a result of a stimulus indicating an increase or decrease in the concentration of solutes outside the organism or cell."" [GOC:jl]"	537	1705	61	21925	0.03577712609970674	0.11359404096834265	query_1	['GO:0006950', 'GO:0009628']	16hr_60S_down	1.978752873007036
GO:MF	GO:0008757	S-adenosylmethionine-dependent methyltransferase activity	0.010769942671148745	True	"""Catalysis of the transfer of a methyl group from S-adenosyl-L-methionine to a substrate."" [GOC:mah]"	313	1846	41	22878	0.022210184182015168	0.13099041533546327	query_1	['GO:0008168']	16hr_60S_down	1.9677866084633944
GO:BP	GO:0010019	chloroplast-nucleus signaling pathway	0.011222758617343889	True	"""The process in which a molecular signal is transduced between the chloroplast and nucleus, such that expression of nuclear encoding photosynthetic proteins is coupled with chloroplast biogenesis."" [PMID:8972595]"	8	1705	4	21925	0.002346041055718475	0.5	query_1	['GO:0035556']	16hr_60S_down	1.9499003779253063
GO:BP	GO:0016119	carotene metabolic process	0.011222758617343889	True	"""The chemical reactions and pathways involving carotenes, hydrocarbon carotenoids."" [ISBN:0198547684]"	8	1705	4	21925	0.002346041055718475	0.5	query_1	['GO:0042214']	16hr_60S_down	1.9499003779253063
GO:BP	GO:0070813	hydrogen sulfide metabolic process	0.011222758617343889	True	"""The chemical reactions and pathways involving hydrogen sulfide, H2S."" [GOC:mah]"	8	1705	4	21925	0.002346041055718475	0.5	query_1	['GO:0006790']	16hr_60S_down	1.9499003779253063
GO:BP	GO:0070814	hydrogen sulfide biosynthetic process	0.011222758617343889	True	"""The chemical reactions and pathways resulting in the formation of hydrogen sulfide, H2S."" [GOC:mah]"	8	1705	4	21925	0.002346041055718475	0.5	query_1	['GO:0044272', 'GO:0070813']	16hr_60S_down	1.9499003779253063
GO:BP	GO:0009698	phenylpropanoid metabolic process	0.01127399080379507	True	"""The chemical reactions and pathways involving aromatic derivatives of trans-cinnamic acid."" [GOC:jl]"	164	1705	24	21925	0.01407624633431085	0.14634146341463414	query_1	['GO:0019748']	16hr_60S_down	1.9479223237701047
GO:MF	GO:0016864	intramolecular oxidoreductase activity, transposing S-S bonds	0.011485520444935844	True	"""Catalysis of an oxidation-reduction (redox) reaction in which the hydrogen donor and acceptor are the same molecule, one or more sulfur-sulfur bonds in the molecule are rearranged, and no oxidized product appears."" [EC:5.3.4.-, GOC:mah]"	17	1846	6	22878	0.0032502708559046588	0.35294117647058826	query_1	['GO:0016860']	16hr_60S_down	1.9398493207786884
GO:MF	GO:0003756	protein disulfide isomerase activity	0.011485520444935844	True	"""Catalysis of the rearrangement of both intrachain and interchain disulfide bonds in proteins."" [EC:5.3.4.1, GOC:vw, Wikipedia:Protein_disulfide-isomerase#Function]"	17	1846	6	22878	0.0032502708559046588	0.35294117647058826	query_1	['GO:0016864', 'GO:0140096']	16hr_60S_down	1.9398493207786884
GO:BP	GO:0048589	developmental growth	0.011595476087862044	True	"""The increase in size or mass of an entire organism, a part of an organism or a cell, where the increase in size or mass has the specific outcome of the progression of the organism over time from one condition to another."" [GOC:go_curators]"	497	1705	57	21925	0.03343108504398827	0.11468812877263582	query_1	['GO:0032502', 'GO:0040007']	16hr_60S_down	1.9357114153669428
KEGG	KEGG:01232	Nucleotide metabolism	0.011793873423537986	True	Nucleotide metabolism	84	865	24	5300	0.027745664739884393	0.2857142857142857	query_1	['KEGG:00000']	16hr_60S_down	1.9283435375514273
GO:BP	GO:0006637	acyl-CoA metabolic process	0.011825990635536514	True	"""The chemical reactions and pathways involving acyl-CoA, any derivative of coenzyme A in which the sulfhydryl group is in thiolester linkage with an acyl group."" [ISBN:0198506732]"	38	1705	9	21925	0.005278592375366569	0.23684210526315788	query_1	['GO:0006753', 'GO:0035383', 'GO:0043603', 'GO:0072521']	16hr_60S_down	1.9271624692348015
GO:BP	GO:0035383	thioester metabolic process	0.011825990635536514	True	"""The chemical reactions and pathways involving a thioester, a compound of general formula RC(=O)SR' in which the linking oxygen in an ester is replaced by a sulfur atom. They are the product of esterification between a carboxylic acid and a thiol."" [GOC:bf, Wikipedia:Thioester]"	38	1705	9	21925	0.005278592375366569	0.23684210526315788	query_1	['GO:0006790']	16hr_60S_down	1.9271624692348015
GO:MF	GO:0016646	oxidoreductase activity, acting on the CH-NH group of donors, NAD or NADP as acceptor	0.011934661985874775	True	"""Catalysis of an oxidation-reduction (redox) reaction in which a CH-NH group acts as a hydrogen or electron donor and reduces NAD or NADP."" [GOC:jl]"	12	1846	5	22878	0.0027085590465872156	0.4166666666666667	query_1	['GO:0016645']	16hr_60S_down	1.9231898765942335
GO:MF	GO:0009815	1-aminocyclopropane-1-carboxylate oxidase activity	0.011934661985874775	True	"""Catalysis of the reaction: 1-aminocyclopropane-1-carboxylate + L-ascorbate + O2 = CO2 + dehydroascorbate + ethylene + 2 H2O + hydrogen cyanide. Ethene is also known as ethylene."" [RHEA:23640]"	12	1846	5	22878	0.0027085590465872156	0.4166666666666667	query_1	['GO:0016715']	16hr_60S_down	1.9231898765942335
GO:MF	GO:0016273	arginine N-methyltransferase activity	0.011934661985874775	True	"""Enables the transfer of a methyl group from S-adenosyl-L-methionine to an amino group of an arginine residue."" [GOC:mah]"	12	1846	5	22878	0.0027085590465872156	0.4166666666666667	query_1	['GO:0008170', 'GO:0008757']	16hr_60S_down	1.9231898765942335
GO:MF	GO:0016274	protein-arginine N-methyltransferase activity	0.011934661985874775	True	"""Catalysis of the reaction: S-adenosyl-L-methionine + (protein)-arginine = S-adenosyl-L-homocysteine + (protein)-N-methyl-arginine."" [GOC:mah, PMID:12351636, PMID:31284549]"	12	1846	5	22878	0.0027085590465872156	0.4166666666666667	query_1	['GO:0008276', 'GO:0016273']	16hr_60S_down	1.9231898765942335
GO:MF	GO:0016715	oxidoreductase activity, acting on paired donors, with incorporation or reduction of molecular oxygen, reduced ascorbate as one donor, and incorporation of one atom of oxygen	0.011934661985874775	True	"""Catalysis of an oxidation-reduction (redox) reaction in which hydrogen or electrons are transferred from reduced ascorbate and one other donor, and one atom of oxygen is incorporated into one donor."" [EC:1.14.17.-]"	12	1846	5	22878	0.0027085590465872156	0.4166666666666667	query_1	['GO:0004497', 'GO:0016705']	16hr_60S_down	1.9231898765942335
GO:MF	GO:0031593	polyubiquitin modification-dependent protein binding	0.011934661985874775	True	"""Binding to a protein upon poly-ubiquitination of the target protein."" [GOC:pg]"	12	1846	5	22878	0.0027085590465872156	0.4166666666666667	query_1	['GO:0140030']	16hr_60S_down	1.9231898765942335
GO:BP	GO:0009231	riboflavin biosynthetic process	0.011991747566248632	True	"""The chemical reactions and pathways resulting in the formation of riboflavin (vitamin B2), the precursor for the coenzymes flavin mononucleotide (FMN) and flavin adenine dinucleotide (FAD)."" [GOC:jl, PMID:10940330]"	13	1705	5	21925	0.002932551319648094	0.38461538461538464	query_1	['GO:0006771', 'GO:0042364', 'GO:0042727']	16hr_60S_down	1.921117522232755
GO:BP	GO:0042727	flavin-containing compound biosynthetic process	0.011991747566248632	True	"""The chemical reactions and pathways resulting in the formation of a flavin, any derivative of the dimethylisoalloxazine (7,8-dimethylbenzo[g]pteridine-2,4(3H,10H)-dione) skeleton, with a substituent on the 10 position."" [GOC:jl, GOC:mah]"	13	1705	5	21925	0.002932551319648094	0.38461538461538464	query_1	['GO:0009058', 'GO:0042726']	16hr_60S_down	1.921117522232755
GO:BP	GO:0006771	riboflavin metabolic process	0.011991747566248632	True	"""The chemical reactions and pathways involving riboflavin (vitamin B2), the precursor for the coenzymes flavin mononucleotide (FMN) and flavin adenine dinucleotide (FAD)."" [GOC:jl, PMID:11153262, PMID:24764086]"	13	1705	5	21925	0.002932551319648094	0.38461538461538464	query_1	['GO:0006767', 'GO:0042726']	16hr_60S_down	1.921117522232755
GO:BP	GO:0009926	auxin polar transport	0.012125378723216021	True	"""The unidirectional movement of auxin in the stem from tip to base along the vector of gravity or basipetally."" [GOC:sm]"	102	1705	17	21925	0.00997067448680352	0.16666666666666666	query_1	['GO:0060918']	16hr_60S_down	1.9163046877909176
GO:BP	GO:0009651	response to salt stress	0.012402101187622064	True	"""Any process that results in a change in state or activity of a cell or an organism (in terms of movement, secretion, enzyme production, gene expression, etc.) as a result of a stimulus indicating an increase or decrease in the concentration of salt (particularly but not exclusively sodium and chloride ions) in the environment."" [GOC:jl]"	446	1705	52	21925	0.030498533724340176	0.11659192825112108	query_1	['GO:0006970']	16hr_60S_down	1.9065047296052084
GO:BP	GO:0120254	olefinic compound metabolic process	0.012556837639830846	True	"""The chemical reactions and pathways involving an olefinic compound, any compound which contains a carbon-carbon double bond (aka C=C)."" [GOC:krc]"	77	1705	14	21925	0.008211143695014663	0.18181818181818182	query_1	['GO:0008152']	16hr_60S_down	1.9011197211479656
KEGG	KEGG:00670	One carbon pool by folate	0.012779557950194259	True	One carbon pool by folate	21	865	9	5300	0.010404624277456647	0.42857142857142855	query_1	['KEGG:00000']	16hr_60S_down	1.8934841683303298
KEGG	KEGG:00261	Monobactam biosynthesis	0.012779557950194259	True	Monobactam biosynthesis	14	865	7	5300	0.008092485549132947	0.5	query_1	['KEGG:00000']	16hr_60S_down	1.8934841683303298
GO:CC	GO:0042644	chloroplast nucleoid	0.012871359052388821	True	"""The region of a chloroplast to which the DNA is confined."" [GOC:jl]"	52	1869	12	20029	0.006420545746388443	0.23076923076923078	query_1	['GO:0009570', 'GO:0042646']	16hr_60S_down	1.8903755946813448
GO:MF	GO:0042803	protein homodimerization activity	0.013204239045430588	True	"""Binding to an identical protein to form a homodimer."" [GOC:jl]"	231	1846	32	22878	0.01733477789815818	0.13852813852813853	query_1	['GO:0042802', 'GO:0046983']	16hr_60S_down	1.879286621938538
GO:MF	GO:0018822	nitrile hydratase activity	0.013204239045430588	True	"""Catalysis of the reaction: an aliphatic amide = a nitrile + H2O."" [RHEA:12673]"	4	1846	3	22878	0.0016251354279523294	0.75	query_1	['GO:0016836']	16hr_60S_down	1.879286621938538
GO:MF	GO:0080061	indole-3-acetonitrile nitrilase activity	0.013204239045430588	True	"""Catalysis of the reaction: indole-3-acetonitrile + 2 H2O = indole-3-acetic acid + NH3."" [RHEA:45776]"	4	1846	3	22878	0.0016251354279523294	0.75	query_1	['GO:0000257']	16hr_60S_down	1.879286621938538
GO:MF	GO:0000774	adenyl-nucleotide exchange factor activity	0.013204239045430588	True	"""Binds to and stimulates the hydrolysis and exchange of adenyl nucleotides by other proteins."" [GOC:kd]"	4	1846	3	22878	0.0016251354279523294	0.75	query_1	['GO:0005524', 'GO:0043531', 'GO:0060590']	16hr_60S_down	1.879286621938538
GO:MF	GO:0008964	phosphoenolpyruvate carboxylase activity	0.013204239045430588	True	"""Catalysis of the reaction: phosphate + oxaloacetate = phosphoenolpyruvate + HCO3-."" [EC:4.1.1.31]"	4	1846	3	22878	0.0016251354279523294	0.75	query_1	['GO:0004611']	16hr_60S_down	1.879286621938538
GO:MF	GO:0003862	3-isopropylmalate dehydrogenase activity	0.013204239045430588	True	"""Catalysis of the reaction: (2R,3S)-3-isopropylmalate + NAD+ = 4-methyl-2-oxopentanoate + CO2 + NADH."" [RHEA:32271]"	4	1846	3	22878	0.0016251354279523294	0.75	query_1	['GO:0016616']	16hr_60S_down	1.879286621938538
GO:MF	GO:0003861	3-isopropylmalate dehydratase activity	0.013204239045430588	True	"""Catalysis of the reaction: (2R,3S)-3-isopropylmalate = (2S)-2-isopropylmalate."" [EC:4.2.1.33]"	4	1846	3	22878	0.0016251354279523294	0.75	query_1	['GO:0016836']	16hr_60S_down	1.879286621938538
GO:MF	GO:0000257	nitrilase activity	0.013204239045430588	True	"""Catalysis of the reaction: a nitrile + H2O = a carboxylate + NH3. Acts on a wide range of aromatic nitriles including (indole-3-yl)-acetonitrile and some aliphatic nitriles, and on the corresponding acid amides."" [EC:3.5.5.1, GOC:kd]"	4	1846	3	22878	0.0016251354279523294	0.75	query_1	['GO:0016815']	16hr_60S_down	1.879286621938538
GO:MF	GO:0004478	methionine adenosyltransferase activity	0.013204239045430588	True	"""Catalysis of the reaction: ATP + L-methionine + H2O = phosphate + diphosphate + S-adenosyl-L-methionine."" [EC:2.5.1.6]"	4	1846	3	22878	0.0016251354279523294	0.75	query_1	['GO:0016765']	16hr_60S_down	1.879286621938538
GO:MF	GO:0034722	gamma-glutamyl-peptidase activity	0.013204239045430588	True	"""Catalysis of the cleavage of a gamma-linked glutamate bond."" [EC:3.4.19.9, MEROPS_fam:C26]"	4	1846	3	22878	0.0016251354279523294	0.75	query_1	['GO:0008234', 'GO:0008242']	16hr_60S_down	1.879286621938538
GO:MF	GO:0047427	cyanoalanine nitrilase activity	0.013204239045430588	True	"""Catalysis of the reaction: 3-cyano-L-alanine + 2 H2O + H+ = L-aspartate + NH4."" [RHEA:11188]"	4	1846	3	22878	0.0016251354279523294	0.75	query_1	['GO:0000257']	16hr_60S_down	1.879286621938538
GO:MF	GO:0016672	oxidoreductase activity, acting on a sulfur group of donors, quinone or similar compound as acceptor	0.013204239045430588	True	"""Catalysis of an oxidation-reduction (redox) reaction in which a sulfur-containing group acts as a hydrogen or electron donor and reduces quinone or a related compound."" [GOC:jl]"	4	1846	3	22878	0.0016251354279523294	0.75	query_1	['GO:0016667']	16hr_60S_down	1.879286621938538
GO:MF	GO:0047334	diphosphate-fructose-6-phosphate 1-phosphotransferase activity	0.013204239045430588	True	"""Catalysis of the reaction: fructose-6-phosphate + diphosphate = phosphate + fructose-1,6-bisphosphate."" [EC:2.7.1.90, MetaCyc:2.7.1.90-RXN]"	4	1846	3	22878	0.0016251354279523294	0.75	query_1	['GO:0008443']	16hr_60S_down	1.879286621938538
GO:MF	GO:0045174	glutathione dehydrogenase (ascorbate) activity	0.013204239045430588	True	"""Catalysis of the reaction: dehydroascorbate + 2 glutathione = L-ascorbate + glutathione disulfide."" [RHEA:24424]"	4	1846	3	22878	0.0016251354279523294	0.75	query_1	['GO:0015038', 'GO:0016209', 'GO:0016672']	16hr_60S_down	1.879286621938538
GO:MF	GO:0016815	hydrolase activity, acting on carbon-nitrogen (but not peptide) bonds, in nitriles	0.013204239045430588	True	"""Catalysis of the hydrolysis of any non-peptide carbon-nitrogen bond in a nitrile, a compound containing the cyano radical, -CN."" [GOC:curators]"	4	1846	3	22878	0.0016251354279523294	0.75	query_1	['GO:0016810']	16hr_60S_down	1.879286621938538
GO:BP	GO:0071554	cell wall organization or biogenesis	0.013382617883935324	True	"""A process that results in the biosynthesis of constituent macromolecules, assembly, arrangement of constituent parts, or disassembly of a cell wall."" [GOC:mah]"	706	1705	76	21925	0.04457478005865103	0.10764872521246459	query_1	['GO:0009987']	16hr_60S_down	1.8734589223426532
GO:BP	GO:0031163	metallo-sulfur cluster assembly	0.014121568781449698	True	"""The incorporation of a metal and exogenous sulfur into a metallo-sulfur cluster."" [GOC:jl, GOC:mah, GOC:pde, GOC:vw]"	32	1705	8	21925	0.00469208211143695	0.25	query_1	['GO:0022607']	16hr_60S_down	1.850117054326596
GO:BP	GO:0009152	purine ribonucleotide biosynthetic process	0.014121568781449698	True	"""The chemical reactions and pathways resulting in the formation of a purine ribonucleotide, a compound consisting of ribonucleoside (a purine base linked to a ribose sugar) esterified with a phosphate group at either the 3' or 5'-hydroxyl group of the sugar."" [GOC:go_curators, ISBN:0198506732]"	78	1705	14	21925	0.008211143695014663	0.1794871794871795	query_1	['GO:0006164', 'GO:0009150', 'GO:0009260']	16hr_60S_down	1.850117054326596
GO:BP	GO:0016226	iron-sulfur cluster assembly	0.014121568781449698	True	"""The incorporation of iron and exogenous sulfur into a metallo-sulfur cluster."" [GOC:jl, GOC:mah, GOC:pde, GOC:vw]"	32	1705	8	21925	0.00469208211143695	0.25	query_1	['GO:0031163']	16hr_60S_down	1.850117054326596
GO:BP	GO:0010628	positive regulation of gene expression	0.014486140752236273	True	"""Any process that increases the frequency, rate or extent of gene expression. Gene expression is the process in which a gene's coding sequence is converted into a mature gene product (protein or RNA)."" [GOC:txnOH-2018]"	70	1705	13	21925	0.007624633431085044	0.18571428571428572	query_1	['GO:0010467', 'GO:0010468', 'GO:0010557']	16hr_60S_down	1.8390472993629325
GO:MF	GO:0016671	oxidoreductase activity, acting on a sulfur group of donors, disulfide as acceptor	0.014808512917723395	True	"""Catalysis of an oxidation-reduction (redox) reaction in which a sulfur-containing group acts as a hydrogen or electron donor and reduces disulfide."" [GOC:jl]"	37	1846	9	22878	0.004875406283856988	0.24324324324324326	query_1	['GO:0016667']	16hr_60S_down	1.8294885514756338
GO:MF	GO:0004448	isocitrate dehydrogenase [NAD(P)+] activity	0.014999086330111147	True	"""Catalysis of the reaction: isocitrate + NAD(P)+ = 2-oxoglutarate + CO2 + NAD(P)H."" [GOC:curators]"	8	1846	4	22878	0.0021668472372697724	0.5	query_1	['GO:0016616']	16hr_60S_down	1.823935195202743
GO:MF	GO:0008379	thioredoxin peroxidase activity	0.014999086330111147	True	"""Catalysis of the reaction: [thioredoxin]-dithiol + hydrogen peroxide = [thioredoxin]-disulfide + H2O."" [RHEA:63528]"	8	1846	4	22878	0.0021668472372697724	0.5	query_1	['GO:0140824']	16hr_60S_down	1.823935195202743
GO:BP	GO:0042743	hydrogen peroxide metabolic process	0.015057263684509341	True	"""The chemical reactions and pathways involving hydrogen peroxide (H2O2), a potentially harmful byproduct of aerobic cellular respiration which can cause damage to DNA."" [GOC:jl, PMID:21734470]"	113	1705	18	21925	0.010557184750733138	0.1592920353982301	query_1	['GO:0072593']	16hr_60S_down	1.8222539441174643
GO:CC	GO:0043529	GET complex	0.015131053470698689	True	"""An endoplasmic reticulum protein-containing complex that is conserved in eukaryotics and that mediates the insertion of tail-anchored proteins into the ER membrane. In yeast, includes Get1p, Get2p and Get3p proteins."" [GOC:krc, GOC:vw, PMID:16269340, PMID:18724936, PMID:32910895]"	4	1869	3	20029	0.0016051364365971107	0.75	query_1	['GO:0140534']	16hr_60S_down	1.8201308340003386
GO:MF	GO:0003743	translation initiation factor activity	0.015181195445421451	True	"""Functions in the initiation of ribosome-mediated translation of mRNA into a polypeptide."" [ISBN:0198506732]"	99	1846	17	22878	0.009209100758396533	0.1717171717171717	query_1	['GO:0180051']	16hr_60S_down	1.8186940285124655
GO:CC	GO:0019898	extrinsic component of membrane	0.015360200434786498	True	"""The component of a membrane consisting of gene products and protein complexes that are loosely bound to one of its surfaces, but not integrated into the hydrophobic region."" [GOC:dos, GOC:jl, GOC:mah]"	60	1869	13	20029	0.006955591225254147	0.21666666666666667	query_1	['GO:0016020', 'GO:0110165']	16hr_60S_down	1.813603117172097
GO:BP	GO:0016071	mRNA metabolic process	0.01573232122862095	True	"""The chemical reactions and pathways involving mRNA, messenger RNA, which is responsible for carrying the coded genetic 'message', transcribed from DNA, to sites of protein assembly at the ribosomes."" [ISBN:0198506732]"	569	1705	63	21925	0.03695014662756598	0.11072056239015818	query_1	['GO:0016070']	16hr_60S_down	1.803207194579019
GO:BP	GO:0009845	seed germination	0.01573385174020768	True	"""The physiological and developmental changes that occur in a seed commencing with water uptake (imbibition) and terminating with the elongation of the embryonic axis."" [PMID:8281041]"	178	1705	25	21925	0.01466275659824047	0.1404494382022472	query_1	['GO:0032501', 'GO:0090351']	16hr_60S_down	1.8031649464964326
GO:BP	GO:0009631	cold acclimation	0.016421802045049744	True	"""Any process that increases freezing tolerance of an organism in response to low, nonfreezing temperatures."" [GOC:syr]"	55	1705	11	21925	0.0064516129032258064	0.2	query_1	['GO:0009409']	16hr_60S_down	1.784579187333545
GO:MF	GO:0008242	omega peptidase activity	0.016465639437490336	True	"""Catalysis of the cleavage of non-standard peptide bonds releasing substituted amino acids such as pyroglutamate or cleave isopeptide bonds, such as many deubiquitinating enzymes."" [EC:3.4.19.-, PMID:20157488, PMID:9920379]"	13	1846	5	22878	0.0027085590465872156	0.38461538461538464	query_1	['GO:0008233']	16hr_60S_down	1.7834213989465324
GO:MF	GO:0019187	beta-1,4-mannosyltransferase activity	0.016465639437490336	True	"""Catalysis of the transfer of a mannose residue to an oligosaccharide, forming a beta-(1->4) linkage."" [GOC:mcc, PMID:8166646]"	13	1846	5	22878	0.0027085590465872156	0.38461538461538464	query_1	['GO:0000030']	16hr_60S_down	1.7834213989465324
GO:BP	GO:0042592	homeostatic process	0.01667038025557484	True	"""Any biological process involved in the maintenance of an internal steady state."" [GOC:jl, ISBN:0395825172]"	287	1705	36	21925	0.021114369501466276	0.1254355400696864	query_1	['GO:0008150']	16hr_60S_down	1.778054493692428
GO:BP	GO:0072594	establishment of protein localization to organelle	0.016874697987026496	True	"""The directed movement of a protein to a specific location on or in an organelle. Encompasses establishment of localization in the membrane or lumen of a membrane-bounded organelle."" [GOC:mah]"	179	1705	25	21925	0.01466275659824047	0.13966480446927373	query_1	['GO:0033365', 'GO:0045184']	16hr_60S_down	1.7727639911631052
GO:BP	GO:0052325	cell wall pectin biosynthetic process	0.016877947600537208	True	"""The chemical reactions and pathways resulting in the formation of pectin, a polymer containing a backbone of alpha-1,4-linked D-galacturonic acid residues, as part of the organization and biogenesis of the cell wall."" [GOC:ai]"	14	1705	5	21925	0.002932551319648094	0.35714285714285715	query_1	['GO:0009832', 'GO:0045489', 'GO:0052546', 'GO:0070592']	16hr_60S_down	1.7726803657645143
GO:BP	GO:0046246	terpene biosynthetic process	0.016877947600537208	True	"""The chemical reactions and pathways resulting in the formation of terpenes, any of a large group of hydrocarbons made up of isoprene units."" [GOC:ai]"	14	1705	5	21925	0.002932551319648094	0.35714285714285715	query_1	['GO:0008299', 'GO:0042214', 'GO:0120251']	16hr_60S_down	1.7726803657645143
GO:BP	GO:0045828	positive regulation of isoprenoid metabolic process	0.016877947600537208	True	"""Any process that activates or increases the frequency, rate or extent of the chemical reactions and pathways involving isoprenoid."" [GOC:go_curators]"	14	1705	5	21925	0.002932551319648094	0.35714285714285715	query_1	['GO:0006720', 'GO:0019747', 'GO:0045834']	16hr_60S_down	1.7726803657645143
GO:BP	GO:0032511	late endosome to vacuole transport via multivesicular body sorting pathway	0.016877947600537208	True	"""The directed movement of substances from endosomes to vacuoles by a pathway in which molecules are sorted into multivesicular bodies, which then fuse with the vacuole."" [GOC:mah, PMID:12461556, PMID:16689637]"	14	1705	5	21925	0.002932551319648094	0.35714285714285715	query_1	['GO:0032509', 'GO:0045324']	16hr_60S_down	1.7726803657645143
GO:BP	GO:0016998	cell wall macromolecule catabolic process	0.01694330731811111	True	"""The chemical reactions and pathways resulting in the breakdown of macromolecules that form part of a cell wall."" [GOC:go_curators]"	33	1705	8	21925	0.00469208211143695	0.24242424242424243	query_1	['GO:0009057', 'GO:0044036']	16hr_60S_down	1.7710018118441946
GO:BP	GO:0046351	disaccharide biosynthetic process	0.01694330731811111	True	"""The chemical reactions and pathways resulting in the formation of disaccharides, sugars composed of two monosaccharide units."" [GOC:ai]"	33	1705	8	21925	0.00469208211143695	0.24242424242424243	query_1	['GO:0005984', 'GO:0009312']	16hr_60S_down	1.7710018118441946
KEGG	KEGG:00061	Fatty acid biosynthesis	0.017571855802905826	True	Fatty acid biosynthesis	42	865	14	5300	0.016184971098265895	0.3333333333333333	query_1	['KEGG:00000']	16hr_60S_down	1.7551823692730533
GO:BP	GO:0051131	chaperone-mediated protein complex assembly	0.017970385163874784	True	"""The aggregation, arrangement and bonding together of a set of components to form a protein complex, mediated by chaperone molecules that do not form part of the finished complex."" [GOC:ai]"	9	1705	4	21925	0.002346041055718475	0.4444444444444444	query_1	['GO:0065003']	16hr_60S_down	1.7454426144462396
GO:BP	GO:0030865	cortical cytoskeleton organization	0.018003414773042375	True	"""A process that is carried out at the cellular level which results in the assembly, arrangement of constituent parts, or disassembly of cytoskeletal structures in the cell cortex, i.e. just beneath the plasma membrane."" [GOC:dph, GOC:jl, GOC:mah]"	48	1705	10	21925	0.005865102639296188	0.20833333333333334	query_1	['GO:0007010']	16hr_60S_down	1.7446451128724858
GO:BP	GO:0016036	cellular response to phosphate starvation	0.018172022847435573	True	"""Any process that results in a change in state or activity of a cell (in terms of movement, secretion, enzyme production, gene expression, etc.) as a result of deprivation of phosphate."" [GOC:jl]"	72	1705	13	21925	0.007624633431085044	0.18055555555555555	query_1	['GO:0009267']	16hr_60S_down	1.7405967258245612
GO:BP	GO:0051028	mRNA transport	0.018172022847435573	True	"""The directed movement of mRNA, messenger ribonucleic acid, into, out of or within a cell, or between cells, by means of some agent such as a transporter or pore."" [GOC:ai]"	72	1705	13	21925	0.007624633431085044	0.18055555555555555	query_1	['GO:0050658']	16hr_60S_down	1.7405967258245612
GO:BP	GO:0097435	supramolecular fiber organization	0.018328158623371702	True	"""A process that is carried out at the cellular level which results in the assembly, arrangement of constituent parts, or disassembly of a supramolecular fiber, a polymer consisting of an indefinite number of protein or protein complex subunits that have polymerised to form a fiber-shaped structure."" [GOC:pr]"	152	1705	22	21925	0.012903225806451613	0.14473684210526316	query_1	['GO:0016043']	16hr_60S_down	1.736881165145758
GO:MF	GO:0050308	sugar-phosphatase activity	0.01869645603956789	True	"""Catalysis of the reaction: sugar phosphate + H2O = sugar + phosphate."" [EC:3.1.3.23, MetaCyc:SUGAR-PHOSPHATASE-RXN]"	25	1846	7	22878	0.003791982665222102	0.28	query_1	['GO:0019203']	16hr_60S_down	1.7282407072775547
GO:MF	GO:0018455	alcohol dehydrogenase [NAD(P)+] activity	0.01869645603956789	True	"""Catalysis of the reaction: an alcohol + NAD(P)+ = an aldehyde or ketone + NAD(P)H + H+."" [GOC:curators]"	25	1846	7	22878	0.003791982665222102	0.28	query_1	['GO:0016616']	16hr_60S_down	1.7282407072775547
KEGG	KEGG:00300	Lysine biosynthesis	0.01954143405963627	True	Lysine biosynthesis	15	865	7	5300	0.008092485549132947	0.4666666666666667	query_1	['KEGG:00000']	16hr_60S_down	1.7090435684916692
GO:BP	GO:0045037	protein import into chloroplast stroma	0.02010548845999206	True	"""The targeting and import of proteins into the chloroplast stroma. Import depends on ATP hydrolysis catalyzed by stromal chaperones. Chloroplast stromal proteins, such as the S subunit of rubisco, have a N-terminal stromal-import sequence of about 44 amino acids which is cleaved from the protein precursor after import."" [ISBN:0716731363]"	27	1705	7	21925	0.004105571847507331	0.25925925925925924	query_1	['GO:0071806', 'GO:0072596']	16hr_60S_down	1.696685371310025
GO:BP	GO:0090351	seedling development	0.02037822224255814	True	"""The process whose specific outcome is the progression of the seedling over time, beginning with seed germination and ending when the first adult leaves emerge."" [GOC:tb, PO:0007131]"	211	1705	28	21925	0.016422287390029325	0.13270142180094788	query_1	['GO:0009791']	16hr_60S_down	1.690833705703643
GO:BP	GO:0009746	response to hexose	0.020380297741723435	True	"""Any process that results in a change in state or activity of a cell or an organism (in terms of movement, secretion, enzyme production, gene expression, etc.) as a result of a hexose stimulus."" [GOC:jl]"	73	1705	13	21925	0.007624633431085044	0.1780821917808219	query_1	['GO:0034284']	16hr_60S_down	1.6907894755482886
GO:BP	GO:0051274	beta-glucan biosynthetic process	0.020380297741723435	True	"""The chemical reactions and pathways resulting in the formation of beta-glucans."" [GOC:ai]"	73	1705	13	21925	0.007624633431085044	0.1780821917808219	query_1	['GO:0009250', 'GO:0051273']	16hr_60S_down	1.6907894755482886
GO:CC	GO:0009295	nucleoid	0.02048533436205455	True	"""The region of a virus, bacterial cell, mitochondrion or chloroplast to which the nucleic acid is confined."" [GOC:bm, GOC:ma, ISBN:3540076689]"	62	1869	13	20029	0.006955591225254147	0.20967741935483872	query_1	['GO:0110165']	16hr_60S_down	1.6885569430894003
GO:BP	GO:0010608	post-transcriptional regulation of gene expression	0.02063755018224819	True	"""Any process that modulates the frequency, rate or extent of gene expression after the production of an RNA transcript."" [GOC:dph, GOC:tb]"	322	1705	39	21925	0.02287390029325513	0.12111801242236025	query_1	['GO:0010468']	16hr_60S_down	1.6853418576978
GO:BP	GO:0044093	positive regulation of molecular function	0.02097763324645767	True	"""Any process that activates or increases the rate or extent of a molecular function, an elemental biological activity occurring at the molecular level, such as catalysis or binding."" [GO:jl]"	65	1705	12	21925	0.007038123167155425	0.18461538461538463	query_1	['GO:0065009']	16hr_60S_down	1.6782435116612744
GO:BP	GO:0010053	root epidermal cell differentiation	0.02176234016922314	True	"""The process in which a relatively unspecialized cell in the root epidermis acquires the specialized features of a trichoblast or atrichoblast."" [GOC:tb]"	145	1705	21	21925	0.012316715542521995	0.14482758620689656	query_1	['GO:0010015', 'GO:0090558', 'GO:0090627']	16hr_60S_down	1.662294405484231
GO:BP	GO:0042794	plastid rRNA transcription	0.02176234016922314	True	"""The synthesis of ribosomal RNA (rRNA) from a plastid DNA template, usually by a specific plastid RNA polymerase."" [GOC:jl, ISBN:0321000382]"	5	1705	3	21925	0.0017595307917888563	0.6	query_1	['GO:0009303', 'GO:0042793']	16hr_60S_down	1.662294405484231
GO:BP	GO:0031112	positive regulation of microtubule polymerization or depolymerization	0.02176234016922314	True	"""Any process that activates or increases the frequency, rate or extent of microtubule polymerization or depolymerization."" [GOC:mah]"	5	1705	3	21925	0.0017595307917888563	0.6	query_1	['GO:0031109', 'GO:0031110', 'GO:0051495']	16hr_60S_down	1.662294405484231
GO:BP	GO:0072708	response to sorbitol	0.02176234016922314	True	"""Any process that results in a change in state or activity of a cell or an organism (in terms of movement, secretion, enzyme production, gene expression, etc.) as a result of a sorbitol stimulus."" [GOC:mah]"	5	1705	3	21925	0.0017595307917888563	0.6	query_1	['GO:0009743']	16hr_60S_down	1.662294405484231
GO:BP	GO:1901562	response to paraquat	0.02176234016922314	True	"""Any process that results in a change in state or activity of a cell or an organism (in terms of movement, secretion, enzyme production, gene expression, etc.) as a result of a paraquat stimulus."" [GOC:TermGenie]"	5	1705	3	21925	0.0017595307917888563	0.6	query_1	['GO:0042221']	16hr_60S_down	1.662294405484231
GO:BP	GO:0046482	para-aminobenzoic acid metabolic process	0.02176234016922314	True	"""The chemical reactions and pathways involving para-aminobenzoic acid, an intermediate in the synthesis of folic acid, a compound which some organisms, e.g. prokaryotes, eukaryotic microbes, and plants, can synthesize de novo. Others, notably mammals, cannot. In yeast, it is present as a factor in the B complex of vitamins."" [ISBN:0198506732, PMID:11377864, PMID:11960743]"	5	1705	3	21925	0.0017595307917888563	0.6	query_1	['GO:0009072', 'GO:0032787', 'GO:0042537']	16hr_60S_down	1.662294405484231
KEGG	KEGG:00340	Histidine metabolism	0.021958624753040997	True	Histidine metabolism	19	865	8	5300	0.009248554913294798	0.42105263157894735	query_1	['KEGG:00000']	16hr_60S_down	1.658394862804283
KEGG	KEGG:00280	Valine, leucine and isoleucine degradation	0.021958624753040997	True	Valine, leucine and isoleucine degradation	52	865	16	5300	0.018497109826589597	0.3076923076923077	query_1	['KEGG:00000']	16hr_60S_down	1.658394862804283
GO:MF	GO:0032182	ubiquitin-like protein binding	0.02212781378745602	True	"""Binding to a small conjugating protein such as ubiquitin or a ubiquitin-like protein."" [GOC:mah]"	54	1846	11	22878	0.005958829902491874	0.2037037037037037	query_1	['GO:0005515']	16hr_60S_down	1.6550614919446611
GO:BP	GO:0010380	regulation of chlorophyll biosynthetic process	0.022390647492227116	True	"""Any process that modulates the frequency, rate or extent of the chemical reactions and pathways resulting in the formation of chlorophyll, any compound of magnesium complexed in a porphyrin (tetrapyrrole) ring and which functions as a photosynthetic pigment, from less complex precursors."" [PMID:17291312]"	21	1705	6	21925	0.0035190615835777126	0.2857142857142857	query_1	['GO:0015995', 'GO:0090056', 'GO:1901463']	16hr_60S_down	1.6499333473215785
GO:BP	GO:0006189	'de novo' IMP biosynthetic process	0.0227709682510929	True	"""The chemical reactions and pathways resulting in the formation of IMP, inosine monophosphate, by the stepwise assembly of a purine ring on ribose 5-phosphate."" [GOC:mah, ISBN:0716720094]"	15	1705	5	21925	0.002932551319648094	0.3333333333333333	query_1	['GO:0006188']	16hr_60S_down	1.6426185022277917
GO:BP	GO:0006415	translational termination	0.0227709682510929	True	"""The process resulting in the release of a polypeptide chain from the ribosome, usually in response to a termination codon (UAA, UAG, or UGA in the universal genetic code)."" [GOC:hjd, ISBN:019879276X]"	15	1705	5	21925	0.002932551319648094	0.3333333333333333	query_1	['GO:0006412', 'GO:0032984']	16hr_60S_down	1.6426185022277917
GO:CC	GO:0042646	plastid nucleoid	0.023412160282679433	True	"""The region of a plastid to which the DNA is confined."" [GOC:jl]"	56	1869	12	20029	0.006420545746388443	0.21428571428571427	query_1	['GO:0009295', 'GO:0009532', 'GO:0043232']	16hr_60S_down	1.6305585113114474
GO:BP	GO:0009309	amine biosynthetic process	0.02361932106433141	True	"""The chemical reactions and pathways resulting in the formation of any organic compound that is weakly basic in character and contains an amino or a substituted amino group. Amines are called primary, secondary, or tertiary according to whether one, two, or three carbon atoms are attached to the nitrogen atom."" [GOC:jl, ISBN:0198506732]"	50	1705	10	21925	0.005865102639296188	0.2	query_1	['GO:0009058', 'GO:0009308']	16hr_60S_down	1.6267325903064258
GO:BP	GO:0042401	biogenic amine biosynthetic process	0.02361932106433141	True	"""The chemical reactions and pathways occurring at the level of individual cells resulting in the formation of any of a group of naturally occurring, biologically active amines, such as norepinephrine, histamine, and serotonin, many of which act as neurotransmitters."" [GOC:jl, ISBN:0395825172]"	50	1705	10	21925	0.005865102639296188	0.2	query_1	['GO:0006576', 'GO:0009309']	16hr_60S_down	1.6267325903064258
GO:BP	GO:0140546	defense response to symbiont	0.02361932106433141	True	"""Reactions triggered in response to the presence of a symbiont that act to protect or prevent damage to the host."" [GOC:pg]"	325	1705	39	21925	0.02287390029325513	0.12	query_1	['GO:0098542']	16hr_60S_down	1.6267325903064258
GO:MF	GO:0016638	oxidoreductase activity, acting on the CH-NH2 group of donors	0.023624090674642342	True	"""Catalysis of an oxidation-reduction (redox) reaction in which a CH-NH2 group acts as a hydrogen or electron donor and reduces a hydrogen or electron acceptor."" [EC:1.4.-.-, GOC:ai]"	26	1846	7	22878	0.003791982665222102	0.2692307692307692	query_1	['GO:0016491']	16hr_60S_down	1.626644899118611
GO:BP	GO:0009312	oligosaccharide biosynthetic process	0.023927629795439373	True	"""The chemical reactions and pathways resulting in the formation of oligosaccharides, molecules with between two and (about) 20 monosaccharide residues connected by glycosidic linkages."" [ISBN:0198506732]"	35	1705	8	21925	0.00469208211143695	0.22857142857142856	query_1	['GO:0009311', 'GO:0016051']	16hr_60S_down	1.621100319261326
GO:BP	GO:0046835	carbohydrate phosphorylation	0.02418657667668016	True	"""The process of introducing a phosphate group into a carbohydrate, any organic compound based on the general formula Cx(H2O)y."" [ISBN:0198506732]"	28	1705	7	21925	0.004105571847507331	0.25	query_1	['GO:0005975', 'GO:0016310']	16hr_60S_down	1.6164255965259728
GO:MF	GO:0070569	uridylyltransferase activity	0.02431923418541495	True	"""Catalysis of the transfer of an uridylyl group to an acceptor."" [GOC:mah]"	9	1846	4	22878	0.0021668472372697724	0.4444444444444444	query_1	['GO:0016779']	16hr_60S_down	1.6140501051511538
GO:MF	GO:0030976	thiamine pyrophosphate binding	0.02431923418541495	True	"""Binding to thiamine pyrophosphate, the diphosphoric ester of thiamine. Acts as a coenzyme of several (de)carboxylases, transketolases, and alpha-oxoacid dehydrogenases."" [GOC:mlg]"	9	1846	4	22878	0.0021668472372697724	0.4444444444444444	query_1	['GO:0019842', 'GO:0043168', 'GO:0043169', 'GO:0050997', 'GO:1901363', 'GO:1901681']	16hr_60S_down	1.6140501051511538
GO:BP	GO:0042744	hydrogen peroxide catabolic process	0.024438897820269468	True	"""The chemical reactions and pathways resulting in the breakdown of hydrogen peroxide (H2O2)."" [GOC:jl]"	92	1705	15	21925	0.008797653958944282	0.16304347826086957	query_1	['GO:0009056', 'GO:0042743']	16hr_60S_down	1.6119183844102016
GO:BP	GO:0009737	response to abscisic acid	0.024585262790646555	True	"""Any process that results in a change in state or activity of a cell or an organism (in terms of movement, secretion, enzyme production, gene expression, etc.) as a result of an abscisic acid stimulus."" [GOC:jl]"	604	1705	65	21925	0.03812316715542522	0.1076158940397351	query_1	['GO:0009725', 'GO:0033993', 'GO:0097305']	16hr_60S_down	1.6093251451969746
KEGG	KEGG:00470	D-Amino acid metabolism	0.02516317272524047	True	D-Amino acid metabolism	6	865	4	5300	0.004624277456647399	0.6666666666666666	query_1	['KEGG:00000']	16hr_60S_down	1.5992346012953667
GO:BP	GO:0003006	developmental process involved in reproduction	0.025659554870446865	True	"""A developmental process in which a progressive change in the state of some part of an organism, germline or somatic, specifically contributes to its ability to form offspring."" [GOC:dph, GOC:isa_complete]"	1575	1705	150	21925	0.08797653958944282	0.09523809523809523	query_1	['GO:0022414', 'GO:0032502']	16hr_60S_down	1.590750881826462
GO:BP	GO:0010054	trichoblast differentiation	0.026419977291448855	True	"""The process in which a relatively unspecialized cell acquires the specialized features of a trichoblast, a root epidermal cell that will give rise to a root hair."" [GOC:tb]"	129	1705	19	21925	0.011143695014662757	0.14728682170542637	query_1	['GO:0010053']	16hr_60S_down	1.5780675600069833
GO:BP	GO:0015976	carbon utilization	0.026533316996901653	True	"""A series of processes that forms an integrated mechanism by which a cell or an organism detects the depletion of primary carbon sources and then activates genes to scavenge the last traces of the primary carbon source and to transport and metabolize alternative carbon sources such as carbon dioxide or carbonic acid. The utilization process begins when the cell or organism detects carbon levels, includes the activation of genes whose products detect, transport or metabolize carbon-containing substances, and ends when carbon is incorporated into the cell or organism's metabolism."" [GOC:mah, GOC:mlg]"	10	1705	4	21925	0.002346041055718475	0.4	query_1	['GO:0031667']	16hr_60S_down	1.5762084543748696
GO:BP	GO:0110102	ribulose bisphosphate carboxylase complex assembly	0.026533316996901653	True	"""The aggregation, arrangement and bonding together of a set of components to form a ribulose bisphosphate carboxylase complex."" [GOC:krc, GOC:tb, PMID:29396988, PMID:29589905]"	10	1705	4	21925	0.002346041055718475	0.4	query_1	['GO:0065003']	16hr_60S_down	1.5762084543748696
GO:BP	GO:0019673	GDP-mannose metabolic process	0.026533316996901653	True	"""The chemical reactions and pathways involving GDP-mannose, a substance composed of mannose in glycosidic linkage with guanosine diphosphate."" [GOC:ai]"	10	1705	4	21925	0.002346041055718475	0.4	query_1	['GO:0009225']	16hr_60S_down	1.5762084543748696
GO:BP	GO:0046184	aldehyde biosynthetic process	0.026533316996901653	True	"""The chemical reactions and pathways resulting in the formation of aldehydes, any organic compound with the formula R-CH=O."" [GOC:ai]"	10	1705	4	21925	0.002346041055718475	0.4	query_1	['GO:0006081', 'GO:0009058']	16hr_60S_down	1.5762084543748696
GO:BP	GO:0043255	regulation of carbohydrate biosynthetic process	0.02684640901016361	True	"""Any process that modulates the frequency, rate or extent of the chemical reactions and pathways resulting in the formation of carbohydrates."" [GOC:jl]"	51	1705	10	21925	0.005865102639296188	0.19607843137254902	query_1	['GO:0006109', 'GO:0009889', 'GO:0016051']	16hr_60S_down	1.571113797538682
GO:BP	GO:0051273	beta-glucan metabolic process	0.026971144499730395	True	"""The chemical reactions and pathways involving beta-glucans, compounds composed of glucose residues linked by beta-D-glucosidic bonds."" [GOC:ai]"	102	1705	16	21925	0.0093841642228739	0.1568627450980392	query_1	['GO:0044042']	16hr_60S_down	1.5691006242044563
WP	WP:WP2622	Starch metabolism	0.027291504638614485	True	Starch metabolism	11	151	7	625	0.046357615894039736	0.6363636363636364	query_1	['WP:000000']	16hr_60S_down	1.5639725200928742
GO:MF	GO:0035091	phosphatidylinositol binding	0.028034074413835035	True	"""Binding to an inositol-containing glycerophospholipid, i.e. phosphatidylinositol (PtdIns) and its phosphorylated derivatives."" [GOC:bf, ISBN:0198506732, PMID:11395417]"	80	1846	14	22878	0.007583965330444204	0.175	query_1	['GO:0005543']	16hr_60S_down	1.552313778199331
GO:MF	GO:0004792	thiosulfate-cyanide sulfurtransferase activity	0.028034074413835035	True	"""Catalysis of the reaction: thiosulfate + hydrogen cyanide = thiocyanate + sulfite + 2 H+."" [RHEA:16881]"	5	1846	3	22878	0.0016251354279523294	0.6	query_1	['GO:0016783']	16hr_60S_down	1.552313778199331
GO:MF	GO:0019825	oxygen binding	0.028034074413835035	True	"""Binding to oxygen (O2)."" [GOC:jl]"	5	1846	3	22878	0.0016251354279523294	0.6	query_1	['GO:0036094']	16hr_60S_down	1.552313778199331
GO:MF	GO:0032266	phosphatidylinositol-3-phosphate binding	0.028034074413835035	True	"""Binding to phosphatidylinositol-3-phosphate, a derivative of phosphatidylinositol in which the inositol ring is phosphorylated at the 3' position."" [GOC:bf, PMID:10209156, PMID:11395417, PMID:11557775]"	5	1846	3	22878	0.0016251354279523294	0.6	query_1	['GO:1901981']	16hr_60S_down	1.552313778199331
GO:MF	GO:0004373	alpha-1,4-glucan glucosyltransferase (UDP-glucose donor) activity	0.028034074413835035	True	"""Catalysis of the reaction: [(1->4)-alpha-D-glucosyl](n) + UDP-alpha-D-glucose = [(1->4)-alpha-D-glucosyl](n+1) + H+ + UDP."" [RHEA:18549]"	5	1846	3	22878	0.0016251354279523294	0.6	query_1	['GO:0033840', 'GO:0035251']	16hr_60S_down	1.552313778199331
GO:MF	GO:0004165	delta(3)-delta(2)-enoyl-CoA isomerase activity	0.028034074413835035	True	"""Catalysis of the reactions: a (3Z)-enoyl-CoA = a 4-saturated (2E)-enoyl-CoA or a (3E)-enoyl-CoA = a 4-saturated (2E)-enoyl-CoA."" [RHEA:45900]"	5	1846	3	22878	0.0016251354279523294	0.6	query_1	['GO:0016863']	16hr_60S_down	1.552313778199331
GO:MF	GO:0004553	hydrolase activity, hydrolyzing O-glycosyl compounds	0.028034074413835035	True	"""Catalysis of the hydrolysis of any O-glycosyl bond."" [GOC:mah]"	394	1846	47	22878	0.025460455037919827	0.11928934010152284	query_1	['GO:0016798']	16hr_60S_down	1.552313778199331
GO:MF	GO:0051748	UTP-monosaccharide-1-phosphate uridylyltransferase activity	0.028034074413835035	True	"""Catalysis of the reaction: UTP + a monosaccharide 1-phosphate = diphosphate + UDP-monosaccharide."" [EC:2.7.7.64, PMID:15326166]"	5	1846	3	22878	0.0016251354279523294	0.6	query_1	['GO:0070569']	16hr_60S_down	1.552313778199331
GO:MF	GO:0003979	UDP-glucose 6-dehydrogenase activity	0.028034074413835035	True	"""Catalysis of the reaction: H2O + 2 NAD+ + UDP-alpha-D-glucose = 3 H+ + 2 NADH + UDP-alpha-D-glucuronate."" [EC:1.1.1.22, RHEA:23596]"	5	1846	3	22878	0.0016251354279523294	0.6	query_1	['GO:0016616']	16hr_60S_down	1.552313778199331
GO:MF	GO:0003983	UTP:glucose-1-phosphate uridylyltransferase activity	0.028034074413835035	True	"""Catalysis of the reaction: alpha-D-glucose 1-phosphate + UTP = diphosphate + UDP-D-glucose."" [EC:2.7.7.9, RHEA:19889]"	5	1846	3	22878	0.0016251354279523294	0.6	query_1	['GO:0051748']	16hr_60S_down	1.552313778199331
GO:MF	GO:0009011	alpha-1,4-glucan glucosyltransferase (ADP-glucose donor) activity	0.028034074413835035	True	"""Catalysis of the reaction: [(1->4)-alpha-D-glucosyl](n) + ADP-alpha-D-glucose = [(1->4)-alpha-D-glucosyl](n+1) + ADP + H+."" [RHEA:18189]"	5	1846	3	22878	0.0016251354279523294	0.6	query_1	['GO:0033840']	16hr_60S_down	1.552313778199331
GO:MF	GO:0004049	anthranilate synthase activity	0.028034074413835035	True	"""Catalysis of the reaction: chorismate + L-glutamine = anthranilate + pyruvate + L-glutamate."" [EC:4.1.3.27]"	5	1846	3	22878	0.0016251354279523294	0.6	query_1	['GO:0016833']	16hr_60S_down	1.552313778199331
GO:MF	GO:0016763	pentosyltransferase activity	0.028262625961167773	True	"""Catalysis of the transfer of a pentosyl group from one compound (donor) to another (acceptor)."" [GOC:jl]"	64	1846	12	22878	0.0065005417118093175	0.1875	query_1	['GO:0016757']	16hr_60S_down	1.5487874890740692
GO:BP	GO:0006007	glucose catabolic process	0.028907632319738637	True	"""The chemical reactions and pathways resulting in the breakdown of glucose, the aldohexose gluco-hexose."" [GOC:ai]"	2	1705	2	21925	0.0011730205278592375	1.0	query_1	['GO:0006006', 'GO:0019320']	16hr_60S_down	1.5389874777718024
GO:BP	GO:0006083	acetate metabolic process	0.028907632319738637	True	"""The chemical reactions and pathways involving acetate, the anion of acetic acid."" [GOC:go_curators]"	2	1705	2	21925	0.0011730205278592375	1.0	query_1	['GO:0032787']	16hr_60S_down	1.5389874777718024
GO:BP	GO:0006169	adenosine salvage	0.028907632319738637	True	"""Any process that generates adenosine, adenine riboside, from derivatives of it without de novo synthesis."" [GOC:jl]"	2	1705	2	21925	0.0011730205278592375	1.0	query_1	['GO:0006166', 'GO:0046086']	16hr_60S_down	1.5389874777718024
GO:BP	GO:0051014	actin filament severing	0.028907632319738637	True	"""The process in which an actin filament is broken down into smaller filaments."" [GOC:ai, PMID:14657234]"	2	1705	2	21925	0.0011730205278592375	1.0	query_1	['GO:0030029']	16hr_60S_down	1.5389874777718024
GO:BP	GO:1902171	regulation of tocopherol cyclase activity	0.028907632319738637	True	"""Any process that modulates the frequency, rate or extent of tocopherol cyclase activity."" [GOC:TermGenie, PMID:23632854]"	2	1705	2	21925	0.0011730205278592375	1.0	query_1	['GO:0050790']	16hr_60S_down	1.5389874777718024
GO:BP	GO:0071266	'de novo' L-methionine biosynthetic process	0.028907632319738637	True	"""The chemical reactions and pathways resulting in the formation of L-methionine, the L-enantiomer of (2S)-2-amino-4-(methylsulfanyl)butanoic acid, from simpler components."" [GOC:ecd]"	2	1705	2	21925	0.0011730205278592375	1.0	query_1	['GO:0071265']	16hr_60S_down	1.5389874777718024
GO:BP	GO:0060567	negative regulation of termination of DNA-templated transcription	0.028907632319738637	True	"""Any process that decreases the rate, frequency or extent of DNA-dependent transcription termination, the process in which transcription is completed; the formation of phosphodiester bonds ceases, the RNA-DNA hybrid dissociates, and RNA polymerase releases the DNA."" [GOC:dph, GOC:tb, GOC:txnOH]"	2	1705	2	21925	0.0011730205278592375	1.0	query_1	['GO:0006353', 'GO:0031554', 'GO:0043242', 'GO:0045892']	16hr_60S_down	1.5389874777718024
GO:BP	GO:0006420	arginyl-tRNA aminoacylation	0.028907632319738637	True	"""The process of coupling arginine to arginyl-tRNA, catalyzed by arginyl-tRNA synthetase. The arginyl-tRNA synthetase is a class-I synthetase. The activated amino acid is transferred to the 2'-OH group of an alanine accetping tRNA. The 2'-O-aminoacyl-tRNA will ultimately migrate to the 3' position via transesterification."" [GOC:mcc, ISBN:0716730510]"	2	1705	2	21925	0.0011730205278592375	1.0	query_1	['GO:0006418']	16hr_60S_down	1.5389874777718024
GO:BP	GO:0006422	aspartyl-tRNA aminoacylation	0.028907632319738637	True	"""The process of coupling aspartate to aspartyl-tRNA, catalyzed by aspartyl-tRNA synthetase. The aspartyl-tRNA synthetase is a class-II synthetase. The activated amino acid is transferred to the 3'-OH group of an aspartic acid accetping tRNA."" [GOC:mah, ISBN:0716730510]"	2	1705	2	21925	0.0011730205278592375	1.0	query_1	['GO:0006418']	16hr_60S_down	1.5389874777718024
GO:BP	GO:0006430	lysyl-tRNA aminoacylation	0.028907632319738637	True	"""The process of coupling lysine to lysyl-tRNA, catalyzed by lysyl-tRNA synthetase. The lysyl-tRNA synthetase is a class-II synthetase. The activated amino acid is transferred to the 3'-OH group of a lysine-accetping tRNA."" [GOC:mcc, ISBN:0716730510]"	2	1705	2	21925	0.0011730205278592375	1.0	query_1	['GO:0006418']	16hr_60S_down	1.5389874777718024
GO:BP	GO:0170035	L-amino acid catabolic process	0.028907632319738637	True	"""The chemical reactions and pathways resulting in the breakdown of an L-amino acid."" [GOC:edw]"	44	1705	9	21925	0.005278592375366569	0.20454545454545456	query_1	['GO:0170033', 'GO:1901606']	16hr_60S_down	1.5389874777718024
GO:BP	GO:0110128	phloem sucrose unloading	0.028907632319738637	True	"""The process of unloading sucrose that is produced in the source tissues, from the sieve tube or companion cell of the phloem into the sink tissues."" [GOC:lr, PMID:30018170]"	2	1705	2	21925	0.0011730205278592375	1.0	query_1	['GO:0015770', 'GO:0110127']	16hr_60S_down	1.5389874777718024
GO:BP	GO:0110127	phloem unloading	0.028907632319738637	True	"""The process of unloading solutes that are produced in the source tissues, from the sieve tube or companion cell of the phloem into the sink tissues."" [GOC:lr, PMID:19025382]"	2	1705	2	21925	0.0011730205278592375	1.0	query_1	['GO:0010233']	16hr_60S_down	1.5389874777718024
GO:BP	GO:0006750	glutathione biosynthetic process	0.028907632319738637	True	"""The chemical reactions and pathways resulting in the formation of glutathione, the tripeptide glutamylcysteinylglycine, which acts as a coenzyme for some enzymes and as an antioxidant in the protection of sulfhydryl groups in enzymes and other proteins."" [GOC:ai, GOC:al, GOC:pde, ISBN:0198506732]"	2	1705	2	21925	0.0011730205278592375	1.0	query_1	['GO:0006749', 'GO:0019184', 'GO:0042398', 'GO:0043604', 'GO:0044272']	16hr_60S_down	1.5389874777718024
GO:BP	GO:0080177	plastoglobule organization	0.028907632319738637	True	"""A process that is carried out at the cellular level which results in the assembly, arrangement of constituent parts, or disassembly of the plastoglobule. Plastoglobule is a lipoprotein particle present in chloroplasts. They are rich in non-polar lipids (triglycerides, esters) as well as in prenylquinones, plastoquinone and tocopherols. Plastoglobules are often associated with thylakoid membranes, suggesting an exchange of lipids with thylakoids."" [PMID:20813909]"	2	1705	2	21925	0.0011730205278592375	1.0	query_1	['GO:0009658', 'GO:0016043']	16hr_60S_down	1.5389874777718024
GO:BP	GO:0071332	cellular response to fructose stimulus	0.028907632319738637	True	"""Any process that results in a change in state or activity of a cell (in terms of movement, secretion, enzyme production, gene expression, etc.) as a result of a fructose stimulus."" [GOC:mah]"	2	1705	2	21925	0.0011730205278592375	1.0	query_1	['GO:0009750', 'GO:0071331']	16hr_60S_down	1.5389874777718024
GO:BP	GO:1901881	positive regulation of protein depolymerization	0.028907632319738637	True	"""Any process that activates or increases the frequency, rate or extent of protein depolymerization."" [GOC:BHF, GOC:rl, GOC:TermGenie, PMID:12032137]"	2	1705	2	21925	0.0011730205278592375	1.0	query_1	['GO:0043243', 'GO:0051261', 'GO:1901879']	16hr_60S_down	1.5389874777718024
GO:BP	GO:0050688	regulation of defense response to virus	0.028907632319738637	True	"""Any process that modulates the frequency, rate or extent of the antiviral response of a cell or organism."" [GOC:ai]"	16	1705	5	21925	0.002932551319648094	0.3125	query_1	['GO:0002831', 'GO:0031347', 'GO:0032101', 'GO:0051607']	16hr_60S_down	1.5389874777718024
GO:BP	GO:0031117	positive regulation of microtubule depolymerization	0.028907632319738637	True	"""Any process that activates or increases the frequency, rate or extent of microtubule depolymerization."" [GOC:mah]"	2	1705	2	21925	0.0011730205278592375	1.0	query_1	['GO:0007019', 'GO:0031112', 'GO:0031114', 'GO:1901881', 'GO:1902905']	16hr_60S_down	1.5389874777718024
GO:BP	GO:0033481	galacturonate biosynthetic process	0.028907632319738637	True	"""The chemical reactions and pathways resulting in the formation of galacturonate, the anion of galacturonic acid."" [GOC:mah]"	2	1705	2	21925	0.0011730205278592375	1.0	query_1	['GO:0019586', 'GO:0072330']	16hr_60S_down	1.5389874777718024
GO:BP	GO:0035335	peptidyl-tyrosine dephosphorylation	0.028907632319738637	True	"""The removal of phosphoric residues from peptidyl-O-phospho-tyrosine to form peptidyl-tyrosine."" [GOC:bf]"	2	1705	2	21925	0.0011730205278592375	1.0	query_1	['GO:0006470']	16hr_60S_down	1.5389874777718024
GO:BP	GO:0043903	regulation of biological process involved in symbiotic interaction	0.028907632319738637	True	"""Any process that modulates the frequency, rate or extent of symbiosis, an interaction between two organisms living together in more or less intimate association."" [GOC:jl]"	2	1705	2	21925	0.0011730205278592375	1.0	query_1	['GO:0044403', 'GO:0050789']	16hr_60S_down	1.5389874777718024
GO:BP	GO:0019184	nonribosomal peptide biosynthetic process	0.028907632319738637	True	"""The biosynthetic process in which peptide bond formation occurs in the absence of the translational machinery. Examples include the synthesis of antibiotic peptides, and glutathione."" [ISBN:0198506732]"	2	1705	2	21925	0.0011730205278592375	1.0	query_1	['GO:0043043']	16hr_60S_down	1.5389874777718024
GO:BP	GO:0043173	nucleotide salvage	0.028907632319738637	True	"""Any process which produces a nucleotide, a compound consisting of a nucleoside that is esterified with (ortho)phosphate or an oligophosphate at any hydroxyl group on the glycose moiety, from derivatives of it without de novo synthesis."" [GOC:jl]"	16	1705	5	21925	0.002932551319648094	0.3125	query_1	['GO:0009165', 'GO:0043094']	16hr_60S_down	1.5389874777718024
GO:BP	GO:0046890	regulation of lipid biosynthetic process	0.028907632319738637	True	"""Any process that modulates the frequency, rate or extent of the chemical reactions and pathways resulting in the formation of lipids."" [GOC:ai]"	68	1705	12	21925	0.007038123167155425	0.17647058823529413	query_1	['GO:0008610', 'GO:0009889', 'GO:0019216']	16hr_60S_down	1.5389874777718024
GO:BP	GO:0043622	cortical microtubule organization	0.028907632319738637	True	"""A process that is carried out at the cellular level which results in the assembly, arrangement of constituent parts, or disassembly of structures formed of microtubules and associated proteins in the cell cortex, i.e. just beneath the plasma membrane of a cell."" [GOC:curators, GOC:dph, GOC:jl, GOC:mah]"	44	1705	9	21925	0.005278592375366569	0.20454545454545456	query_1	['GO:0030865', 'GO:0031122']	16hr_60S_down	1.5389874777718024
GO:BP	GO:0010269	response to selenium ion	0.028907632319738637	True	"""Any process that results in a change in state or activity of a cell or an organism (in terms of movement, secretion, enzyme production, gene expression, etc.) as a result of a stimulus from selenium ion."" [GOC:mg]"	2	1705	2	21925	0.0011730205278592375	1.0	query_1	['GO:0042221']	16hr_60S_down	1.5389874777718024
GO:BP	GO:0046456	icosanoid biosynthetic process	0.028907632319738637	True	"""The chemical reactions and pathways resulting in the formation of icosanoids, any of a group of C20 polyunsaturated fatty acids."" [ISBN:0198506732]"	2	1705	2	21925	0.0011730205278592375	1.0	query_1	['GO:0006690', 'GO:0046394']	16hr_60S_down	1.5389874777718024
GO:BP	GO:0042726	flavin-containing compound metabolic process	0.028907632319738637	True	"""The chemical reactions and pathways involving a flavin, any derivative of the dimethylisoalloxazine (7,8-dimethylbenzo[g]pteridine-2,4(3H,10H)-dione) skeleton, with a substituent on the 10 position."" [GOC:jl, GOC:mah]"	16	1705	5	21925	0.002932551319648094	0.3125	query_1	['GO:0008152']	16hr_60S_down	1.5389874777718024
GO:BP	GO:0046086	adenosine biosynthetic process	0.028907632319738637	True	"""The chemical reactions and pathways resulting in the formation of adenosine, adenine riboside, a ribonucleoside found widely distributed in cells of every type as the free nucleoside and in combination in nucleic acids and various nucleoside coenzymes."" [GOC:go_curators]"	2	1705	2	21925	0.0011730205278592375	1.0	query_1	['GO:0046085', 'GO:0046129']	16hr_60S_down	1.5389874777718024
GO:BP	GO:0021700	developmental maturation	0.028907632319738637	True	"""A developmental process, independent of morphogenetic (shape) change, that is required for an anatomical structure, cell or cellular component to attain its fully functional state."" [GO_REF:0000021, GOC:cls, GOC:dgh, GOC:dph, GOC:jid]"	238	1705	30	21925	0.017595307917888565	0.12605042016806722	query_1	['GO:0032502']	16hr_60S_down	1.5389874777718024
GO:BP	GO:0030388	fructose 1,6-bisphosphate metabolic process	0.028907632319738637	True	"""The chemical reactions and pathways involving fructose 1,6-bisphosphate, also known as FBP. The D enantiomer is a metabolic intermediate in glycolysis and gluconeogenesis."" [ISBN:0198506732]"	2	1705	2	21925	0.0011730205278592375	1.0	query_1	['GO:0006796', 'GO:0019637', 'GO:1901135']	16hr_60S_down	1.5389874777718024
GO:BP	GO:0009854	oxidative photosynthetic carbon pathway	0.028907632319738637	True	"""The reactions of the C2 pathway bring about the metabolic conversion of two molecules of 2-phosphoglycolate to one molecule of 3-phosphoglycerate, which can be used by the C3 cycle, and one molecule of carbon dioxide (CO2)."" [ISBN:0943088399]"	2	1705	2	21925	0.0011730205278592375	1.0	query_1	['GO:0009853', 'GO:0043094']	16hr_60S_down	1.5389874777718024
GO:MF	GO:0008234	cysteine-type peptidase activity	0.029027291672320894	True	"""Catalysis of the hydrolysis of peptide bonds in a polypeptide chain by a mechanism in which the sulfhydryl group of a cysteine residue at the active center acts as a nucleophile."" [GOC:mah, https://www.ebi.ac.uk/merops/about/glossary.shtml#CATTYPE]"	160	1846	23	22878	0.012459371614301192	0.14375	query_1	['GO:0008233']	16hr_60S_down	1.537193483170615
GO:BP	GO:0009767	photosynthetic electron transport chain	0.02912984628493583	True	"""A process, occurring as part of photosynthesis, in which light provides the energy for a series of electron carriers to operate together to transfer electrons and generate a transmembrane electrochemical gradient."" [GOC:mtg_electron_transport, ISBN:0198547684]"	52	1705	10	21925	0.005865102639296188	0.19230769230769232	query_1	['GO:0019684', 'GO:0022900']	16hr_60S_down	1.5356618070915324
GO:BP	GO:0051247	positive regulation of protein metabolic process	0.02912984628493583	True	"""Any process that activates or increases the frequency, rate or extent of the chemical reactions and pathways involving a protein."" [GOC:ai]"	52	1705	10	21925	0.005865102639296188	0.19230769230769232	query_1	['GO:0010604', 'GO:0019538', 'GO:0051246']	16hr_60S_down	1.5356618070915324
GO:BP	GO:0034284	response to monosaccharide	0.029207631377444608	True	"""Any process that results in a change in state or activity of a cell or an organism (in terms of movement, secretion, enzyme production, gene expression, etc.) as a result of a monosaccharide stimulus."" [GOC:mah]"	77	1705	13	21925	0.007624633431085044	0.16883116883116883	query_1	['GO:0009743']	16hr_60S_down	1.5345036611509044
KEGG	KEGG:00650	Butanoate metabolism	0.03002959839328336	True	Butanoate metabolism	20	865	8	5300	0.009248554913294798	0.4	query_1	['KEGG:00000']	16hr_60S_down	1.5224504758845094
GO:MF	GO:0004362	glutathione-disulfide reductase (NADPH) activity	0.03055055886533615	True	"""Catalysis of the reaction: 2 glutathione + NADP+ = glutathione disulfide + NADPH + H+."" [PMID:36771108, RHEA:11740]"	2	1846	2	22878	0.0010834236186348862	1.0	query_1	['GO:0015038', 'GO:0016209', 'GO:0016668']	16hr_60S_down	1.5149808407434688
GO:MF	GO:0080161	auxin transmembrane transporter activity	0.03055055886533615	True	"""Enables the transfer of auxins from one side of a membrane to the other. Auxins are plant hormones that regulate aspects of plant growth."" [PMID:19506555]"	15	1846	5	22878	0.0027085590465872156	0.3333333333333333	query_1	['GO:0022857']	16hr_60S_down	1.5149808407434688
GO:MF	GO:0004347	glucose-6-phosphate isomerase activity	0.03055055886533615	True	"""Catalysis of the reaction: alpha-D-glucose 6-phosphate = beta-D-fructose 6-phosphate."" [RHEA:11816]"	2	1846	2	22878	0.0010834236186348862	1.0	query_1	['GO:0016861']	16hr_60S_down	1.5149808407434688
GO:MF	GO:0008465	hydroxypyruvate reductase (NADH) activity	0.03055055886533615	True	"""Catalysis of the reaction: (R)-glycerate + NAD+ = 3-hydroxypyruvate + NADH + H+."" [EC:1.1.1.29]"	2	1846	2	22878	0.0010834236186348862	1.0	query_1	['GO:0016618']	16hr_60S_down	1.5149808407434688
GO:MF	GO:0102732	inositol-1,2,3,4,6-pentakisphosphate 5-kinase activity	0.03055055886533615	True	"""Catalysis of the reaction: 1D-myo-inositol 1,2,3,4,6-pentakisphosphate + ATP = 1D-myo-inositol hexakisphosphate + ADP + H+."" [MetaCyc:RXN-7186, PMID:12226109]"	2	1846	2	22878	0.0010834236186348862	1.0	query_1	['GO:0120517']	16hr_60S_down	1.5149808407434688
GO:MF	GO:0030785	[ribulose-bisphosphate carboxylase]-lysine N-methyltransferase activity	0.03055055886533615	True	"""Catalysis of the reaction: S-adenosyl-L-methionine + [ribulose-1,5-bisphosphate carboxylase]-lysine = S-adenosyl-L-homocysteine + [ribulose-1,5-bisphosphate carboxylase]-N6-methyl-L-lysine."" [EC:2.1.1.127]"	2	1846	2	22878	0.0010834236186348862	1.0	query_1	['GO:0008757']	16hr_60S_down	1.5149808407434688
GO:MF	GO:0061815	Met1-linked polyubiquitin deubiquitinase activity	0.03055055886533615	True	"""Catalysis of the hydrolysis of ubiquitin units from Met1-linked (or linear) polyubiquitin chains."" [GOC:dph, PMID:26503766, PMID:27702987]"	2	1846	2	22878	0.0010834236186348862	1.0	query_1	['GO:0004843']	16hr_60S_down	1.5149808407434688
GO:MF	GO:0004425	indole-3-glycerol-phosphate synthase activity	0.03055055886533615	True	"""Catalysis of the reaction: 1-(2-carboxyphenylamino)-1-deoxy-D-ribulose 5-phosphate = 1-(indol-3-yl)glycerol 3-phosphate + CO2 + H2O."" [EC:4.1.1.48]"	2	1846	2	22878	0.0010834236186348862	1.0	query_1	['GO:0016831']	16hr_60S_down	1.5149808407434688
GO:MF	GO:0070456	galactose-1-phosphate phosphatase activity	0.03055055886533615	True	"""Catalysis of the reaction: galactose-1-phosphate + H2O = galactose + phosphate."" [GOC:mah]"	2	1846	2	22878	0.0010834236186348862	1.0	query_1	['GO:0050308']	16hr_60S_down	1.5149808407434688
GO:MF	GO:0016844	strictosidine synthase activity	0.03055055886533615	True	"""Catalysis of the reaction: 3alpha(S)-strictosidine + H2O = secologanin + tryptamine."" [RHEA:15013]"	15	1846	5	22878	0.0027085590465872156	0.3333333333333333	query_1	['GO:0016810']	16hr_60S_down	1.5149808407434688
GO:MF	GO:0004452	isopentenyl-diphosphate delta-isomerase activity	0.03055055886533615	True	"""Catalysis of the reaction: isopentenyl diphosphate = dimethylallyl diphosphate."" [RHEA:23284]"	2	1846	2	22878	0.0010834236186348862	1.0	query_1	['GO:0016863']	16hr_60S_down	1.5149808407434688
GO:MF	GO:0008184	glycogen phosphorylase activity	0.03055055886533615	True	"""Catalysis of the reaction: glycogen + phosphate = maltodextrin + alpha-D-glucose 1-phosphate."" [MetaCyc:GLYCOPHOSPHORYL-RXN]"	2	1846	2	22878	0.0010834236186348862	1.0	query_1	['GO:0004645']	16hr_60S_down	1.5149808407434688
GO:MF	GO:0008114	phosphogluconate 2-dehydrogenase activity	0.03055055886533615	True	"""Catalysis of the reaction: 6-phospho-D-gluconate + NADP+ = 6-phospho-2-dehydro-D-gluconate + NADPH."" [EC:1.1.1.43]"	2	1846	2	22878	0.0010834236186348862	1.0	query_1	['GO:0016616']	16hr_60S_down	1.5149808407434688
GO:MF	GO:0016856	racemase and epimerase activity, acting on hydroxy acids and derivatives	0.03055055886533615	True	"""Catalysis of a reaction that alters the configuration of one or more chiral centers in a hydroxy acid molecule."" [GOC:mah]"	2	1846	2	22878	0.0010834236186348862	1.0	query_1	['GO:0016854']	16hr_60S_down	1.5149808407434688
GO:MF	GO:0050497	alkylthioltransferase activity	0.03055055886533615	True	"""Catalysis of the transfer of an alkylthio group from one compound (donor) to another (acceptor)."" [EC:2.8.4.-, GOC:ai]"	2	1846	2	22878	0.0010834236186348862	1.0	query_1	['GO:0016782']	16hr_60S_down	1.5149808407434688
GO:MF	GO:0004375	glycine dehydrogenase (decarboxylating) activity	0.03055055886533615	True	"""Catalysis of the reaction: glycine + lipoylprotein = S-aminomethyldihydrolipoylprotein + CO2."" [EC:1.4.4.2]"	2	1846	2	22878	0.0010834236186348862	1.0	query_1	['GO:0016642']	16hr_60S_down	1.5149808407434688
GO:MF	GO:0106312	methylenetetrahydrofolate reductase (NADH) activity	0.03055055886533615	True	"""Catalysis of the reaction: (6S)-5-methyl-5,6,7,8-tetrahydrofolate + NAD+ = (6R)-5,10-methylene-5,6,7,8-tetrahydrofolate + NADH + H+."" [RHEA:19821]"	2	1846	2	22878	0.0010834236186348862	1.0	query_1	['GO:0004489']	16hr_60S_down	1.5149808407434688
GO:MF	GO:0008836	diaminopimelate decarboxylase activity	0.03055055886533615	True	"""Catalysis of the reaction: meso-2,6-diaminopimelate + H+ = L-lysine + CO2."" [EC:4.1.1.20, RHEA:15101]"	2	1846	2	22878	0.0010834236186348862	1.0	query_1	['GO:0016831']	16hr_60S_down	1.5149808407434688
GO:MF	GO:0008692	3-hydroxybutyryl-CoA epimerase activity	0.03055055886533615	True	"""Catalysis of the reaction: (S)-3-hydroxybutanoyl-CoA = (R)-3-hydroxybutanoyl-CoA."" [EC:5.1.2.3]"	2	1846	2	22878	0.0010834236186348862	1.0	query_1	['GO:0016856']	16hr_60S_down	1.5149808407434688
GO:MF	GO:0000823	inositol-1,4,5-trisphosphate 6-kinase activity	0.03055055886533615	True	"""Catalysis of the reaction: 1D-myo-inositol 1,4,5-trisphosphate + ATP = 1D-myo-inositol 1,4,5,6-tetrakisphosphate + ADP + H+."" [RHEA:17717]"	2	1846	2	22878	0.0010834236186348862	1.0	query_1	['GO:0051766']	16hr_60S_down	1.5149808407434688
GO:MF	GO:0000824	inositol-1,4,5,6-tetrakisphosphate 3-kinase activity	0.03055055886533615	True	"""Catalysis of the reaction: 1D-myo-inositol 1,4,5,6-tetrakisphosphate + ATP = 1D-myo-inositol 1,3,4,5,6-pentakisphosphate + ADP + H+."" [RHEA:11856]"	2	1846	2	22878	0.0010834236186348862	1.0	query_1	['GO:0051765']	16hr_60S_down	1.5149808407434688
GO:MF	GO:0016642	oxidoreductase activity, acting on the CH-NH2 group of donors, disulfide as acceptor	0.03055055886533615	True	"""Catalysis of an oxidation-reduction (redox) reaction in which a CH-NH2 group acts as a hydrogen or electron donor and reduces a disulfide group."" [GOC:ai]"	2	1846	2	22878	0.0010834236186348862	1.0	query_1	['GO:0016638']	16hr_60S_down	1.5149808407434688
GO:MF	GO:0002953	5'-deoxynucleotidase activity	0.03055055886533615	True	"""Catalysis of the reaction: a 2'-deoxyribonucleoside 5'-phosphate + H2O = a 2'-deoxyribonucleoside + phosphate."" [RHEA:36167]"	2	1846	2	22878	0.0010834236186348862	1.0	query_1	['GO:0016791']	16hr_60S_down	1.5149808407434688
GO:MF	GO:0016041	glutamate synthase (ferredoxin) activity	0.03055055886533615	True	"""Catalysis of the reaction: 2 L-glutamate + 2 oxidized ferredoxin = L-glutamine + 2-oxoglutarate + 2 reduced ferredoxin + 2 H+. This is a two-step reaction: (a) L-glutamate + NH3 = L-glutamine + H2O, (b) L-glutamate + 2 oxidized ferredoxin + H2O = NH3 + 2-oxoglutarate + 2 reduced ferredoxin + 2 H+."" [EC:1.4.7.1]"	2	1846	2	22878	0.0010834236186348862	1.0	query_1	['GO:0015930', 'GO:0016643']	16hr_60S_down	1.5149808407434688
GO:MF	GO:0016018	cyclosporin A binding	0.03055055886533615	True	"""Binding to cyclosporin A, a cyclic undecapeptide that contains several N-methylated and unusual amino acids."" [GOC:mb]"	2	1846	2	22878	0.0010834236186348862	1.0	query_1	['GO:0033218']	16hr_60S_down	1.5149808407434688
GO:MF	GO:0016643	oxidoreductase activity, acting on the CH-NH2 group of donors, iron-sulfur protein as acceptor	0.03055055886533615	True	"""Catalysis of an oxidation-reduction (redox) reaction in which a CH-NH2 group acts as a hydrogen or electron donor and reduces an iron-sulfur protein."" [GOC:ai]"	2	1846	2	22878	0.0010834236186348862	1.0	query_1	['GO:0016638']	16hr_60S_down	1.5149808407434688
GO:MF	GO:0003857	3-hydroxyacyl-CoA dehydrogenase activity	0.03055055886533615	True	"""Catalysis of the reaction: (S)-3-hydroxyacyl-CoA + NAD+ = 3-oxoacyl-CoA + NADH + H+."" [EC:1.1.1.35]"	2	1846	2	22878	0.0010834236186348862	1.0	query_1	['GO:0016616']	16hr_60S_down	1.5149808407434688
GO:MF	GO:0016645	oxidoreductase activity, acting on the CH-NH group of donors	0.03055055886533615	True	"""Catalysis of an oxidation-reduction (redox) reaction in which a CH-NH group acts as a hydrogen or electron donor and reduces a hydrogen or electron acceptor."" [GOC:ai]"	28	1846	7	22878	0.003791982665222102	0.25	query_1	['GO:0016491']	16hr_60S_down	1.5149808407434688
GO:MF	GO:0003866	3-phosphoshikimate 1-carboxyvinyltransferase activity	0.03055055886533615	True	"""Catalysis of the reaction: 3-phosphoshikimate + phosphoenolpyruvate = 5-O-(1-carboxyvinyl)-3-phosphoshikimate + phosphate."" [EC:2.5.1.19, RHEA:21256]"	2	1846	2	22878	0.0010834236186348862	1.0	query_1	['GO:0016765']	16hr_60S_down	1.5149808407434688
GO:MF	GO:0003925	G protein activity	0.03055055886533615	True	"""A molecular function regulator that cycles between active GTP-bound and inactive GDP-bound states. In its active state, binds to a variety of effector proteins to regulate cellular processes. Intrinsic GTPase activity returns the G protein to its GDP-bound state. The return to the GDP-bound state can be accelerated by the action of a GTPase-activating protein (GAP)."" [PMID:16923326, PMID:24470015]"	2	1846	2	22878	0.0010834236186348862	1.0	query_1	['GO:0003924', 'GO:0098772']	16hr_60S_down	1.5149808407434688
GO:MF	GO:0010347	L-galactose-1-phosphate phosphatase activity	0.03055055886533615	True	"""Catalysis of the reaction: L-galactose-1-phosphate + H2O = L-galactose + phosphate."" [PMID:15550539, PMID:16595667]"	2	1846	2	22878	0.0010834236186348862	1.0	query_1	['GO:0070456']	16hr_60S_down	1.5149808407434688
GO:MF	GO:0003987	acetate-CoA ligase activity	0.03055055886533615	True	"""Catalysis of the reaction: ATP + acetate + CoA = AMP + diphosphate + acetyl-CoA."" [EC:6.2.1.1]"	2	1846	2	22878	0.0010834236186348862	1.0	query_1	['GO:0016405', 'GO:0016878']	16hr_60S_down	1.5149808407434688
GO:MF	GO:0010177	methylthioalkylmalate synthase activity	0.03055055886533615	True	"""Catalysis of the reaction: acetyl-CoA + an omega-(methylsulfanyl)-2-oxoalkanoate + H2O = a 2-(omega-methylsulfanyl)alkylmalate + CoA + H+."" [RHEA:50624]"	2	1846	2	22878	0.0010834236186348862	1.0	query_1	['GO:0046912']	16hr_60S_down	1.5149808407434688
GO:MF	GO:0003991	acetylglutamate kinase activity	0.03055055886533615	True	"""Catalysis of the reaction: ATP + N-acetyl-L-glutamate = ADP + N-acetyl-L-glutamate-5-phosphate."" [EC:2.7.2.8]"	2	1846	2	22878	0.0010834236186348862	1.0	query_1	['GO:0016301', 'GO:0016774']	16hr_60S_down	1.5149808407434688
GO:MF	GO:0009975	cyclase activity	0.03055055886533615	True	"""Catalysis of a ring closure reaction."" [ISBN:0198547684]"	21	1846	6	22878	0.0032502708559046588	0.2857142857142857	query_1	['GO:0003824']	16hr_60S_down	1.5149808407434688
GO:MF	GO:0016784	3-mercaptopyruvate sulfurtransferase activity	0.03055055886533615	True	"""Catalysis of the reaction: 3-mercaptopyruvate + cyanide = pyruvate + thiocyanate."" [EC:2.8.1.2]"	2	1846	2	22878	0.0010834236186348862	1.0	query_1	['GO:0016783']	16hr_60S_down	1.5149808407434688
GO:MF	GO:0004001	adenosine kinase activity	0.03055055886533615	True	"""Catalysis of the reaction: ATP + adenosine = ADP + AMP."" [EC:2.7.1.20, PMID:11223943]"	2	1846	2	22878	0.0010834236186348862	1.0	query_1	['GO:0016773', 'GO:0019206']	16hr_60S_down	1.5149808407434688
GO:MF	GO:0004034	aldose 1-epimerase activity	0.03055055886533615	True	"""Catalysis of the reaction: alpha-D-glucose = beta-D-glucose. Also acts on L-arabinose, D-xylose, D-galactose, maltose and lactose."" [EC:5.1.3.3]"	2	1846	2	22878	0.0010834236186348862	1.0	query_1	['GO:0016857']	16hr_60S_down	1.5149808407434688
GO:MF	GO:0048529	magnesium-protoporphyrin IX monomethyl ester (oxidative) cyclase activity	0.03055055886533615	True	"""Catalysis of the reaction: magnesium protoporphyrin IX 13-monomethyl ester + 3 NADPH + 3 H+ + 3 O2 = divinylprotochlorophyllide + 3 NADP+ + 5 H2O."" [EC:1.14.13.81, RHEA:33235]"	2	1846	2	22878	0.0010834236186348862	1.0	query_1	['GO:0016709']	16hr_60S_down	1.5149808407434688
GO:MF	GO:0008802	betaine-aldehyde dehydrogenase (NAD+) activity	0.03055055886533615	True	"""Catalysis of the reaction: betaine aldehyde + NAD+ + H2O = betaine + NADH + H+."" [EC:1.2.1.8]"	2	1846	2	22878	0.0010834236186348862	1.0	query_1	['GO:0004029']	16hr_60S_down	1.5149808407434688
GO:MF	GO:1990610	acetolactate synthase regulator activity	0.03055055886533615	True	"""Binds to and modulates the activity of acetolactate synthase."" [PMID:8972574]"	2	1846	2	22878	0.0010834236186348862	1.0	query_1	['GO:0003984', 'GO:0030234']	16hr_60S_down	1.5149808407434688
GO:MF	GO:0047429	nucleoside triphosphate diphosphatase activity	0.03055055886533615	True	"""Catalysis of the reaction: a nucleoside triphosphate + H2O = a nucleotide + H+ + diphosphate."" [EC:3.6.1.9]"	10	1846	4	22878	0.0021668472372697724	0.4	query_1	['GO:0016462']	16hr_60S_down	1.5149808407434688
GO:MF	GO:0000049	tRNA binding	0.03055055886533615	True	"""Binding to a transfer RNA."" [GOC:ai]"	28	1846	7	22878	0.003791982665222102	0.25	query_1	['GO:0003723']	16hr_60S_down	1.5149808407434688
GO:MF	GO:0034336	misfolded RNA binding	0.03055055886533615	True	"""Binding to an RNA molecule that has assumed an incorrect conformation."" [GOC:mah, PMID:10393192]"	2	1846	2	22878	0.0010834236186348862	1.0	query_1	['GO:0003723']	16hr_60S_down	1.5149808407434688
GO:MF	GO:0004807	triose-phosphate isomerase activity	0.03055055886533615	True	"""Catalysis of the reaction: D-glyceraldehyde 3-phosphate = dihydroxyacetone phosphate."" [RHEA:18585]"	2	1846	2	22878	0.0010834236186348862	1.0	query_1	['GO:0016861']	16hr_60S_down	1.5149808407434688
GO:MF	GO:0004814	arginine-tRNA ligase activity	0.03055055886533615	True	"""Catalysis of the reaction: ATP + L-arginine + tRNA(Arg) = AMP + diphosphate + L-arginyl-tRNA(Arg)."" [EC:6.1.1.19]"	2	1846	2	22878	0.0010834236186348862	1.0	query_1	['GO:0004812']	16hr_60S_down	1.5149808407434688
GO:MF	GO:0004645	1,4-alpha-oligoglucan phosphorylase activity	0.03055055886533615	True	"""Catalysis of the reaction: 1,4-alpha-D-glucosyl(n) + phosphate = 1,4-alpha-D-glucosyl(n-1) + alpha-D-glucose 1-phosphate."" [RHEA:41732]"	2	1846	2	22878	0.0010834236186348862	1.0	query_1	['GO:0016758']	16hr_60S_down	1.5149808407434688
GO:MF	GO:0035596	methylthiotransferase activity	0.03055055886533615	True	"""Catalysis of the addition of a methylthioether group (-SCH3) to a nucleic acid or protein acceptor."" [GOC:jh2, PMID:20472640]"	2	1846	2	22878	0.0010834236186348862	1.0	query_1	['GO:0050497']	16hr_60S_down	1.5149808407434688
GO:MF	GO:0004824	lysine-tRNA ligase activity	0.03055055886533615	True	"""Catalysis of the reaction: ATP + L-lysine + tRNA(Lys) = AMP + diphosphate + L-lysyl-tRNA(Lys)."" [EC:6.1.1.6]"	2	1846	2	22878	0.0010834236186348862	1.0	query_1	['GO:0004812']	16hr_60S_down	1.5149808407434688
GO:MF	GO:0047066	phospholipid-hydroperoxide glutathione peroxidase activity	0.03055055886533615	True	"""Catalysis of the reaction: a hydroperoxy polyunsaturated fatty acid + 2 glutathione = a hydroxy polyunsaturated fatty acid + glutathione disulfide + H2O."" [PMID:3978121, PMID:8617728, RHEA:19057]"	2	1846	2	22878	0.0010834236186348862	1.0	query_1	['GO:0004601']	16hr_60S_down	1.5149808407434688
GO:MF	GO:0005096	GTPase activator activity	0.03055055886533615	True	"""Binds to and increases the activity of a GTPase, an enzyme that catalyzes the hydrolysis of GTP."" [GOC:mah]"	58	1846	11	22878	0.005958829902491874	0.1896551724137931	query_1	['GO:0003924', 'GO:0008047', 'GO:0030695']	16hr_60S_down	1.5149808407434688
GO:MF	GO:0042286	glutamate-1-semialdehyde 2,1-aminomutase activity	0.03055055886533615	True	"""Catalysis of the reaction: (S)-4-amino-5-oxopentanoate = 5-aminolevulinate."" [RHEA:14265]"	2	1846	2	22878	0.0010834236186348862	1.0	query_1	['GO:0016869']	16hr_60S_down	1.5149808407434688
GO:MF	GO:0004619	phosphoglycerate mutase activity	0.03055055886533615	True	"""Catalysis of the reaction: (2R)-2-phosphoglycerate = (2R)-3-phosphoglycerate."" [RHEA:15901]"	2	1846	2	22878	0.0010834236186348862	1.0	query_1	['GO:0016868']	16hr_60S_down	1.5149808407434688
GO:MF	GO:0042586	peptide deformylase activity	0.03055055886533615	True	"""Catalysis of the reaction: formyl-L-methionyl peptide + H2O = formate + methionyl peptide."" [EC:3.5.1.88, GOC:jl]"	2	1846	2	22878	0.0010834236186348862	1.0	query_1	['GO:0016811']	16hr_60S_down	1.5149808407434688
GO:MF	GO:0016869	intramolecular aminotransferase activity	0.03055055886533615	True	"""Catalysis of the transfer of an amino group from one position to another within a single molecule."" [GOC:mah]"	2	1846	2	22878	0.0010834236186348862	1.0	query_1	['GO:0016866']	16hr_60S_down	1.5149808407434688
GO:MF	GO:0046863	ribulose-1,5-bisphosphate carboxylase/oxygenase activator activity	0.03055055886533615	True	"""Binds to and iincreases the activity of rubisco by the removal of otherwise inhibitory sugar phosphates: RuBP, and in some plants, 2-carboxyarabinitol 1-phosphate."" [PMID:10430961, PMID:10965036, PMID:2404515]"	2	1846	2	22878	0.0010834236186348862	1.0	query_1	['GO:0008047', 'GO:0016984']	16hr_60S_down	1.5149808407434688
GO:MF	GO:0004853	uroporphyrinogen decarboxylase activity	0.03055055886533615	True	"""Catalysis of the reaction: uroporphyrinogen-III = coproporphyrinogen + 4 CO2."" [EC:4.1.1.37]"	2	1846	2	22878	0.0010834236186348862	1.0	query_1	['GO:0016831']	16hr_60S_down	1.5149808407434688
GO:MF	GO:0046429	4-hydroxy-3-methylbut-2-en-1-yl diphosphate synthase activity (ferredoxin)	0.03055055886533615	True	"""Catalysis of the reaction: (E)-4-hydroxy-3-methylbut-2-en-1-yl diphosphate + H2O + 2 oxidized ferredoxin = 2-C-methyl-D-erythritol 2,4-cyclodiphosphate + 2 reduced ferredoxin."" [EC:1.17.7.1, PMID:11752431]"	2	1846	2	22878	0.0010834236186348862	1.0	query_1	['GO:0052592']	16hr_60S_down	1.5149808407434688
GO:MF	GO:0004489	methylenetetrahydrofolate reductase (NAD(P)H) activity	0.03055055886533615	True	"""Catalysis of the reaction: 5-methyltetrahydrofolate + NAD(P)+ = 5,10-methylenetetrahydrofolate + NAD(P)H + H+."" [EC:1.5.1.20, PMID:26872964]"	2	1846	2	22878	0.0010834236186348862	1.0	query_1	['GO:0016646']	16hr_60S_down	1.5149808407434688
GO:MF	GO:0004801	transaldolase activity	0.03055055886533615	True	"""Catalysis of the reaction: sedoheptulose 7-phosphate + D-glyceraldehyde 3-phosphate = D-erythrose 4-phosphate + D-fructose 6-phosphate."" [PMID:7592346, RHEA:17053]"	2	1846	2	22878	0.0010834236186348862	1.0	query_1	['GO:0016744']	16hr_60S_down	1.5149808407434688
GO:MF	GO:0045182	translation regulator activity	0.03055055886533615	True	"""Any molecular function involved in the regulation of initiation, activation, perpetuation, repression or termination of polypeptide synthesis at the ribosome."" [GOC:ai]"	10	1846	4	22878	0.0021668472372697724	0.4	query_1	['GO:0003674']	16hr_60S_down	1.5149808407434688
GO:MF	GO:0047107	gamma-guanidinobutyraldehyde dehydrogenase (NAD+) activity	0.03055055886533615	True	"""Catalysis of the reaction: 4-guanidinobutanal + H2O + NAD+ = 4-guanidinobutanoate + 2 H+ + NADH."" [RHEA:14381]"	2	1846	2	22878	0.0010834236186348862	1.0	query_1	['GO:0004029']	16hr_60S_down	1.5149808407434688
GO:MF	GO:0031402	sodium ion binding	0.03055055886533615	True	"""Binding to a sodium ion (Na+)."" [GOC:mah]"	2	1846	2	22878	0.0010834236186348862	1.0	query_1	['GO:0031420']	16hr_60S_down	1.5149808407434688
GO:MF	GO:0004615	phosphomannomutase activity	0.03055055886533615	True	"""Catalysis of the reaction: alpha-D-mannose 1-phosphate = D-mannose 6-phosphate."" [EC:5.4.2.8, RHEA:11140]"	2	1846	2	22878	0.0010834236186348862	1.0	query_1	['GO:0016868']	16hr_60S_down	1.5149808407434688
GO:MF	GO:0004648	O-phospho-L-serine:2-oxoglutarate aminotransferase activity	0.03055055886533615	True	"""Catalysis of the reaction: O-phospho-L-serine + 2-oxoglutarate = 3-phosphonooxypyruvate + L-glutamate."" [EC:2.6.1.52]"	2	1846	2	22878	0.0010834236186348862	1.0	query_1	['GO:0008483']	16hr_60S_down	1.5149808407434688
GO:MF	GO:0033946	xyloglucan-specific endo-beta-1,4-glucanase activity	0.03055055886533615	True	"""Catalysis of the reaction: xyloglucan + H2O = xyloglucan oligosaccharides. This reaction is the endohydrolysis of (1->4)-beta-D-glucosidic linkages in xyloglucan."" [EC:3.2.1.151]"	2	1846	2	22878	0.0010834236186348862	1.0	query_1	['GO:0052736']	16hr_60S_down	1.5149808407434688
GO:MF	GO:0019145	aminobutyraldehyde dehydrogenase (NAD+) activity	0.03055055886533615	True	"""Catalysis of the reaction: 4-aminobutanal + NAD+ + H2O = 4-aminobutanoate + NADH + 2 H+."" [EC:1.2.1.19]"	2	1846	2	22878	0.0010834236186348862	1.0	query_1	['GO:0004029']	16hr_60S_down	1.5149808407434688
GO:MF	GO:0047326	inositol-1,3,4,6-tetrakisphosphate 5-kinase activity	0.03055055886533615	True	"""Catalysis of the reaction: 1D-myo-inositol 1,3,4,6-tetrakisphosphate + ATP = 1D-myo-inositol 1,3,4,5,6-pentakisphosphate + ADP + H+."" [RHEA:12717]"	2	1846	2	22878	0.0010834236186348862	1.0	query_1	['GO:0051765']	16hr_60S_down	1.5149808407434688
GO:MF	GO:0047105	4-trimethylammoniobutyraldehyde dehydrogenase activity	0.03055055886533615	True	"""Catalysis of the reaction: NAD+ + 4-trimethylammoniobutanal = NADH + 4-trimethylammoniobutanoate."" [EC:1.2.1.47, MetaCyc:1.2.1.47-RXN]"	2	1846	2	22878	0.0010834236186348862	1.0	query_1	['GO:0016620']	16hr_60S_down	1.5149808407434688
GO:MF	GO:0031957	very long-chain fatty acid-CoA ligase activity	0.03055055886533615	True	"""Catalysis of the reaction: a very long-chain fatty acid + ATP + CoA = a very long-chain fatty acyl-CoA + AMP + diphosphate. A very long-chain fatty acid has an aliphatic tail containing more than 22 carbons."" [PMID:18024425, RHEA:54536]"	2	1846	2	22878	0.0010834236186348862	1.0	query_1	['GO:0120515']	16hr_60S_down	1.5149808407434688
GO:MF	GO:0003724	RNA helicase activity	0.03105036134062606	True	"""Unwinding of an RNA helix, driven by ATP hydrolysis."" [GOC:jl, PMID:19158098]"	92	1846	15	22878	0.008125677139761646	0.16304347826086957	query_1	['GO:0004386', 'GO:0008186', 'GO:0140098']	16hr_60S_down	1.5079333414672118
GO:MF	GO:0008186	ATP-dependent activity, acting on RNA	0.03105036134062606	True	"""Catalysis of the reaction: ATP + H2O = ADP + phosphate; this reaction requires the presence of RNA, and it drives another reaction."" [GOC:jl]"	92	1846	15	22878	0.008125677139761646	0.16304347826086957	query_1	['GO:0140657']	16hr_60S_down	1.5079333414672118
GO:BP	GO:0097305	response to alcohol	0.03155944354939541	True	"""Any process that results in a change in state or activity of a cell or an organism (in terms of movement, secretion, enzyme production, gene expression, etc.) as a result of an alcohol stimulus."" [GOC:pr, PMID:24014527]"	613	1705	65	21925	0.03812316715542522	0.10603588907014681	query_1	['GO:1901700']	16hr_60S_down	1.5008706627996735
GO:MF	GO:0046912	acyltransferase activity, acyl groups converted into alkyl on transfer	0.03228654480813316	True	"""Catalysis of the transfer of an acyl group from one compound (donor) to another (acceptor), with the acyl group being converted into alkyl on transfer."" [GOC:jl]"	16	1846	5	22878	0.0027085590465872156	0.3125	query_1	['GO:0016746']	16hr_60S_down	1.49097842915601
GO:MF	GO:0016151	nickel cation binding	0.03228654480813316	True	"""Binding to a nickel (Ni) cation."" [GOC:ai]"	16	1846	5	22878	0.0027085590465872156	0.3125	query_1	['GO:0046914']	16hr_60S_down	1.49097842915601
GO:MF	GO:0120515	fatty acid-CoA ligase activity	0.03228654480813316	True	"""Catalysis of the reaction: a fatty acid + ATP + CoA = a fatty acyl-CoA + AMP + diphosphate."" [RHEA:38883]"	16	1846	5	22878	0.0027085590465872156	0.3125	query_1	['GO:0015645', 'GO:0016405']	16hr_60S_down	1.49097842915601
GO:BP	GO:0048764	trichoblast maturation	0.03230125317255115	True	"""A developmental process, independent of morphogenetic (shape) change, that is required for a trichoblast cell to attain its fully functional state."" [GOC:jid]"	123	1705	18	21925	0.010557184750733138	0.14634146341463414	query_1	['GO:0010054', 'GO:0048469']	16hr_60S_down	1.4907806282767513
GO:BP	GO:0048765	root hair cell differentiation	0.03230125317255115	True	"""The process in which a relatively unspecialized cell acquires specialized features of a root hair cell."" [GOC:jid]"	123	1705	18	21925	0.010557184750733138	0.14634146341463414	query_1	['GO:0010053', 'GO:0048764']	16hr_60S_down	1.4907806282767513
GO:BP	GO:0006576	biogenic amine metabolic process	0.032402455339171084	True	"""The chemical reactions and pathways occurring at the level of individual cells involving any of a group of naturally occurring, biologically active amines, such as norepinephrine, histamine, and serotonin, many of which act as neurotransmitters."" [GOC:jl, ISBN:0395825172]"	78	1705	13	21925	0.007624633431085044	0.16666666666666666	query_1	['GO:0009308']	16hr_60S_down	1.4894220793041748
GO:BP	GO:0051644	plastid localization	0.03291789206291384	True	"""Any process in which a plastid is transported to, and/or maintained in, a specific location within the cell."" [GOC:ai]"	23	1705	6	21925	0.0035190615835777126	0.2608695652173913	query_1	['GO:0051640']	16hr_60S_down	1.4825679831425005
GO:BP	GO:0072525	pyridine-containing compound biosynthetic process	0.03291789206291384	True	"""The chemical reactions and pathways resulting in the formation of a pyridine-containing compound, i.e. any compound that contains pyridine or a formal derivative thereof."" [GOC:mah]"	23	1705	6	21925	0.0035190615835777126	0.2608695652173913	query_1	['GO:0009058', 'GO:0072524']	16hr_60S_down	1.4825679831425005
GO:BP	GO:0034605	cellular response to heat	0.032968904059398924	True	"""Any process that results in a change in state or activity of a cell (in terms of movement, secretion, enzyme production, gene expression, etc.) as a result of a heat stimulus, a temperature stimulus above the optimal temperature for that organism."" [GOC:mah]"	53	1705	10	21925	0.005865102639296188	0.18867924528301888	query_1	['GO:0009408', 'GO:0033554']	16hr_60S_down	1.4818954892798473
GO:BP	GO:1901568	fatty acid derivative metabolic process	0.032968904059398924	True	"""The chemical reactions and pathways involving fatty acid derivative."" [GOC:pr, GOC:TermGenie]"	53	1705	10	21925	0.005865102639296188	0.18867924528301888	query_1	['GO:0006629']	16hr_60S_down	1.4818954892798473
GO:CC	GO:0098572	stromal side of plastid thylakoid membrane	0.03352116209082578	True	"""The side (leaflet) of the plastid thylakoid membrane that faces the stroma, and any proteins embedded in it or loosely bound to its surface."" [GOC:dos]"	5	1869	3	20029	0.0016051364365971107	0.6	query_1	['GO:0055035', 'GO:0098552']	16hr_60S_down	1.474680933929444
GO:MF	GO:0008238	exopeptidase activity	0.033911385551572054	True	"""Catalysis of the hydrolysis of a peptide bond not more than three residues from the N- or C-terminus of a polypeptide chain, in a reaction that requires a free N-terminal amino group, C-terminal carboxyl group or both."" [https://www.ebi.ac.uk/merops/about/glossary.shtml#EXOPEPTIDASE]"	93	1846	15	22878	0.008125677139761646	0.16129032258064516	query_1	['GO:0008233']	16hr_60S_down	1.4696544654531412
GO:BP	GO:0010118	stomatal movement	0.034528490134435104	True	"""The process of opening or closing of stomata, which is directly related to the stomatal conductance (measuring rate of passage of either water vapor or carbon dioxide (CO2) through stomata)."" [GOC:sm]"	162	1705	22	21925	0.012903225806451613	0.13580246913580246	query_1	['GO:0009987']	16hr_60S_down	1.4618224121115906
GO:CC	GO:0005840	ribosome	0.034678777691864296	True	"""An intracellular organelle, about 200 A in diameter, consisting of RNA and protein. It is the site of protein biosynthesis resulting from translation of messenger RNA (mRNA). It consists of two subunits, one large and one small, each containing only protein and RNA. Both the ribosome and its subunits are characterized by their sedimentation coefficients, expressed in Svedberg units (symbol: S). Hence, the prokaryotic ribosome (70S) comprises a large (50S) subunit and a small (30S) subunit, while the eukaryotic ribosome (80S) comprises a large (60S) subunit and a small (40S) subunit. Two sites on the ribosomal large subunit are involved in translation, namely the aminoacyl site (A site) and peptidyl site (P site). Ribosomes from prokaryotes, eukaryotes, mitochondria, and chloroplasts have characteristically distinct ribosomal proteins."" [ISBN:0198506732]"	533	1869	67	20029	0.03584804708400214	0.12570356472795496	query_1	['GO:0043232']	16hr_60S_down	1.4599362183190565
GO:BP	GO:0048469	cell maturation	0.03471601479552439	True	"""The cellular developmental process, independent of morphogenetic (shape) change, that is required for a specific cell to attain its fully functional state."" [GOC:go_curators]"	124	1705	18	21925	0.010557184750733138	0.14516129032258066	query_1	['GO:0048468', 'GO:0048869', 'GO:0071695']	16hr_60S_down	1.4594701352135628
GO:BP	GO:0009617	response to bacterium	0.034969178586969754	True	"""Any process that results in a change in state or activity of a cell or an organism (in terms of movement, secretion, enzyme production, gene expression, etc.) as a result of a stimulus from a bacterium."" [GOC:hb]"	463	1705	51	21925	0.029912023460410556	0.1101511879049676	query_1	['GO:0051707']	16hr_60S_down	1.4563145689871853
GO:BP	GO:0043414	macromolecule methylation	0.03562731168193791	True	"""The covalent attachment of a methyl residue to one or more monomeric units in a polypeptide, polynucleotide, polysaccharide, or other biological macromolecule."" [GOC:go_curators]"	79	1705	13	21925	0.007624633431085044	0.16455696202531644	query_1	['GO:0032259', 'GO:0043412']	16hr_60S_down	1.4482169468251704
GO:BP	GO:0006183	GTP biosynthetic process	0.03581984464472535	True	"""The chemical reactions and pathways resulting in the formation of GTP, guanosine triphosphate."" [ISBN:0198506732]"	6	1705	3	21925	0.0017595307917888563	0.5	query_1	['GO:0009152', 'GO:0009206', 'GO:0046039']	16hr_60S_down	1.4458763020739451
GO:BP	GO:2001009	regulation of plant-type cell wall cellulose biosynthetic process	0.03581984464472535	True	"""Any process that modulates the frequency, rate or extent of plant-type cell wall cellulose biosynthetic process."" [GOC:mengo_curators]"	6	1705	3	21925	0.0017595307917888563	0.5	query_1	['GO:0010981', 'GO:0052324', 'GO:2001006']	16hr_60S_down	1.4458763020739451
GO:BP	GO:0044205	'de novo' UMP biosynthetic process	0.03581984464472535	True	"""The chemical reactions and pathways resulting in the formation of UMP, uridine monophosphate, starting with the synthesis of (S)-dihydroorotate from bicarbonate; UMP biosynthesis may either occur via reduction by quinone, NAD+ or oxygen."" [GOC:ecd, GOC:jl]"	6	1705	3	21925	0.0017595307917888563	0.5	query_1	['GO:0006222']	16hr_60S_down	1.4458763020739451
GO:BP	GO:0017038	protein import	0.03581984464472535	True	"""The targeting and directed movement of proteins into a cell or organelle. Not all import involves an initial targeting event."" [GOC:ai]"	6	1705	3	21925	0.0017595307917888563	0.5	query_1	['GO:0015031']	16hr_60S_down	1.4458763020739451
GO:BP	GO:0006011	UDP-alpha-D-glucose metabolic process	0.03581984464472535	True	"""The chemical reactions and pathways involving UDP-alpha-D-glucose, a substance composed of alpha-D-glucose in glycosidic linkage with uridine diphosphate."" [GOC:ai]"	6	1705	3	21925	0.0017595307917888563	0.5	query_1	['GO:0009225']	16hr_60S_down	1.4458763020739451
GO:BP	GO:0006228	UTP biosynthetic process	0.03581984464472535	True	"""The chemical reactions and pathways resulting in the formation of UTP, uridine (5'-)triphosphate."" [ISBN:0198506732]"	6	1705	3	21925	0.0017595307917888563	0.5	query_1	['GO:0009209', 'GO:0009220', 'GO:0046051']	16hr_60S_down	1.4458763020739451
GO:BP	GO:0071695	anatomical structure maturation	0.03581984464472535	True	"""A developmental process, independent of morphogenetic (shape) change, that is required for an anatomical structure to attain its fully functional state."" [GOC:mah]"	134	1705	19	21925	0.011143695014662757	0.1417910447761194	query_1	['GO:0021700', 'GO:0048856']	16hr_60S_down	1.4458763020739451
GO:BP	GO:0010410	hemicellulose metabolic process	0.03581984464472535	True	"""The chemical reactions and pathways involving hemicelluloses, plant cell wall polysaccharides that have a backbone of 1,4-linked beta-D-pyranosyl residues in which O4 is in the equatorial orientation. Many different hemicelluloses usually occur intermixed with each molecular type representing different degrees of polymerization and contain many different sugar monomers, which can include glucose, xylose, mannose, galactose, and arabinose. Hemicelluloses also contain most of the D-pentose sugars and occasionally small amounts of L-sugars as well. Xylose is always the sugar monomer present in the largest amount, but mannuronic acid and galacturonic acid also tend to be present."" [GOC:tair_curators]"	106	1705	16	21925	0.0093841642228739	0.1509433962264151	query_1	['GO:0010383']	16hr_60S_down	1.4458763020739451
GO:BP	GO:0043328	protein transport to vacuole involved in ubiquitin-dependent protein catabolic process via the multivesicular body sorting pathway	0.03581984464472535	True	"""The process of directing proteins towards the vacuole that contributes to protein catabolism via the multivesicular body (MVB) pathway."" [GOC:jl, PMID:11511343]"	11	1705	4	21925	0.002346041055718475	0.36363636363636365	query_1	['GO:0006886', 'GO:0032511', 'GO:0043162', 'GO:0072666']	16hr_60S_down	1.4458763020739451
GO:BP	GO:0010188	response to microbial phytotoxin	0.03581984464472535	True	"""Any process that results in a change in state or activity of a cell or an organism (in terms of movement, secretion, enzyme production, gene expression, etc.) as a result of a microbial phytotoxin stimulus. A microbial phytotoxin is a chemical substance produced by microbes which is toxic to plants."" [GOC:sm]"	6	1705	3	21925	0.0017595307917888563	0.5	query_1	['GO:0009636']	16hr_60S_down	1.4458763020739451
GO:BP	GO:0005986	sucrose biosynthetic process	0.03581984464472535	True	"""The chemical reactions and pathways resulting in the formation of sucrose, the disaccharide fructofuranosyl-glucopyranoside."" [GOC:go_curators]"	11	1705	4	21925	0.002346041055718475	0.36363636363636365	query_1	['GO:0005985', 'GO:0046351']	16hr_60S_down	1.4458763020739451
GO:BP	GO:0046051	UTP metabolic process	0.03581984464472535	True	"""The chemical reactions and pathways involving UTP, uridine (5'-)triphosphate."" [GOC:go_curators]"	6	1705	3	21925	0.0017595307917888563	0.5	query_1	['GO:0009208', 'GO:0009218']	16hr_60S_down	1.4458763020739451
GO:BP	GO:0046039	GTP metabolic process	0.03581984464472535	True	"""The chemical reactions and pathways involving GTP, guanosine triphosphate."" [GOC:go_curators]"	6	1705	3	21925	0.0017595307917888563	0.5	query_1	['GO:0009150', 'GO:0009205']	16hr_60S_down	1.4458763020739451
GO:BP	GO:0046320	regulation of fatty acid oxidation	0.03581984464472535	True	"""Any process that modulates the frequency, rate or extent of fatty acid oxidation."" [GOC:ai]"	6	1705	3	21925	0.0017595307917888563	0.5	query_1	['GO:0019217', 'GO:0019395']	16hr_60S_down	1.4458763020739451
GO:BP	GO:2001006	regulation of cellulose biosynthetic process	0.03587571638848064	True	"""Any process that modulates the frequency, rate or extent of cellulose biosynthetic process."" [GOC:mengo_curators]"	17	1705	5	21925	0.002932551319648094	0.29411764705882354	query_1	['GO:0030244', 'GO:0032951']	16hr_60S_down	1.4451994179106993
GO:BP	GO:0046040	IMP metabolic process	0.03587571638848064	True	"""The chemical reactions and pathways involving IMP, inosine monophosphate."" [GOC:go_curators]"	17	1705	5	21925	0.002932551319648094	0.29411764705882354	query_1	['GO:0009150', 'GO:0009167']	16hr_60S_down	1.4451994179106993
GO:BP	GO:0006188	IMP biosynthetic process	0.03587571638848064	True	"""The chemical reactions and pathways resulting in the formation of IMP, inosine monophosphate."" [ISBN:0198506732]"	17	1705	5	21925	0.002932551319648094	0.29411764705882354	query_1	['GO:0009152', 'GO:0009168', 'GO:0046040']	16hr_60S_down	1.4451994179106993
GO:BP	GO:0065009	regulation of molecular function	0.03587571638848064	True	"""Any process that modulates the frequency, rate or extent of a molecular function, an elemental biological activity occurring at the molecular level, such as catalysis or binding."" [GOC:isa_complete]"	163	1705	22	21925	0.012903225806451613	0.13496932515337423	query_1	['GO:0065007']	16hr_60S_down	1.4451994179106993
GO:BP	GO:0042559	pteridine-containing compound biosynthetic process	0.03587571638848064	True	"""The chemical reactions and pathways resulting in the formation of any compound containing pteridine (pyrazino(2,3-dipyrimidine)), e.g. pteroic acid, xanthopterin and folic acid."" [GOC:jl, ISBN:0198506732]"	17	1705	5	21925	0.002932551319648094	0.29411764705882354	query_1	['GO:0009058', 'GO:0042558']	16hr_60S_down	1.4451994179106993
GO:CC	GO:0031984	organelle subcompartment	0.036459229146075314	True	"""A compartment that consists of a lumen and an enclosing membrane, and is part of an organelle."" [GOC:mah, GOC:pz]"	884	1869	104	20029	0.05564472980203317	0.11764705882352941	query_1	['GO:0043227', 'GO:0043229', 'GO:0110165']	16hr_60S_down	1.4381925178298332
GO:BP	GO:0000902	cell morphogenesis	0.03657672409438634	True	"""The developmental process in which the size or shape of a cell is generated and organized."" [GOC:clt, GOC:dph, GOC:go_curators, GOC:tb]"	411	1705	46	21925	0.026979472140762465	0.11192214111922141	query_1	['GO:0009653']	16hr_60S_down	1.4367951936501988
GO:BP	GO:0009411	response to UV	0.03738679172226686	True	"""Any process that results in a change in state or activity of a cell or an organism (in terms of movement, secretion, enzyme production, gene expression, etc.) as a result of an ultraviolet radiation (UV light) stimulus. Ultraviolet radiation is electromagnetic radiation with a wavelength in the range of 10 to 380 nanometers."" [GOC:hb]"	116	1705	17	21925	0.00997067448680352	0.14655172413793102	query_1	['GO:0009416']	16hr_60S_down	1.42728180141699
GO:CC	GO:1990204	oxidoreductase complex	0.03843692654000086	True	"""Any protein complex that possesses oxidoreductase activity."" [GOC:bhm, PMID:18982432]"	82	1869	15	20029	0.008025682182985553	0.18292682926829268	query_1	['GO:1902494']	16hr_60S_down	1.4152513462917877
GO:MF	GO:0004739	pyruvate dehydrogenase (acetyl-transferring) activity	0.039061270410819464	True	"""Catalysis of the reaction: pyruvate + lipoamide = S-acetyldihydrolipoamide + CO2."" [EC:1.2.4.1]"	6	1846	3	22878	0.0016251354279523294	0.5	query_1	['GO:0004738', 'GO:0016624']	16hr_60S_down	1.408253636024191
GO:MF	GO:0004072	aspartate kinase activity	0.039061270410819464	True	"""Catalysis of the reaction: L-aspartate + ATP = 4-phospho-L-aspartate + ADP + H+."" [EC:2.7.2.4, RHEA:23776]"	6	1846	3	22878	0.0016251354279523294	0.5	query_1	['GO:0016774', 'GO:0019202']	16hr_60S_down	1.408253636024191
GO:MF	GO:0016661	oxidoreductase activity, acting on other nitrogenous compounds as donors	0.039061270410819464	True	"""Catalysis of an oxidation-reduction (redox) reaction in which a nitrogenous group, excluding NH and NH2 groups, acts as a hydrogen or electron donor and reduces a hydrogen or electron acceptor."" [EC:1.7.-.-]"	6	1846	3	22878	0.0016251354279523294	0.5	query_1	['GO:0016491']	16hr_60S_down	1.408253636024191
GO:MF	GO:0051766	inositol trisphosphate kinase activity	0.039061270410819464	True	"""Catalysis of the reaction: inositol trisphosphate + ATP = inositol tetrakisphosphate + ADP + H+."" [GOC:ai]"	6	1846	3	22878	0.0016251354279523294	0.5	query_1	['GO:0016773', 'GO:0180030']	16hr_60S_down	1.408253636024191
GO:MF	GO:0033840	alpha-1,4-glucan glucosyltransferase (NDP-glucose donor) activity	0.039061270410819464	True	"""Catalysis of the reaction: [(1->4)-alpha-D-glucosyl](n) + an NDP-alpha-D-glucose = [(1->4)-alpha-D-glucosyl](n+1) + a ribonucleoside 5'-diphosphate + H+, where NDP is ADP or UDP."" [EC:2.4.1.242, PMID:17472966, RHEA:15873]"	6	1846	3	22878	0.0016251354279523294	0.5	query_1	['GO:0046527']	16hr_60S_down	1.408253636024191
GO:MF	GO:0016841	ammonia-lyase activity	0.039061270410819464	True	"""Catalysis of the release of ammonia by the cleavage of a carbon-nitrogen bond or the reverse reaction with ammonia as a substrate."" [GOC:krc]"	6	1846	3	22878	0.0016251354279523294	0.5	query_1	['GO:0016840']	16hr_60S_down	1.408253636024191
GO:MF	GO:0004239	initiator methionyl aminopeptidase activity	0.039061270410819464	True	"""Catalysis of the release of N-terminal initiator methionine from peptides."" [EC:3.4.11.18]"	6	1846	3	22878	0.0016251354279523294	0.5	query_1	['GO:0004177']	16hr_60S_down	1.408253636024191
GO:MF	GO:0004738	pyruvate dehydrogenase activity	0.039061270410819464	True	"""Catalysis of the oxidative decarboxylation of pyruvate."" [ISBN:0716720094]"	6	1846	3	22878	0.0016251354279523294	0.5	query_1	['GO:0016903']	16hr_60S_down	1.408253636024191
GO:MF	GO:0004611	phosphoenolpyruvate carboxykinase activity	0.039061270410819464	True	"""Catalysis of the reaction: phosphate + oxaloacetate = phosphoenolpyruvate + CO2 + other reaction products."" [GOC:curators]"	6	1846	3	22878	0.0016251354279523294	0.5	query_1	['GO:0016831']	16hr_60S_down	1.408253636024191
GO:MF	GO:0045551	cinnamyl-alcohol dehydrogenase activity	0.03917846977152608	True	"""Catalysis of the reaction: cinnamyl alcohol + NADP+ = cinnamaldehyde + NADPH + H+. Also acts on coniferyl alcohol, sinapyl alcohol and 4-coumaryl alcohol."" [EC:1.1.1.195]"	11	1846	4	22878	0.0021668472372697724	0.36363636363636365	query_1	['GO:0016616']	16hr_60S_down	1.4069525306373634
GO:MF	GO:0010329	auxin efflux transmembrane transporter activity	0.03917846977152608	True	"""Enables the transfer of auxin, from one side of a membrane to the other, out of a cell."" [PMID:16839804]"	11	1846	4	22878	0.0021668472372697724	0.36363636363636365	query_1	['GO:0080161']	16hr_60S_down	1.4069525306373634
GO:BP	GO:0042546	cell wall biogenesis	0.03920005218898409	True	"""A cellular process that results in the biosynthesis of constituent macromolecules, assembly, and arrangement of constituent parts of a cell wall. Includes biosynthesis of constituent macromolecules, such as proteins and polysaccharides, and those macromolecular modifications that are involved in synthesis or assembly of the cellular component. A cell wall is the rigid or semi-rigid envelope lying outside the cell membrane of plant, fungal and most prokaryotic cells, maintaining their shape and protecting them from osmotic lysis."" [GOC:jl, GOC:mah, GOC:mtg_sensu, ISBN:0198506732]"	214	1705	27	21925	0.015835777126099706	0.1261682242990654	query_1	['GO:0044085', 'GO:0071554']	16hr_60S_down	1.4067133547812591
GO:CC	GO:0000312	plastid small ribosomal subunit	0.03921422984006925	True	"""The smaller of the two subunits of a plastid ribosome."" [GOC:mcc]"	2	1869	2	20029	0.001070090957731407	1.0	query_1	['GO:0000314', 'GO:0009547']	16hr_60S_down	1.4065563100302163
GO:CC	GO:0005950	anthranilate synthase complex	0.03921422984006925	True	"""A heterotetrameric enzyme complex made up of two components I and two components II. Catalyzes the formation of anthranilate, pyruvate and L-glutamate from chorismate and L-glutamine."" [PMID:4886290]"	2	1869	2	20029	0.001070090957731407	1.0	query_1	['GO:0005737', 'GO:1902494']	16hr_60S_down	1.4065563100302163
GO:BP	GO:0090558	plant epidermis development	0.039780688658793195	True	"""The process whose specific outcome is the progression of the plant epidermis over time, from its formation to the mature structure."" [GOC:tb]"	286	1705	34	21925	0.01994134897360704	0.11888111888111888	query_1	['GO:0009888']	16hr_60S_down	1.4003277029077865
KEGG	KEGG:00240	Pyrimidine metabolism	0.040429994451835566	True	Pyrimidine metabolism	65	865	18	5300	0.020809248554913295	0.27692307692307694	query_1	['KEGG:00000']	16hr_60S_down	1.3932963182640838
KEGG	KEGG:01040	Biosynthesis of unsaturated fatty acids	0.040429994451835566	True	Biosynthesis of unsaturated fatty acids	25	865	9	5300	0.010404624277456647	0.36	query_1	['KEGG:00000']	16hr_60S_down	1.3932963182640838
GO:CC	GO:0015935	small ribosomal subunit	0.0404779249493544	True	"""The smaller of the two subunits of a ribosome."" [GOC:mah]"	114	1869	19	20029	0.010165864098448368	0.16666666666666666	query_1	['GO:0044391']	16hr_60S_down	1.3927817591658778
GO:BP	GO:0048481	plant ovule development	0.04108344914766276	True	"""The process whose specific outcome is the progression of the ovule over time, from its formation to the mature structure. The ovule is the structure in seed plants enclosing the female gametophyte, and is composed of the nucellus, one or two integuments, and the funiculus; it develops into the seed."" [GOC:tb]"	55	1705	10	21925	0.005865102639296188	0.18181818181818182	query_1	['GO:0003006', 'GO:0035670', 'GO:0099402']	16hr_60S_down	1.3863331024916126
GO:MF	GO:0015645	fatty acid ligase activity	0.04110540817916404	True	"""Catalysis of the ligation of a fatty acid to an acceptor, coupled to the hydrolysis of ATP."" [GOC:cjk, GOC:mah]"	17	1846	5	22878	0.0027085590465872156	0.29411764705882354	query_1	['GO:0016878', 'GO:0140657']	16hr_60S_down	1.3861010348672158
GO:BP	GO:0071806	protein transmembrane transport	0.04110831793447795	True	"""The process in which a protein is transported across a membrane."" [GOC:mah, GOC:vw]"	72	1705	12	21925	0.007038123167155425	0.16666666666666666	query_1	['GO:0015031', 'GO:0055085']	16hr_60S_down	1.3860702932687798
GO:BP	GO:0033365	protein localization to organelle	0.04110831793447795	True	"""A process in which a protein is transported to, or maintained in, a location within an organelle."" [GOC:mah]"	225	1705	28	21925	0.016422287390029325	0.12444444444444444	query_1	['GO:0008104']	16hr_60S_down	1.3860702932687798
GO:BP	GO:0009853	photorespiration	0.04111840611830155	True	"""A light-dependent catabolic process occurring concomitantly with photosynthesis in plants (especially C3 plants) whereby dioxygen (O2) is consumed and carbon dioxide (CO2) is evolved. The substrate is glycolate formed in large quantities in chloroplasts from 2-phosphoglycolate generated from ribulose 1,5-bisphosphate by the action of ribulose-bisphosphate carboxylase; the glycolate enters the peroxisomes where it is converted by glycolate oxidase to glyoxylate which undergoes transamination to glycine. This then passes into the mitochondria where it is decarboxylated forming one molecule of serine for every two molecules of glycine. This pathway also exists in photosynthetic bacteria."" [ISBN:0198506732]"	39	1705	8	21925	0.00469208211143695	0.20512820512820512	query_1	['GO:0043094']	16hr_60S_down	1.385963728337744
GO:BP	GO:0097164	ammonium ion metabolic process	0.04171294344452594	True	"""The chemical reactions and pathways involving the ammonium ion."" [GOC:dhl, GOC:tb, PMID:14671018]"	47	1705	9	21925	0.005278592375366569	0.19148936170212766	query_1	['GO:0008152']	16hr_60S_down	1.3797291633881075
GO:BP	GO:0009627	systemic acquired resistance	0.04213167120004182	True	"""The salicylic acid-mediated response to a pathogen which confers broad spectrum resistance."" [GOC:lr, Wikipedia:Systemic_acquired_resistance]"	90	1705	14	21925	0.008211143695014663	0.15555555555555556	query_1	['GO:0140546']	16hr_60S_down	1.3753913137532512
GO:BP	GO:0006401	RNA catabolic process	0.04213167120004182	True	"""The chemical reactions and pathways resulting in the breakdown of RNA, ribonucleic acid, one of the two main type of nucleic acid, consisting of a long, unbranched macromolecule formed from ribonucleotides joined in 3',5'-phosphodiester linkage."" [ISBN:0198506732]"	127	1705	18	21925	0.010557184750733138	0.14173228346456693	query_1	['GO:0016070', 'GO:0141188']	16hr_60S_down	1.3753913137532512
GO:MF	GO:0016798	hydrolase activity, acting on glycosyl bonds	0.04267364153610697	True	"""Catalysis of the hydrolysis of any glycosyl bond."" [GOC:jl]"	463	1846	52	22878	0.028169014084507043	0.11231101511879049	query_1	['GO:0016787']	16hr_60S_down	1.3698402952340385
GO:BP	GO:0120255	olefinic compound biosynthetic process	0.04368614904412007	True	"""The chemical reactions and pathways resulting in the formation of an olefinic compound, any compound which contains a carbon-carbon double bond (aka C=C)."" [GOC:krc]"	64	1705	11	21925	0.0064516129032258064	0.171875	query_1	['GO:0009058', 'GO:0120254']	16hr_60S_down	1.359656236878899
GO:BP	GO:0070592	cell wall polysaccharide biosynthetic process	0.04471894907747002	True	"""The chemical reactions and pathways resulting in the formation of a polysaccharide destined to form part of a cell wall."" [GOC:mah]"	73	1705	12	21925	0.007038123167155425	0.1643835616438356	query_1	['GO:0000271', 'GO:0010383']	16hr_60S_down	1.3495084111864495
GO:BP	GO:0046036	CTP metabolic process	0.04471894907747002	True	"""The chemical reactions and pathways involving CTP, cytidine triphosphate."" [GOC:go_curators]"	18	1705	5	21925	0.002932551319648094	0.2777777777777778	query_1	['GO:0009208', 'GO:0009218']	16hr_60S_down	1.3495084111864495
GO:BP	GO:0032951	regulation of beta-glucan biosynthetic process	0.04471894907747002	True	"""Any process that modulates the frequency, rate or extent of the chemical reactions and pathways relusting in the formation of beta-glucans."" [GOC:mah]"	18	1705	5	21925	0.002932551319648094	0.2777777777777778	query_1	['GO:0010962', 'GO:0032950', 'GO:0051274']	16hr_60S_down	1.3495084111864495
GO:BP	GO:0010315	auxin export across the plasma membrane	0.04471894907747002	True	"""The directed movement of auxins from inside of a cell, across the plasma membrane and into the extracellular region."" [GOC:tair_curators, PMID:16990790]"	18	1705	5	21925	0.002932551319648094	0.2777777777777778	query_1	['GO:0010928', 'GO:0060918', 'GO:0140115']	16hr_60S_down	1.3495084111864495
GO:BP	GO:0032950	regulation of beta-glucan metabolic process	0.04471894907747002	True	"""Any process that modulates the frequency, rate or extent of the chemical reactions and pathways involving beta-glucans."" [GOC:mah]"	18	1705	5	21925	0.002932551319648094	0.2777777777777778	query_1	['GO:0032881', 'GO:0051273']	16hr_60S_down	1.3495084111864495
GO:BP	GO:0009208	pyrimidine ribonucleoside triphosphate metabolic process	0.04471894907747002	True	"""The chemical reactions and pathways involving pyrimidine ribonucleoside triphosphate, a compound consisting of a pyrimidine base linked to a ribose sugar esterified with triphosphate on the sugar."" [GOC:go_curators, ISBN:0198506732]"	18	1705	5	21925	0.002932551319648094	0.2777777777777778	query_1	['GO:0009147', 'GO:0009199']	16hr_60S_down	1.3495084111864495
GO:BP	GO:0050779	RNA destabilization	0.04471894907747002	True	"""Any process that decreases the stability of an RNA molecule, making it more vulnerable to degradative processes."" [GOC:ai]"	32	1705	7	21925	0.004105571847507331	0.21875	query_1	['GO:0006401', 'GO:0009896', 'GO:0043487', 'GO:0051254']	16hr_60S_down	1.3495084111864495
GO:BP	GO:0006241	CTP biosynthetic process	0.04471894907747002	True	"""The chemical reactions and pathways resulting in the formation of CTP, cytidine 5'-triphosphate."" [ISBN:0198506732]"	18	1705	5	21925	0.002932551319648094	0.2777777777777778	query_1	['GO:0009209', 'GO:0009220', 'GO:0046036']	16hr_60S_down	1.3495084111864495
GO:BP	GO:0009895	negative regulation of catabolic process	0.04471894907747002	True	"""Any process that stops, prevents, or reduces the frequency, rate or extent of the chemical reactions and pathways resulting in the breakdown of substances."" [GOC:go_curators]"	18	1705	5	21925	0.002932551319648094	0.2777777777777778	query_1	['GO:0009056', 'GO:0009892', 'GO:0009894']	16hr_60S_down	1.3495084111864495
GO:BP	GO:0051554	flavonol metabolic process	0.04471894907747002	True	"""The chemical reactions and pathways involving flavonols, a member of a class of vascular pigments formed by consecutive oxidative processes from the flavonoid intermediates flavanones and dihydroflavonols. Flavonols are the most widespread of the flavonoids and have a wide array of physiological activities."" [PMID:11402179]"	18	1705	5	21925	0.002932551319648094	0.2777777777777778	query_1	['GO:0051552']	16hr_60S_down	1.3495084111864495
GO:BP	GO:0006085	acetyl-CoA biosynthetic process	0.04471894907747002	True	"""The chemical reactions and pathways resulting in the formation of acetyl-CoA, a derivative of coenzyme A in which the sulfhydryl group is acetylated."" [GOC:go_curators]"	18	1705	5	21925	0.002932551319648094	0.2777777777777778	query_1	['GO:0006084', 'GO:0071616']	16hr_60S_down	1.3495084111864495
GO:BP	GO:0009704	de-etiolation	0.04471894907747002	True	"""The greening response of plants grown in the dark (etiolated) as a result of chloroplast biogenesis and the accumulation of chlorophyll."" [GOC:lr]"	18	1705	5	21925	0.002932551319648094	0.2777777777777778	query_1	['GO:0009416', 'GO:0009640']	16hr_60S_down	1.3495084111864495
GO:BP	GO:0061157	mRNA destabilization	0.04471894907747002	True	"""Any process that decreases the stability of an mRNA molecule, making it more vulnerable to degradative processes. Messenger RNA is the intermediate molecule between DNA and protein. It includes UTR and coding sequences. It does not contain introns."" [GOC:dph, GOC:jh]"	32	1705	7	21925	0.004105571847507331	0.21875	query_1	['GO:0010629', 'GO:0043488', 'GO:0050779', 'GO:0061014']	16hr_60S_down	1.3495084111864495
GO:BP	GO:0009209	pyrimidine ribonucleoside triphosphate biosynthetic process	0.04471894907747002	True	"""The chemical reactions and pathways resulting in the formation of pyrimidine ribonucleoside triphosphate, a compound consisting of a pyrimidine base linked to a ribose sugar esterified with triphosphate on the sugar."" [GOC:go_curators, ISBN:0198506732]"	18	1705	5	21925	0.002932551319648094	0.2777777777777778	query_1	['GO:0009148', 'GO:0009201', 'GO:0009208']	16hr_60S_down	1.3495084111864495
KEGG	KEGG:00770	Pantothenate and CoA biosynthesis	0.04527315670557208	True	Pantothenate and CoA biosynthesis	34	865	11	5300	0.012716763005780347	0.3235294117647059	query_1	['KEGG:00000']	16hr_60S_down	1.344159222933179
GO:BP	GO:0033037	polysaccharide localization	0.04651723334219193	True	"""Any process in which a polysaccharide is transported to, or maintained in, a specific location."" [GOC:mah]"	48	1705	9	21925	0.005278592375366569	0.1875	query_1	['GO:0033036']	16hr_60S_down	1.3323861232632401
GO:BP	GO:0050826	response to freezing	0.04651723334219193	True	"""Any process that results in a change in state or activity of a cell or an organism (in terms of movement, secretion, enzyme production, gene expression, etc.) as a result of a freezing stimulus, temperatures below 0 degrees Celsius."" [GOC:jl]"	25	1705	6	21925	0.0035190615835777126	0.24	query_1	['GO:0009409']	16hr_60S_down	1.3323861232632401
GO:BP	GO:0106074	aminoacyl-tRNA metabolism involved in translational fidelity	0.04689641116146161	True	"""Any process which detects an amino-acid acetylated tRNA is charged with the correct amino acid, or removes incorrect amino acids from a charged tRNA. This process can be performed by tRNA synthases, or by subsequent reactions after tRNA aminoacylation."" [GOC:hjd]"	12	1705	4	21925	0.002346041055718475	0.3333333333333333	query_1	['GO:0006399', 'GO:0006450']	16hr_60S_down	1.328860391238223
GO:BP	GO:0043162	ubiquitin-dependent protein catabolic process via the multivesicular body sorting pathway	0.04689641116146161	True	"""The chemical reactions and pathways resulting in the breakdown of a protein or peptide covalently tagged with ubiquitin, via the multivesicular body (MVB) sorting pathway; ubiquitin-tagged proteins are sorted into MVBs, and delivered to a lysosome/vacuole for degradation."" [GOC:jl, PMID:11511343]"	12	1705	4	21925	0.002346041055718475	0.3333333333333333	query_1	['GO:0006511']	16hr_60S_down	1.328860391238223
GO:BP	GO:0006086	pyruvate decarboxylation to acetyl-CoA	0.04689641116146161	True	"""The chemical reactions and pathways resulting in the formation of acetyl-CoA from pyruvate."" [GOC:dph, GOC:go_curators, GOC:tb]"	12	1705	4	21925	0.002346041055718475	0.3333333333333333	query_1	['GO:0006085', 'GO:0006090']	16hr_60S_down	1.328860391238223
GO:BP	GO:0009725	response to hormone	0.04735592268707943	True	"""Any process that results in a change in state or activity of a cell or an organism (in terms of movement, secretion, enzyme production, gene expression, etc.) as a result of a hormone stimulus."" [GOC:jl]"	1635	1705	152	21925	0.08914956011730206	0.09296636085626911	query_1	['GO:0009719', 'GO:0042221']	16hr_60S_down	1.3246256971367116
GO:BP	GO:0010817	regulation of hormone levels	0.04759619332144069	True	"""Any process that modulates the levels of hormone within an organism or a tissue. A hormone is any substance formed in very small amounts in one specialized organ or group of cells and carried (sometimes in the bloodstream) to another organ or group of cells in the same organism, upon which it has a specific regulatory action."" [GOC:BHF, GOC:dph, GOC:tb]"	280	1705	33	21925	0.01935483870967742	0.11785714285714285	query_1	['GO:0065008']	16hr_60S_down	1.3224277801703062
GO:MF	GO:0008289	lipid binding	0.04760635364065227	True	"""Binding to a lipid."" [GOC:ai]"	310	1846	37	22878	0.020043336944745395	0.11935483870967742	query_1	['GO:0005488']	16hr_60S_down	1.3223350815876416
GO:BP	GO:0009826	unidimensional cell growth	0.047607989354801844	True	"""The process in which a cell irreversibly increases in size in one [spatial] dimension or along one axis, resulting in the morphogenesis of the cell."" [ISBN:0943088399]"	301	1705	35	21925	0.020527859237536656	0.11627906976744186	query_1	['GO:0000902', 'GO:0016049', 'GO:0060560']	16hr_60S_down	1.3223201598519692
GO:BP	GO:0009719	response to endogenous stimulus	0.0481106369154836	True	"""Any process that results in a change in state or activity of a cell or an organism (in terms of movement, secretion, enzyme production, gene expression, etc.) as a result of a stimulus arising within the organism."" [GOC:sm]"	1636	1705	152	21925	0.08914956011730206	0.09290953545232274	query_1	['GO:0050896']	16hr_60S_down	1.3177588936264526
GO:MF	GO:0003747	translation release factor activity	3.582776548054306e-05	True	"""Involved in catalyzing the release of a nascent polypeptide chain from a ribosome."" [ISBN:0198547684]"	11	34	3	22878	0.08823529411764706	0.2727272727272727	query_1	['GO:0008079']	4hr_Monosome_down	4.445780277229692
GO:MF	GO:0008079	translation termination factor activity	3.582776548054306e-05	True	"""Functions in the termination of translation."" [GOC:ma]"	11	34	3	22878	0.08823529411764706	0.2727272727272727	query_1	['GO:0180051']	4hr_Monosome_down	4.445780277229692
GO:BP	GO:0006415	translational termination	0.0003599065875953762	True	"""The process resulting in the release of a polypeptide chain from the ribosome, usually in response to a termination codon (UAA, UAG, or UGA in the universal genetic code)."" [GOC:hjd, ISBN:019879276X]"	15	30	3	21925	0.1	0.2	query_1	['GO:0006412', 'GO:0032984']	4hr_Monosome_down	3.443810204110807
GO:MF	GO:0180051	translation factor activity	0.005838293903895548	True	"""A molecular function required for translation of a mRNA into a protein functioning as part of initiation, elongation or termination of translation."" [GOC:pg]"	172	34	4	22878	0.11764705882352941	0.023255813953488372	query_1	['GO:0003674']	4hr_Monosome_down	2.233714046102505
GO:BP	GO:0032984	protein-containing complex disassembly	0.012983240075719615	True	"""The disaggregation of a protein-containing macromolecular complex into its constituent components."" [GOC:mah]"	60	30	3	21925	0.1	0.05	query_1	['GO:0022411', 'GO:0043933']	4hr_Monosome_down	1.8866169122036973
GO:BP	GO:0050896	response to stimulus	0.015385121655752449	True	"""Any process that results in a change in state or activity of a cell or an organism (in terms of movement, secretion, enzyme production, gene expression, etc.) as a result of a stimulus. The process begins with detection of the stimulus and ends with a change in state or activity or the cell or organism."" [GOC:ai, GOC:bf]"	6001	30	18	21925	0.6	0.002999500083319447	query_1	['GO:0008150']	4hr_Monosome_down	1.8128990652785255
GO:BP	GO:0022411	cellular component disassembly	0.015385121655752449	True	"""A cellular process that results in the breakdown of a cellular component."" [GOC:isa_complete]"	74	30	3	21925	0.1	0.04054054054054054	query_1	['GO:0016043']	4hr_Monosome_down	1.8128990652785255
GO:BP	GO:0009628	response to abiotic stimulus	0.02469940416854786	True	"""Any process that results in a change in state or activity of a cell or an organism (in terms of movement, secretion, enzyme production, gene expression, etc.) as a result of an abiotic (not derived from living organisms) stimulus."" [GOC:hb]"	2131	30	10	21925	0.3333333333333333	0.004692632566870014	query_1	['GO:0050896']	4hr_Monosome_down	1.6073135232355948
GO:MF	GO:0004851	uroporphyrin-III C-methyltransferase activity	0.03616283474662837	True	"""Catalysis of the reaction: 2 S-adenosyl-L-methionine + uroporphyrin III = 2 S-adenosyl-L-homocysteine + precorrin-2."" [EC:2.1.1.107]"	1	34	1	22878	0.029411764705882353	1.0	query_1	['GO:0008169', 'GO:0008757']	4hr_Monosome_down	1.4417375332142497
GO:MF	GO:0016040	glutamate synthase (NADH) activity	0.03616283474662837	True	"""Catalysis of the reaction: 2 L-glutamate + NAD+ = 2-oxoglutarate + L-glutamine + H+ + NADH."" [EC:1.4.1.14, RHEA:13753]"	1	34	1	22878	0.029411764705882353	1.0	query_1	['GO:0015930']	4hr_Monosome_down	1.4417375332142497
GO:MF	GO:0047513	1,2-alpha-L-fucosidase activity	0.03616283474662837	True	"""Catalysis of the reaction: H2O + methyl-2-alpha-L-fucopyranosyl-beta-D-galactoside = L-fucose + methyl beta-D-galactoside."" [EC:3.2.1.63, MetaCyc:12-ALPHA-L-FUCOSIDASE-RXN]"	1	34	1	22878	0.029411764705882353	1.0	query_1	['GO:0004560']	4hr_Monosome_down	1.4417375332142497
GO:MF	GO:0019825	oxygen binding	0.0472588000256354	True	"""Binding to oxygen (O2)."" [GOC:jl]"	5	34	1	22878	0.029411764705882353	0.2	query_1	['GO:0036094']	4hr_Monosome_down	1.325517309975364
GO:MF	GO:0042879	aldonate transmembrane transporter activity	0.0472588000256354	True	"""Enables the transfer of aldonate from one side of a membrane to the other."" [GOC:jl, GOC:mtg_transport, ISBN:0815340729]"	7	34	1	22878	0.029411764705882353	0.14285714285714285	query_1	['GO:0046943']	4hr_Monosome_down	1.325517309975364
GO:MF	GO:0043015	gamma-tubulin binding	0.0472588000256354	True	"""Binding to the microtubule constituent protein gamma-tubulin."" [GOC:jl]"	7	34	1	22878	0.029411764705882353	0.14285714285714285	query_1	['GO:0015631']	4hr_Monosome_down	1.325517309975364
GO:MF	GO:0071917	triose-phosphate transmembrane transporter activity	0.0472588000256354	True	"""Enables the transfer of a triose phosphate from one side of a membrane to the other."" [GOC:mah, GOC:vw]"	4	34	1	22878	0.029411764705882353	0.25	query_1	['GO:0015605', 'GO:1901505']	4hr_Monosome_down	1.325517309975364
GO:MF	GO:0051903	S-(hydroxymethyl)glutathione dehydrogenase [NAD(P)+] activity	0.0472588000256354	True	"""Catalysis of the reaction: S-(hydroxymethyl)glutathione + NAD(P)+ = S-formylglutathione + NAD(P)H + H+."" [EC:1.1.1.284]"	2	34	1	22878	0.029411764705882353	0.5	query_1	['GO:0016616']	4hr_Monosome_down	1.325517309975364
GO:MF	GO:0070330	aromatase activity	0.0472588000256354	True	"""Catalysis of the reaction: 3 O2 + 3 reduced [NADPH--hemoprotein reductase] + testosterone = 17beta-estradiol + formate + 4 H+ + 4 H2O + 3 oxidized [NADPH--hemoprotein reductase]. Also converts androst-4-ene-3,17-dione into estrone."" [EC:1.14.14.14]"	4	34	1	22878	0.029411764705882353	0.25	query_1	['GO:0016712']	4hr_Monosome_down	1.325517309975364
GO:MF	GO:0019781	NEDD8 activating enzyme activity	0.0472588000256354	True	"""Catalysis of the initiation of the NEDD8 (RUB1) conjugation cascade."" [PMID:12646924]"	3	34	1	22878	0.029411764705882353	0.3333333333333333	query_1	['GO:0008641']	4hr_Monosome_down	1.325517309975364
GO:MF	GO:0051538	3 iron, 4 sulfur cluster binding	0.0472588000256354	True	"""Binding to a 3 iron, 4 sulfur (3Fe-4S) cluster; this cluster consists of three iron atoms, with the inorganic sulfur atoms found between the irons and acting as bridging ligands. It is essentially a 4Fe-4S cluster with one iron missing."" [GOC:ai, PMID:15952888, Wikipedia:Iron-sulfur_cluster]"	7	34	1	22878	0.029411764705882353	0.14285714285714285	query_1	['GO:0051536']	4hr_Monosome_down	1.325517309975364
GO:MF	GO:0018685	alkane 1-monooxygenase activity	0.0472588000256354	True	"""Catalysis of the reaction: octane + reduced rubredoxin + O2 = 1-octanol + oxidized rubredoxin + H2O."" [RHEA:19341]"	7	34	1	22878	0.029411764705882353	0.14285714285714285	query_1	['GO:0016713']	4hr_Monosome_down	1.325517309975364
GO:MF	GO:0043023	ribosomal large subunit binding	0.0472588000256354	True	"""Binding to a large ribosomal subunit."" [GOC:go_curators]"	6	34	1	22878	0.029411764705882353	0.16666666666666666	query_1	['GO:0043022']	4hr_Monosome_down	1.325517309975364
GO:MF	GO:0016211	ammonia ligase activity	0.0472588000256354	True	"""Catalysis of the ligation of ammonia (NH3) to another substance via a carbon-nitrogen bond with concomitant breakage of a diphosphate linkage, usually in a nucleoside triphosphate."" [GOC:jl]"	7	34	1	22878	0.029411764705882353	0.14285714285714285	query_1	['GO:0016880']	4hr_Monosome_down	1.325517309975364
GO:MF	GO:0004356	glutamine synthetase activity	0.0472588000256354	True	"""Catalysis of the reaction: ATP + L-glutamate + NH4+ = ADP + H+ + L-glutamine + phosphate."" [RHEA:16169]"	7	34	1	22878	0.029411764705882353	0.14285714285714285	query_1	['GO:0016211']	4hr_Monosome_down	1.325517309975364
GO:MF	GO:0004560	alpha-L-fucosidase activity	0.0472588000256354	True	"""Catalysis of the reaction: an alpha-L-fucoside + H2O = an alcohol + L-fucose."" [EC:3.2.1.51]"	3	34	1	22878	0.029411764705882353	0.3333333333333333	query_1	['GO:0015928']	4hr_Monosome_down	1.325517309975364
GO:MF	GO:0005344	oxygen carrier activity	0.0472588000256354	True	"""Binding to oxygen and delivering it to an acceptor molecule or a specific location."" [GOC:ai]"	3	34	1	22878	0.029411764705882353	0.3333333333333333	query_1	['GO:0140104']	4hr_Monosome_down	1.325517309975364
GO:MF	GO:0016639	oxidoreductase activity, acting on the CH-NH2 group of donors, NAD or NADP as acceptor	0.0472588000256354	True	"""Catalysis of an oxidation-reduction (redox) reaction in which a CH-NH2 group acts as a hydrogen or electron donor and reduces NAD+ or NADP."" [GOC:ai]"	5	34	1	22878	0.029411764705882353	0.2	query_1	['GO:0016638']	4hr_Monosome_down	1.325517309975364
GO:MF	GO:0008506	sucrose:proton symporter activity	0.0472588000256354	True	"""Enables the transfer of a solute or solutes from one side of a membrane to the other according to the reaction: sucrose(out) + H+(out) = sucrose(in) + H+(in)."" [TC:2.A.1.5.3]"	3	34	1	22878	0.029411764705882353	0.3333333333333333	query_1	['GO:0005351', 'GO:0009669']	4hr_Monosome_down	1.325517309975364
GO:MF	GO:0009669	sucrose:monoatomic cation symporter activity	0.0472588000256354	True	"""Enables the transfer of a solute or solutes from one side of a membrane to the other according to the reaction: sucrose(out) + monovalent cation(out) = sucrose(in) + monovalent cation(in)."" [GOC:jy, TC:2.A.2.-.-, TC:2.A.2.4.1]"	3	34	1	22878	0.029411764705882353	0.3333333333333333	query_1	['GO:0005402', 'GO:0008515']	4hr_Monosome_down	1.325517309975364
GO:MF	GO:0015103	inorganic anion transmembrane transporter activity	0.0472588000256354	True	"""Enables the transfer of inorganic anions from one side of a membrane to the other. Inorganic anions are atoms or small molecules with a negative charge which do not contain carbon in covalent linkage."" [GOC:ai]"	93	34	2	22878	0.058823529411764705	0.021505376344086023	query_1	['GO:0015318']	4hr_Monosome_down	1.325517309975364
GO:MF	GO:0008169	C-methyltransferase activity	0.0472588000256354	True	"""Catalysis of the transfer of a methyl group to the carbon atom of an acceptor molecule."" [GOC:ai]"	6	34	1	22878	0.029411764705882353	0.16666666666666666	query_1	['GO:0008168']	4hr_Monosome_down	1.325517309975364
GO:MF	GO:0015120	phosphoglycerate transmembrane transporter activity	0.0472588000256354	True	"""Enables the transfer of phosphoglycerates from one side of a membrane to the other. Phosphoglycerates are important intermediates in glycolysis and 3-phosphoglycerate is a precursor in serine biosynthesis."" [GOC:ai]"	6	34	1	22878	0.029411764705882353	0.16666666666666666	query_1	['GO:0042879']	4hr_Monosome_down	1.325517309975364
GO:MF	GO:0015152	glucose-6-phosphate transmembrane transporter activity	0.0472588000256354	True	"""Enables the transfer of glucose-6-phosphate from one side of a membrane to the other. Glucose-6-phosphate is a monophosphorylated derivative of glucose with the phosphate group attached to C-6."" [GOC:ai, GOC:mtg_transport, ISBN:0815340729]"	5	34	1	22878	0.029411764705882353	0.2	query_1	['GO:0008514', 'GO:0015119']	4hr_Monosome_down	1.325517309975364
GO:MF	GO:0015291	secondary active transmembrane transporter activity	0.0472588000256354	True	"""Enables the transfer of a solute from one side of a membrane to the other, up its concentration gradient. The transporter binds the solute and undergoes a series of conformational changes. Transport works equally well in either direction and is driven by a chemiosmotic source of energy, not direct ATP coupling. Secondary active transporters include symporters and antiporters."" [GOC:mtg_transport, ISBN:0198506732, ISBN:0815340729, PMID:10839820]"	283	34	3	22878	0.08823529411764706	0.01060070671378092	query_1	['GO:0022804']	4hr_Monosome_down	1.325517309975364
GO:MF	GO:0015293	symporter activity	0.0472588000256354	True	"""Enables the active transport of a solute across a membrane by a mechanism whereby two or more species are transported together in the same direction in a tightly coupled process not directly linked to a form of energy other than chemiosmotic energy."" [GOC:mtg_transport, ISBN:0815340729, PMID:10839820]"	97	34	2	22878	0.058823529411764705	0.020618556701030927	query_1	['GO:0015291']	4hr_Monosome_down	1.325517309975364
GO:MF	GO:0015928	fucosidase activity	0.0472588000256354	True	"""Catalysis of the hydrolysis of fucosyl compounds, substances containing a group derived from a cyclic form of fucose or a fucose derivative."" [GOC:ai]"	4	34	1	22878	0.029411764705882353	0.25	query_1	['GO:0004553']	4hr_Monosome_down	1.325517309975364
GO:MF	GO:0015119	hexose phosphate transmembrane transporter activity	0.0472588000256354	True	"""Enables the transfer of hexose phosphate from one side of a membrane to the other. Hexose phosphates is any of a group of monophosphorylated aldoses with a chain of six carbon atoms in the molecule."" [GOC:ai, GOC:mtg_transport, ISBN:0815340729]"	5	34	1	22878	0.029411764705882353	0.2	query_1	['GO:0015605', 'GO:1901505']	4hr_Monosome_down	1.325517309975364
GO:MF	GO:0015930	glutamate synthase activity	0.0472588000256354	True	"""Catalysis of the formation of L-glutamine and 2-oxoglutarate from L-glutamate, using NADH, NADPH or ferredoxin as hydrogen acceptors."" [GOC:curators]"	3	34	1	22878	0.029411764705882353	0.3333333333333333	query_1	['GO:0016638']	4hr_Monosome_down	1.325517309975364
GO:BP	GO:0009084	glutamine family amino acid biosynthetic process	0.047350022900143916	True	"""The chemical reactions and pathways resulting in the formation of amino acids of the glutamine family, comprising arginine, glutamate, glutamine and proline."" [GOC:ai]"	31	30	2	21925	0.06666666666666667	0.06451612903225806	query_1	['GO:0009064', 'GO:0170034', 'GO:0170038']	4hr_Monosome_down	1.3246798066205023
GO:BP	GO:1900058	regulation of sulfate assimilation	0.049466092027207705	True	"""Any process that modulates the frequency, rate or extent of sulfate assimilation."" [GOC:TermGenie, PMID:7601277, PMID:7891681]"	1	30	1	21925	0.03333333333333333	1.0	query_1	['GO:0000103', 'GO:0042762']	4hr_Monosome_down	1.3056923988749494
GO:BP	GO:0097164	ammonium ion metabolic process	0.049466092027207705	True	"""The chemical reactions and pathways involving the ammonium ion."" [GOC:dhl, GOC:tb, PMID:14671018]"	47	30	2	21925	0.06666666666666667	0.0425531914893617	query_1	['GO:0008152']	4hr_Monosome_down	1.3056923988749494
GO:BP	GO:0090352	regulation of nitrate assimilation	0.049466092027207705	True	"""Any process that modulates the rate, frequency, or extent of the uptake, from the environment, of nitrates, inorganic or organic salts and esters of nitric acid and the subsequent reduction of nitrate ion to other, less highly oxidized, inorganic nitrogenous substances."" [GOC:tb]"	2	30	1	21925	0.03333333333333333	0.5	query_1	['GO:0042128', 'GO:0062012', 'GO:1903314']	4hr_Monosome_down	1.3056923988749494
GO:BP	GO:0071941	nitrogen cycle metabolic process	0.049466092027207705	True	"""A nitrogen compound metabolic process that contributes to the nitrogen cycle. The nitrogen cycle is a series of metabolic pathways by which nitrogen is converted between various forms and redox states; it encompasses pathways in which nitrogen is acted upon directly, such as nitrification, denitrification, nitrogen fixation, and mineralization."" [GOC:mah, PMID:16675690, Wikipedia:Nitrogen_cycle]"	46	30	2	21925	0.06666666666666667	0.043478260869565216	query_1	['GO:0008152']	4hr_Monosome_down	1.3056923988749494
GO:BP	GO:0070125	mitochondrial translational elongation	0.049466092027207705	True	"""The successive addition of amino acid residues to a nascent polypeptide chain during protein biosynthesis in a mitochondrion."" [GOC:mah]"	2	30	1	21925	0.03333333333333333	0.5	query_1	['GO:0006414', 'GO:0032543']	4hr_Monosome_down	1.3056923988749494
GO:BP	GO:0042126	nitrate metabolic process	0.049466092027207705	True	"""The chemical reactions and pathways involving nitrates, inorganic or organic salts and esters of nitric acid."" [GOC:jl]"	40	30	2	21925	0.06666666666666667	0.05	query_1	['GO:0043436', 'GO:2001057']	4hr_Monosome_down	1.3056923988749494
GO:BP	GO:0043436	oxoacid metabolic process	0.049466092027207705	True	"""The chemical reactions and pathways involving any oxoacid; an oxoacid is a compound which contains oxygen, at least one other element, and at least one hydrogen bound to oxygen, and which produces a conjugate base by loss of positive hydrogen ion(s) (hydrons)."" [Wikipedia:Oxyacid]"	1067	30	6	21925	0.2	0.005623242736644799	query_1	['GO:0006082']	4hr_Monosome_down	1.3056923988749494
GO:BP	GO:0042128	nitrate assimilation	0.049466092027207705	True	"""The nitrogen metabolic process that encompasses the uptake of nitrate from the environment and reduction to ammonia, and results in the incorporation of nitrogen derived from nitrate into cellular substances."" [GOC:das, GOC:mah, PMID:10542156, PMID:8122899]"	40	30	2	21925	0.06666666666666667	0.05	query_1	['GO:0042126', 'GO:0071941', 'GO:0097164']	4hr_Monosome_down	1.3056923988749494
GO:BP	GO:0019354	siroheme biosynthetic process	0.049466092027207705	True	"""The chemical reactions and pathways resulting in the formation of siroheme, a tetrahydroporphyrin with adjacent, reduced pyrrole rings."" [ISBN:0198506732]"	2	30	1	21925	0.03333333333333333	0.5	query_1	['GO:0006783', 'GO:0046156']	4hr_Monosome_down	1.3056923988749494
GO:BP	GO:1903314	regulation of nitrogen cycle metabolic process	0.049466092027207705	True	"""Any process that modulates the frequency, rate or extent of nitrogen cycle metabolic process."" [GO_REF:0000058, GOC:TermGenie, GOC:vw]"	2	30	1	21925	0.03333333333333333	0.5	query_1	['GO:0019222', 'GO:0071941']	4hr_Monosome_down	1.3056923988749494
GO:BP	GO:0006541	glutamine metabolic process	0.049466092027207705	True	"""The chemical reactions and pathways involving glutamine, 2-amino-4-carbamoylbutanoic acid."" [GOC:ai]"	52	30	2	21925	0.06666666666666667	0.038461538461538464	query_1	['GO:0009064']	4hr_Monosome_down	1.3056923988749494
GO:BP	GO:0006082	organic acid metabolic process	0.049466092027207705	True	"""The chemical reactions and pathways involving organic acids, any acidic compound containing carbon in covalent linkage."" [ISBN:0198506732]"	1068	30	6	21925	0.2	0.0056179775280898875	query_1	['GO:0044281']	4hr_Monosome_down	1.3056923988749494
GO:BP	GO:0046156	siroheme metabolic process	0.049466092027207705	True	"""The chemical reactions and pathways involving siroheme, a tetrahydroporphyrin with adjacent, reduced pyrrole rings."" [ISBN:0198506732]"	2	30	1	21925	0.03333333333333333	0.5	query_1	['GO:0042168']	4hr_Monosome_down	1.3056923988749494
GO:BP	GO:2001057	reactive nitrogen species metabolic process	0.049466092027207705	True	"""The chemical reactions and pathways involving a reactive nitrogen species."" [GOC:obol]"	48	30	2	21925	0.06666666666666667	0.041666666666666664	query_1	['GO:0008152']	4hr_Monosome_down	1.3056923988749494
GO:BP	GO:0009266	response to temperature stimulus	0.0014378789976697449	True	"""Any process that results in a change in state or activity of a cell or an organism (in terms of movement, secretion, enzyme production, gene expression, etc.) as a result of a temperature stimulus."" [GOC:hb]"	644	53	10	21925	0.18867924528301888	0.015527950310559006	query_1	['GO:0009628']	Bulked_Monosome_down	2.842277659749674
GO:BP	GO:0009409	response to cold	0.014421977687227172	True	"""Any process that results in a change in state or activity of a cell or an organism (in terms of movement, secretion, enzyme production, gene expression, etc.) as a result of a cold stimulus, a temperature stimulus below the optimal temperature for that organism."" [GOC:lr]"	410	53	7	21925	0.1320754716981132	0.01707317073170732	query_1	['GO:0006950', 'GO:0009266']	Bulked_Monosome_down	1.8409751806875627
GO:CC	GO:0070013	intracellular organelle lumen	0.02084964189574564	True	"""An organelle lumen that is part of an intracellular organelle."" [GOC:mah]"	1245	58	11	20029	0.1896551724137931	0.008835341365461847	query_1	['GO:0043229', 'GO:0043233']	Bulked_Monosome_down	1.6809013998766602
GO:CC	GO:0043233	organelle lumen	0.02084964189574564	True	"""The internal volume enclosed by the membranes of a particular organelle; includes the volume enclosed by a single organelle membrane, e.g. endoplasmic reticulum lumen, or the volume enclosed by the innermost of the two lipid bilayers of an organelle envelope, e.g. nuclear lumen."" [GOC:jl, GOC:mah]"	1245	58	11	20029	0.1896551724137931	0.008835341365461847	query_1	['GO:0031974', 'GO:0043226']	Bulked_Monosome_down	1.6809013998766602
GO:CC	GO:0005730	nucleolus	0.02084964189574564	True	"""A small, dense body one or more of which are present in the nucleus of eukaryotic cells. It is rich in RNA and protein, is not bounded by a limiting membrane, and is not seen during mitosis. Its prime function is the transcription of the nucleolar DNA into 45S ribosomal-precursor RNA, the processing of this RNA into 5.8S, 18S, and 28S components of ribosomal RNA, and the association of these components with 5S RNA and proteins synthesized outside the nucleolus. This association results in the formation of ribonucleoprotein precursors; these pass into the cytoplasm and mature into the 40S and 60S subunits of the ribosome."" [ISBN:0198506732]"	701	58	8	20029	0.13793103448275862	0.011412268188302425	query_1	['GO:0031981', 'GO:0043232']	Bulked_Monosome_down	1.6809013998766602
GO:CC	GO:0031981	nuclear lumen	0.02084964189574564	True	"""The volume enclosed by the nuclear inner membrane."" [GOC:mah, GOC:pz]"	1054	58	11	20029	0.1896551724137931	0.010436432637571158	query_1	['GO:0005634', 'GO:0070013']	Bulked_Monosome_down	1.6809013998766602
GO:CC	GO:0031974	membrane-enclosed lumen	0.02084964189574564	True	"""The enclosed volume within a sealed membrane or between two sealed membranes. Encompasses the volume enclosed by the membranes of a particular organelle, e.g. endoplasmic reticulum lumen, or the space between the two lipid bilayers of a double membrane surrounding an organelle, e.g. nuclear envelope lumen."" [GOC:add, GOC:mah]"	1245	58	11	20029	0.1896551724137931	0.008835341365461847	query_1	['GO:0110165']	Bulked_Monosome_down	1.6809013998766602
GO:CC	GO:0000151	ubiquitin ligase complex	0.026315775899805865	True	"""A protein complex that includes a ubiquitin-protein ligase and enables ubiquitin protein ligase activity. The complex also contains other proteins that may confer substrate specificity on the complex."" [GOC:jh2, PMID:9529603]"	171	58	4	20029	0.06896551724137931	0.023391812865497075	query_1	['GO:0140535', 'GO:1990234']	Bulked_Monosome_down	1.5797838206291654
GO:CC	GO:0005783	endoplasmic reticulum	0.026315775899805865	True	"""The irregular network of unit membranes, visible only by electron microscopy, that occurs in the cytoplasm of many eukaryotic cells. The membranes form a complex meshwork of tubular channels, which are often expanded into slitlike cavities called cisternae. The ER takes two forms, rough (or granular), with ribosomes adhering to the outer surface, and smooth (with no ribosomes attached)."" [ISBN:0198506732]"	1149	58	10	20029	0.1724137931034483	0.008703220191470844	query_1	['GO:0005737', 'GO:0012505', 'GO:0043231']	Bulked_Monosome_down	1.5797838206291654
GO:MF	GO:0003747	translation release factor activity	0.026818071576768587	True	"""Involved in catalyzing the release of a nascent polypeptide chain from a ribosome."" [ISBN:0198547684]"	11	52	2	22878	0.038461538461538464	0.18181818181818182	query_1	['GO:0008079']	Bulked_Monosome_down	1.571572454436653
GO:MF	GO:0008079	translation termination factor activity	0.026818071576768587	True	"""Functions in the termination of translation."" [GOC:ma]"	11	52	2	22878	0.038461538461538464	0.18181818181818182	query_1	['GO:0180051']	Bulked_Monosome_down	1.571572454436653
GO:CC	GO:0080008	Cul4-RING E3 ubiquitin ligase complex	0.0313272900624205	True	"""A ubiquitin ligase complex in which a cullin from the Cul4 family and a RING domain protein form the catalytic core; substrate specificity is conferred by an adaptor protein."" [PMID:16792691, PMID:18223036, PMID:18552200]"	88	58	3	20029	0.05172413793103448	0.03409090909090909	query_1	['GO:0031461']	Bulked_Monosome_down	1.5040771717266381
GO:CC	GO:0012505	endomembrane system	0.03185776042106883	True	"""A collection of membranous structures involved in transport within the cell. The main components of the endomembrane system are endoplasmic reticulum, Golgi bodies, vesicles, cell membrane and nuclear envelope. Members of the endomembrane system pass materials through each other or though the use of vesicles."" [GOC:lh]"	2364	58	15	20029	0.25862068965517243	0.006345177664974619	query_1	['GO:0110165']	Bulked_Monosome_down	1.496784758069057
GO:CC	GO:1902494	catalytic complex	0.040207336501372634	True	"""A protein complex which is capable of catalytic activity."" [GOC:bhm, GOC:TermGenie, PMID:8077207]"	869	58	8	20029	0.13793103448275862	0.009205983889528193	query_1	['GO:0032991']	Bulked_Monosome_down	1.3956946953892366
GO:CC	GO:0005737	cytoplasm	0.04692788397037992	True	"""The contents of a cell excluding the plasma membrane and nucleus, but including other subcellular structures."" [ISBN:0198547684]"	9524	58	38	20029	0.6551724137931034	0.003989920201595968	query_1	['GO:0005622', 'GO:0110165']	Bulked_Monosome_down	1.3285690281592535
GO:CC	GO:0005950	anthranilate synthase complex	0.047402979231052994	True	"""A heterotetrameric enzyme complex made up of two components I and two components II. Catalyzes the formation of anthranilate, pyruvate and L-glutamate from chorismate and L-glutamine."" [PMID:4886290]"	2	58	1	20029	0.017241379310344827	0.5	query_1	['GO:0005737', 'GO:1902494']	Bulked_Monosome_down	1.3241943624831567
GO:CC	GO:0032991	protein-containing complex	0.047402979231052994	True	"""A stable assembly of two or more macromolecules, i.e. proteins, nucleic acids, carbohydrates or lipids, in which at least one component is a protein and the constituent parts function together."" [GOC:dos, GOC:mah]"	2580	58	15	20029	0.25862068965517243	0.005813953488372093	query_1	['GO:0005575']	Bulked_Monosome_down	1.3241943624831567
GO:CC	GO:0005618	cell wall	0.047402979231052994	True	"""The rigid or semi-rigid envelope lying outside the cell membrane of plant, fungal, most prokaryotic cells and some protozoan parasites, maintaining their shape and protecting them from osmotic lysis. In plants it is made of cellulose and, often, lignin; in fungi it is composed largely of polysaccharides; in bacteria it is composed of peptidoglycan; in protozoan parasites such as Giardia species, it's made of carbohydrates and proteins."" [GOC:giardia, ISBN:0198547684, PMID:15134259, Wikipedia:Microbial_cyst]"	401	58	5	20029	0.08620689655172414	0.012468827930174564	query_1	['GO:0030312']	Bulked_Monosome_down	1.3241943624831567
GO:CC	GO:0022625	cytosolic large ribosomal subunit	0.047402979231052994	True	"""The large subunit of a ribosome located in the cytosol."" [GOC:mtg_sensu]"	121	58	3	20029	0.05172413793103448	0.024793388429752067	query_1	['GO:0015934', 'GO:0022626']	Bulked_Monosome_down	1.3241943624831567
GO:CC	GO:0009570	chloroplast stroma	1.2794897795947578e-51	True	"""The space enclosed by the double membrane of a chloroplast but excluding the thylakoid space. It contains DNA, ribosomes and some temporary products of photosynthesis."" [ISBN:0198547684]"	762	210	76	20029	0.3619047619047619	0.09973753280839895	query_1	['GO:0009507', 'GO:0009532']	16hr_Monosome_down	50.89296317885325
GO:CC	GO:0009532	plastid stroma	1.2794897795947578e-51	True	"""The proteinaceous ground substance of plastids."" [ISBN:0943088399]"	769	210	76	20029	0.3619047619047619	0.0988296488946684	query_1	['GO:0009536', 'GO:0110165']	16hr_Monosome_down	50.89296317885325
GO:CC	GO:0009507	chloroplast	1.9784586935695383e-50	True	"""A chlorophyll-containing plastid with thylakoids organized into grana and frets, or stroma thylakoids, and embedded in a stroma."" [ISBN:0471245208]"	2351	210	115	20029	0.5476190476190477	0.04891535516801361	query_1	['GO:0009536']	16hr_Monosome_down	49.70367301254078
GO:CC	GO:0009536	plastid	4.22186480240461e-49	True	"""Any member of a family of organelles found in the cytoplasm of plants and some protists, which are membrane-bounded and contain DNA. Plant plastids develop from a common type, the proplastid."" [GOC:jl, ISBN:0198547684]"	2856	210	123	20029	0.5857142857142857	0.0430672268907563	query_1	['GO:0005737', 'GO:0043231']	16hr_Monosome_down	48.37449567830211
GO:CC	GO:0005737	cytoplasm	2.3926337500110617e-31	True	"""The contents of a cell excluding the plasma membrane and nucleus, but including other subcellular structures."" [ISBN:0198547684]"	9524	210	182	20029	0.8666666666666667	0.019109617807643847	query_1	['GO:0005622', 'GO:0110165']	16hr_Monosome_down	30.621123775487096
GO:CC	GO:0009941	chloroplast envelope	2.1358149468423704e-17	True	"""The double lipid bilayer enclosing the chloroplast and separating its contents from the rest of the cytoplasm; includes the intermembrane space."" [GOC:tb]"	692	210	40	20029	0.19047619047619047	0.057803468208092484	query_1	['GO:0009507', 'GO:0009526']	16hr_Monosome_down	16.670436378538028
GO:CC	GO:0009526	plastid envelope	4.710392831447328e-15	True	"""The double lipid bilayer enclosing a plastid and separating its contents from the rest of the cytoplasm; includes the intermembrane space."" [GOC:jy]"	988	210	44	20029	0.20952380952380953	0.044534412955465584	query_1	['GO:0009536', 'GO:0031967']	16hr_Monosome_down	14.32694287261298
GO:CC	GO:0005829	cytosol	9.131926156040672e-15	True	"""The part of the cytoplasm that does not contain organelles but which does contain other particulate matter, such as protein complexes."" [GOC:hjd, GOC:jl]"	2420	210	70	20029	0.3333333333333333	0.028925619834710745	query_1	['GO:0005737', 'GO:0110165']	16hr_Monosome_down	14.03943760902518
GO:CC	GO:0009579	thylakoid	1.185497047943937e-14	True	"""A membranous cellular structure that bears the photosynthetic pigments in plants, algae, and cyanobacteria. In cyanobacteria thylakoids are of various shapes and are attached to, or continuous with, the plasma membrane. In eukaryotes they are flattened, membrane-bounded disk-like structures located in the chloroplasts; in the chloroplasts of higher plants the thylakoids form dense stacks called grana. Isolated thylakoid preparations can carry out photosynthetic electron transport and the associated phosphorylation."" [GOC:ds, GOC:mtg_sensu, ISBN:0198506732]"	596	210	34	20029	0.1619047619047619	0.05704697986577181	query_1	['GO:0043232']	16hr_Monosome_down	13.926099523139403
GO:CC	GO:0005622	intracellular anatomical structure	7.087760391739489e-13	True	"""A component of a cell contained within (but not including) the plasma membrane. In eukaryotes it includes the nucleus and cytoplasm."" [ISBN:0198506732]"	13505	210	188	20029	0.8952380952380953	0.013920770085153647	query_1	['GO:0110165']	16hr_Monosome_down	12.149490972597341
GO:CC	GO:0043231	intracellular membrane-bounded organelle	3.211003520407927e-12	True	"""Organized structure of distinctive morphology and function, bounded by a single or double lipid bilayer membrane and occurring within the cell. Includes the nucleus, mitochondria, plastids, vacuoles, and vesicles. Excludes the plasma membrane."" [GOC:go_curators]"	11808	210	173	20029	0.8238095238095238	0.014651084010840108	query_1	['GO:0043227', 'GO:0043229']	16hr_Monosome_down	11.493359218291205
GO:CC	GO:0043227	membrane-bounded organelle	3.436307497172811e-12	True	"""Organized structure of distinctive morphology and function, bounded by a single or double lipid bilayer membrane. Includes the nucleus, mitochondria, plastids, vacuoles, and vesicles. Excludes the plasma membrane."" [GOC:go_curators]"	11823	210	173	20029	0.8238095238095238	0.014632495982407172	query_1	['GO:0043226']	16hr_Monosome_down	11.463907980361725
GO:BP	GO:0009628	response to abiotic stimulus	1.0715988749462288e-11	True	"""Any process that results in a change in state or activity of a cell or an organism (in terms of movement, secretion, enzyme production, gene expression, etc.) as a result of an abiotic (not derived from living organisms) stimulus."" [GOC:hb]"	2131	183	55	21925	0.3005464480874317	0.025809479117785077	query_1	['GO:0050896']	16hr_Monosome_down	10.969967751022116
GO:CC	GO:0043229	intracellular organelle	4.2026372688595886e-11	True	"""Organized structure of distinctive morphology and function, occurring within the cell. Includes the nucleus, mitochondria, plastids, vacuoles, vesicles, ribosomes and the cytoskeleton. Excludes the plasma membrane."" [GOC:go_curators]"	12312	210	175	20029	0.8333333333333334	0.014213775178687459	query_1	['GO:0005622', 'GO:0043226']	16hr_Monosome_down	10.376478092490595
GO:CC	GO:0043226	organelle	4.479522045655596e-11	True	"""Organized structure of distinctive morphology and function. Includes the nucleus, mitochondria, plastids, vacuoles, vesicles, ribosomes and the cytoskeleton, and prokaryotic structures such as anammoxosomes and pirellulosomes. Excludes the plasma membrane."" [GOC:go_curators]"	12326	210	175	20029	0.8333333333333334	0.01419763102385202	query_1	['GO:0110165']	16hr_Monosome_down	10.348768321717872
GO:CC	GO:0031967	organelle envelope	9.605859543741793e-11	True	"""A double membrane structure enclosing an organelle, including two lipid bilayers and the region between them. In some cases, an organelle envelope may have more than two membranes."" [GOC:mah, GOC:pz]"	1452	210	46	20029	0.21904761904761905	0.03168044077134986	query_1	['GO:0043227', 'GO:0043229', 'GO:0110165']	16hr_Monosome_down	10.017463767876512
GO:BP	GO:0050896	response to stimulus	2.910281217765531e-10	True	"""Any process that results in a change in state or activity of a cell or an organism (in terms of movement, secretion, enzyme production, gene expression, etc.) as a result of a stimulus. The process begins with detection of the stimulus and ends with a change in state or activity or the cell or organism."" [GOC:ai, GOC:bf]"	6001	183	96	21925	0.5245901639344263	0.015997333777703716	query_1	['GO:0008150']	16hr_Monosome_down	9.536065043514823
GO:BP	GO:0006950	response to stress	6.306920934279988e-10	True	"""Any process that results in a change in state or activity of a cell or an organism (in terms of movement, secretion, enzyme production, gene expression, etc.) as a result of a disturbance in organismal or cellular homeostasis, usually, but not necessarily, exogenous (e.g. temperature, humidity, ionizing radiation)."" [GOC:mah]"	3733	183	71	21925	0.3879781420765027	0.019019555317439058	query_1	['GO:0050896']	16hr_Monosome_down	9.20018261343686
GO:BP	GO:0009266	response to temperature stimulus	8.185094052296231e-09	True	"""Any process that results in a change in state or activity of a cell or an organism (in terms of movement, secretion, enzyme production, gene expression, etc.) as a result of a temperature stimulus."" [GOC:hb]"	644	183	26	21925	0.14207650273224043	0.040372670807453416	query_1	['GO:0009628']	16hr_Monosome_down	8.086976325884466
GO:BP	GO:0042440	pigment metabolic process	1.1025365045810913e-08	True	"""The chemical reactions and pathways involving pigment, any general or particular coloring matter in living organisms, e.g. melanin."" [GOC:jl, ISBN:0198506732]"	186	183	15	21925	0.08196721311475409	0.08064516129032258	query_1	['GO:0008152']	16hr_Monosome_down	7.957607022290352
GO:BP	GO:0006082	organic acid metabolic process	3.61198087072807e-08	True	"""The chemical reactions and pathways involving organic acids, any acidic compound containing carbon in covalent linkage."" [ISBN:0198506732]"	1068	183	32	21925	0.17486338797814208	0.0299625468164794	query_1	['GO:0044281']	16hr_Monosome_down	7.4422545584026185
GO:BP	GO:0009409	response to cold	3.61198087072807e-08	True	"""Any process that results in a change in state or activity of a cell or an organism (in terms of movement, secretion, enzyme production, gene expression, etc.) as a result of a cold stimulus, a temperature stimulus below the optimal temperature for that organism."" [GOC:lr]"	410	183	20	21925	0.1092896174863388	0.04878048780487805	query_1	['GO:0006950', 'GO:0009266']	16hr_Monosome_down	7.4422545584026185
GO:BP	GO:0046148	pigment biosynthetic process	3.61198087072807e-08	True	"""The chemical reactions and pathways resulting in the formation of a pigment, any general or particular coloring matter in living organisms, e.g. melanin."" [ISBN:0198506732]"	146	183	13	21925	0.07103825136612021	0.08904109589041095	query_1	['GO:0042440']	16hr_Monosome_down	7.4422545584026185
GO:BP	GO:0043436	oxoacid metabolic process	3.61198087072807e-08	True	"""The chemical reactions and pathways involving any oxoacid; an oxoacid is a compound which contains oxygen, at least one other element, and at least one hydrogen bound to oxygen, and which produces a conjugate base by loss of positive hydrogen ion(s) (hydrons)."" [Wikipedia:Oxyacid]"	1067	183	32	21925	0.17486338797814208	0.02999062792877226	query_1	['GO:0006082']	16hr_Monosome_down	7.4422545584026185
GO:BP	GO:0006457	protein folding	5.373111066361653e-08	True	"""The process of assisting in the covalent and noncovalent assembly of single chain polypeptides or multisubunit complexes into the correct tertiary structure."" [GOC:go_curators, GOC:rb]"	152	183	13	21925	0.07103825136612021	0.08552631578947369	query_1	['GO:0009987', 'GO:0051604']	16hr_Monosome_down	7.269774182135669
GO:CC	GO:0009534	chloroplast thylakoid	5.775633366970186e-08	True	"""Sac-like membranous structures (cisternae) in a chloroplast combined into stacks (grana) and present singly in the stroma (stroma thylakoids or frets) as interconnections between grana. An example of this component is found in Arabidopsis thaliana."" [GOC:mtg_sensu, ISBN:0943088399]"	517	210	23	20029	0.10952380952380952	0.04448742746615087	query_1	['GO:0009507', 'GO:0031976']	16hr_Monosome_down	7.23840038326311
GO:CC	GO:0031976	plastid thylakoid	5.844573277079746e-08	True	"""Any thylakoid within a plastid."" [GOC:pz]"	519	210	23	20029	0.10952380952380952	0.04431599229287091	query_1	['GO:0009536', 'GO:0009579']	16hr_Monosome_down	7.233247191974306
GO:BP	GO:0009058	biosynthetic process	1.1843794787117193e-07	True	"""A cellular process consisting of the biochemical pathways by which a living organism synthesizes chemical substances. This typically represents the energy-requiring part of metabolism in which simpler substances are transformed into more complex ones."" [GOC:curators, ISBN:0198547684]"	7344	183	101	21925	0.5519125683060109	0.01375272331154684	query_1	['GO:0008152']	16hr_Monosome_down	6.926509126071215
GO:MF	GO:0003824	catalytic activity	1.888316223160989e-07	True	"""Catalysis of a biochemical reaction at physiological temperatures. In biologically catalyzed reactions, the reactants are known as substrates, and the catalysts are naturally occurring macromolecular substances known as enzymes. Enzymes possess specific binding sites for substrates, and are usually composed wholly or largely of protein, but RNA that has catalytic activity (ribozyme) is often also regarded as enzymatic."" [GOC:vw, ISBN:0198506732]"	9606	190	122	22878	0.6421052631578947	0.012700395586092025	query_1	['GO:0003674']	16hr_Monosome_down	6.723925275676698
GO:BP	GO:0019682	glyceraldehyde-3-phosphate metabolic process	2.1000384107544823e-07	True	"""The chemical reactions and pathways involving glyceraldehyde-3-phosphate, an important intermediate in glycolysis."" [GOC:ai, ISBN:0198506732]"	16	183	6	21925	0.03278688524590164	0.375	query_1	['GO:0006081', 'GO:0006796', 'GO:0019637', 'GO:1901135']	16hr_Monosome_down	6.677772761729814
GO:BP	GO:0015995	chlorophyll biosynthetic process	2.494867738079972e-07	True	"""The chemical reactions and pathways resulting in the formation of chlorophyll, any compound of magnesium complexed in a porphyrin (tetrapyrrole) ring and which functions as a photosynthetic pigment, from less complex precursors."" [GOC:jl]"	64	183	9	21925	0.04918032786885246	0.140625	query_1	['GO:0006779', 'GO:0015994', 'GO:0046148']	16hr_Monosome_down	6.602952472944228
GO:MF	GO:0016491	oxidoreductase activity	2.494964365297903e-07	True	"""Catalysis of an oxidation-reduction (redox) reaction, a reversible chemical reaction in which the oxidation state of an atom or atoms within a molecule is altered. One substrate acts as a hydrogen or electron donor and becomes oxidized, while the other acts as hydrogen or electron acceptor and becomes reduced."" [EC:1.-.-.-]"	1475	190	37	22878	0.19473684210526315	0.025084745762711864	query_1	['GO:0003824']	16hr_Monosome_down	6.602935652872256
GO:BP	GO:0015994	chlorophyll metabolic process	3.1858600653735586e-07	True	"""The chemical reactions and pathways involving chlorophyll, any compound of magnesium complexed in a porphyrin (tetrapyrrole) ring and which functions as a photosynthetic pigment."" [GOC:jl]"	90	183	10	21925	0.0546448087431694	0.1111111111111111	query_1	['GO:0006778']	16hr_Monosome_down	6.496773303918049
GO:BP	GO:0006779	porphyrin-containing compound biosynthetic process	5.561255354709754e-07	True	"""The chemical reactions and pathways resulting in the formation of any member of a large group of derivatives or analogs of porphyrin. Porphyrin consists of a ring of four pyrrole nuclei linked each to the next at their alpha positions through a methine group."" [GOC:jl, ISBN:0198506732, Wikipedia:Porphyrin#Natural_formation]"	71	183	9	21925	0.04918032786885246	0.1267605633802817	query_1	['GO:0006778', 'GO:0033014']	16hr_Monosome_down	6.254827163078958
GO:MF	GO:0003729	mRNA binding	5.976843034528033e-07	True	"""Binding to messenger RNA (mRNA), an intermediate molecule between DNA and protein. mRNA includes UTR and coding sequences, but does not contain introns."" [GOC:kmv, GOC:pr, SO:0000234]"	1619	190	38	22878	0.2	0.02347127856701668	query_1	['GO:0003723']	16hr_Monosome_down	6.223528149575965
KEGG	KEGG:01100	Metabolic pathways	5.999022425420298e-07	True	Metabolic pathways	2337	81	61	5300	0.7530864197530864	0.02610183996576808	query_1	['KEGG:00000']	16hr_Monosome_down	6.221919514588952
GO:BP	GO:0032544	plastid translation	6.686404064358092e-07	True	"""The chemical reactions and pathways resulting in the formation of a protein in a plastid. This is a ribosome-mediated process in which the information in messenger RNA (mRNA) is used to specify the sequence of amino acids in the protein; the plastid has its own ribosomes and transfer RNAs, and uses a genetic code that differs from the nuclear code."" [GOC:go_curators]"	20	183	6	21925	0.03278688524590164	0.3	query_1	['GO:0006412', 'GO:0009657']	16hr_Monosome_down	6.174807382212689
GO:BP	GO:0044281	small molecule metabolic process	6.686404064358092e-07	True	"""The chemical reactions and pathways involving small molecules, any low molecular weight, monomeric, non-encoded molecule."" [GOC:curators, GOC:pde, GOC:vw]"	1595	183	37	21925	0.20218579234972678	0.023197492163009405	query_1	['GO:0008152']	16hr_Monosome_down	6.174807382212689
GO:BP	GO:0006081	aldehyde metabolic process	6.686404064358092e-07	True	"""The chemical reactions and pathways involving aldehydes, any organic compound with the formula R-CH=O, as carried out by individual cells."" [GOC:go_curators, ISBN:0198506732]"	52	183	8	21925	0.04371584699453552	0.15384615384615385	query_1	['GO:0008152']	16hr_Monosome_down	6.174807382212689
GO:BP	GO:0033014	tetrapyrrole biosynthetic process	7.195328717798576e-07	True	"""The chemical reactions and pathways leading to the formation of tetrapyrroles, natural pigments containing four pyrrole rings joined by one-carbon units linking position 2 of one pyrrole ring to position 5 of the next."" [GOC:mah]"	75	183	9	21925	0.04918032786885246	0.12	query_1	['GO:0009058', 'GO:0033013']	16hr_Monosome_down	6.1429493605786645
GO:BP	GO:0006778	porphyrin-containing compound metabolic process	8.376132669540324e-07	True	"""The chemical reactions and pathways involving any member of a large group of derivatives or analogs of porphyrin. Porphyrins consists of a ring of four pyrrole nuclei linked each to the next at their alpha positions through a methine group."" [GOC:jl, ISBN:0198506732, Wikipedia:Porphyrin#Natural_formation]"	103	183	10	21925	0.0546448087431694	0.0970873786407767	query_1	['GO:0033013']	16hr_Monosome_down	6.076956452485736
GO:BP	GO:0019288	isopentenyl diphosphate biosynthetic process, methylerythritol 4-phosphate pathway	8.773876067404227e-07	True	"""The chemical reactions and pathways resulting in the formation of isopentenyl diphosphate by the mevalonate-independent pathway. Isopentenyl diphosphate (IPP) is the fundamental unit in isoprenoid biosynthesis and is biosynthesized from pyruvate and glyceraldehyde 3-phosphate via intermediates, including 1-deoxy-D-xylulose 5-phosphate."" [GOC:go_curators, MetaCyc:NONMEVIPP-PWY, PMID:18948055]"	11	183	5	21925	0.0273224043715847	0.45454545454545453	query_1	['GO:0009240', 'GO:0019682']	16hr_Monosome_down	6.056808504376321
GO:BP	GO:0033013	tetrapyrrole metabolic process	8.913760911675089e-07	True	"""The chemical reactions and pathways involving tetrapyrroles, natural pigments containing four pyrrole rings joined by one-carbon units linking position 2 of one pyrrole ring to position 5 of the next."" [GOC:mah]"	105	183	10	21925	0.0546448087431694	0.09523809523809523	query_1	['GO:0008152']	16hr_Monosome_down	6.049939018907318
GO:BP	GO:0051604	protein maturation	8.913760911675089e-07	True	"""Any process leading to the attainment of the full functional capacity of a protein."" [GOC:ai]"	244	183	14	21925	0.07650273224043716	0.05737704918032787	query_1	['GO:0010467', 'GO:0019538']	16hr_Monosome_down	6.049939018907318
GO:BP	GO:0019752	carboxylic acid metabolic process	1.2750248214305346e-06	True	"""The chemical reactions and pathways involving carboxylic acids, any organic acid containing one or more carboxyl (COOH) groups or anions (COO-)."" [ISBN:0198506732]"	955	183	27	21925	0.14754098360655737	0.028272251308900525	query_1	['GO:0043436']	16hr_Monosome_down	5.894481360559135
GO:CC	GO:0048046	apoplast	2.0688896654420346e-06	True	"""The cell membranes and intracellular regions in a plant are connected through plasmodesmata, and plants may be described as having two major compartments: the living symplast and the non-living apoplast. The apoplast is external to the plasma membrane and includes cell walls, intercellular spaces and the lumen of dead structures such as xylem vessels. Water and solutes pass freely through it."" [GOC:jid]"	489	210	20	20029	0.09523809523809523	0.0408997955010225	query_1	['GO:0005576']	16hr_Monosome_down	5.6842626697825
GO:MF	GO:0003755	peptidyl-prolyl cis-trans isomerase activity	3.848045752112061e-06	True	"""Catalysis of the reaction: peptidyl-proline (omega=180) = peptidyl-proline (omega=0)."" [EC:5.2.1.8]"	61	190	8	22878	0.042105263157894736	0.13114754098360656	query_1	['GO:0016859', 'GO:0140096']	16hr_Monosome_down	5.414759772972146
GO:MF	GO:0016859	cis-trans isomerase activity	5.12908675178557e-06	True	"""Catalysis of a reaction that interconverts cis and trans isomers. Atoms or groups are termed cis or trans to one another when they lie respectively on the same or on opposite sides of a reference plane identifiable as common among stereoisomers."" [GOC:mah, ISBN:0198506732]"	65	190	8	22878	0.042105263157894736	0.12307692307692308	query_1	['GO:0016853']	16hr_Monosome_down	5.2899599553496985
GO:CC	GO:0110165	cellular anatomical structure	7.705850875530996e-06	True	"""A part of a cellular organism consisting of a material entity with granularity above the level of a protein complex but below that of an anatomical system. Note that cellular organisms exclude viruses."" [GOC:kmv]"	18497	210	209	20029	0.9952380952380953	0.011299129588581933	query_1	['GO:0005575']	16hr_Monosome_down	5.113179399756013
GO:BP	GO:0000413	protein peptidyl-prolyl isomerization	1.2069009816805383e-05	True	"""The modification of a protein by cis-trans isomerization of a proline residue."" [GOC:krc, PMID:16959570]"	33	183	6	21925	0.03278688524590164	0.18181818181818182	query_1	['GO:0018208']	16hr_Monosome_down	4.918328359458378
GO:BP	GO:0009240	isopentenyl diphosphate biosynthetic process	1.2069009816805383e-05	True	"""The chemical reactions and pathways resulting in the formation of isopentenyl diphosphate, an isomer of dimethylallyl diphosphate and the key precursor of all isoprenoids."" [GOC:jl, ISBN:0198506732]"	18	183	5	21925	0.0273224043715847	0.2777777777777778	query_1	['GO:0008299', 'GO:0008654', 'GO:0046490']	16hr_Monosome_down	4.918328359458378
GO:BP	GO:0046490	isopentenyl diphosphate metabolic process	1.2069009816805383e-05	True	"""The chemical reactions and pathways involving isopentenyl diphosphate, an isomer of dimethylallyl diphosphate and the key precursor of all isoprenoids."" [ISBN:0198506732]"	18	183	5	21925	0.0273224043715847	0.2777777777777778	query_1	['GO:0006644']	16hr_Monosome_down	4.918328359458378
GO:BP	GO:0042221	response to chemical	1.7124673103558975e-05	True	"""Any process that results in a change in state or activity of a cell or an organism (in terms of movement, secretion, enzyme production, gene expression, etc.) as a result of a chemical stimulus."" [GOC:jl]"	2940	183	50	21925	0.273224043715847	0.017006802721088437	query_1	['GO:0050896']	16hr_Monosome_down	4.766377710093962
GO:MF	GO:0016667	oxidoreductase activity, acting on a sulfur group of donors	1.8110643761806942e-05	True	"""Catalysis of an oxidation-reduction (redox) reaction in which a sulfur-containing group acts as a hydrogen or electron donor and reduces a hydrogen or electron acceptor."" [EC:1.8.-.-, GOC:ai]"	78	190	8	22878	0.042105263157894736	0.10256410256410256	query_1	['GO:0016491']	16hr_Monosome_down	4.742066111959198
GO:CC	GO:0010319	stromule	2.3584971854629633e-05	True	"""Thin filamentous structure extending from the surface of all plastid types examined so far, including chloroplast, proplastid, etioplast, leucoplast, amyloplast, and chromoplast. In general, stromules are more abundant in tissues containing non-green plastids, and in cells containing smaller plastids. The primary function of stromules is still unresolved, although the presence of stromules markedly increases the plastid surface area, potentially increasing transport to and from the cytosol. Other functions of stromules, such as transfer of macromolecules between plastids and starch granule formation in cereal endosperm, may be restricted to particular tissues and cell types."" [PMID:15272881, PMID:15699062, PMID:16582010]"	39	210	6	20029	0.02857142857142857	0.15384615384615385	query_1	['GO:0009526', 'GO:0110165']	16hr_Monosome_down	4.627364637687787
GO:BP	GO:0006520	amino acid metabolic process	3.0573546367794764e-05	True	"""The chemical reactions and pathways involving amino acids, carboxylic acids containing one or more amino groups."" [ISBN:0198506732]"	435	183	16	21925	0.08743169398907104	0.0367816091954023	query_1	['GO:0044238']	16hr_Monosome_down	4.514654182515815
GO:MF	GO:0016853	isomerase activity	4.47037362761637e-05	True	"""Catalysis of the geometric or structural changes within one molecule. Isomerase is the systematic name for any enzyme of EC class 5."" [ISBN:0198506732]"	548	190	18	22878	0.09473684210526316	0.032846715328467155	query_1	['GO:0003824']	16hr_Monosome_down	4.349656177621761
GO:BP	GO:0018208	peptidyl-proline modification	5.303946164557693e-05	True	"""The modification of peptidyl-proline."" [GOC:go_curators]"	43	183	6	21925	0.03278688524590164	0.13953488372093023	query_1	['GO:0018193']	16hr_Monosome_down	4.275400892701733
GO:BP	GO:0008152	metabolic process	5.544927748608438e-05	True	"""A cellular process consisting of the biochemical pathways by which a living organism transforms chemical substances. This includes including anabolism (biosynthetic process) and catabolism (catabolic process). Metabolic processes includes the transformation of small molecules, as well  macromolecular processes such as DNA repair and replication, protein synthesis and degradation."" [GOC:go_curators, ISBN:0198547684]"	12615	183	136	21925	0.7431693989071039	0.01078081648830757	query_1	['GO:0009987']	16hr_Monosome_down	4.2561041084120435
GO:BP	GO:0006790	sulfur compound metabolic process	0.00010529955681500771	True	"""The chemical reactions and pathways involving the nonmetallic element sulfur or compounds that contain sulfur, such as the amino acids methionine and cysteine or the tripeptide glutathione."" [GOC:ai]"	320	183	13	21925	0.07103825136612021	0.040625	query_1	['GO:0008152']	16hr_Monosome_down	3.9775734566701795
GO:BP	GO:0000373	Group II intron splicing	0.00010585230807047716	True	"""The splicing of Group II introns. This occurs by a ribozymic mechanism where the intron sequence forms a distinct 3D structure, characteristic of Group II introns and containing splice site consensus sequences, that is involved in catalyzing the splicing reactions, though protein factors are also required in vivo. Splicing occurs by a series of two transesterification reactions (mechanistically similar to those for splicing of nuclear mRNAs) initiated by a bulged adenosine residue within the intron sequence as the initiating nucleophile. The intron is excised as a lariat."" [GOC:krc, PMID:11377794]"	28	183	5	21925	0.0273224043715847	0.17857142857142858	query_1	['GO:0000377']	16hr_Monosome_down	3.975299667910571
GO:BP	GO:0009987	cellular process	0.00011287672607338282	True	"""Any process that is carried out at the cellular level, but not necessarily restricted to a single cell. For example, cell communication occurs among more than one cell, but occurs at the cellular level."" [GOC:go_curators, GOC:isa_complete]"	16591	183	163	21925	0.8907103825136612	0.00982460370080164	query_1	['GO:0008150']	16hr_Monosome_down	3.9473955955407725
GO:CC	GO:0034357	photosynthetic membrane	0.0001340927788152016	True	"""A membrane enriched in complexes formed of reaction centers, accessory pigments and electron carriers, in which photosynthetic reactions take place."" [GOC:ds, GOC:mah]"	443	210	16	20029	0.0761904761904762	0.03611738148984198	query_1	['GO:0009579', 'GO:0016020']	16hr_Monosome_down	3.8725946092114336
GO:CC	GO:0042651	thylakoid membrane	0.0001340927788152016	True	"""The pigmented membrane of any thylakoid."" [GOC:jl, GOC:pr]"	442	210	16	20029	0.0761904761904762	0.03619909502262444	query_1	['GO:0034357']	16hr_Monosome_down	3.8725946092114336
GO:BP	GO:0046394	carboxylic acid biosynthetic process	0.00013573194606095946	True	"""The chemical reactions and pathways resulting in the formation of carboxylic acids, any organic acid containing one or more carboxyl (-COOH) groups."" [ISBN:0198506732]"	556	183	17	21925	0.09289617486338798	0.030575539568345324	query_1	['GO:0016053', 'GO:0019752']	16hr_Monosome_down	3.8673179241518816
GO:BP	GO:0016053	organic acid biosynthetic process	0.00013573194606095946	True	"""The chemical reactions and pathways resulting in the formation of organic acids, any acidic compound containing carbon in covalent linkage."" [ISBN:0198506732]"	556	183	17	21925	0.09289617486338798	0.030575539568345324	query_1	['GO:0006082', 'GO:0044283']	16hr_Monosome_down	3.8673179241518816
GO:BP	GO:0044283	small molecule biosynthetic process	0.00014831115022289295	True	"""The chemical reactions and pathways resulting in the formation of small molecules, any low molecular weight, monomeric, non-encoded molecule."" [GOC:curators, GOC:pde, GOC:vw]"	686	183	19	21925	0.10382513661202186	0.027696793002915453	query_1	['GO:0009058', 'GO:0044281']	16hr_Monosome_down	3.828826196926858
GO:MF	GO:0003723	RNA binding	0.00014990099672999057	True	"""Binding to an RNA molecule or a portion thereof."" [GOC:jl, GOC:mah]"	2517	190	43	22878	0.22631578947368422	0.01708382995629718	query_1	['GO:0003676']	16hr_Monosome_down	3.824195479407253
GO:BP	GO:0005975	carbohydrate metabolic process	0.00015099726082146422	True	"""The chemical reactions and pathways involving carbohydrates, any of a group of organic compounds based of the general formula Cx(H2O)y."" [GOC:mah, ISBN:0198506732]"	1101	183	25	21925	0.1366120218579235	0.022706630336058128	query_1	['GO:0044238']	16hr_Monosome_down	3.8210309309910233
GO:BP	GO:0018193	peptidyl-amino acid modification	0.00017634215816065852	True	"""The alteration of an amino acid residue in a peptide."" [GOC:mah]"	117	183	8	21925	0.04371584699453552	0.06837606837606838	query_1	['GO:0036211']	16hr_Monosome_down	3.753643848405207
GO:BP	GO:0016072	rRNA metabolic process	0.00019008709762029336	True	"""The chemical reactions and pathways involving rRNA, ribosomal RNA, a structural constituent of ribosomes."" [ISBN:0198506732]"	199	183	10	21925	0.0546448087431694	0.05025125628140704	query_1	['GO:0016070']	16hr_Monosome_down	3.721047360370093
GO:MF	GO:0016717	oxidoreductase activity, acting on paired donors, with oxidation of a pair of donors resulting in the reduction of molecular oxygen to two molecules of water	0.000195521881097708	True	"""Catalysis of an oxidation-reduction (redox) reaction in which hydrogen or electrons are transferred from each of two donors, and molecular oxygen is reduced to two molecules of water."" [EC:1.14.19.-]"	30	190	5	22878	0.02631578947368421	0.16666666666666666	query_1	['GO:0016705']	16hr_Monosome_down	3.7088046331109
GO:CC	GO:0042170	plastid membrane	0.0002020066740074454	True	"""Either of the lipid bilayers that surround a plastid and form the plastid envelope."" [GOC:mah]"	674	210	20	20029	0.09523809523809523	0.02967359050445104	query_1	['GO:0009526', 'GO:0031090']	16hr_Monosome_down	3.6946342818567213
GO:CC	GO:0009535	chloroplast thylakoid membrane	0.0002851220818655356	True	"""The pigmented membrane of a chloroplast thylakoid. An example of this component is found in Arabidopsis thaliana."" [GOC:lr, GOC:mtg_sensu]"	424	210	15	20029	0.07142857142857142	0.03537735849056604	query_1	['GO:0009534', 'GO:0031968', 'GO:0055035']	16hr_Monosome_down	3.5449691465594184
GO:CC	GO:0055035	plastid thylakoid membrane	0.00028873699539680214	True	"""The lipid bilayer membrane of any thylakoid within a plastid."" [GOC:jid, GOC:rph]"	426	210	15	20029	0.07142857142857142	0.035211267605633804	query_1	['GO:0031976', 'GO:0042170', 'GO:0042651']	16hr_Monosome_down	3.5394975671157103
GO:BP	GO:0033554	cellular response to stress	0.00033301716888747997	True	"""Any process that results in a change in state or activity of a cell (in terms of movement, secretion, enzyme production, gene expression, etc.) as a result of a stimulus indicating the organism is under stress. The stress is usually, but not necessarily, exogenous (e.g. temperature, humidity, ionizing radiation)."" [GOC:mah]"	1085	183	24	21925	0.13114754098360656	0.022119815668202765	query_1	['GO:0006950', 'GO:0051716']	16hr_Monosome_down	3.4775333756201623
GO:BP	GO:0009657	plastid organization	0.00033301716888747997	True	"""A process that is carried out at the cellular level which results in the assembly, arrangement of constituent parts, or disassembly of a plastid."" [GOC:mah]"	261	183	11	21925	0.060109289617486336	0.0421455938697318	query_1	['GO:0006996']	16hr_Monosome_down	3.4775333756201623
GO:BP	GO:0006979	response to oxidative stress	0.00036808355576135356	True	"""Any process that results in a change in state or activity of a cell or an organism (in terms of movement, secretion, enzyme production, gene expression, etc.) as a result of oxidative stress, a state often resulting from exposure to high levels of reactive oxygen species, e.g. superoxide anions, hydrogen peroxide (H2O2), and hydroxyl radicals."" [GOC:jl, PMID:12115731]"	426	183	14	21925	0.07650273224043716	0.03286384976525822	query_1	['GO:0006950']	16hr_Monosome_down	3.434053584350748
KEGG	KEGG:01110	Biosynthesis of secondary metabolites	0.00039019748766901975	True	Biosynthesis of secondary metabolites	1283	81	37	5300	0.4567901234567901	0.028838659392049885	query_1	['KEGG:00000']	16hr_Monosome_down	3.4087155311870005
KEGG	KEGG:00860	Porphyrin metabolism	0.00039019748766901975	True	Porphyrin metabolism	53	81	7	5300	0.08641975308641975	0.1320754716981132	query_1	['KEGG:00000']	16hr_Monosome_down	3.4087155311870005
GO:BP	GO:0032787	monocarboxylic acid metabolic process	0.0003982611031850862	True	"""The chemical reactions and pathways involving monocarboxylic acids, any organic acid containing one carboxyl (COOH) group or anion (COO-)."" [GOC:vk]"	489	183	15	21925	0.08196721311475409	0.03067484662576687	query_1	['GO:0019752']	16hr_Monosome_down	3.3998321075926277
GO:BP	GO:0008652	amino acid biosynthetic process	0.0004053412846962256	True	"""The chemical reactions and pathways resulting in the formation of amino acids, organic acids containing one or more amino substituents."" [ISBN:0198506732]"	220	183	10	21925	0.0546448087431694	0.045454545454545456	query_1	['GO:0006520', 'GO:0009058']	16hr_Monosome_down	3.3921791603771303
GO:MF	GO:0015036	disulfide oxidoreductase activity	0.00044708722687586644	True	"""Catalysis of the reaction: substrate with reduced sulfide groups = substrate with oxidized disulfide bonds."" [GOC:curators]"	36	190	5	22878	0.02631578947368421	0.1388888888888889	query_1	['GO:0016667']	16hr_Monosome_down	3.3496077375946594
GO:MF	GO:0019904	protein domain specific binding	0.0005915287889161782	True	"""Binding to a specific domain of a protein."" [GOC:go_curators]"	97	190	7	22878	0.03684210526315789	0.07216494845360824	query_1	['GO:0005515']	16hr_Monosome_down	3.2280241139892505
GO:CC	GO:0097708	intracellular vesicle	0.0007069914613598441	True	"""Any vesicle that is part of the intracellular region."" [GOC:vesicles]"	747	210	20	20029	0.09523809523809523	0.02677376171352075	query_1	['GO:0031982', 'GO:0043231']	16hr_Monosome_down	3.1505858313327977
GO:CC	GO:0031410	cytoplasmic vesicle	0.0007069914613598441	True	"""A vesicle found in the cytoplasm of a cell."" [GOC:ai, GOC:mah, GOC:vesicles]"	745	210	20	20029	0.09523809523809523	0.026845637583892617	query_1	['GO:0005737', 'GO:0097708']	16hr_Monosome_down	3.1505858313327977
GO:BP	GO:0006364	rRNA processing	0.0008992358549361544	True	"""Any process involved in the conversion of a primary ribosomal RNA (rRNA) transcript into one or more mature rRNA molecules."" [GOC:curators]"	194	183	9	21925	0.04918032786885246	0.04639175257731959	query_1	['GO:0006396', 'GO:0016072', 'GO:0042254']	16hr_Monosome_down	3.0461263849484173
GO:BP	GO:1901607	alpha-amino acid biosynthetic process	0.0009161450183097264	True	"""The chemical reactions and pathways resulting in the formation of an alpha-amino acid."" [GOC:TermGenie]"	195	183	9	21925	0.04918032786885246	0.046153846153846156	query_1	['GO:0008652', 'GO:0046394', 'GO:1901605']	16hr_Monosome_down	3.038035775604242
GO:BP	GO:1901135	carbohydrate derivative metabolic process	0.0009196503431844546	True	"""The chemical reactions and pathways involving carbohydrate derivative."" [GOC:TermGenie]"	660	183	17	21925	0.09289617486338798	0.025757575757575757	query_1	['GO:0008152']	16hr_Monosome_down	3.0363772627520738
GO:MF	GO:0005488	binding	0.0009965099365388376	True	"""The selective, non-covalent, often stoichiometric, interaction of a molecule with one or more specific sites on another molecule."" [GOC:ceb, GOC:mah, ISBN:0198506732]"	14966	190	150	22878	0.7894736842105263	0.010022718161165308	query_1	['GO:0003674']	16hr_Monosome_down	3.0015183664442047
GO:CC	GO:0031982	vesicle	0.0010371942033987579	True	"""Any small, fluid-filled, spherical organelle enclosed by membrane."" [GOC:mah, GOC:pz, GOC:vesicles]"	771	210	20	20029	0.09523809523809523	0.02594033722438392	query_1	['GO:0043227']	16hr_Monosome_down	2.98413991905171
GO:BP	GO:1901700	response to oxygen-containing compound	0.0010519376451595755	True	"""Any process that results in a change in state or activity of a cell or an organism (in terms of movement, secretion, enzyme production, gene expression, etc.) as a result of an oxygen-containing compound stimulus."" [GOC:pr, GOC:TermGenie]"	1659	183	30	21925	0.16393442622950818	0.018083182640144666	query_1	['GO:0042221']	16hr_Monosome_down	2.9780100027352367
GO:BP	GO:0042254	ribosome biogenesis	0.001213682416453558	True	"""A cellular process that results in the biosynthesis of constituent macromolecules, assembly, and arrangement of constituent parts of ribosome subunits; includes transport to the sites of protein synthesis."" [GOC:ma, PMID:26404467, Wikipedia:Ribosome_biogenesis]"	254	183	10	21925	0.0546448087431694	0.03937007874015748	query_1	['GO:0022613']	16hr_Monosome_down	2.915894939970429
GO:BP	GO:0009744	response to sucrose	0.001213682416453558	True	"""Any process that results in a change in state or activity of a cell or an organism (in terms of movement, secretion, enzyme production, gene expression, etc.) as a result of a sucrose stimulus."" [GOC:jl]"	80	183	6	21925	0.03278688524590164	0.075	query_1	['GO:0034285']	16hr_Monosome_down	2.915894939970429
GO:BP	GO:0034285	response to disaccharide	0.0013427796614640937	True	"""Any process that results in a change in state or activity of a cell or an organism (in terms of movement, secretion, enzyme production, gene expression, etc.) as a result of a disaccharide stimulus."" [GOC:sart]"	82	183	6	21925	0.03278688524590164	0.07317073170731707	query_1	['GO:0009743']	16hr_Monosome_down	2.871995245455607
GO:BP	GO:0009069	serine family amino acid metabolic process	0.0013487004027801658	True	"""The chemical reactions and pathways involving amino acids of the serine family, comprising cysteine, glycine, homoserine, selenocysteine and serine."" [GOC:ai]"	51	183	5	21925	0.0273224043715847	0.09803921568627451	query_1	['GO:1901605']	16hr_Monosome_down	2.8700845127964767
GO:BP	GO:0033481	galacturonate biosynthetic process	0.0013896255132706463	True	"""The chemical reactions and pathways resulting in the formation of galacturonate, the anion of galacturonic acid."" [GOC:mah]"	2	183	2	21925	0.01092896174863388	1.0	query_1	['GO:0019586', 'GO:0072330']	16hr_Monosome_down	2.8571022209203845
GO:BP	GO:1901605	alpha-amino acid metabolic process	0.0014989047785035638	True	"""The chemical reactions and pathways involving an alpha-amino acid."" [GOC:TermGenie]"	317	183	11	21925	0.060109289617486336	0.03470031545741325	query_1	['GO:0006520', 'GO:0019752']	16hr_Monosome_down	2.82422595586686
GO:BP	GO:0001666	response to hypoxia	0.0016227649516091648	True	"""Any process that results in a change in state or activity of a cell or an organism (in terms of movement, secretion, enzyme production, gene expression, etc.) as a result of a stimulus indicating lowered oxygen tension. Hypoxia, defined as a decline in O2 levels below normoxic levels of 20.8 - 20.95%, results in metabolic adaptation at both the cellular and organismal level."" [GOC:hjd]"	266	183	10	21925	0.0546448087431694	0.03759398496240601	query_1	['GO:0006950', 'GO:0036293']	16hr_Monosome_down	2.7897443807354665
GO:CC	GO:0005960	glycine cleavage complex	0.0017534729845187112	True	"""A protein complex that catalyzes the reversible oxidation of glycine. In E. coli, it has four components: dihydrolipoamide dehydrogenase, glycine dehydrogenase (decarboxylating), lipoyl-GcvH-protein and aminomethyltransferase, also known as L, P, H, and T."" [GOC:mah]"	3	210	2	20029	0.009523809523809525	0.6666666666666666	query_1	['GO:1990204']	16hr_Monosome_down	2.756100920837415
GO:MF	GO:0016018	cyclosporin A binding	0.001783904599519608	True	"""Binding to cyclosporin A, a cyclic undecapeptide that contains several N-methylated and unusual amino acids."" [GOC:mb]"	2	190	2	22878	0.010526315789473684	1.0	query_1	['GO:0033218']	16hr_Monosome_down	2.7486283747413096
GO:MF	GO:0048529	magnesium-protoporphyrin IX monomethyl ester (oxidative) cyclase activity	0.001783904599519608	True	"""Catalysis of the reaction: magnesium protoporphyrin IX 13-monomethyl ester + 3 NADPH + 3 H+ + 3 O2 = divinylprotochlorophyllide + 3 NADP+ + 5 H2O."" [EC:1.14.13.81, RHEA:33235]"	2	190	2	22878	0.010526315789473684	1.0	query_1	['GO:0016709']	16hr_Monosome_down	2.7486283747413096
GO:MF	GO:0046429	4-hydroxy-3-methylbut-2-en-1-yl diphosphate synthase activity (ferredoxin)	0.001783904599519608	True	"""Catalysis of the reaction: (E)-4-hydroxy-3-methylbut-2-en-1-yl diphosphate + H2O + 2 oxidized ferredoxin = 2-C-methyl-D-erythritol 2,4-cyclodiphosphate + 2 reduced ferredoxin."" [EC:1.17.7.1, PMID:11752431]"	2	190	2	22878	0.010526315789473684	1.0	query_1	['GO:0052592']	16hr_Monosome_down	2.7486283747413096
GO:BP	GO:0036293	response to decreased oxygen levels	0.0018033748575136883	True	"""Any process that results in a change in state or activity of a cell or an organism (in terms of movement, secretion, enzyme production, gene expression, etc.) as a result of a stimulus reflecting a decline in the level of oxygen."" [GOC:al]"	270	183	10	21925	0.0546448087431694	0.037037037037037035	query_1	['GO:0070482']	16hr_Monosome_down	2.7439139895124804
GO:BP	GO:0070482	response to oxygen levels	0.0018270786343963252	True	"""Any process that results in a change in state or activity of a cell or an organism (in terms of movement, secretion, enzyme production, gene expression, etc.) as a result of a stimulus reflecting the presence, absence, or concentration of oxygen."" [GOC:BHF, GOC:mah]"	271	183	10	21925	0.0546448087431694	0.03690036900369004	query_1	['GO:0009628']	16hr_Monosome_down	2.738242760940012
GO:BP	GO:0006720	isoprenoid metabolic process	0.001848620920141337	True	"""The chemical reactions and pathways involving isoprenoid compounds, isoprene (2-methylbuta-1,3-diene) or compounds containing or derived from linked isoprene (3-methyl-2-butenylene) residues."" [ISBN:0198547684]"	220	183	9	21925	0.04918032786885246	0.04090909090909091	query_1	['GO:0006629']	16hr_Monosome_down	2.7331521365257845
GO:BP	GO:0043085	positive regulation of catalytic activity	0.001873094630929751	True	"""Any process that activates or increases the activity of an enzyme."" [GOC:ebc, GOC:jl, GOC:tb, GOC:vw]"	56	183	5	21925	0.0273224043715847	0.08928571428571429	query_1	['GO:0044093', 'GO:0050790']	16hr_Monosome_down	2.7274402810057348
GO:BP	GO:0044272	sulfur compound biosynthetic process	0.002035317710324241	True	"""The chemical reactions and pathways resulting in the formation of compounds that contain sulfur, such as the amino acids methionine and cysteine or the tripeptide glutathione."" [GOC:jl]"	175	183	8	21925	0.04371584699453552	0.045714285714285714	query_1	['GO:0006790', 'GO:0009058']	16hr_Monosome_down	2.691367788369538
GO:BP	GO:0050790	regulation of catalytic activity	0.002053948622363611	True	"""Any process that modulates the activity of an enzyme."" [GOC:ai, GOC:ebc, GOC:vw]"	131	183	7	21925	0.03825136612021858	0.05343511450381679	query_1	['GO:0065009']	16hr_Monosome_down	2.6874104240800474
GO:CC	GO:0005576	extracellular region	0.0021489785047215416	True	"""The space external to the outermost structure of a cell. For cells without external protective or external encapsulating structures this refers to space outside of the plasma membrane. This term covers the host cell environment outside an intracellular parasite."" [GOC:go_curators]"	1772	210	34	20029	0.1619047619047619	0.019187358916478554	query_1	['GO:0110165']	16hr_Monosome_down	2.6677679285418323
GO:CC	GO:0099503	secretory vesicle	0.0022076473853106047	True	"""A cytoplasmic, membrane bound vesicle that is capable of fusing to the plasma membrane to release its contents into the extracellular space."" [GOC:dos]"	170	210	8	20029	0.0380952380952381	0.047058823529411764	query_1	['GO:0031410']	16hr_Monosome_down	2.656070292737749
GO:BP	GO:0015979	photosynthesis	0.0022636262802610547	True	"""The synthesis by organisms of organic chemical compounds, especially carbohydrates, from carbon dioxide (CO2) using energy obtained from light rather than from the oxidation of chemical compounds."" [ISBN:0198547684]"	281	183	10	21925	0.0546448087431694	0.03558718861209965	query_1	['GO:0008152']	16hr_Monosome_down	2.6451952726329346
GO:MF	GO:1901681	sulfur compound binding	0.002599909482803864	True	"""Binding to a sulfur compound."" [GOC:pr, GOC:TermGenie]"	30	190	4	22878	0.021052631578947368	0.13333333333333333	query_1	['GO:0005488']	16hr_Monosome_down	2.585041771953455
GO:MF	GO:0050997	quaternary ammonium group binding	0.0026928525166928325	True	"""Binding to a quaternary ammonium group, including glycine betaine, choline, carnitine and proline. A quaternary ammonium group is any compound that can be regarded as derived from ammonium hydroxide or an ammonium salt by replacement of all four hydrogen atoms of the NH4+ ion by organic groups."" [GOC:ai]"	12	190	3	22878	0.015789473684210527	0.25	query_1	['GO:0036094']	16hr_Monosome_down	2.5697874315645146
GO:BP	GO:0008299	isoprenoid biosynthetic process	0.0029520891536403337	True	"""The chemical reactions and pathways resulting in the formation of an isoprenoid compound, isoprene (2-methylbuta-1,3-diene) or compounds containing or derived from linked isoprene (3-methyl-2-butenylene) residues."" [ISBN:0198506732]"	186	183	8	21925	0.04371584699453552	0.043010752688172046	query_1	['GO:0006720', 'GO:0008610']	16hr_Monosome_down	2.529870530876986
GO:MF	GO:0033218	amide binding	0.0029933896125222833	True	"""Binding to an amide, any derivative of an oxoacid in which an acidic hydroxy group has been replaced by an amino or substituted amino group."" [GOC:mah]"	32	190	4	22878	0.021052631578947368	0.125	query_1	['GO:0005488']	16hr_Monosome_down	2.5238367527367327
GO:BP	GO:0071456	cellular response to hypoxia	0.003083939819693859	True	"""Any process that results in a change in state or activity of a cell (in terms of movement, secretion, enzyme production, gene expression, etc.) as a result of a stimulus indicating lowered oxygen tension. Hypoxia, defined as a decline in O2 levels below normoxic levels of 20.8 - 20.95%, results in metabolic adaptation at both the cellular and organismal level."" [GOC:mah]"	239	183	9	21925	0.04918032786885246	0.03765690376569038	query_1	['GO:0001666', 'GO:0033554', 'GO:0036294']	16hr_Monosome_down	2.5108941054037928
GO:BP	GO:0006721	terpenoid metabolic process	0.003083939819693859	True	"""The chemical reactions and pathways involving terpenoids, any member of a class of compounds characterized by an isoprenoid chemical structure and including derivatives with various functional groups."" [ISBN:0198506732]"	188	183	8	21925	0.04371584699453552	0.0425531914893617	query_1	['GO:0006720']	16hr_Monosome_down	2.5108941054037928
GO:BP	GO:0044238	primary metabolic process	0.003109447929565746	True	"""The chemical reactions and pathways involving those compounds which are formed as a part of the normal anabolic and catabolic processes. These processes take place in most, if not all, cells of the organism."" [GOC:go_curators]"	10881	183	115	21925	0.6284153005464481	0.010568881536623472	query_1	['GO:0008152']	16hr_Monosome_down	2.5073167114317765
GO:BP	GO:0006063	uronic acid metabolic process	0.003109447929565746	True	"""The chemical reactions and pathways involving uronic acid, any monocarboxylic acid formally derived by oxidizing to a carboxyl group the terminal hydroxymethylene group of either an aldose with four or more carbon atoms in the molecule, or of any glycoside derived from such an aldose."" [ISBN:0198506732]"	3	183	2	21925	0.01092896174863388	0.6666666666666666	query_1	['GO:0032787']	16hr_Monosome_down	2.5073167114317765
GO:BP	GO:0019464	glycine decarboxylation via glycine cleavage system	0.003109447929565746	True	"""The chemical reactions and pathways resulting in the breakdown of glycine by oxidative cleavage to carbon dioxide, ammonia, and a methylene group, mediated by enzymes of the glycine cleavage complex."" [MetaCyc:GLYCLEAV-PWY]"	3	183	2	21925	0.01092896174863388	0.6666666666666666	query_1	['GO:0006546']	16hr_Monosome_down	2.5073167114317765
GO:BP	GO:0036294	cellular response to decreased oxygen levels	0.003109447929565746	True	"""Any process that results in a change in state or activity of a cell (in terms of movement, secretion, enzyme production, gene expression, etc.) as a result of a stimulus reflecting a decline in the level of oxygen."" [GOC:al]"	241	183	9	21925	0.04918032786885246	0.03734439834024896	query_1	['GO:0036293', 'GO:0071453']	16hr_Monosome_down	2.5073167114317765
GO:BP	GO:0071453	cellular response to oxygen levels	0.003109447929565746	True	"""Any process that results in a change in state or activity of a cell (in terms of movement, secretion, enzyme production, gene expression, etc.) as a result of a stimulus reflecting the presence, absence, or concentration of oxygen."" [GOC:mah]"	241	183	9	21925	0.04918032786885246	0.03734439834024896	query_1	['GO:0070482', 'GO:0070887']	16hr_Monosome_down	2.5073167114317765
GO:BP	GO:0019586	galacturonate metabolic process	0.003109447929565746	True	"""The chemical reactions and pathways involving galacturonate, the anion of galacturonic acid, the uronic acid formally derived from galactose by oxidation of the hydroxymethylene group at C-6 to a carboxyl group."" [ISBN:0198506732]"	3	183	2	21925	0.01092896174863388	0.6666666666666666	query_1	['GO:0006063']	16hr_Monosome_down	2.5073167114317765
GO:BP	GO:0044093	positive regulation of molecular function	0.003133430866985199	True	"""Any process that activates or increases the rate or extent of a molecular function, an elemental biological activity occurring at the molecular level, such as catalysis or binding."" [GO:jl]"	65	183	5	21925	0.0273224043715847	0.07692307692307693	query_1	['GO:0065009']	16hr_Monosome_down	2.5039798827154236
GO:CC	GO:0031968	organelle outer membrane	0.0031826037402970285	True	"""The outer, i.e. cytoplasm-facing in a cellular organelle, lipid bilayer of an organelle envelope."" [GOC:mah]"	546	210	15	20029	0.07142857142857142	0.027472527472527472	query_1	['GO:0019867', 'GO:0031967', 'GO:0098588']	16hr_Monosome_down	2.497217431160794
GO:CC	GO:0019867	outer membrane	0.0031826037402970285	True	"""The external membrane of Gram-negative bacteria or certain organelles such as mitochondria and chloroplasts; freely permeable to most ions and metabolites."" [GOC:go_curators]"	546	210	15	20029	0.07142857142857142	0.027472527472527472	query_1	['GO:0016020']	16hr_Monosome_down	2.497217431160794
GO:BP	GO:0046501	protoporphyrinogen IX metabolic process	0.0034446280412204103	True	"""The chemical reactions and pathways involving protoporphyrinogen IX, the specific substrate for the enzyme ferrochelatase, which catalyzes the insertion of iron to form protoheme. It is probably also the substrate for chlorophyll formation."" [ISBN:0198506732]"	15	183	3	21925	0.01639344262295082	0.2	query_1	['GO:0006778']	16hr_Monosome_down	2.4628576673316434
GO:BP	GO:1901259	chloroplast rRNA processing	0.0034446280412204103	True	"""Any rRNA processing that takes place in chloroplast."" [GOC:TermGenie]"	15	183	3	21925	0.01639344262295082	0.2	query_1	['GO:0006364']	16hr_Monosome_down	2.4628576673316434
GO:BP	GO:0006782	protoporphyrinogen IX biosynthetic process	0.0034446280412204103	True	"""The chemical reactions and pathways resulting in the formation of protoporphyrinogen IX."" [GOC:go_curators]"	15	183	3	21925	0.01639344262295082	0.2	query_1	['GO:0006779', 'GO:0006783', 'GO:0046501']	16hr_Monosome_down	2.4628576673316434
GO:MF	GO:0052592	oxidoreductase activity, acting on CH or CH2 groups, with an iron-sulfur protein as acceptor	0.0036289041530150373	True	"""Catalysis of an oxidation-reduction (redox) reaction in which a CH2 group acts as a hydrogen or electron donor and reduces an iron-sulfur protein."" [GOC:ai]"	3	190	2	22878	0.010526315789473684	0.6666666666666666	query_1	['GO:0016725']	16hr_Monosome_down	2.440224502277918
GO:MF	GO:0003852	2-isopropylmalate synthase activity	0.0036289041530150373	True	"""Catalysis of the reaction: 3-methyl-2-oxobutanoate + acetyl-CoA + H2O = (2S)-2-isopropylmalate + CoA + H+."" [RHEA:21524]"	3	190	2	22878	0.010526315789473684	0.6666666666666666	query_1	['GO:0046912']	16hr_Monosome_down	2.440224502277918
GO:MF	GO:0016705	oxidoreductase activity, acting on paired donors, with incorporation or reduction of molecular oxygen	0.0036289041530150373	True	"""Catalysis of an oxidation-reduction (redox) reaction in which hydrogen or electrons are transferred from each of two donors, and molecular oxygen is reduced or incorporated into a donor."" [EC:1.14.-.-]"	414	190	12	22878	0.06315789473684211	0.028985507246376812	query_1	['GO:0016491']	16hr_Monosome_down	2.440224502277918
GO:MF	GO:0036094	small molecule binding	0.0036289041530150373	True	"""Binding to a small molecule, any low molecular weight, monomeric, non-encoded molecule."" [GOC:curators, GOC:pde, GOC:pm]"	6804	190	80	22878	0.42105263157894735	0.011757789535567314	query_1	['GO:0005488']	16hr_Monosome_down	2.440224502277918
GO:BP	GO:0019252	starch biosynthetic process	0.003905942533921711	True	"""The chemical reactions and pathways resulting in the formation of starch, the most important reserve polysaccharide in plants."" [GOC:ai]"	38	183	4	21925	0.02185792349726776	0.10526315789473684	query_1	['GO:0005982', 'GO:0009250']	16hr_Monosome_down	2.40827415054747
GO:BP	GO:0170034	L-amino acid biosynthetic process	0.00425151040243089	True	"""The chemical reactions and pathways resulting in the formation of L-amino acids, the L-enantiomers of amino acids."" [GOC:edw]"	153	183	7	21925	0.03825136612021858	0.0457516339869281	query_1	['GO:0170033', 'GO:1901607']	16hr_Monosome_down	2.3714567539712235
GO:BP	GO:0034599	cellular response to oxidative stress	0.0043836884024123085	True	"""Any process that results in a change in state or activity of a cell (in terms of movement, secretion, enzyme production, gene expression, etc.) as a result of oxidative stress, a state often resulting from exposure to high levels of reactive oxygen species, e.g. superoxide anions, hydrogen peroxide (H2O2), and hydroxyl radicals."" [GOC:mah]"	71	183	5	21925	0.0273224043715847	0.07042253521126761	query_1	['GO:0006979', 'GO:0062197']	16hr_Monosome_down	2.358160323575313
GO:MF	GO:0043167	ion binding	0.005266824720013989	True	"""Binding to an ion, a charged atoms or groups of atoms."" [GOC:jl]"	6685	190	78	22878	0.4105263157894737	0.011667913238593867	query_1	['GO:0036094']	16hr_Monosome_down	2.278451134727271
GO:BP	GO:0019860	uracil metabolic process	0.005430458517569345	True	"""The chemical reactions and pathways involving uracil, 2,4-dioxopyrimidine, one of the pyrimidine bases occurring in RNA, but not in DNA."" [GOC:go_curators]"	4	183	2	21925	0.01092896174863388	0.5	query_1	['GO:0006206']	16hr_Monosome_down	2.26516349946397
GO:BP	GO:0016114	terpenoid biosynthetic process	0.005430458517569345	True	"""The chemical reactions and pathways resulting in the formation of terpenoids, any member of a class of compounds characterized by an isoprenoid chemical structure."" [GOC:ai]"	160	183	7	21925	0.03825136612021858	0.04375	query_1	['GO:0006721', 'GO:0008299']	16hr_Monosome_down	2.26516349946397
GO:BP	GO:0034337	RNA folding	0.005430458517569345	True	"""The process of assisting in the covalent and noncovalent assembly of single or multimeric RNAs into the correct tertiary structure."" [GOC:mah, PMID:10393192]"	4	183	2	21925	0.01092896174863388	0.5	query_1	['GO:0009987']	16hr_Monosome_down	2.26516349946397
GO:BP	GO:0170038	proteinogenic amino acid biosynthetic process	0.005437004611269761	True	"""The chemical reactions and pathways resulting in the formation of any amino acid that is incorporated into protein naturally by ribosomal translation of mRNA, and that has a specific codon for translation from mRNA to protein."" [GOC:ew]"	161	183	7	21925	0.03825136612021858	0.043478260869565216	query_1	['GO:0046394', 'GO:0170039']	16hr_Monosome_down	2.264640298661309
GO:BP	GO:0051716	cellular response to stimulus	0.0054575581569419485	True	"""Any process that results in a change in state or activity of a cell (in terms of movement, secretion, enzyme production, gene expression, etc.) as a result of a stimulus. The process begins with detection of the stimulus by a cell and ends with a change in state or activity or the cell."" [GOC:bf, GOC:jl]"	2897	183	41	21925	0.22404371584699453	0.014152571625819814	query_1	['GO:0009987', 'GO:0050896']	16hr_Monosome_down	2.263001627656496
GO:BP	GO:0065009	regulation of molecular function	0.005717699544457713	True	"""Any process that modulates the frequency, rate or extent of a molecular function, an elemental biological activity occurring at the molecular level, such as catalysis or binding."" [GOC:isa_complete]"	163	183	7	21925	0.03825136612021858	0.04294478527607362	query_1	['GO:0065007']	16hr_Monosome_down	2.242778669826653
GO:BP	GO:0016051	carbohydrate biosynthetic process	0.006118021960003065	True	"""The chemical reactions and pathways resulting in the formation of carbohydrates, any of a group of organic compounds based of the general formula Cx(H2O)y."" [ISBN:0198506732]"	331	183	10	21925	0.0546448087431694	0.030211480362537766	query_1	['GO:0005975', 'GO:0009058']	16hr_Monosome_down	2.213388968493701
GO:BP	GO:0009056	catabolic process	0.006304796559177065	True	"""A cellular process consisting of the biochemical pathways by which a living organism breaks down substances. This includes the breakdown of carbon compounds with the liberation of energy for use by the cell or organism."" [ISBN:0198547684]"	1378	183	24	21925	0.13114754098360656	0.01741654571843251	query_1	['GO:0008152']	16hr_Monosome_down	2.2003289225171097
GO:BP	GO:0000271	polysaccharide biosynthetic process	0.006362105649362128	True	"""The chemical reactions and pathways resulting in the formation of a polysaccharide, a polymer of many (typically more than 10) monosaccharide residues linked glycosidically."" [GOC:go_curators]"	219	183	8	21925	0.04371584699453552	0.0365296803652968	query_1	['GO:0005976', 'GO:0009059', 'GO:0016051']	16hr_Monosome_down	2.196399123258517
GO:BP	GO:0009250	glucan biosynthetic process	0.006362105649362128	True	"""The chemical reactions and pathways resulting in the formation of glucans, polysaccharides consisting only of glucose residues."" [GOC:go_curators]"	120	183	6	21925	0.03278688524590164	0.05	query_1	['GO:0000271', 'GO:0044042']	16hr_Monosome_down	2.196399123258517
GO:BP	GO:0005976	polysaccharide metabolic process	0.006468726896831768	True	"""The chemical reactions and pathways involving a polysaccharide, a polymer of many (typically more than 10) monosaccharide residues linked glycosidically."" [ISBN:0198547684]"	463	183	12	21925	0.06557377049180328	0.02591792656587473	query_1	['GO:0005975', 'GO:0043170']	16hr_Monosome_down	2.1891811839503537
GO:BP	GO:0062197	cellular response to chemical stress	0.00672962780295526	True	"""Any process that results in a change in state or activity of a cell (in terms of movement, secretion, enzyme production, gene expression, etc.) as a result of a chemical stimulus indicating the organism is under stress."" [PMID:26653712]"	122	183	6	21925	0.03278688524590164	0.04918032786885246	query_1	['GO:0033554', 'GO:0070887']	16hr_Monosome_down	2.1720089547348116
GO:BP	GO:0009079	pyruvate family amino acid biosynthetic process	0.006913844358100648	True	"""The chemical reactions and pathways resulting in the formation of any amino acid that requires pyruvate for its synthesis, e.g. alanine."" [GOC:jl]"	20	183	3	21925	0.01639344262295082	0.15	query_1	['GO:0009078', 'GO:0170034', 'GO:0170038']	16hr_Monosome_down	2.160280401359835
GO:BP	GO:0170039	proteinogenic amino acid metabolic process	0.006928300640396258	True	"""The chemical reactions and pathways involving any amino acid that is incorporated into protein naturally by ribosomal translation of mRNA, and that has a specific codon for translation from mRNA to protein."" [GOC:ew]"	280	183	9	21925	0.04918032786885246	0.03214285714285714	query_1	['GO:0006520', 'GO:0019752']	16hr_Monosome_down	2.1593732752008354
GO:BP	GO:0006970	response to osmotic stress	0.006928300640396258	True	"""Any process that results in a change in state or activity of a cell or an organism (in terms of movement, secretion, enzyme production, gene expression, etc.) as a result of a stimulus indicating an increase or decrease in the concentration of solutes outside the organism or cell."" [GOC:jl]"	537	183	13	21925	0.07103825136612021	0.024208566108007448	query_1	['GO:0006950', 'GO:0009628']	16hr_Monosome_down	2.1593732752008354
GO:BP	GO:0019685	photosynthesis, dark reaction	0.007609104061098852	True	"""A complex cycle of enzyme-mediated reactions which catalyzes the reduction of carbon dioxide to sugar. As well as carbon dioxide the cycle requires reducing power in the form of reduced nicotinamide adenine dinucleotide phosphate (NADP) and chemical energy in the form of adenosine triphosphate (ATP). The reduced NADP (NADPH) and ATP are produced by the 'light' reactions."" [ISBN:0582015952]"	21	183	3	21925	0.01639344262295082	0.14285714285714285	query_1	['GO:0015979', 'GO:0016051']	16hr_Monosome_down	2.1186664765050494
GO:BP	GO:0009413	response to flooding	0.007609104061098852	True	"""Any process that results in a change in state or activity of a cell or an organism (in terms of movement, secretion, enzyme production, gene expression, etc.) as a result of a stimulus indicating flooding, short-term immersion in water."" [GOC:lr]"	5	183	2	21925	0.01092896174863388	0.4	query_1	['GO:0006950', 'GO:0009415']	16hr_Monosome_down	2.1186664765050494
GO:BP	GO:0019253	reductive pentose-phosphate cycle	0.007609104061098852	True	"""The fixation of carbon dioxide (CO2) as glucose in the chloroplasts of C3 plants; uses ATP and NADPH formed in the light reactions of photosynthesis; carbon dioxide reacts with ribulose 1,5-bisphosphate (catalyzed by the function of ribulose-bisphosphate carboxylase) to yield two molecules of 3-phosphoglycerate; these are then phosphorylated by ATP to 1,3-bisphosphateglyceraldehyde which, in turn, is then reduced by NADPH to glyceraldehyde 3-phosphate. The glyceraldehyde 3-phosphate is converted to fructose 5-phosphate and ribulose 5-phosphate by aldolase and other enzymes; the ribulose 5-phosphate is phosphorylated by ATP to ribulose 1,5-bisphosphate."" [ISBN:0198547684]"	21	183	3	21925	0.01639344262295082	0.14285714285714285	query_1	['GO:0015977', 'GO:0019685']	16hr_Monosome_down	2.1186664765050494
GO:MF	GO:0008266	poly(U) RNA binding	0.007727013006217669	True	"""Binding to a sequence of uracil residues in an RNA molecule."" [GOC:mah]"	19	190	3	22878	0.015789473684210527	0.15789473684210525	query_1	['GO:0008187']	16hr_Monosome_down	2.1119883567437365
GO:MF	GO:0008187	poly-pyrimidine tract binding	0.007727013006217669	True	"""Binding to a stretch of pyrimidines (cytosine or uracil) in an RNA molecule."" [GOC:jl]"	19	190	3	22878	0.015789473684210527	0.15789473684210525	query_1	['GO:0003727']	16hr_Monosome_down	2.1119883567437365
GO:CC	GO:0005768	endosome	0.008244747737106881	True	"""A vacuole to which materials ingested by endocytosis are delivered."" [ISBN:0198506732, PMID:19696797]"	424	210	12	20029	0.05714285714285714	0.02830188679245283	query_1	['GO:0012505', 'GO:0031410']	16hr_Monosome_down	2.083822627837351
GO:BP	GO:0006396	RNA processing	0.008450480257473537	True	"""Any process involved in the conversion of one or more primary RNA transcripts into one or more mature RNA molecules."" [GOC:mah]"	1085	183	20	21925	0.1092896174863388	0.018433179723502304	query_1	['GO:0010467', 'GO:0032774', 'GO:0044238']	16hr_Monosome_down	2.0731186085362574
GO:BP	GO:0043086	negative regulation of catalytic activity	0.008768099788049606	True	"""Any process that stops or reduces the activity of an enzyme."" [GOC:ebc, GOC:jl, GOC:tb, GOC:vw]"	50	183	4	21925	0.02185792349726776	0.08	query_1	['GO:0044092', 'GO:0050790']	16hr_Monosome_down	2.057094516209992
GO:CC	GO:0043232	intracellular membraneless organelle	0.009052294773469612	True	"""Organized structure of distinctive morphology and function, not bounded by a lipid bilayer membrane and occurring within the cell. Includes ribosomes, the cytoskeleton and chromosomes."" [GOC:go_curators]"	2568	210	42	20029	0.2	0.016355140186915886	query_1	['GO:0043228', 'GO:0043229']	16hr_Monosome_down	2.043241312383363
GO:CC	GO:0043228	membraneless organelle	0.009052294773469612	True	"""Organized structure of distinctive morphology and function, not bounded by a lipid bilayer membrane. Includes ribosomes, the cytoskeleton and chromosomes."" [GOC:go_curators]"	2568	210	42	20029	0.2	0.016355140186915886	query_1	['GO:0043226']	16hr_Monosome_down	2.043241312383363
GO:CC	GO:0005802	trans-Golgi network	0.009052294773469612	True	"""The network of interconnected tubular and cisternal structures located within the Golgi apparatus on the side distal to the endoplasmic reticulum, from which secretory vesicles emerge. The trans-Golgi network is important in the later stages of protein secretion where it is thought to play a key role in the sorting and targeting of secreted proteins to the correct destination."" [GOC:vw, ISBN:0815316194]"	268	210	9	20029	0.04285714285714286	0.033582089552238806	query_1	['GO:0098791']	16hr_Monosome_down	2.043241312383363
GO:BP	GO:0008610	lipid biosynthetic process	0.009165288833464659	True	"""The chemical reactions and pathways resulting in the formation of lipids, compounds soluble in an organic solvent but not, or sparingly, in an aqueous solvent."" [GOC:go_curators]"	629	183	14	21925	0.07650273224043716	0.022257551669316374	query_1	['GO:0006629', 'GO:0009058']	16hr_Monosome_down	2.0378538441983993
GO:BP	GO:0009414	response to water deprivation	0.009716846025069493	True	"""Any process that results in a change in state or activity of a cell or an organism (in terms of movement, secretion, enzyme production, gene expression, etc.) as a result of a water deprivation stimulus, prolonged deprivation of water."" [GOC:lr]"	424	183	11	21925	0.060109289617486336	0.025943396226415096	query_1	['GO:0006950', 'GO:0009415']	16hr_Monosome_down	2.0124746791259276
GO:MF	GO:0043169	cation binding	0.009731278038936695	True	"""Binding to a cation, a charged atom or group of atoms with a net positive charge."" [GOC:jl]"	3961	190	51	22878	0.26842105263157895	0.012875536480686695	query_1	['GO:0043167']	16hr_Monosome_down	2.0118301187441494
GO:BP	GO:0010731	protein glutathionylation	0.010592327483168431	True	"""The protein modification process in which a glutathione molecule is added to a protein amino acid through a disulfide linkage."" [GOC:BHF, GOC:dph, GOC:rl, GOC:tb]"	6	183	2	21925	0.01092896174863388	0.3333333333333333	query_1	['GO:0036211']	16hr_Monosome_down	1.975008600606946
GO:BP	GO:0022613	ribonucleoprotein complex biogenesis	0.010592327483168431	True	"""A cellular process that results in the biosynthesis of constituent macromolecules, assembly, and arrangement of constituent parts of a complex containing RNA and proteins. Includes the biosynthesis of the constituent RNA and protein molecules, and those macromolecular modifications that are involved in synthesis or assembly of the ribonucleoprotein complex."" [GOC:isa_complete, GOC:mah]"	365	183	10	21925	0.0546448087431694	0.0273972602739726	query_1	['GO:0044085']	16hr_Monosome_down	1.975008600606946
GO:BP	GO:0006783	heme biosynthetic process	0.010592327483168431	True	"""The chemical reactions and pathways resulting in the formation of heme, any compound of iron complexed in a porphyrin (tetrapyrrole) ring, from less complex precursors."" [GOC:jl, PMID:11788607]"	24	183	3	21925	0.01639344262295082	0.125	query_1	['GO:0006779', 'GO:0042168', 'GO:0046148']	16hr_Monosome_down	1.975008600606946
GO:BP	GO:0045454	cell redox homeostasis	0.010592327483168431	True	"""Any process that maintains the redox environment of a cell or compartment within a cell."" [GOC:ai, GOC:dph, GOC:tb]"	24	183	3	21925	0.01639344262295082	0.125	query_1	['GO:0019725']	16hr_Monosome_down	1.975008600606946
GO:BP	GO:1901136	carbohydrate derivative catabolic process	0.010600538875557897	True	"""The chemical reactions and pathways resulting in the breakdown of carbohydrate derivative."" [GOC:TermGenie]"	137	183	6	21925	0.03278688524590164	0.043795620437956206	query_1	['GO:0009056', 'GO:1901135']	16hr_Monosome_down	1.9746720569302596
GO:BP	GO:0009415	response to water	0.011484095768758905	True	"""Any process that results in a change in state or activity of a cell or an organism (in terms of movement, secretion, enzyme production, gene expression, etc.) as a result of a stimulus reflecting the presence, absence, or concentration of water."" [GOC:jl]"	436	183	11	21925	0.060109289617486336	0.02522935779816514	query_1	['GO:0001101', 'GO:0009628', 'GO:1901700']	16hr_Monosome_down	1.9399031944696705
GO:BP	GO:0009082	branched-chain amino acid biosynthetic process	0.011523667846080788	True	"""The chemical reactions and pathways resulting in the formation of amino acids containing a branched carbon skeleton, comprising isoleucine, leucine and valine."" [GOC:ai]"	25	183	3	21925	0.01639344262295082	0.12	query_1	['GO:0009081', 'GO:0046394']	16hr_Monosome_down	1.9384092681539622
GO:BP	GO:0072330	monocarboxylic acid biosynthetic process	0.011939014371594994	True	"""The chemical reactions and pathways resulting in the formation of monocarboxylic acids, any organic acid containing one carboxyl (-COOH) group."" [GOC:mah]"	249	183	8	21925	0.04371584699453552	0.0321285140562249	query_1	['GO:0032787', 'GO:0046394']	16hr_Monosome_down	1.9230315250195498
GO:BP	GO:0009743	response to carbohydrate	0.013056868164664392	True	"""Any process that results in a change in state or activity of a cell or an organism (in terms of movement, secretion, enzyme production, gene expression, etc.) as a result of a carbohydrate stimulus."" [GOC:jl]"	196	183	7	21925	0.03825136612021858	0.03571428571428571	query_1	['GO:1901700']	16hr_Monosome_down	1.8841609809410114
GO:BP	GO:0009651	response to salt stress	0.013264603365103435	True	"""Any process that results in a change in state or activity of a cell or an organism (in terms of movement, secretion, enzyme production, gene expression, etc.) as a result of a stimulus indicating an increase or decrease in the concentration of salt (particularly but not exclusively sodium and chloride ions) in the environment."" [GOC:jl]"	446	183	11	21925	0.060109289617486336	0.02466367713004484	query_1	['GO:0006970']	16hr_Monosome_down	1.8773057316539299
GO:BP	GO:0006546	glycine catabolic process	0.013687483149298	True	"""The chemical reactions and pathways resulting in the breakdown of glycine, aminoethanoic acid."" [GOC:go_curators]"	7	183	2	21925	0.01092896174863388	0.2857142857142857	query_1	['GO:0006544', 'GO:0009071', 'GO:0170040']	16hr_Monosome_down	1.8636764024767307
GO:BP	GO:0015977	carbon fixation	0.0137147734478213	True	"""A metabolic process in which carbon (usually derived from carbon dioxide) is incorporated into organic compounds (usually carbohydrates)."" [GOC:jl, GOC:mah]"	27	183	3	21925	0.01639344262295082	0.1111111111111111	query_1	['GO:0008152']	16hr_Monosome_down	1.8628113620422235
GO:BP	GO:0006636	unsaturated fatty acid biosynthetic process	0.0137147734478213	True	"""The chemical reactions and pathways resulting in the formation of an unsaturated fatty acid, any fatty acid containing one or more double bonds between carbon atoms."" [GOC:mah, MetaCyc:PWY-762, MetaCyc:PWY-782]"	27	183	3	21925	0.01639344262295082	0.1111111111111111	query_1	['GO:0006633', 'GO:0033559']	16hr_Monosome_down	1.8628113620422235
GO:BP	GO:0070887	cellular response to chemical stimulus	0.014224390972697367	True	"""Any process that results in a change in state or activity of a cell (in terms of movement, secretion, enzyme production, gene expression, etc.) as a result of a chemical stimulus."" [GOC:mah]"	1669	183	26	21925	0.14207650273224043	0.015578190533253445	query_1	['GO:0042221', 'GO:0051716']	16hr_Monosome_down	1.8469663191584869
GO:MF	GO:0050378	UDP-glucuronate 4-epimerase activity	0.014543065542187077	True	"""Catalysis of the reaction: UDP-alpha-D-glucuronate = UDP-alpha-D-galacturonate."" [EC:5.1.3.6, RHEA:11404]"	6	190	2	22878	0.010526315789473684	0.3333333333333333	query_1	['GO:0016857']	16hr_Monosome_down	1.8373440386125952
GO:BP	GO:0033559	unsaturated fatty acid metabolic process	0.0150036037450856	True	"""The chemical reactions and pathways involving an unsaturated fatty acid, any fatty acid containing one or more double bonds between carbon atoms."" [GOC:mah]"	28	183	3	21925	0.01639344262295082	0.10714285714285714	query_1	['GO:0006631']	16hr_Monosome_down	1.823804414369039
GO:MF	GO:0005507	copper ion binding	0.015980041798341282	True	"""Binding to a copper (Cu) ion."" [GOC:ai]"	192	190	7	22878	0.03684210526315789	0.036458333333333336	query_1	['GO:0046914']	16hr_Monosome_down	1.7964220890542408
GO:BP	GO:0009737	response to abscisic acid	0.016107458064181266	True	"""Any process that results in a change in state or activity of a cell or an organism (in terms of movement, secretion, enzyme production, gene expression, etc.) as a result of an abscisic acid stimulus."" [GOC:jl]"	604	183	13	21925	0.07103825136612021	0.02152317880794702	query_1	['GO:0009725', 'GO:0033993', 'GO:0097305']	16hr_Monosome_down	1.792972990667221
GO:BP	GO:0042168	heme metabolic process	0.016349083724340477	True	"""The chemical reactions and pathways involving heme, any compound of iron complexed in a porphyrin (tetrapyrrole) ring."" [GOC:jl, ISBN:0124325653]"	29	183	3	21925	0.01639344262295082	0.10344827586206896	query_1	['GO:0006778', 'GO:0042440']	16hr_Monosome_down	1.7865065821237935
GO:BP	GO:0044092	negative regulation of molecular function	0.016349083724340477	True	"""Any process that stops or reduces the rate or extent of a molecular function, an elemental biological activity occurring at the molecular level, such as catalysis or binding."" [GO:jl]"	62	183	4	21925	0.02185792349726776	0.06451612903225806	query_1	['GO:0065009']	16hr_Monosome_down	1.7865065821237935
GO:BP	GO:0009642	response to light intensity	0.016363872421583627	True	"""Any process that results in a change in state or activity of a cell or an organism (in terms of movement, secretion, enzyme production, gene expression, etc.) as a result of a light intensity stimulus."" [GOC:go_curators]"	154	183	6	21925	0.03278688524590164	0.03896103896103896	query_1	['GO:0009416']	16hr_Monosome_down	1.7861139150706464
GO:BP	GO:0016143	S-glycoside metabolic process	0.016363872421583627	True	"""The chemical reactions and pathways involving S-glycosides, any compound in which a glycosyl group has been substituted into a thiol group."" [ISBN:0198506732]"	105	183	5	21925	0.0273224043715847	0.047619047619047616	query_1	['GO:0006790', 'GO:1901657']	16hr_Monosome_down	1.7861139150706464
GO:BP	GO:0016052	carbohydrate catabolic process	0.016363872421583627	True	"""The chemical reactions and pathways resulting in the breakdown of carbohydrates, any of a group of organic compounds based of the general formula Cx(H2O)y."" [ISBN:0198506732]"	266	183	8	21925	0.04371584699453552	0.03007518796992481	query_1	['GO:0005975', 'GO:0009056']	16hr_Monosome_down	1.7861139150706464
GO:BP	GO:0009071	serine family amino acid catabolic process	0.016363872421583627	True	"""The chemical reactions and pathways resulting in the breakdown of amino acids of the serine family, comprising cysteine, glycine, homoserine, selenocysteine and serine."" [GOC:ai]"	8	183	2	21925	0.01092896174863388	0.25	query_1	['GO:0009069', 'GO:1901606']	16hr_Monosome_down	1.7861139150706464
GO:BP	GO:0019760	glucosinolate metabolic process	0.016363872421583627	True	"""The chemical reactions and pathways involving glucosinolates, substituted thioglucosides found in rapeseed products and related cruciferae. They are metabolized to a variety of toxic products which are most likely the cause of hepatocytic necrosis in animals and humans."" [GOC:curators]"	105	183	5	21925	0.0273224043715847	0.047619047619047616	query_1	['GO:0016143', 'GO:0043436']	16hr_Monosome_down	1.7861139150706464
GO:BP	GO:0001101	response to acid chemical	0.016363872421583627	True	"""Any process that results in a change in state or activity of a cell or an organism (in terms of movement, secretion, enzyme production, gene expression, etc.) as a result of a stimulus by the chemical structure of the anion portion of a dissociated acid (rather than the acid acting as a proton donor). The acid chemical may be in gaseous, liquid or solid form."" [GOC:go_curators, GOC:rn]"	464	183	11	21925	0.060109289617486336	0.023706896551724137	query_1	['GO:0042221']	16hr_Monosome_down	1.7861139150706464
GO:BP	GO:0097305	response to alcohol	0.017024521057022204	True	"""Any process that results in a change in state or activity of a cell or an organism (in terms of movement, secretion, enzyme production, gene expression, etc.) as a result of an alcohol stimulus."" [GOC:pr, PMID:24014527]"	613	183	13	21925	0.07103825136612021	0.021207177814029365	query_1	['GO:1901700']	16hr_Monosome_down	1.7689250970491386
GO:BP	GO:0072527	pyrimidine-containing compound metabolic process	0.017224409084541308	True	"""The chemical reactions and pathways involving a pyrimidine-containing compound, i.e. any compound that contains pyrimidine or a formal derivative thereof."" [GOC:mah]"	64	183	4	21925	0.02185792349726776	0.0625	query_1	['GO:0008152']	16hr_Monosome_down	1.7638556684464637
GO:MF	GO:0003727	single-stranded RNA binding	0.01791366590783214	True	"""Binding to single-stranded RNA."" [GOC:jl]"	58	190	4	22878	0.021052631578947368	0.06896551724137931	query_1	['GO:0003723']	16hr_Monosome_down	1.7468155296938435
GO:MF	GO:0015035	protein-disulfide reductase activity	0.01791366590783214	True	"""Catalysis of the reaction: a protein with reduced sulfide groups = a protein with oxidized disulfide bonds."" [PMID:7559385]"	27	190	3	22878	0.015789473684210527	0.1111111111111111	query_1	['GO:0015036', 'GO:0140096']	16hr_Monosome_down	1.7468155296938435
GO:MF	GO:0045300	stearoyl-[ACP] desaturase activity	0.01791366590783214	True	"""Catalysis of the reaction: 2 H+ + O2 + octadecanoyl-[ACP] + 2 reduced [2Fe-2S]-[ferredoxin] = (9Z)-octadecenoyl-[ACP] + 2 H2O + 2 oxidized [2Fe-2S]-[ferredoxin]."" [RHEA:11776]"	7	190	2	22878	0.010526315789473684	0.2857142857142857	query_1	['GO:0016717']	16hr_Monosome_down	1.7468155296938435
GO:BP	GO:0006629	lipid metabolic process	0.017926553190548557	True	"""The chemical reactions and pathways involving lipids, compounds soluble in an organic solvent but not, or sparingly, in an aqueous solvent. Includes fatty acids; neutral fats, other fatty-acid esters, and soaps; long-chain (fatty) alcohols and waxes; sphingoids and other long-chain bases; glycolipids, phospholipids and sphingolipids; and carotenes, polyprenols, sterols, terpenes and other isoprenoids."" [GOC:ma]"	1097	183	19	21925	0.10382513661202186	0.01731996353691887	query_1	['GO:0044238']	16hr_Monosome_down	1.7465032059328576
GO:BP	GO:0009078	pyruvate family amino acid metabolic process	0.018035515142548197	True	"""The chemical reactions and pathways involving any amino acid that requires pyruvate for its synthesis, e.g. alanine."" [GOC:jl]"	31	183	3	21925	0.01639344262295082	0.0967741935483871	query_1	['GO:0170033', 'GO:0170039']	16hr_Monosome_down	1.7438714485565427
GO:BP	GO:0006534	cysteine metabolic process	0.018035515142548197	True	"""The chemical reactions and pathways involving cysteine, 2-amino-3-mercaptopropanoic acid."" [GOC:go_curators]"	31	183	3	21925	0.01639344262295082	0.0967741935483871	query_1	['GO:0000096', 'GO:1901605']	16hr_Monosome_down	1.7438714485565427
GO:BP	GO:0006972	hyperosmotic response	0.018698464092480282	True	"""Any process that results in a change in state or activity of a cell or an organism (in terms of movement, secretion, enzyme production, gene expression, etc.) as a result of detection of, or exposure to, a hyperosmotic environment, i.e. an environment with a higher concentration of solutes than the organism or cell."" [GOC:jl, PMID:12142009]"	66	183	4	21925	0.02185792349726776	0.06060606060606061	query_1	['GO:0006970']	16hr_Monosome_down	1.7281940653113743
GO:BP	GO:0006631	fatty acid metabolic process	0.01880348454359752	True	"""The chemical reactions and pathways involving fatty acids, aliphatic monocarboxylic acids liberated from naturally occurring fats and oils by hydrolysis."" [ISBN:0198547684]"	276	183	8	21925	0.04371584699453552	0.028985507246376812	query_1	['GO:0006629', 'GO:0032787']	16hr_Monosome_down	1.7257616625539587
GO:BP	GO:1902369	negative regulation of RNA catabolic process	0.019253712488170097	True	"""Any process that stops, prevents or reduces the frequency, rate or extent of RNA catabolic process."" [GOC:bf, GOC:TermGenie, PMID:16640457]"	9	183	2	21925	0.01092896174863388	0.2222222222222222	query_1	['GO:0006401', 'GO:0009895', 'GO:0051253']	16hr_Monosome_down	1.7154855177048918
GO:BP	GO:0009228	thiamine biosynthetic process	0.019253712488170097	True	"""The chemical reactions and pathways resulting in the formation of thiamine (vitamin B1), a water soluble vitamin present in fresh vegetables and meats, especially liver."" [GOC:jl, ISBN:0198506732]"	9	183	2	21925	0.01092896174863388	0.2222222222222222	query_1	['GO:0006772', 'GO:0034309', 'GO:0042724']	16hr_Monosome_down	1.7154855177048918
GO:BP	GO:0043489	RNA stabilization	0.019253712488170097	True	"""Prevention of degradation of RNA molecules."" [GOC:go_curators]"	9	183	2	21925	0.01092896174863388	0.2222222222222222	query_1	['GO:0043487', 'GO:1902369']	16hr_Monosome_down	1.7154855177048918
GO:BP	GO:0016998	cell wall macromolecule catabolic process	0.020371881058877758	True	"""The chemical reactions and pathways resulting in the breakdown of macromolecules that form part of a cell wall."" [GOC:go_curators]"	33	183	3	21925	0.01639344262295082	0.09090909090909091	query_1	['GO:0009057', 'GO:0044036']	16hr_Monosome_down	1.6909688681145447
GO:BP	GO:0016109	tetraterpenoid biosynthetic process	0.020371881058877758	True	"""The chemical reactions and pathways resulting in the formation of tetraterpenoid compounds, terpenoids with eight isoprene units."" [GOC:go_curators]"	33	183	3	21925	0.01639344262295082	0.09090909090909091	query_1	['GO:0016108', 'GO:0016114']	16hr_Monosome_down	1.6909688681145447
GO:BP	GO:0016117	carotenoid biosynthetic process	0.020371881058877758	True	"""The chemical reactions and pathways resulting in the formation of carotenoids, tetraterpenoid compounds in which two units of 4 isoprenoid residues joined head-to-tail are themselves joined tail-to-tail."" [GOC:go_curators]"	33	183	3	21925	0.01639344262295082	0.09090909090909091	query_1	['GO:0016109', 'GO:0016116', 'GO:0046148']	16hr_Monosome_down	1.6909688681145447
GO:BP	GO:0044042	glucan metabolic process	0.02090645895253039	True	"""The chemical reactions and pathways involving glucans, polysaccharides consisting only of glucose residues."" [GOC:jl]"	222	183	7	21925	0.03825136612021858	0.03153153153153153	query_1	['GO:0005976']	16hr_Monosome_down	1.6797195199134014
GO:MF	GO:0051753	mannan synthase activity	0.021323074117214673	True	"""Catalysis of the reaction: mannan(n) + GDP-mannose = mannan(n+1) + GDP. This reaction is the formation of the beta-(1->4)-linked mannan backbone in substrates such as galactomannan."" [PMID:14726589]"	8	190	2	22878	0.010526315789473684	0.25	query_1	['GO:0019187']	16hr_Monosome_down	1.6711501835150382
GO:MF	GO:0015038	glutathione disulfide oxidoreductase activity	0.021323074117214673	True	"""Catalysis of the reaction: 2 glutathione + electron acceptor = glutathione disulfide + electron donor."" [GOC:mah]"	8	190	2	22878	0.010526315789473684	0.25	query_1	['GO:0015036']	16hr_Monosome_down	1.6711501835150382
GO:MF	GO:0016725	oxidoreductase activity, acting on CH or CH2 groups	0.021323074117214673	True	"""Catalysis of an oxidation-reduction (redox) reaction in which a CH2 group acts as a hydrogen or electron donor and reduces a hydrogen or electron acceptor."" [GOC:ai]"	8	190	2	22878	0.010526315789473684	0.25	query_1	['GO:0016491']	16hr_Monosome_down	1.6711501835150382
GO:MF	GO:0046872	metal ion binding	0.02136993476661965	True	"""Binding to a metal ion."" [GOC:ai]"	3948	190	49	22878	0.2578947368421053	0.012411347517730497	query_1	['GO:0043169']	16hr_Monosome_down	1.6701968035514365
GO:MF	GO:0044183	protein folding chaperone	0.021508884567837085	True	"""Binding to a protein or a protein-containing complex to assist the protein folding process."" [GOC:mtg_cambridge_2009]"	64	190	4	22878	0.021052631578947368	0.0625	query_1	['GO:0003674']	16hr_Monosome_down	1.6673821111650262
GO:MF	GO:0016765	transferase activity, transferring alkyl or aryl (other than methyl) groups	0.02153533769198315	True	"""Catalysis of the transfer of an alkyl or aryl (but not methyl) group from one compound (donor) to another (acceptor)."" [EC:2.5.1.-]"	158	190	6	22878	0.031578947368421054	0.0379746835443038	query_1	['GO:0016740']	16hr_Monosome_down	1.6668483137497674
GO:MF	GO:0008047	enzyme activator activity	0.02153533769198315	True	"""Binds to and increases the activity of an enzyme."" [GOC:dph, GOC:mah, GOC:tb]"	108	190	5	22878	0.02631578947368421	0.046296296296296294	query_1	['GO:0003824', 'GO:0030234', 'GO:0140677']	16hr_Monosome_down	1.6668483137497674
GO:CC	GO:0098791	Golgi apparatus subcompartment	0.021850019611817713	True	"""A compartment that consists of a lumen and an enclosing membrane, and is part of the Golgi apparatus."" [GOC:dos]"	365	210	10	20029	0.047619047619047616	0.0273972602739726	query_1	['GO:0005794', 'GO:0031984']	16hr_Monosome_down	1.660548168885761
GO:BP	GO:0005982	starch metabolic process	0.022839283929244697	True	"""The chemical reactions and pathways involving starch, the most important reserve polysaccharide in plants. It is a glucan consisting of two components, amylose and amylopectin, which are both glucose homopolymers. Starch is synthesized as a temporary storage form of carbon and can be catabolized to produce sucrose."" [ISBN:0198506732]"	71	183	4	21925	0.02185792349726776	0.056338028169014086	query_1	['GO:0044042']	16hr_Monosome_down	1.6413175164705298
GO:MF	GO:0030976	thiamine pyrophosphate binding	0.02377015874338645	True	"""Binding to thiamine pyrophosphate, the diphosphoric ester of thiamine. Acts as a coenzyme of several (de)carboxylases, transketolases, and alpha-oxoacid dehydrogenases."" [GOC:mlg]"	9	190	2	22878	0.010526315789473684	0.2222222222222222	query_1	['GO:0019842', 'GO:0043168', 'GO:0043169', 'GO:0050997', 'GO:1901363', 'GO:1901681']	16hr_Monosome_down	1.623967917929095
GO:MF	GO:0019843	rRNA binding	0.023930931507326152	True	"""Binding to a ribosomal RNA."" [GOC:jl]"	112	190	5	22878	0.02631578947368421	0.044642857142857144	query_1	['GO:0003723']	16hr_Monosome_down	1.6210403962207454
GO:BP	GO:0019725	cellular homeostasis	0.02587588165316454	True	"""Any process involved in the maintenance of an internal steady state at the level of the cell."" [GOC:isa_complete, GOC:jl, ISBN:0395825172]"	173	183	6	21925	0.03278688524590164	0.03468208092485549	query_1	['GO:0042592']	16hr_Monosome_down	1.5871048438314073
GO:BP	GO:0009825	multidimensional cell growth	0.027466429064627207	True	"""The process in which a cell irreversibly increases in size in two or three [spatial] dimensions or along two or three axes."" [ISBN:0943088399]"	37	183	3	21925	0.01639344262295082	0.08108108108108109	query_1	['GO:0016049']	16hr_Monosome_down	1.5611977999291347
GO:BP	GO:0006772	thiamine metabolic process	0.027466429064627207	True	"""The chemical reactions and pathways involving thiamine (vitamin B1), a water soluble vitamin present in fresh vegetables and meats, especially liver."" [GOC:jl, ISBN:0198506732]"	11	183	2	21925	0.01092896174863388	0.18181818181818182	query_1	['GO:0034308', 'GO:0042723']	16hr_Monosome_down	1.5611977999291347
GO:BP	GO:0170041	non-proteinogenic amino acid metabolic process	0.02927943576683677	True	"""The chemical reactions and pathways involving non-proteingenic amino acids."" [GOC:ew]"	38	183	3	21925	0.01639344262295082	0.07894736842105263	query_1	['GO:0006520', 'GO:0019752']	16hr_Monosome_down	1.5334372966611305
GO:CC	GO:0005739	mitochondrion	0.029387556449552585	True	"""A semiautonomous, self replicating organelle that occurs in varying numbers, shapes, and sizes in the cytoplasm of virtually all eukaryotic cells. It is notably the site of tissue respiration."" [GOC:giardia, ISBN:0198506732]"	1720	210	29	20029	0.1380952380952381	0.01686046511627907	query_1	['GO:0005737', 'GO:0043231']	16hr_Monosome_down	1.5318365236447788
GO:CC	GO:0031977	thylakoid lumen	0.029747660066425177	True	"""The volume enclosed by a thylakoid membrane."" [GOC:mah, GOC:pz]"	74	210	4	20029	0.01904761904761905	0.05405405405405406	query_1	['GO:0009579', 'GO:0110165']	16hr_Monosome_down	1.5265471899423615
GO:BP	GO:0005985	sucrose metabolic process	0.03109483163727739	True	"""The chemical reactions and pathways involving sucrose, the disaccharide fructofuranosyl-glucopyranoside."" [GOC:go_curators]"	39	183	3	21925	0.01639344262295082	0.07692307692307693	query_1	['GO:0005984']	16hr_Monosome_down	1.507311790328166
GO:BP	GO:0080022	primary root development	0.03109483163727739	True	"""The process whose specific outcome is the progression of the primary root over time, from its formation to the mature structure. The primary root develops directly from the embryonic radicle."" [GOC:dhl]"	39	183	3	21925	0.01639344262295082	0.07692307692307693	query_1	['GO:0048364']	16hr_Monosome_down	1.507311790328166
GO:BP	GO:0042723	thiamine-containing compound metabolic process	0.03167196890872233	True	"""The chemical reactions and pathways involving thiamine (vitamin B1), and compounds derived from it."" [GOC:jl]"	12	183	2	21925	0.01092896174863388	0.16666666666666666	query_1	['GO:0006767', 'GO:0006790', 'GO:0072527']	16hr_Monosome_down	1.4993249375875313
GO:BP	GO:0042724	thiamine-containing compound biosynthetic process	0.03167196890872233	True	"""The chemical reactions and pathways resulting in the formation of thiamine (vitamin B1), and related compounds."" [GOC:jl]"	12	183	2	21925	0.01092896174863388	0.16666666666666666	query_1	['GO:0042364', 'GO:0042723', 'GO:0044272', 'GO:0072528']	16hr_Monosome_down	1.4993249375875313
GO:CC	GO:0005788	endoplasmic reticulum lumen	0.032112126876807624	True	"""The volume enclosed by the membranes of the endoplasmic reticulum."" [ISBN:0198547684]"	40	210	3	20029	0.014285714285714285	0.075	query_1	['GO:0005783', 'GO:0070013']	16hr_Monosome_down	1.4933309289314347
GO:MF	GO:0016671	oxidoreductase activity, acting on a sulfur group of donors, disulfide as acceptor	0.03335487415846465	True	"""Catalysis of an oxidation-reduction (redox) reaction in which a sulfur-containing group acts as a hydrogen or electron donor and reduces disulfide."" [GOC:jl]"	37	190	3	22878	0.015789473684210527	0.08108108108108109	query_1	['GO:0016667']	16hr_Monosome_down	1.4768406935179934
GO:MF	GO:0016744	transketolase or transaldolase activity	0.03335487415846465	True	"""Catalysis of the transfer of an aldehyde or ketonic group from one compound (donor) to another (acceptor)."" [GOC:jl, ISBN:0198506732]"	11	190	2	22878	0.010526315789473684	0.18181818181818182	query_1	['GO:0016740']	16hr_Monosome_down	1.4768406935179934
GO:BP	GO:0006996	organelle organization	0.03631403806625977	True	"""A process that is carried out at the cellular level which results in the assembly, arrangement of constituent parts, or disassembly of an organelle within a cell. An organelle is an organized structure of distinctive morphology and function. Includes the nucleus, mitochondria, plastids, vacuoles, vesicles, ribosomes and the cytoskeleton. Excludes the plasma membrane."" [GOC:mah]"	1014	183	17	21925	0.09289617486338798	0.016765285996055226	query_1	['GO:0016043']	16hr_Monosome_down	1.4399254555105279
GO:BP	GO:0016108	tetraterpenoid metabolic process	0.036465085480330936	True	"""The chemical reactions and pathways involving tetraterpenoid compounds, terpenoids with eight isoprene units."" [ISBN:0198547684]"	42	183	3	21925	0.01639344262295082	0.07142857142857142	query_1	['GO:0006721']	16hr_Monosome_down	1.4381227640400336
GO:BP	GO:0006526	L-arginine biosynthetic process	0.036465085480330936	True	"""The chemical reactions and pathways resulting in the formation of arginine, 2-amino-5-(carbamimidamido)pentanoic acid."" [ISBN:0198506732]"	13	183	2	21925	0.01092896174863388	0.15384615384615385	query_1	['GO:0006525', 'GO:0009084']	16hr_Monosome_down	1.4381227640400336
GO:BP	GO:0009636	response to toxic substance	0.036465085480330936	True	"""Any process that results in a change in state or activity of a cell or an organism (in terms of movement, secretion, enzyme production, gene expression, etc.) as a result of a toxic stimulus."" [GOC:lr]"	316	183	8	21925	0.04371584699453552	0.02531645569620253	query_1	['GO:0042221']	16hr_Monosome_down	1.4381227640400336
GO:BP	GO:0034309	primary alcohol biosynthetic process	0.036465085480330936	True	"""The chemical reactions and pathways resulting in the formation of primary alcohols. A primary alcohol is any alcohol in which a hydroxy group, -OH, is attached to a saturated carbon atom which has either three hydrogen atoms attached to it or only one other carbon atom and two hydrogen atoms attached to it."" [GOC:mah]"	13	183	2	21925	0.01092896174863388	0.15384615384615385	query_1	['GO:0034308', 'GO:0046165']	16hr_Monosome_down	1.4381227640400336
GO:BP	GO:0016116	carotenoid metabolic process	0.036465085480330936	True	"""The chemical reactions and pathways involving carotenoids, tetraterpenoid compounds in which two units of 4 isoprenoid residues joined head-to-tail are themselves joined tail-to-tail."" [ISBN:0198547684]"	42	183	3	21925	0.01639344262295082	0.07142857142857142	query_1	['GO:0016108']	16hr_Monosome_down	1.4381227640400336
GO:BP	GO:0033993	response to lipid	0.03769405301523104	True	"""Any process that results in a change in state or activity of a cell or an organism (in terms of movement, secretion, enzyme production, gene expression, etc.) as a result of a lipid stimulus."" [GOC:sl]"	1022	183	17	21925	0.09289617486338798	0.016634050880626222	query_1	['GO:0042221']	16hr_Monosome_down	1.4237271629612591
GO:CC	GO:0009501	amyloplast	0.03809647286927193	True	"""A plastid whose main function is to synthesize and store starch."" [ISBN:0140514031]"	15	210	2	20029	0.009523809523809525	0.13333333333333333	query_1	['GO:0009536']	16hr_Monosome_down	1.4191152312619346
GO:CC	GO:0009930	longitudinal side of cell surface	0.03809647286927193	True	"""The side of the cell parallel to the zygotic axis."" [GOC:mtg_sensu, GOC:sm]"	1	210	1	20029	0.004761904761904762	1.0	query_1	['GO:0009986', 'GO:0110165']	16hr_Monosome_down	1.4191152312619346
KEGG	KEGG:00900	Terpenoid backbone biosynthesis	0.03811858582910267	True	Terpenoid backbone biosynthesis	61	81	5	5300	0.06172839506172839	0.08196721311475409	query_1	['KEGG:00000']	16hr_Monosome_down	1.418863219733858
GO:BP	GO:0009658	chloroplast organization	0.038751094793410795	True	"""A process that is carried out at the cellular level which results in the assembly, arrangement of constituent parts, or disassembly of the chloroplast."" [GOC:jid]"	192	183	6	21925	0.03278688524590164	0.03125	query_1	['GO:0009657']	16hr_Monosome_down	1.4117160233248787
GO:MF	GO:0009044	xylan 1,4-beta-xylosidase activity	0.0388820920704619	True	"""Catalysis of the hydrolysis of (1->4)-beta-D-xylans so as to remove successive D-xylose residues from the non-reducing termini."" [EC:3.2.1.37]"	12	190	2	22878	0.010526315789473684	0.16666666666666666	query_1	['GO:0097599']	16hr_Monosome_down	1.4102503756847096
GO:CC	GO:0042579	microbody	0.041009745532184116	True	"""Cytoplasmic organelles, spherical or oval in shape, that are bounded by a single membrane and contain oxidative enzymes, especially those utilizing hydrogen peroxide (H2O2)."" [ISBN:0198506732]"	350	210	9	20029	0.04285714285714286	0.025714285714285714	query_1	['GO:0005737', 'GO:0043231']	16hr_Monosome_down	1.3871129255262469
GO:CC	GO:0005777	peroxisome	0.041009745532184116	True	"""A small organelle enclosed by a single membrane, and found in most eukaryotic cells. Contains peroxidases and other enzymes involved in a variety of metabolic processes including free radical detoxification, lipid catabolism and biosynthesis, and hydrogen peroxide metabolism."" [GOC:pm, PMID:9302272, UniProtKB-KW:KW-0576]"	350	210	9	20029	0.04285714285714286	0.025714285714285714	query_1	['GO:0042579']	16hr_Monosome_down	1.3871129255262469
GO:MF	GO:0046914	transition metal ion binding	0.04338037480206328	True	"""Binding to a transition metal ions; a transition metal is an element whose atom has an incomplete d-subshell of extranuclear electrons, or which gives rise to a cation or cations with an incomplete d-subshell. Transition metals often have more than one valency state. Biologically relevant transition metals include vanadium, manganese, iron, copper, cobalt, nickel, molybdenum and silver."" [ISBN:0198506732]"	1282	190	20	22878	0.10526315789473684	0.015600624024960999	query_1	['GO:0046872']	16hr_Monosome_down	1.3627067000450919
GO:MF	GO:0019842	vitamin binding	0.04338037480206328	True	"""Binding to a vitamin, one of a number of unrelated organic substances that occur in many foods in small amounts and that are necessary in trace amounts for the normal metabolic functioning of the body."" [GOC:ai]"	133	190	5	22878	0.02631578947368421	0.03759398496240601	query_1	['GO:0036094']	16hr_Monosome_down	1.3627067000450919
GO:MF	GO:0019187	beta-1,4-mannosyltransferase activity	0.04338037480206328	True	"""Catalysis of the transfer of a mannose residue to an oligosaccharide, forming a beta-(1->4) linkage."" [GOC:mcc, PMID:8166646]"	13	190	2	22878	0.010526315789473684	0.15384615384615385	query_1	['GO:0000030']	16hr_Monosome_down	1.3627067000450919
GO:BP	GO:0000302	response to reactive oxygen species	0.04457547637516132	True	"""Any process that results in a change in state or activity of a cell or an organism (in terms of movement, secretion, enzyme production, gene expression, etc.) as a result of a reactive oxygen species stimulus. Reactive oxygen species include singlet oxygen, superoxide, and oxygen free radicals."" [GOC:krc]"	140	183	5	21925	0.0273224043715847	0.03571428571428571	query_1	['GO:0006979', 'GO:1901700']	16hr_Monosome_down	1.3509040068514664
GO:BP	GO:0046484	oxazole or thiazole metabolic process	0.044972174475399675	True	"""The chemical reactions and pathways involving oxazole or thiazole, five-membered heterocyclic ring structures containing an oxygen and a sulfur, respectively, in the 1-position and a nitrogen in the 3-position."" [GOC:curators]"	1	183	1	21925	0.00546448087431694	1.0	query_1	['GO:0008152']	16hr_Monosome_down	1.3470561131028156
GO:BP	GO:0006223	uracil salvage	0.044972174475399675	True	"""Any process that generates uracil, 2,4-dioxopyrimidine, from derivatives of it without de novo synthesis."" [GOC:jl]"	1	183	1	21925	0.00546448087431694	1.0	query_1	['GO:0043100', 'GO:0046107']	16hr_Monosome_down	1.3470561131028156
GO:BP	GO:1900079	regulation of arginine biosynthetic process	0.044972174475399675	True	"""Any process that modulates the frequency, rate or extent of arginine biosynthetic process."" [GOC:dgf, GOC:TermGenie]"	1	183	1	21925	0.00546448087431694	1.0	query_1	['GO:0000820', 'GO:0000821', 'GO:0006526', 'GO:2000282']	16hr_Monosome_down	1.3470561131028156
GO:BP	GO:1900039	positive regulation of cellular response to hypoxia	0.044972174475399675	True	"""Any process that activates or increases the frequency, rate or extent of cellular response to hypoxia."" [GOC:TermGenie, GOC:yaf]"	1	183	1	21925	0.00546448087431694	1.0	query_1	['GO:0048522', 'GO:0048584', 'GO:0071456', 'GO:1900037']	16hr_Monosome_down	1.3470561131028156
GO:BP	GO:0006544	glycine metabolic process	0.044972174475399675	True	"""The chemical reactions and pathways involving glycine, aminoethanoic acid."" [GOC:go_curators]"	15	183	2	21925	0.01092896174863388	0.13333333333333333	query_1	['GO:0009069', 'GO:0170039']	16hr_Monosome_down	1.3470561131028156
GO:BP	GO:0051262	protein tetramerization	0.044972174475399675	True	"""The formation of a protein tetramer, a macromolecular structure consisting of four noncovalently associated identical or nonidentical subunits."" [GOC:ecd]"	16	183	2	21925	0.01092896174863388	0.125	query_1	['GO:0051259']	16hr_Monosome_down	1.3470561131028156
GO:BP	GO:0051290	protein heterotetramerization	0.044972174475399675	True	"""The formation of a protein heterotetramer, a macromolecular structure consisting of four noncovalently associated subunits, of which not all are identical."" [GOC:go_curators]"	1	183	1	21925	0.00546448087431694	1.0	query_1	['GO:0051262', 'GO:0051291']	16hr_Monosome_down	1.3470561131028156
GO:BP	GO:0051483	terpenoid biosynthetic process, mevalonate-independent	0.044972174475399675	True	"""The chemical reactions and pathways resulting in the formation of terpenoids, independent of mevalonate. Isopentenyl diphosphate (IPP) is the fundamental unit in terpenoid biosynthesis, and in mevalonate-independent biosynthesis, it is produced from pyruvate and glyceraldehyde 3-phosphate via intermediates including 1-deoxy-D-xylulose 5-phosphate."" [GOC:ai]"	1	183	1	21925	0.00546448087431694	1.0	query_1	['GO:0016114']	16hr_Monosome_down	1.3470561131028156
GO:BP	GO:0051484	isopentenyl diphosphate biosynthetic process, methylerythritol 4-phosphate pathway involved in terpenoid biosynthetic process	0.044972174475399675	True	"""The chemical reactions and pathways resulting in the formation of isopentenyl diphosphate by the mevalonate-independent pathway that contributes to terpenoid biosynthesis. Isopentenyl diphosphate (IPP) is the fundamental unit in isoprenoid biosynthesis and is biosynthesized from pyruvate and glyceraldehyde 3-phosphate via intermediates, including 1-deoxy-D-xylulose 5-phosphate."" [GOC:ai]"	1	183	1	21925	0.00546448087431694	1.0	query_1	['GO:0019288', 'GO:0051483']	16hr_Monosome_down	1.3470561131028156
GO:BP	GO:2000895	hemicellulose catabolic process	0.044972174475399675	True	"""The chemical reactions and pathways resulting in the breakdown of a hemicellulose."" [GOC:mengo_curators]"	16	183	2	21925	0.01092896174863388	0.125	query_1	['GO:0010410', 'GO:0044347']	16hr_Monosome_down	1.3470561131028156
GO:BP	GO:0052838	thiazole metabolic process	0.044972174475399675	True	"""The chemical reactions and pathways involving thiazole, a five-membered heterocyclic ring structure containing a sulfur in the 1-position and a nitrogen in the 3-position."" [GOC:curators]"	1	183	1	21925	0.00546448087431694	1.0	query_1	['GO:0006790', 'GO:0046484']	16hr_Monosome_down	1.3470561131028156
GO:BP	GO:0061083	regulation of protein refolding	0.044972174475399675	True	"""Any process that regulates the rate, frequency, or extent of protein refolding. Protein refolding is the process carried out by a cell that restores the biological activity of an unfolded or misfolded protein, using helper proteins such as chaperones."" [GOC:dph, GOC:tb]"	1	183	1	21925	0.00546448087431694	1.0	query_1	['GO:0042026', 'GO:1903332']	16hr_Monosome_down	1.3470561131028156
GO:BP	GO:0006642	triglyceride mobilization	0.044972174475399675	True	"""The release of triglycerides, any triester of glycerol, from storage within cells or tissues, making them available for metabolism."" [GOC:mah, PMID:11943743, PMID:15713625]"	1	183	1	21925	0.00546448087431694	1.0	query_1	['GO:0006641']	16hr_Monosome_down	1.3470561131028156
GO:BP	GO:0018160	peptidyl-pyrromethane cofactor linkage	0.044972174475399675	True	"""The covalent binding of a pyrromethane (dipyrrin) cofactor to protein via the sulfur atom of cysteine forming dipyrrolylmethanemethyl-L-cysteine."" [RESID:AA0252]"	1	183	1	21925	0.00546448087431694	1.0	query_1	['GO:0018198']	16hr_Monosome_down	1.3470561131028156
GO:BP	GO:0018131	oxazole or thiazole biosynthetic process	0.044972174475399675	True	"""The chemical reactions and pathways resulting in the formation of oxazole or thiazole, five-membered heterocyclic ring structures containing an oxygen and a sulfur, respectively, in the 1-position and a nitrogen in the 3-position."" [GOC:curators]"	1	183	1	21925	0.00546448087431694	1.0	query_1	['GO:0046484']	16hr_Monosome_down	1.3470561131028156
GO:BP	GO:0006649	phospholipid transfer to membrane	0.044972174475399675	True	"""The transfer of a phospholipid from its site of synthesis to the plasma membrane."" [GOC:go_curators]"	1	183	1	21925	0.00546448087431694	1.0	query_1	['GO:0015914', 'GO:0061024']	16hr_Monosome_down	1.3470561131028156
GO:BP	GO:0009081	branched-chain amino acid metabolic process	0.044972174475399675	True	"""The chemical reactions and pathways involving amino acids containing a branched carbon skeleton, comprising isoleucine, leucine and valine."" [GOC:ai]"	48	183	3	21925	0.01639344262295082	0.0625	query_1	['GO:0006520', 'GO:0019752']	16hr_Monosome_down	1.3470561131028156
GO:BP	GO:0072528	pyrimidine-containing compound biosynthetic process	0.044972174475399675	True	"""The chemical reactions and pathways resulting in the formation of a pyrimidine-containing compound, i.e. any compound that contains pyrimidine or a formal derivative thereof."" [GOC:mah]"	49	183	3	21925	0.01639344262295082	0.061224489795918366	query_1	['GO:0009058', 'GO:0072527']	16hr_Monosome_down	1.3470561131028156
GO:BP	GO:0009098	L-leucine biosynthetic process	0.044972174475399675	True	"""The chemical reactions and pathways resulting in the formation of L-leucine, 2-amino-4-methylpentanoic acid."" [GOC:ai]"	15	183	2	21925	0.01092896174863388	0.13333333333333333	query_1	['GO:0006551', 'GO:0009079', 'GO:0009082']	16hr_Monosome_down	1.3470561131028156
GO:BP	GO:0090279	regulation of calcium ion import	0.044972174475399675	True	"""Any process that modulates the rate, frequency, or extent of the directed movement of calcium ions into a cell or organelle."" [GOC:BHF]"	1	183	1	21925	0.00546448087431694	1.0	query_1	['GO:0051924', 'GO:0070509']	16hr_Monosome_down	1.3470561131028156
GO:BP	GO:0090368	regulation of ornithine metabolic process	0.044972174475399675	True	"""Any process that modulates the rate, frequency, or extent of the chemical reactions and pathways involving ornithine, an amino acid only rarely found in proteins, but which is important in living organisms as an intermediate in the reactions of the urea cycle and in arginine biosynthesis."" [GOC:dph, GOC:jp, GOC:tb]"	1	183	1	21925	0.00546448087431694	1.0	query_1	['GO:0006521', 'GO:0006591', 'GO:0062012']	16hr_Monosome_down	1.3470561131028156
GO:BP	GO:2001235	positive regulation of apoptotic signaling pathway	0.044972174475399675	True	"""Any process that activates or increases the frequency, rate or extent of apoptotic signaling pathway."" [GOC:mtg_apoptosis]"	1	183	1	21925	0.00546448087431694	1.0	query_1	['GO:0009967', 'GO:0043065', 'GO:0097190', 'GO:2001233']	16hr_Monosome_down	1.3470561131028156
GO:BP	GO:0052837	thiazole biosynthetic process	0.044972174475399675	True	"""The chemical reactions and pathways resulting in the formation of a thiazole, a five-membered heterocyclic ring structure containing a sulfur in the 1-position and a nitrogen in the 3-position."" [GOC:curators]"	1	183	1	21925	0.00546448087431694	1.0	query_1	['GO:0018131', 'GO:0044272', 'GO:0052838']	16hr_Monosome_down	1.3470561131028156
GO:BP	GO:0046166	glyceraldehyde-3-phosphate biosynthetic process	0.044972174475399675	True	"""The chemical reactions and pathways resulting in the formation of glyceraldehyde-3-phosphate, an important intermediate in glycolysis."" [GOC:ai]"	1	183	1	21925	0.00546448087431694	1.0	query_1	['GO:0019682', 'GO:0046184', 'GO:0090407', 'GO:1901137']	16hr_Monosome_down	1.3470561131028156
GO:BP	GO:0046107	uracil biosynthetic process	0.044972174475399675	True	"""The chemical reactions and pathways resulting in the formation of uracil, 2,4-dioxopyrimidine, one of the pyrimidine bases occurring in RNA, but not in DNA."" [GOC:go_curators]"	1	183	1	21925	0.00546448087431694	1.0	query_1	['GO:0019856', 'GO:0019860']	16hr_Monosome_down	1.3470561131028156
GO:BP	GO:0000097	sulfur amino acid biosynthetic process	0.044972174475399675	True	"""The chemical reactions and pathways resulting in the formation of amino acids containing sulfur, comprising cysteine, methionine and selenocysteine."" [GOC:ai]"	48	183	3	21925	0.01639344262295082	0.0625	query_1	['GO:0000096', 'GO:0044272', 'GO:0046394']	16hr_Monosome_down	1.3470561131028156
GO:BP	GO:2000013	regulation of arginine biosynthetic process via ornithine	0.044972174475399675	True	"""Any process that modulates the frequency, rate or extent of arginine biosynthetic process via ornithine."" [GOC:obol]"	1	183	1	21925	0.00546448087431694	1.0	query_1	['GO:0042450', 'GO:0090368', 'GO:1900079']	16hr_Monosome_down	1.3470561131028156
GO:BP	GO:0000372	Group I intron splicing	0.044972174475399675	True	"""The splicing of Group I introns. This occurs by a ribozymic mechanism where the intron sequence forms a distinct 3D structure, characteristic of Group I introns and involved in determining the locations of the splice sites (there do not appear to be consensus splice site sequences) as well as having a role in catalyzing the splicing reactions, though protein factors are also required in vivo. Splicing occurs by a series of two transesterification reactions, generally with exogenous guanosine as the initiating nucleophile. The intron is excised as a linear piece (though it may subsequently circularize)."" [GOC:krc, PMID:11377794]"	1	183	1	21925	0.00546448087431694	1.0	query_1	['GO:0000376']	16hr_Monosome_down	1.3470561131028156
GO:BP	GO:0097190	apoptotic signaling pathway	0.044972174475399675	True	"""The series of molecular signals which triggers the apoptotic death of a cell. The pathway starts with reception of a signal, and ends when the execution phase of apoptosis is triggered."" [GOC:mtg_apoptosis]"	1	183	1	21925	0.00546448087431694	1.0	query_1	['GO:0006915', 'GO:0007165']	16hr_Monosome_down	1.3470561131028156
GO:BP	GO:1903332	regulation of protein folding	0.044972174475399675	True	"""Any process that modulates the frequency, rate or extent of protein folding."" [GO_REF:0000058, GOC:TermGenie, GOC:vw]"	1	183	1	21925	0.00546448087431694	1.0	query_1	['GO:0006457', 'GO:0050794']	16hr_Monosome_down	1.3470561131028156
GO:BP	GO:0032355	response to estradiol	0.044972174475399675	True	"""Any process that results in a change in state or activity of a cell or an organism (in terms of movement, secretion, enzyme production, gene expression, etc.) as a result of stimulus by estradiol, a C18 steroid hormone hydroxylated at C3 and C17 that acts as a potent estrogen."" [GOC:mah, ISBN:0911910123]"	1	183	1	21925	0.00546448087431694	1.0	query_1	['GO:0033993', 'GO:1901700']	16hr_Monosome_down	1.3470561131028156
GO:BP	GO:0031564	transcription antitermination	0.044972174475399675	True	"""A positive regulation of gene expression mechanism that allows RNA polymerase to continue transcription beyond a termination site, thus allowing expression of downstream genes under specific conditions."" [ISBN:0198577788, PMID:12456320, PMID:21478900, PMID:30191803]"	1	183	1	21925	0.00546448087431694	1.0	query_1	['GO:0010628', 'GO:0060567']	16hr_Monosome_down	1.3470561131028156
GO:BP	GO:0000376	RNA splicing, via transesterification reactions with guanosine as nucleophile	0.044972174475399675	True	"""Splicing of RNA via a series of two transesterification reactions with exogenous guanosine as the initiating nucleophile."" [GOC:krc, PMID:11377794]"	1	183	1	21925	0.00546448087431694	1.0	query_1	['GO:0000375']	16hr_Monosome_down	1.3470561131028156
GO:BP	GO:0000821	regulation of arginine metabolic process	0.044972174475399675	True	"""Any process that modulates the frequency, rate or extent of the chemical reactions and pathways involving arginine, 2-amino-5-(carbamimidamido)pentanoic acid."" [GOC:go_curators]"	1	183	1	21925	0.00546448087431694	1.0	query_1	['GO:0006521', 'GO:0006525', 'GO:0062012']	16hr_Monosome_down	1.3470561131028156
GO:BP	GO:1901668	regulation of superoxide dismutase activity	0.044972174475399675	True	"""Any process that modulates the frequency, rate or extent of superoxide dismutase activity."" [GOC:TermGenie]"	1	183	1	21925	0.00546448087431694	1.0	query_1	['GO:0051341']	16hr_Monosome_down	1.3470561131028156
GO:BP	GO:1901671	positive regulation of superoxide dismutase activity	0.044972174475399675	True	"""Any process that activates or increases the frequency, rate or extent of superoxide dismutase activity."" [GOC:TermGenie]"	1	183	1	21925	0.00546448087431694	1.0	query_1	['GO:0051353', 'GO:1901668']	16hr_Monosome_down	1.3470561131028156
GO:BP	GO:2001233	regulation of apoptotic signaling pathway	0.044972174475399675	True	"""Any process that modulates the frequency, rate or extent of apoptotic signaling pathway."" [GOC:mtg_apoptosis]"	1	183	1	21925	0.00546448087431694	1.0	query_1	['GO:0009966', 'GO:0042981', 'GO:0097190']	16hr_Monosome_down	1.3470561131028156
GO:BP	GO:0000488	maturation of LSU-rRNA from tetracistronic rRNA transcript (SSU-rRNA, LSU-rRNA, 4.5S-rRNA, 5S-rRNA)	0.044972174475399675	True	"""Any process involved in the maturation of a precursor Large SubUnit (LSU) ribosomal RNA (rRNA) molecule into a mature LSU-rRNA molecule from the pre-rRNA molecule originally produced as a tetracistronic rRNA transcript that contains the Small Subunit (SSU) rRNA, Large Subunit (LSU) the 4.5S rRNA, and the 5S rRNA in that order from 5' to 3' along the primary transcript."" [GOC:curators]"	1	183	1	21925	0.00546448087431694	1.0	query_1	['GO:0000470']	16hr_Monosome_down	1.3470561131028156
GO:BP	GO:1901657	glycosyl compound metabolic process	0.044972174475399675	True	"""The chemical reactions and pathways involving glycosyl compound."" [GOC:pr, GOC:TermGenie]"	143	183	5	21925	0.0273224043715847	0.03496503496503497	query_1	['GO:1901135']	16hr_Monosome_down	1.3470561131028156
GO:BP	GO:0010430	fatty acid omega-oxidation	0.044972174475399675	True	"""A fatty acid oxidation process in which the methyl group at the end of the fatty acid molecule (the omega carbon) is first oxidized to a hydroxyl group, then to an oxo group, and finally to a carboxyl group. The long chain dicarboxylates derived from omega-oxidation then enter the beta-oxidation pathway for further degradation."" [MetaCyc:PWY-2724, PMID:16404574]"	1	183	1	21925	0.00546448087431694	1.0	query_1	['GO:0019395']	16hr_Monosome_down	1.3470561131028156
GO:BP	GO:0000489	maturation of SSU-rRNA from tetracistronic rRNA transcript (SSU-rRNA, LSU-rRNA, 4.5S-rRNA, 5S-rRNA)	0.044972174475399675	True	"""Any process involved in the maturation of a precursor Small SubUnit (SSU) ribosomal RNA (rRNA) molecule into a mature SSU-rRNA molecule from the pre-rRNA molecule originally produced as a tetracistronic rRNA transcript that contains the Small Subunit (SSU) rRNA, Large Subunit (LSU) the 4.5S rRNA, and the 5S rRNA in that order from 5' to 3' along the primary transcript."" [GOC:curators]"	1	183	1	21925	0.00546448087431694	1.0	query_1	['GO:0030490']	16hr_Monosome_down	1.3470561131028156
GO:BP	GO:0045493	xylan catabolic process	0.044972174475399675	True	"""The chemical reactions and pathways resulting in the breakdown of xylan, a polymer containing a beta-1,4-linked D-xylose backbone."" [GOC:go_curators, PMID:11931668]"	16	183	2	21925	0.01092896174863388	0.125	query_1	['GO:0045491', 'GO:2000895']	16hr_Monosome_down	1.3470561131028156
GO:BP	GO:0000481	maturation of 5S rRNA	0.044972174475399675	True	"""Any process involved in the maturation of a precursor 5S ribosomal RNA (rRNA) molecule into a mature 5S rRNA molecule."" [GOC:curators]"	1	183	1	21925	0.00546448087431694	1.0	query_1	['GO:0006364']	16hr_Monosome_down	1.3470561131028156
GO:BP	GO:0010398	xylogalacturonan metabolic process	0.044972174475399675	True	"""The chemical reactions and pathways involving xylogalacturonan, a pectin characterized by a backbone of alpha-(1->4)-linked D-galacturonic acid residues substituted on C-3 with beta-D-xylopyranose residues."" [GOC:tair_curators]"	1	183	1	21925	0.00546448087431694	1.0	query_1	['GO:0010393']	16hr_Monosome_down	1.3470561131028156
GO:MF	GO:0004635	phosphoribosyl-AMP cyclohydrolase activity	0.044984992860679265	True	"""Catalysis of the reaction: 1-(5-phosphonatoribosyl)-5'-AMP + H2O = 1-(5-phosphoribosyl)-5-[(5-phosphoribosylamino)methylideneamino]imidazole-4-carboxamide."" [EC:3.5.4.19, RHEA:20049]"	1	190	1	22878	0.005263157894736842	1.0	query_1	['GO:0019238']	16hr_Monosome_down	1.3469323441092742
GO:MF	GO:0004418	hydroxymethylbilane synthase activity	0.044984992860679265	True	"""Catalysis of the reaction: H2O + 4 porphobilinogen = hydroxymethylbilane + 4 NH4."" [EC:2.5.1.61, RHEA:13185]"	1	190	1	22878	0.005263157894736842	1.0	query_1	['GO:0016765']	16hr_Monosome_down	1.3469323441092742
GO:MF	GO:0003992	N2-acetyl-L-ornithine:2-oxoglutarate 5-aminotransferase activity	0.044984992860679265	True	"""Catalysis of the reaction: 2-oxoglutarate + N(2)-acetyl-L-ornithine = N-acetyl-L-glutamate 5-semialdehyde + L-glutamate."" [EC:2.6.1.11, RHEA:18049]"	1	190	1	22878	0.005263157894736842	1.0	query_1	['GO:0008483']	16hr_Monosome_down	1.3469323441092742
GO:MF	GO:0008685	2-C-methyl-D-erythritol 2,4-cyclodiphosphate synthase activity	0.044984992860679265	True	"""Catalysis of the reaction: 4-CDP-2-C-methyl-D-erythritol 2-phosphate = 2-C-methyl-D-erythritol 2,4-cyclic diphosphate + CMP."" [EC:4.6.1.12, RHEA:23864]"	1	190	1	22878	0.005263157894736842	1.0	query_1	['GO:0016849']	16hr_Monosome_down	1.3469323441092742
GO:MF	GO:0004636	phosphoribosyl-ATP diphosphatase activity	0.044984992860679265	True	"""Catalysis of the reaction: 1-(5-phospho-D-ribosyl)-ATP + H2O = 1-(5-phosphonatoribosyl)-5'-AMP + diphosphate + H+."" [EC:3.6.1.31, RHEA:22828]"	1	190	1	22878	0.005263157894736842	1.0	query_1	['GO:0016462']	16hr_Monosome_down	1.3469323441092742
GO:MF	GO:0008974	phosphoribulokinase activity	0.044984992860679265	True	"""Catalysis of the reaction: D-ribulose 5-phosphate + ATP = D-ribulose 1,5-bisphosphate + ADP + 2 H+."" [EC:2.7.1.19, RHEA:19365]"	1	190	1	22878	0.005263157894736842	1.0	query_1	['GO:0016301', 'GO:0016773']	16hr_Monosome_down	1.3469323441092742
GO:MF	GO:0004768	stearoyl-CoA 9-desaturase activity	0.044984992860679265	True	"""Catalysis of the reaction: 2 Fe(II)-[cytochrome b5] + 2 H+ + O2 + octadecanoyl-CoA = (9Z)-octadecenoyl-CoA + 2 Fe(III)-[cytochrome b5] + 2 H2O."" [RHEA:19721]"	1	190	1	22878	0.005263157894736842	1.0	query_1	['GO:0016215']	16hr_Monosome_down	1.3469323441092742
GO:MF	GO:0005227	calcium-activated cation channel activity	0.044984992860679265	True	"""Enables the transmembrane transfer of an inorganic cation by a channel that opens when a calcium cation has been bound by the channel complex or one of its constituent parts."" [GOC:dph, GOC:mtg_transport]"	15	190	2	22878	0.010526315789473684	0.13333333333333333	query_1	['GO:0022839', 'GO:0099094']	16hr_Monosome_down	1.3469323441092742
GO:MF	GO:0050278	sedoheptulose-bisphosphatase activity	0.044984992860679265	True	"""Catalysis of the reaction: sedoheptulose 1,7-bisphosphate + H2O = sedoheptulose 7-phosphate + phosphate."" [EC:3.1.3.37, MetaCyc:SEDOHEPTULOSE-BISPHOSPHATASE-RXN]"	1	190	1	22878	0.005263157894736842	1.0	query_1	['GO:0016791']	16hr_Monosome_down	1.3469323441092742
GO:MF	GO:0010291	beta-carotene 3-hydroxylase activity	0.044984992860679265	True	"""Catalysis of the reaction: all-trans-beta-carotene + 4 H+ + 2 O2 + 4 reduced [2Fe-2S]-[ferredoxin] = all-trans-zeaxanthin + 2 H2O + 4 oxidized [2Fe-2S]-[ferredoxin]."" [PMID:16492736, RHEA:30331]"	1	190	1	22878	0.005263157894736842	1.0	query_1	['GO:0004497']	16hr_Monosome_down	1.3469323441092742
GO:MF	GO:0102983	xylogalacturonan beta-1,3-xylosyltransferase activity	0.044984992860679265	True	"""Catalysis of the reaction: UDP-alpha-D-xylose + a homogalacturonan = UDP + 4 H+ + a xylogalacturonan."" [EC:2.4.2.41, GOC:pz]"	1	190	1	22878	0.005263157894736842	1.0	query_1	['GO:0016763']	16hr_Monosome_down	1.3469323441092742
GO:MF	GO:0102850	acyl-lipid (n+3)-(Z)-desaturase (ferredoxin) activity	0.044984992860679265	True	"""Catalysis of the reaction: a (9Z)-octadecenoyl-containing glycerolipid + 2 H+ + O2 + 2 reduced [2Fe-2S]-[ferredoxin] = a (9Z,12Z)-octadecadienoyl-containing glycerolipid + 2 H2O + 2 oxidized [2Fe-2S]-[ferredoxin]."" [RHEA:46376]"	1	190	1	22878	0.005263157894736842	1.0	query_1	['GO:0016717']	16hr_Monosome_down	1.3469323441092742
GO:MF	GO:0102215	thiocyanate methyltransferase activity	0.044984992860679265	True	"""Catalysis of the reaction: thiocyanate + S-adenosyl-L-methionine = methyl thiocyanate + S-adenosyl-L-homocysteine."" [RHEA:28014]"	1	190	1	22878	0.005263157894736842	1.0	query_1	['GO:0008168']	16hr_Monosome_down	1.3469323441092742
GO:MF	GO:0080004	thalian-diol desaturase activity	0.044984992860679265	True	"""Catalysis of the reaction: a thalian-diol = a desaturated thalian-diol. This reaction is the introduction of a double bond to a thalian-diol molecule at carbon 15."" [PMID:18356490]"	1	190	1	22878	0.005263157894736842	1.0	query_1	['GO:0016705']	16hr_Monosome_down	1.3469323441092742
GO:MF	GO:0051745	4-hydroxy-3-methylbut-2-enyl diphosphate reductase activity	0.044984992860679265	True	"""Catalyzes the conversion of (2E)-4-hydroxy-3-methylbut-2-enyl diphosphate + 2 H+ + 2 reduced [2Fe-2S]-[ferredoxin] to isopentenyl diphosphate (IPP) and dimethylallyl diphosphate (DMAPP) releasing H2O + 2 oxidized [2Fe-2S]-[ferredoxin]. Note that (E)-4-hydroxy-3-methylbut-2-en-1-yl diphosphate is an alternative name for 1-hydroxy-2-methyl-2-(E)-butenyl 4-diphosphate."" [EC:1.17.7.4, GOC:pg]"	1	190	1	22878	0.005263157894736842	1.0	query_1	['GO:0052592']	16hr_Monosome_down	1.3469323441092742
GO:MF	GO:0051743	red chlorophyll catabolite reductase activity	0.044984992860679265	True	"""Catalysis of the reaction: red chlorophyll catabolite + reduced ferredoxin + 2 H+ = primary fluorescent catabolite + oxidized ferredoxin. This reaction is the reduction of the C20/C1 double bond in the pyrrole system of red chlorophyll catabolite (RCC) to a colorless tetrapyrrole (pFCC) with a strong blue fluorescence."" [PMID:10743659]"	1	190	1	22878	0.005263157894736842	1.0	query_1	['GO:0016636']	16hr_Monosome_down	1.3469323441092742
GO:MF	GO:0046912	acyltransferase activity, acyl groups converted into alkyl on transfer	0.044984992860679265	True	"""Catalysis of the transfer of an acyl group from one compound (donor) to another (acceptor), with the acyl group being converted into alkyl on transfer."" [GOC:jl]"	16	190	2	22878	0.010526315789473684	0.125	query_1	['GO:0016746']	16hr_Monosome_down	1.3469323441092742
GO:MF	GO:0061770	translation elongation factor binding	0.044984992860679265	True	"""Binding to a translation elongation factor, any polypeptide factor involved in the peptide elongation in ribosome-mediated translation."" [GOC:dph]"	1	190	1	22878	0.005263157894736842	1.0	query_1	['GO:0005515']	16hr_Monosome_down	1.3469323441092742
GO:MF	GO:0046406	magnesium protoporphyrin IX methyltransferase activity	0.044984992860679265	True	"""Catalysis of the reaction: Mg-protoporphyrin IX + S-adenosyl-L-methionine = Mg-protoporphyrin IX 13-monomethyl ester + S-adenosyl-L-homocysteine."" [RHEA:17809]"	1	190	1	22878	0.005263157894736842	1.0	query_1	['GO:0008171', 'GO:0008757']	16hr_Monosome_down	1.3469323441092742
GO:MF	GO:0030604	1-deoxy-D-xylulose-5-phosphate reductoisomerase activity	0.044984992860679265	True	"""Catalysis of the reaction: 2-C-methyl-D-erythritol 4-phosphate + NADP+ = 1-deoxy-D-xylulose 5-phosphate + H+ + NADPH."" [EC:1.1.1.267, RHEA:13717]"	1	190	1	22878	0.005263157894736842	1.0	query_1	['GO:0016616']	16hr_Monosome_down	1.3469323441092742
GO:MF	GO:0022839	monoatomic ion-gated channel activity	0.044984992860679265	True	"""Enables the transmembrane transfer of a solute by a channel that opens in response to a specific ion stimulus."" [GOC:mtg_transport]"	15	190	2	22878	0.010526315789473684	0.13333333333333333	query_1	['GO:0022834']	16hr_Monosome_down	1.3469323441092742
GO:MF	GO:0017113	dihydropyrimidine dehydrogenase (NADP+) activity	0.044984992860679265	True	"""Catalysis of the reaction: 5,6-dihydrouracil + NADP+ = uracil + NADPH + H+."" [EC:1.3.1.2]"	1	190	1	22878	0.005263157894736842	1.0	query_1	['GO:0016628']	16hr_Monosome_down	1.3469323441092742
GO:MF	GO:0016210	naringenin-chalcone synthase activity	0.044984992860679265	True	"""Catalysis of the reaction: 3 malonyl-CoA + 4-coumaroyl-CoA = 4 CoA + naringenin chalcone + 3 CO2."" [EC:2.3.1.74]"	1	190	1	22878	0.005263157894736842	1.0	query_1	['GO:0016747']	16hr_Monosome_down	1.3469323441092742
GO:MF	GO:0010307	acetylglutamate kinase regulator activity	0.044984992860679265	True	"""Binds to and modulates the activity of acetylglutamate kinase."" [PMID:16377628]"	1	190	1	22878	0.005263157894736842	1.0	query_1	['GO:0003991', 'GO:0019207']	16hr_Monosome_down	1.3469323441092742
GO:MF	GO:0046905	15-cis-phytoene synthase activity	0.044984992860679265	True	"""Catalysis of the reaction: 2 geranylgeranyl diphosphate = 15-cis-phytoene + 2 diphosphate."" [PMID:12641468, RHEA:34475]"	1	190	1	22878	0.005263157894736842	1.0	query_1	['GO:0004659']	16hr_Monosome_down	1.3469323441092742
GO:MF	GO:0000287	magnesium ion binding	0.044984992860679265	True	"""Binding to a magnesium (Mg) ion."" [GOC:ai]"	141	190	5	22878	0.02631578947368421	0.03546099290780142	query_1	['GO:0046872']	16hr_Monosome_down	1.3469323441092742
GO:BP	GO:0170033	L-amino acid metabolic process	0.04552205450905955	True	"""The chemical reactions and pathways involving an L-amino acid."" [GOC:edw]"	275	183	7	21925	0.03825136612021858	0.025454545454545455	query_1	['GO:1901605']	16hr_Monosome_down	1.3417781455186877
GO:BP	GO:0044347	cell wall polysaccharide catabolic process	0.04562207518114571	True	"""The chemical reactions and pathways resulting in the breakdown of cell wall polysaccharides."" [GOC:mengo_curators]"	17	183	2	21925	0.01092896174863388	0.11764705882352941	query_1	['GO:0000272', 'GO:0010383', 'GO:0016998']	16hr_Monosome_down	1.340824964144351
GO:BP	GO:0019762	glucosinolate catabolic process	0.04562207518114571	True	"""The chemical reactions and pathways resulting in the breakdown of glucosinolates, substituted thioglucosides found in rapeseed products and related cruciferae."" [GOC:ai]"	17	183	2	21925	0.01092896174863388	0.11764705882352941	query_1	['GO:0016145', 'GO:0019760']	16hr_Monosome_down	1.340824964144351
GO:BP	GO:0006206	pyrimidine nucleobase metabolic process	0.04562207518114571	True	"""The chemical reactions and pathways involving pyrimidine nucleobases, 1,3-diazine, organic nitrogenous bases."" [GOC:go_curators]"	17	183	2	21925	0.01092896174863388	0.11764705882352941	query_1	['GO:0009112', 'GO:0072527']	16hr_Monosome_down	1.340824964144351
GO:BP	GO:0016145	S-glycoside catabolic process	0.04562207518114571	True	"""The chemical reactions and pathways resulting in the breakdown of S-glycosides, any compound in which a glycosyl group has been substituted into a thiol group."" [ISBN:0198506732]"	17	183	2	21925	0.01092896174863388	0.11764705882352941	query_1	['GO:0016143', 'GO:0044273', 'GO:1901658']	16hr_Monosome_down	1.340824964144351
GO:CC	GO:0009706	chloroplast inner membrane	0.04683399213693597	True	"""The inner, i.e. lumen-facing, lipid bilayer of the chloroplast envelope; also faces the chloroplast stroma."" [GOC:tb]"	88	210	4	20029	0.01904761904761905	0.045454545454545456	query_1	['GO:0009528', 'GO:0031969']	16hr_Monosome_down	1.3294388213093769
GO:BP	GO:0008654	phospholipid biosynthetic process	0.04738108116903084	True	"""The chemical reactions and pathways resulting in the formation of a phospholipid, a lipid containing phosphoric acid as a mono- or diester."" [ISBN:0198506732]"	152	183	5	21925	0.0273224043715847	0.03289473684210526	query_1	['GO:0006644', 'GO:0008610', 'GO:0090407']	16hr_Monosome_down	1.3243950335164434
GO:CC	GO:1990904	ribonucleoprotein complex	0.04793187347796349	True	"""A macromolecular complex that contains both RNA and protein molecules."" [GOC:krc, GOC:vesicles]"	831	210	16	20029	0.0761904761904762	0.019253910950661854	query_1	['GO:0032991']	16hr_Monosome_down	1.3193755957267557
GO:MF	GO:0005215	transporter activity	5.741970505341317e-09	True	"""Enables the directed movement of substances (such as macromolecules, small molecules, ions) into, out of or within a cell, accross or in between cells."" [GOC:ai, GOC:dgf]"	1183	93	24	22878	0.25806451612903225	0.02028740490278952	query_1	['GO:0003674']	4hr_Disome_down	8.240939042665081
GO:MF	GO:0022857	transmembrane transporter activity	5.741970505341317e-09	True	"""Enables the transfer of a substance, usually a specific substance or a group of related substances, from one side of a membrane to the other."" [GOC:jid, GOC:mtg_transport, ISBN:0815340729]"	1157	93	24	22878	0.25806451612903225	0.020743301642178046	query_1	['GO:0005215']	4hr_Disome_down	8.240939042665081
GO:BP	GO:0055085	transmembrane transport	2.4025485489496107e-07	True	"""The process in which a solute is transported across a lipid bilayer, from one side of a membrane to the other."" [GOC:dph, GOC:jid]"	1239	87	23	21925	0.26436781609195403	0.018563357546408393	query_1	['GO:0006810', 'GO:0009987']	4hr_Disome_down	6.619327827664459
GO:MF	GO:0015293	symporter activity	1.4239087552928644e-05	True	"""Enables the active transport of a solute across a membrane by a mechanism whereby two or more species are transported together in the same direction in a tightly coupled process not directly linked to a form of energy other than chemiosmotic energy."" [GOC:mtg_transport, ISBN:0815340729, PMID:10839820]"	97	93	7	22878	0.07526881720430108	0.07216494845360824	query_1	['GO:0015291']	4hr_Disome_down	4.846517839591328
GO:MF	GO:0022804	active transmembrane transporter activity	1.4381516381291586e-05	True	"""Enables the transfer of a specific substance or related group of substances from one side of a membrane to the other, up the solute's concentration gradient. The transporter binds the solute and undergoes a series of conformational changes. Transport works equally well in either direction."" [GOC:mtg_transport, ISBN:0815340729]"	527	93	13	22878	0.13978494623655913	0.024667931688804556	query_1	['GO:0022857']	4hr_Disome_down	4.842195319703676
GO:MF	GO:0015291	secondary active transmembrane transporter activity	1.4381516381291586e-05	True	"""Enables the transfer of a solute from one side of a membrane to the other, up its concentration gradient. The transporter binds the solute and undergoes a series of conformational changes. Transport works equally well in either direction and is driven by a chemiosmotic source of energy, not direct ATP coupling. Secondary active transporters include symporters and antiporters."" [GOC:mtg_transport, ISBN:0198506732, ISBN:0815340729, PMID:10839820]"	283	93	10	22878	0.10752688172043011	0.0353356890459364	query_1	['GO:0022804']	4hr_Disome_down	4.842195319703676
GO:MF	GO:0015318	inorganic molecular entity transmembrane transporter activity	0.0001337163941281843	True	"""Enables the transfer of an inorganic molecular entity from the outside of a cell to the inside of the cell across a membrane. An inorganic molecular entity is a molecular entity that contains no carbon."" [GOC:mtg_transport, ISBN:0815340729]"	459	93	11	22878	0.11827956989247312	0.023965141612200435	query_1	['GO:0022857']	4hr_Disome_down	3.87381534335188
GO:CC	GO:0009941	chloroplast envelope	0.0001693876706892952	True	"""The double lipid bilayer enclosing the chloroplast and separating its contents from the rest of the cytoplasm; includes the intermembrane space."" [GOC:tb]"	692	99	15	20029	0.15151515151515152	0.02167630057803468	query_1	['GO:0009507', 'GO:0009526']	4hr_Disome_down	3.7711182040789386
GO:CC	GO:0005737	cytoplasm	0.0001693876706892952	True	"""The contents of a cell excluding the plasma membrane and nucleus, but including other subcellular structures."" [ISBN:0198547684]"	9524	99	70	20029	0.7070707070707071	0.007349853002939942	query_1	['GO:0005622', 'GO:0110165']	4hr_Disome_down	3.7711182040789386
GO:BP	GO:0015833	peptide transport	0.0002180383097580795	True	"""The directed movement of peptides, compounds of two or more amino acids where the alpha carboxyl group of one is bound to the alpha amino group of another, into, out of or within a cell, or between cells, by means of some agent such as a transporter or pore."" [GOC:ai]"	49	87	5	21925	0.05747126436781609	0.10204081632653061	query_1	['GO:0042886']	4hr_Disome_down	3.661467193299929
GO:BP	GO:0006857	oligopeptide transport	0.0002180383097580795	True	"""The directed movement of oligopeptides into, out of or within a cell, or between cells, by means of some agent such as a transporter or pore. Oligopeptides are molecules that contain a small number (2 to 20) of amino-acid residues connected by peptide linkages."" [ISBN:0198506732]"	49	87	5	21925	0.05747126436781609	0.10204081632653061	query_1	['GO:0015833']	4hr_Disome_down	3.661467193299929
GO:BP	GO:0006810	transport	0.0002180383097580795	True	"""The directed movement of substances (such as macromolecules, small molecules, ions) or cellular components (such as complexes and organelles) into, out of or within a cell, or between cells, or within a multicellular organism by means of some agent such as a transporter or a transporter complex, a pore or a motor protein."" [GOC:dos, GOC:dph, GOC:jl, GOC:mah]"	2477	87	27	21925	0.3103448275862069	0.010900282599919257	query_1	['GO:0051234']	4hr_Disome_down	3.661467193299929
GO:BP	GO:0051234	establishment of localization	0.0002180383097580795	True	"""Any process that localizes a substance or cellular component. This may occur via movement, tethering or selective degradation."" [GOC:ai, GOC:dos]"	2536	87	27	21925	0.3103448275862069	0.010646687697160883	query_1	['GO:0051179']	4hr_Disome_down	3.661467193299929
GO:BP	GO:0051179	localization	0.00021900229400702347	True	"""Any process in which a cell, a substance, or a cellular entity, such as a protein complex or organelle, is transported, tethered to or otherwise maintained in a specific location. In the case of substances, localization may also be achieved via selective degradation."" [GOC:ai, GOC:dos]"	2636	87	27	21925	0.3103448275862069	0.01024279210925645	query_1	['GO:0008150']	4hr_Disome_down	3.6595513359846588
GO:BP	GO:0008643	carbohydrate transport	0.00021900229400702347	True	"""The directed movement of carbohydrate into, out of or within a cell, or between cells, by means of some agent such as a transporter or pore. Carbohydrates are a group of organic compounds based of the general formula Cx(H2O)y."" [GOC:ai]"	146	87	7	21925	0.08045977011494253	0.04794520547945205	query_1	['GO:0006810']	4hr_Disome_down	3.6595513359846588
GO:MF	GO:0016717	oxidoreductase activity, acting on paired donors, with oxidation of a pair of donors resulting in the reduction of molecular oxygen to two molecules of water	0.0002835997047477904	True	"""Catalysis of an oxidation-reduction (redox) reaction in which hydrogen or electrons are transferred from each of two donors, and molecular oxygen is reduced to two molecules of water."" [EC:1.14.19.-]"	30	93	4	22878	0.043010752688172046	0.13333333333333333	query_1	['GO:0016705']	4hr_Disome_down	3.5472942256274482
GO:MF	GO:0005402	carbohydrate:monoatomic cation symporter activity	0.0004276936144745352	True	"""Enables the transfer of a solute or solutes from one side of a membrane to the other according to the reaction: sugar(out) + cation(out) = sugar(in) + cation(in)."" [GOC:ai]"	12	93	3	22878	0.03225806451612903	0.25	query_1	['GO:0015144', 'GO:0015294']	4hr_Disome_down	3.3688672337721237
GO:MF	GO:0005351	carbohydrate:proton symporter activity	0.0004276936144745352	True	"""Enables the transfer of a solute or solutes from one side of a membrane to the other according to the reaction: carbohydrate(out) + H+(out) = carbohydrate(in) + H+(in)."" [TC:2.A.1.1]"	12	93	3	22878	0.03225806451612903	0.25	query_1	['GO:0005402', 'GO:0015295']	4hr_Disome_down	3.3688672337721237
GO:MF	GO:0035673	oligopeptide transmembrane transporter activity	0.0004276936144745352	True	"""Enables the transfer of oligopeptides from one side of a membrane to the other. Oligopeptides are molecules that contain a small number (2 to 20) of amino-acid residues connected by peptide linkages."" [GOC:vw, ISBN:0198506732]"	35	93	4	22878	0.043010752688172046	0.11428571428571428	query_1	['GO:0042887']	4hr_Disome_down	3.3688672337721237
GO:CC	GO:0009536	plastid	0.0005203688036132343	True	"""Any member of a family of organelles found in the cytoplasm of plants and some protists, which are membrane-bounded and contain DNA. Plant plastids develop from a common type, the proplastid."" [GOC:jl, ISBN:0198547684]"	2856	99	31	20029	0.31313131313131315	0.010854341736694677	query_1	['GO:0005737', 'GO:0043231']	4hr_Disome_down	3.283688747515403
GO:BP	GO:0042886	amide transport	0.0006525580420312512	True	"""The directed movement of an amide, any compound containing one, two, or three acyl groups attached to a nitrogen atom, into, out of or within a cell, or between cells, by means of some agent such as a transporter or pore."" [GOC:jl, ISBN:0198506732]"	67	87	5	21925	0.05747126436781609	0.07462686567164178	query_1	['GO:0071705']	4hr_Disome_down	3.185380853778464
GO:CC	GO:0016020	membrane	0.0007194295924663931	True	"""A lipid bilayer along with all the proteins and protein complexes embedded in it and attached to it."" [GOC:dos, GOC:mah, ISBN:0815316194]"	8169	99	61	20029	0.6161616161616161	0.007467254253886645	query_1	['GO:0110165']	4hr_Disome_down	3.143011702213174
GO:CC	GO:0009526	plastid envelope	0.0007194295924663931	True	"""The double lipid bilayer enclosing a plastid and separating its contents from the rest of the cytoplasm; includes the intermembrane space."" [GOC:jy]"	988	99	16	20029	0.16161616161616163	0.016194331983805668	query_1	['GO:0009536', 'GO:0031967']	4hr_Disome_down	3.143011702213174
GO:BP	GO:0035672	oligopeptide transmembrane transport	0.0009173346459207107	True	"""The process in which an oligopeptide is transported across a membrane. Oligopeptides are molecules that contain a small number (2 to 20) of amino-acid residues connected by peptide linkages."" [GOC:vw, ISBN:0198506732]"	35	87	4	21925	0.04597701149425287	0.11428571428571428	query_1	['GO:0006857', 'GO:0055085']	4hr_Disome_down	3.0374722037364426
GO:MF	GO:0015078	proton transmembrane transporter activity	0.0012342205075744454	True	"""Enables the transfer of a proton from one side of a membrane to the other."" [GOC:ai]"	157	93	6	22878	0.06451612903225806	0.03821656050955414	query_1	['GO:0008324', 'GO:0022890']	4hr_Disome_down	2.9086072417067355
GO:MF	GO:0015075	monoatomic ion transmembrane transporter activity	0.0014121918767520383	True	"""Enables the transfer of an ion from one side of a membrane to the other."" [GOC:dgf, GOC:mtg_transport, ISBN:0815340729]"	426	93	9	22878	0.0967741935483871	0.02112676056338028	query_1	['GO:0022857']	4hr_Disome_down	2.850106290994413
GO:MF	GO:0042887	amide transmembrane transporter activity	0.0014121918767520383	True	"""Enables the transfer of an amide, any compound containing one, two, or three acyl groups attached to a nitrogen atom, from one side of a membrane to the other."" [GOC:jl, ISBN:0198506732]"	51	93	4	22878	0.043010752688172046	0.0784313725490196	query_1	['GO:0022857']	4hr_Disome_down	2.850106290994413
GO:BP	GO:0009628	response to abiotic stimulus	0.0014616956433145198	True	"""Any process that results in a change in state or activity of a cell or an organism (in terms of movement, secretion, enzyme production, gene expression, etc.) as a result of an abiotic (not derived from living organisms) stimulus."" [GOC:hb]"	2131	87	22	21925	0.25287356321839083	0.010323791647114031	query_1	['GO:0050896']	4hr_Disome_down	2.8351430474804107
GO:BP	GO:0009987	cellular process	0.0014616956433145198	True	"""Any process that is carried out at the cellular level, but not necessarily restricted to a single cell. For example, cell communication occurs among more than one cell, but occurs at the cellular level."" [GOC:go_curators, GOC:isa_complete]"	16591	87	81	21925	0.9310344827586207	0.004882165029232717	query_1	['GO:0008150']	4hr_Disome_down	2.8351430474804107
GO:MF	GO:0015295	solute:proton symporter activity	0.001546110537751232	True	"""Enables the transfer of a solute or solutes from one side of a membrane to the other according to the reaction: solute(out) + H+(out) = solute(in) + H+(in)."" [GOC:ai]"	20	93	3	22878	0.03225806451612903	0.15	query_1	['GO:0015078', 'GO:0015294']	4hr_Disome_down	2.8107594598230685
GO:MF	GO:0022890	inorganic cation transmembrane transporter activity	0.0018283202391948309	True	"""Enables the transfer of inorganic cations from one side of a membrane to the other. Inorganic cations are atoms or small molecules with a positive charge that do not contain carbon in covalent linkage."" [GOC:ai, GOC:mtg_transport, ISBN:0815340729]"	349	93	8	22878	0.08602150537634409	0.022922636103151862	query_1	['GO:0015318']	4hr_Disome_down	2.7379477331457385
GO:BP	GO:0009409	response to cold	0.0022637942197381317	True	"""Any process that results in a change in state or activity of a cell or an organism (in terms of movement, secretion, enzyme production, gene expression, etc.) as a result of a cold stimulus, a temperature stimulus below the optimal temperature for that organism."" [GOC:lr]"	410	87	9	21925	0.10344827586206896	0.02195121951219512	query_1	['GO:0006950', 'GO:0009266']	4hr_Disome_down	2.6451630533203163
GO:MF	GO:0015294	solute:monoatomic cation symporter activity	0.0023737564145622494	True	"""Enables the transfer of a solute or solutes from one side of a membrane to the other according to the reaction: solute(out) + cation(out) = solute(in) + cation(in)."" [GOC:ai]"	24	93	3	22878	0.03225806451612903	0.125	query_1	['GO:0008324', 'GO:0015293']	4hr_Disome_down	2.624563848666627
GO:BP	GO:0044281	small molecule metabolic process	0.0025508816398769887	True	"""The chemical reactions and pathways involving small molecules, any low molecular weight, monomeric, non-encoded molecule."" [GOC:curators, GOC:pde, GOC:vw]"	1595	87	18	21925	0.20689655172413793	0.01128526645768025	query_1	['GO:0008152']	4hr_Disome_down	2.59330969205302
GO:BP	GO:0009266	response to temperature stimulus	0.0025508816398769887	True	"""Any process that results in a change in state or activity of a cell or an organism (in terms of movement, secretion, enzyme production, gene expression, etc.) as a result of a temperature stimulus."" [GOC:hb]"	644	87	11	21925	0.12643678160919541	0.017080745341614908	query_1	['GO:0009628']	4hr_Disome_down	2.59330969205302
GO:CC	GO:0042170	plastid membrane	0.002800721390339983	True	"""Either of the lipid bilayers that surround a plastid and form the plastid envelope."" [GOC:mah]"	674	99	12	20029	0.12121212121212122	0.017804154302670624	query_1	['GO:0009526', 'GO:0031090']	4hr_Disome_down	2.5527300916962785
GO:CC	GO:0009579	thylakoid	0.0034329288067831763	True	"""A membranous cellular structure that bears the photosynthetic pigments in plants, algae, and cyanobacteria. In cyanobacteria thylakoids are of various shapes and are attached to, or continuous with, the plasma membrane. In eukaryotes they are flattened, membrane-bounded disk-like structures located in the chloroplasts; in the chloroplasts of higher plants the thylakoids form dense stacks called grana. Isolated thylakoid preparations can carry out photosynthetic electron transport and the associated phosphorylation."" [GOC:ds, GOC:mtg_sensu, ISBN:0198506732]"	596	99	11	20029	0.1111111111111111	0.018456375838926176	query_1	['GO:0043232']	4hr_Disome_down	2.4643352030239485
GO:MF	GO:0015144	carbohydrate transmembrane transporter activity	0.0034508398960029474	True	"""Enables the transfer of carbohydrate from one side of a membrane to the other."" [GOC:jl, GOC:mtg_transport, ISBN:0815340729]"	70	93	4	22878	0.043010752688172046	0.05714285714285714	query_1	['GO:0022857']	4hr_Disome_down	2.4620751896205455
GO:BP	GO:0043436	oxoacid metabolic process	0.0035415409434885942	True	"""The chemical reactions and pathways involving any oxoacid; an oxoacid is a compound which contains oxygen, at least one other element, and at least one hydrogen bound to oxygen, and which produces a conjugate base by loss of positive hydrogen ion(s) (hydrons)."" [Wikipedia:Oxyacid]"	1067	87	14	21925	0.16091954022988506	0.013120899718837863	query_1	['GO:0006082']	4hr_Disome_down	2.4508077329907136
GO:BP	GO:0006082	organic acid metabolic process	0.0035415409434885942	True	"""The chemical reactions and pathways involving organic acids, any acidic compound containing carbon in covalent linkage."" [ISBN:0198506732]"	1068	87	14	21925	0.16091954022988506	0.013108614232209739	query_1	['GO:0044281']	4hr_Disome_down	2.4508077329907136
GO:CC	GO:0005829	cytosol	0.003768849415866769	True	"""The part of the cytoplasm that does not contain organelles but which does contain other particulate matter, such as protein complexes."" [GOC:hjd, GOC:jl]"	2420	99	25	20029	0.25252525252525254	0.010330578512396695	query_1	['GO:0005737', 'GO:0110165']	4hr_Disome_down	2.423791214411523
GO:CC	GO:0031967	organelle envelope	0.003768849415866769	True	"""A double membrane structure enclosing an organelle, including two lipid bilayers and the region between them. In some cases, an organelle envelope may have more than two membranes."" [GOC:mah, GOC:pz]"	1452	99	18	20029	0.18181818181818182	0.012396694214876033	query_1	['GO:0043227', 'GO:0043229', 'GO:0110165']	4hr_Disome_down	2.423791214411523
GO:CC	GO:0009507	chloroplast	0.004327377123372075	True	"""A chlorophyll-containing plastid with thylakoids organized into grana and frets, or stroma thylakoids, and embedded in a stroma."" [ISBN:0471245208]"	2351	99	24	20029	0.24242424242424243	0.010208421948107189	query_1	['GO:0009536']	4hr_Disome_down	2.3637752551450246
GO:CC	GO:0009532	plastid stroma	0.004327377123372075	True	"""The proteinaceous ground substance of plastids."" [ISBN:0943088399]"	769	99	12	20029	0.12121212121212122	0.015604681404421327	query_1	['GO:0009536', 'GO:0110165']	4hr_Disome_down	2.3637752551450246
GO:CC	GO:0110165	cellular anatomical structure	0.004327377123372075	True	"""A part of a cellular organism consisting of a material entity with granularity above the level of a protein complex but below that of an anatomical system. Note that cellular organisms exclude viruses."" [GOC:kmv]"	18497	99	99	20029	1.0	0.005352219278801968	query_1	['GO:0005575']	4hr_Disome_down	2.3637752551450246
GO:CC	GO:0009570	chloroplast stroma	0.004327377123372075	True	"""The space enclosed by the double membrane of a chloroplast but excluding the thylakoid space. It contains DNA, ribosomes and some temporary products of photosynthesis."" [ISBN:0198547684]"	762	99	12	20029	0.12121212121212122	0.015748031496062992	query_1	['GO:0009507', 'GO:0009532']	4hr_Disome_down	2.3637752551450246
GO:CC	GO:0031969	chloroplast membrane	0.004851556571557258	True	"""Either of the lipid bilayers that surround a chloroplast and form the chloroplast envelope."" [GOC:mah, GOC:pz]"	281	99	7	20029	0.0707070707070707	0.02491103202846975	query_1	['GO:0009941', 'GO:0042170']	4hr_Disome_down	2.314118900164553
GO:MF	GO:0016705	oxidoreductase activity, acting on paired donors, with incorporation or reduction of molecular oxygen	0.00488283488988495	True	"""Catalysis of an oxidation-reduction (redox) reaction in which hydrogen or electrons are transferred from each of two donors, and molecular oxygen is reduced or incorporated into a donor."" [EC:1.14.-.-]"	414	93	8	22878	0.08602150537634409	0.01932367149758454	query_1	['GO:0016491']	4hr_Disome_down	2.311327960873405
GO:BP	GO:0050896	response to stimulus	0.006761554469695093	True	"""Any process that results in a change in state or activity of a cell or an organism (in terms of movement, secretion, enzyme production, gene expression, etc.) as a result of a stimulus. The process begins with detection of the stimulus and ends with a change in state or activity or the cell or organism."" [GOC:ai, GOC:bf]"	6001	87	40	21925	0.45977011494252873	0.0066655557407098815	query_1	['GO:0008150']	4hr_Disome_down	2.16995344902833
GO:BP	GO:0006636	unsaturated fatty acid biosynthetic process	0.006855977900632671	True	"""The chemical reactions and pathways resulting in the formation of an unsaturated fatty acid, any fatty acid containing one or more double bonds between carbon atoms."" [GOC:mah, MetaCyc:PWY-762, MetaCyc:PWY-782]"	27	87	3	21925	0.034482758620689655	0.1111111111111111	query_1	['GO:0006633', 'GO:0033559']	4hr_Disome_down	2.163930590975283
GO:BP	GO:0033559	unsaturated fatty acid metabolic process	0.00725372660606636	True	"""The chemical reactions and pathways involving an unsaturated fatty acid, any fatty acid containing one or more double bonds between carbon atoms."" [GOC:mah]"	28	87	3	21925	0.034482758620689655	0.10714285714285714	query_1	['GO:0006631']	4hr_Disome_down	2.139438817064694
GO:BP	GO:0098660	inorganic ion transmembrane transport	0.008018109288416586	True	"""The process in which an inorganic ion is transported across a membrane."" [GOC:mah]"	407	87	8	21925	0.09195402298850575	0.019656019656019656	query_1	['GO:0055085']	4hr_Disome_down	2.0959280285254085
GO:CC	GO:0010319	stromule	0.008655551287612806	True	"""Thin filamentous structure extending from the surface of all plastid types examined so far, including chloroplast, proplastid, etioplast, leucoplast, amyloplast, and chromoplast. In general, stromules are more abundant in tissues containing non-green plastids, and in cells containing smaller plastids. The primary function of stromules is still unresolved, although the presence of stromules markedly increases the plastid surface area, potentially increasing transport to and from the cytosol. Other functions of stromules, such as transfer of macromolecules between plastids and starch granule formation in cereal endosperm, may be restricted to particular tissues and cell types."" [PMID:15272881, PMID:15699062, PMID:16582010]"	39	99	3	20029	0.030303030303030304	0.07692307692307693	query_1	['GO:0009526', 'GO:0110165']	4hr_Disome_down	2.062705265911818
GO:BP	GO:0006811	monoatomic ion transport	0.011404394586738953	True	"""The directed movement of a monoatomic ion into, out of or within a cell, or between cells, by means of some agent such as a transporter or pore. Monatomic ions (also called simple ions) are ions consisting of exactly one atom."" [GOC:ai]"	547	87	9	21925	0.10344827586206896	0.016453382084095063	query_1	['GO:0006810']	4hr_Disome_down	1.9429277647158993
GO:BP	GO:0033554	cellular response to stress	0.01140922727350003	True	"""Any process that results in a change in state or activity of a cell (in terms of movement, secretion, enzyme production, gene expression, etc.) as a result of a stimulus indicating the organism is under stress. The stress is usually, but not necessarily, exogenous (e.g. temperature, humidity, ionizing radiation)."" [GOC:mah]"	1085	87	13	21925	0.14942528735632185	0.011981566820276499	query_1	['GO:0006950', 'GO:0051716']	4hr_Disome_down	1.9427437685720732
GO:BP	GO:0009624	response to nematode	0.01140922727350003	True	"""Any process that results in a change in state or activity of a cell or an organism (in terms of movement, secretion, enzyme production, gene expression, etc.) as a result of a stimulus from a nematode."" [GOC:hb]"	84	87	4	21925	0.04597701149425287	0.047619047619047616	query_1	['GO:0051707']	4hr_Disome_down	1.9427437685720732
GO:CC	GO:0031090	organelle membrane	0.011607176904427668	True	"""A membrane that is one of the two lipid bilayers of an organelle envelope or the outermost membrane of single membrane bound organelle."" [GOC:dos, GOC:mah]"	2413	99	23	20029	0.23232323232323232	0.009531703273932863	query_1	['GO:0016020', 'GO:0043227']	4hr_Disome_down	1.9352733964472388
GO:BP	GO:0006950	response to stress	0.012411867142314525	True	"""Any process that results in a change in state or activity of a cell or an organism (in terms of movement, secretion, enzyme production, gene expression, etc.) as a result of a disturbance in organismal or cellular homeostasis, usually, but not necessarily, exogenous (e.g. temperature, humidity, ionizing radiation)."" [GOC:mah]"	3733	87	28	21925	0.3218390804597701	0.007500669702652022	query_1	['GO:0050896']	4hr_Disome_down	1.9061628817882013
GO:MF	GO:0008324	monoatomic cation transmembrane transporter activity	0.013324931988017213	True	"""Enables the transfer of cation from one side of a membrane to the other."" [GOC:dgf, GOC:mtg_transport, ISBN:0815340729]"	373	93	7	22878	0.07526881720430108	0.01876675603217158	query_1	['GO:0015075']	4hr_Disome_down	1.8753349989846329
GO:BP	GO:0072330	monocarboxylic acid biosynthetic process	0.014182225681650276	True	"""The chemical reactions and pathways resulting in the formation of monocarboxylic acids, any organic acid containing one carboxyl (-COOH) group."" [GOC:mah]"	249	87	6	21925	0.06896551724137931	0.024096385542168676	query_1	['GO:0032787', 'GO:0046394']	4hr_Disome_down	1.84825560798168
GO:CC	GO:0005622	intracellular anatomical structure	0.017799199644085714	True	"""A component of a cell contained within (but not including) the plasma membrane. In eukaryotes it includes the nucleus and cytoplasm."" [ISBN:0198506732]"	13505	99	80	20029	0.8080808080808081	0.005923731951129212	query_1	['GO:0110165']	4hr_Disome_down	1.7495995256670531
GO:CC	GO:0005886	plasma membrane	0.018688904159444658	True	"""The membrane surrounding a cell that separates the cell from its external environment. It consists of a phospholipid bilayer and associated proteins."" [ISBN:0716731363]"	2524	99	23	20029	0.23232323232323232	0.009112519809825673	query_1	['GO:0016020', 'GO:0071944']	4hr_Disome_down	1.7284161631187005
GO:BP	GO:0032787	monocarboxylic acid metabolic process	0.020840609674000615	True	"""The chemical reactions and pathways involving monocarboxylic acids, any organic acid containing one carboxyl (COOH) group or anion (COO-)."" [GOC:vk]"	489	87	8	21925	0.09195402298850575	0.016359918200409	query_1	['GO:0019752']	4hr_Disome_down	1.681089580277443
GO:BP	GO:0071941	nitrogen cycle metabolic process	0.021701777071333358	True	"""A nitrogen compound metabolic process that contributes to the nitrogen cycle. The nitrogen cycle is a series of metabolic pathways by which nitrogen is converted between various forms and redox states; it encompasses pathways in which nitrogen is acted upon directly, such as nitrification, denitrification, nitrogen fixation, and mineralization."" [GOC:mah, PMID:16675690, Wikipedia:Nitrogen_cycle]"	46	87	3	21925	0.034482758620689655	0.06521739130434782	query_1	['GO:0008152']	4hr_Disome_down	1.6635047020650882
GO:BP	GO:0006631	fatty acid metabolic process	0.021701777071333358	True	"""The chemical reactions and pathways involving fatty acids, aliphatic monocarboxylic acids liberated from naturally occurring fats and oils by hydrolysis."" [ISBN:0198547684]"	276	87	6	21925	0.06896551724137931	0.021739130434782608	query_1	['GO:0006629', 'GO:0032787']	4hr_Disome_down	1.6635047020650882
GO:CC	GO:0031985	Golgi cisterna	0.02448646197873514	True	"""Any of the thin, flattened membrane-bounded compartments that form the central portion of the Golgi complex."" [GOC:mah]"	203	99	5	20029	0.050505050505050504	0.024630541871921183	query_1	['GO:0005795', 'GO:0098791']	4hr_Disome_down	1.6110739610620368
GO:CC	GO:0005795	Golgi stack	0.028532778108978914	True	"""The set of thin, flattened membrane-bounded compartments, called cisternae, that form the central portion of the Golgi complex. The stack usually comprises cis, medial, and trans cisternae; the cis- and trans-Golgi networks are not considered part of the stack."" [GOC:mah, ISBN:0815316194]"	213	99	5	20029	0.050505050505050504	0.023474178403755867	query_1	['GO:0098791']	4hr_Disome_down	1.5446559409730967
GO:BP	GO:0009635	response to herbicide	0.03429792086717403	True	"""Any process that results in a change in state or activity of a cell or an organism (in terms of movement, secretion, enzyme production, gene expression, etc.) as a result of a herbicide stimulus. Herbicides are chemicals used to kill or control the growth of plants."" [GOC:curators]"	14	87	2	21925	0.022988505747126436	0.14285714285714285	query_1	['GO:0006950', 'GO:0009636']	4hr_Disome_down	1.4647322060004193
GO:BP	GO:0019752	carboxylic acid metabolic process	0.03429792086717403	True	"""The chemical reactions and pathways involving carboxylic acids, any organic acid containing one or more carboxyl (COOH) groups or anions (COO-)."" [ISBN:0198506732]"	955	87	11	21925	0.12643678160919541	0.011518324607329843	query_1	['GO:0043436']	4hr_Disome_down	1.4647322060004193
GO:BP	GO:0044283	small molecule biosynthetic process	0.035149676480510504	True	"""The chemical reactions and pathways resulting in the formation of small molecules, any low molecular weight, monomeric, non-encoded molecule."" [GOC:curators, GOC:pde, GOC:vw]"	686	87	9	21925	0.10344827586206896	0.013119533527696793	query_1	['GO:0009058', 'GO:0044281']	4hr_Disome_down	1.454078667895243
GO:BP	GO:0071705	nitrogen compound transport	0.035149676480510504	True	"""The directed movement of nitrogen-containing compounds into, out of or within a cell, or between cells, by means of some agent such as a transporter or pore."" [GOC:mah]"	972	87	11	21925	0.12643678160919541	0.01131687242798354	query_1	['GO:0006810']	4hr_Disome_down	1.454078667895243
GO:BP	GO:0016053	organic acid biosynthetic process	0.035149676480510504	True	"""The chemical reactions and pathways resulting in the formation of organic acids, any acidic compound containing carbon in covalent linkage."" [ISBN:0198506732]"	556	87	8	21925	0.09195402298850575	0.014388489208633094	query_1	['GO:0006082', 'GO:0044283']	4hr_Disome_down	1.454078667895243
GO:BP	GO:0006812	monoatomic cation transport	0.035149676480510504	True	"""The directed movement of a monoatomic cation, into, out of or within a cell, or between cells, by means of some agent such as a transporter or pore. Monatomic cations (also called simple cations) are positively charged ions consisting of exactly one atom."" [GOC:ai]"	431	87	7	21925	0.08045977011494253	0.016241299303944315	query_1	['GO:0006811']	4hr_Disome_down	1.454078667895243
GO:BP	GO:0046394	carboxylic acid biosynthetic process	0.035149676480510504	True	"""The chemical reactions and pathways resulting in the formation of carboxylic acids, any organic acid containing one or more carboxyl (-COOH) groups."" [ISBN:0198506732]"	556	87	8	21925	0.09195402298850575	0.014388489208633094	query_1	['GO:0016053', 'GO:0019752']	4hr_Disome_down	1.454078667895243
GO:CC	GO:0000325	plant-type vacuole	0.03861434404527196	True	"""A closed structure that is completely surrounded by a unit membrane, contains liquid, and retains the same shape regardless of cell cycle phase. An example of this structure is found in Arabidopsis thaliana."" [GOC:mtg_sensu, ISBN:0815316208]"	794	99	10	20029	0.10101010101010101	0.012594458438287154	query_1	['GO:0005773']	4hr_Disome_down	1.413251338268013
GO:CC	GO:0043232	intracellular membraneless organelle	0.0389191704880049	True	"""Organized structure of distinctive morphology and function, not bounded by a lipid bilayer membrane and occurring within the cell. Includes ribosomes, the cytoskeleton and chromosomes."" [GOC:go_curators]"	2568	99	22	20029	0.2222222222222222	0.008566978193146417	query_1	['GO:0043228', 'GO:0043229']	4hr_Disome_down	1.4098364247325983
GO:CC	GO:0043228	membraneless organelle	0.0389191704880049	True	"""Organized structure of distinctive morphology and function, not bounded by a lipid bilayer membrane. Includes ribosomes, the cytoskeleton and chromosomes."" [GOC:go_curators]"	2568	99	22	20029	0.2222222222222222	0.008566978193146417	query_1	['GO:0043226']	4hr_Disome_down	1.4098364247325983
GO:CC	GO:0043229	intracellular organelle	0.039678253501640656	True	"""Organized structure of distinctive morphology and function, occurring within the cell. Includes the nucleus, mitochondria, plastids, vacuoles, vesicles, ribosomes and the cytoskeleton. Excludes the plasma membrane."" [GOC:go_curators]"	12312	99	73	20029	0.7373737373737373	0.005929174788823911	query_1	['GO:0005622', 'GO:0043226']	4hr_Disome_down	1.4014474522258482
GO:CC	GO:0043226	organelle	0.039678253501640656	True	"""Organized structure of distinctive morphology and function. Includes the nucleus, mitochondria, plastids, vacuoles, vesicles, ribosomes and the cytoskeleton, and prokaryotic structures such as anammoxosomes and pirellulosomes. Excludes the plasma membrane."" [GOC:go_curators]"	12326	99	73	20029	0.7373737373737373	0.0059224403699496995	query_1	['GO:0110165']	4hr_Disome_down	1.4014474522258482
GO:MF	GO:0004768	stearoyl-CoA 9-desaturase activity	0.041598915989159546	True	"""Catalysis of the reaction: 2 Fe(II)-[cytochrome b5] + 2 H+ + O2 + octadecanoyl-CoA = (9Z)-octadecenoyl-CoA + 2 Fe(III)-[cytochrome b5] + 2 H2O."" [RHEA:19721]"	1	93	1	22878	0.010752688172043012	1.0	query_1	['GO:0016215']	4hr_Disome_down	1.3809179863458587
GO:MF	GO:0045435	lycopene epsilon cyclase activity	0.041598915989159546	True	"""Catalysis of the cyclization of an epsilon ring at one end of the lycopene molecule (psi, psi-carotene) to form delta-carotene (epsilon, psi-carotene)."" [PMID:8837512]"	1	93	1	22878	0.010752688172043012	1.0	query_1	['GO:0009975', 'GO:0016860']	4hr_Disome_down	1.3809179863458587
GO:MF	GO:0010290	chlorophyll catabolite transmembrane transporter activity	0.041598915989159546	True	"""Enables the directed movement of chlorophyll catabolites such as non-fluorescent chlorophyll catabolites (NCCs), from one side of a membrane to the other."" [PMID:9681016]"	1	93	1	22878	0.010752688172043012	1.0	query_1	['GO:0022857']	4hr_Disome_down	1.3809179863458587
GO:MF	GO:0015148	D-xylose transmembrane transporter activity	0.041598915989159546	True	"""Enables the transfer of D-xylose from one side of a membrane to the other. D-xylose (the naturally occurring enantiomer is always D-) is a constituent of plant polysaccharides."" [GOC:mtg_transport, ISBN:0198506732, ISBN:0815340729]"	1	93	1	22878	0.010752688172043012	1.0	query_1	['GO:0015146']	4hr_Disome_down	1.3809179863458587
GO:MF	GO:0015194	L-serine transmembrane transporter activity	0.041598915989159546	True	"""Enables the transfer of L-serine from one side of a membrane to the other. L-serine is the L-enantiomer of 2-amino-3-hydroxypropanoic acid."" [GOC:ai, GOC:jsg, GOC:mah, GOC:mtg_transport]"	1	93	1	22878	0.010752688172043012	1.0	query_1	['GO:0015101', 'GO:0015179']	4hr_Disome_down	1.3809179863458587
GO:MF	GO:0015431	ABC-type glutathione S-conjugate transporter activity	0.041598915989159546	True	"""Catalysis of the reaction: ATP + H2O + glutathione S-conjugate(in) -> ADP + phosphate + glutathione S-conjugate(out)."" [GOC:jl, PMID:1455517, RHEA:19121]"	1	93	1	22878	0.010752688172043012	1.0	query_1	['GO:0140359', 'GO:1901682']	4hr_Disome_down	1.3809179863458587
GO:MF	GO:0015575	mannitol transmembrane transporter activity	0.041598915989159546	True	"""Enables the transfer of mannitol from one side of a membrane to the other. Mannitol is the alditol derived from D-mannose by reduction of the aldehyde group."" [GOC:ai, GOC:mtg_transport, ISBN:0815340729]"	1	93	1	22878	0.010752688172043012	1.0	query_1	['GO:0015144', 'GO:0015166']	4hr_Disome_down	1.3809179863458587
GO:MF	GO:0015576	sorbitol transmembrane transporter activity	0.041598915989159546	True	"""Enables the transfer of sorbitol from one side of a membrane to the other. Sorbitol, also known as glucitol, is the hexitol derived by the reduction of the aldehyde group of glucose."" [GOC:ai, ISBN:0198506732]"	1	93	1	22878	0.010752688172043012	1.0	query_1	['GO:0015144', 'GO:0015166', 'GO:0022804']	4hr_Disome_down	1.3809179863458587
GO:MF	GO:0015591	D-ribose transmembrane transporter activity	0.041598915989159546	True	"""Enables the transfer of D-ribose from one side of a membrane to the other. As beta-D-ribofuranose, D-ribose forms the glycose group of all ribonucleosides, ribonucleotides and ribonucleic acids, and also of ribose phosphates, various glycosides, some coenzymes and some forms of vitamin B12."" [GOC:mtg_transport, ISBN:0198506732, ISBN:0815340729]"	1	93	1	22878	0.010752688172043012	1.0	query_1	['GO:0015146']	4hr_Disome_down	1.3809179863458587
GO:MF	GO:1901682	sulfur compound transmembrane transporter activity	0.041598915989159546	True	"""Enables the transfer of a sulfur compound from one side of a membrane to the other."" [GOC:pr, GOC:TermGenie]"	22	93	2	22878	0.021505376344086023	0.09090909090909091	query_1	['GO:0022857']	4hr_Disome_down	1.3809179863458587
GO:MF	GO:0016040	glutamate synthase (NADH) activity	0.041598915989159546	True	"""Catalysis of the reaction: 2 L-glutamate + NAD+ = 2-oxoglutarate + L-glutamine + H+ + NADH."" [EC:1.4.1.14, RHEA:13753]"	1	93	1	22878	0.010752688172043012	1.0	query_1	['GO:0015930']	4hr_Disome_down	1.3809179863458587
GO:BP	GO:0034220	monoatomic ion transmembrane transport	0.041804327542002626	True	"""A process in which a monoatomic ion is transported across a membrane. Monatomic ions (also called simple ions) are ions consisting of exactly one atom."" [GOC:mah]"	447	87	7	21925	0.08045977011494253	0.015659955257270694	query_1	['GO:0006811', 'GO:0055085']	4hr_Disome_down	1.3787787581692146
GO:CC	GO:0061617	MICOS complex	0.044710460870792154	True	"""Mitochondrial inner membrane complex involved in maintenance of crista junctions, inner membrane architecture, and formation of contact sites to the outer membrane. In Saccharomyces cerevisiae the complex has six subunits: MIC10, MIC12, MIC19, MIC26, MIC27, and MIC60."" [GOC:dph, PMID:21944719, PMID:21987634, PMID:22009199, PMID:24687277]"	2	99	1	20029	0.010101010101010102	0.5	query_1	['GO:0098800']	4hr_Disome_down	1.349590853446432
GO:CC	GO:0000138	Golgi trans cisterna	0.044710460870792154	True	"""The Golgi cisterna farthest from the endoplasmic reticulum; the final processing compartment through which proteins pass before exiting the Golgi apparatus; the compartment in which N-linked protein glycosylation is completed."" [ISBN:0815316194]"	85	99	3	20029	0.030303030303030304	0.03529411764705882	query_1	['GO:0031985']	4hr_Disome_down	1.349590853446432
GO:CC	GO:0005851	eukaryotic translation initiation factor 2B complex	0.044710460870792154	True	"""A multisubunit guanine nucleotide exchange factor which catalyzes the exchange of GDP bound to initiation factor eIF2 for GTP, generating active eIF2-GTP. In humans, it is composed of five subunits, alpha, beta, delta, gamma and epsilon."" [PMID:9438375]"	2	99	1	20029	0.010101010101010102	0.5	query_1	['GO:0005737', 'GO:0032045']	4hr_Disome_down	1.349590853446432
GO:CC	GO:0009528	plastid inner membrane	0.044710460870792154	True	"""The inner, i.e. lumen-facing, lipid bilayer of the plastid envelope; also faces the plastid stroma."" [GOC:lr]"	91	99	3	20029	0.030303030303030304	0.03296703296703297	query_1	['GO:0019866', 'GO:0042170']	4hr_Disome_down	1.349590853446432
GO:CC	GO:0009706	chloroplast inner membrane	0.044710460870792154	True	"""The inner, i.e. lumen-facing, lipid bilayer of the chloroplast envelope; also faces the chloroplast stroma."" [GOC:tb]"	88	99	3	20029	0.030303030303030304	0.03409090909090909	query_1	['GO:0009528', 'GO:0031969']	4hr_Disome_down	1.349590853446432
GO:CC	GO:0043227	membrane-bounded organelle	0.044710460870792154	True	"""Organized structure of distinctive morphology and function, bounded by a single or double lipid bilayer membrane. Includes the nucleus, mitochondria, plastids, vacuoles, and vesicles. Excludes the plasma membrane."" [GOC:go_curators]"	11823	99	70	20029	0.7070707070707071	0.005920663114268798	query_1	['GO:0043226']	4hr_Disome_down	1.349590853446432
GO:CC	GO:0043231	intracellular membrane-bounded organelle	0.044710460870792154	True	"""Organized structure of distinctive morphology and function, bounded by a single or double lipid bilayer membrane and occurring within the cell. Includes the nucleus, mitochondria, plastids, vacuoles, and vesicles. Excludes the plasma membrane."" [GOC:go_curators]"	11808	99	70	20029	0.7070707070707071	0.005928184281842819	query_1	['GO:0043227', 'GO:0043229']	4hr_Disome_down	1.349590853446432
GO:CC	GO:0110067	ammonium transmembrane transporter complex	0.044710460870792154	True	"""High affinity ammonium transporter complex that enables the transfer of ammonium from one side of a membrane to the other."" [GOC:bhm, PMID:17026539, PMID:23463773]"	2	99	1	20029	0.010101010101010102	0.5	query_1	['GO:1902495']	4hr_Disome_down	1.349590853446432
GO:BP	GO:0034219	carbohydrate transmembrane transport	0.04500302750255389	True	"""The process in which a carbohydrate is transported across a membrane."" [GOC:mah]"	66	87	3	21925	0.034482758620689655	0.045454545454545456	query_1	['GO:0008643', 'GO:0055085']	4hr_Disome_down	1.3467582688151962
GO:BP	GO:0070887	cellular response to chemical stimulus	0.04500302750255389	True	"""Any process that results in a change in state or activity of a cell (in terms of movement, secretion, enzyme production, gene expression, etc.) as a result of a chemical stimulus."" [GOC:mah]"	1669	87	15	21925	0.1724137931034483	0.008987417615338526	query_1	['GO:0042221', 'GO:0051716']	4hr_Disome_down	1.3467582688151962
GO:BP	GO:0098662	inorganic cation transmembrane transport	0.04500302750255389	True	"""A process in which an inorganic cation is transported from one side of a membrane to the other by means of some agent such as a transporter or pore."" [GOC:mah]"	340	87	6	21925	0.06896551724137931	0.01764705882352941	query_1	['GO:0098660']	4hr_Disome_down	1.3467582688151962
GO:MF	GO:0003735	structural constituent of ribosome	3.039113254001364e-05	True	"""The action of a molecule that contributes to the structural integrity of the ribosome."" [GOC:mah]"	419	62	10	22878	0.16129032258064516	0.02386634844868735	query_1	['GO:0005198']	Bulked_Disome_down	4.517253115427996
GO:MF	GO:0005198	structural molecule activity	3.039113254001364e-05	True	"""The action of a molecule that contributes to the structural integrity of a complex."" [GOC:mah, GOC:vw]"	572	62	11	22878	0.1774193548387097	0.019230769230769232	query_1	['GO:0003674']	Bulked_Disome_down	4.517253115427996
GO:CC	GO:0005737	cytoplasm	0.0003779702237282292	True	"""The contents of a cell excluding the plasma membrane and nucleus, but including other subcellular structures."" [ISBN:0198547684]"	9524	66	50	20029	0.7575757575757576	0.005249895002099958	query_1	['GO:0005622', 'GO:0110165']	Bulked_Disome_down	3.4225424122788675
GO:CC	GO:0043228	membraneless organelle	0.0004782602379546114	True	"""Organized structure of distinctive morphology and function, not bounded by a lipid bilayer membrane. Includes ribosomes, the cytoskeleton and chromosomes."" [GOC:go_curators]"	2568	66	22	20029	0.3333333333333333	0.008566978193146417	query_1	['GO:0043226']	Bulked_Disome_down	3.3203357244065668
GO:CC	GO:0043232	intracellular membraneless organelle	0.0004782602379546114	True	"""Organized structure of distinctive morphology and function, not bounded by a lipid bilayer membrane and occurring within the cell. Includes ribosomes, the cytoskeleton and chromosomes."" [GOC:go_curators]"	2568	66	22	20029	0.3333333333333333	0.008566978193146417	query_1	['GO:0043228', 'GO:0043229']	Bulked_Disome_down	3.3203357244065668
GO:CC	GO:0005840	ribosome	0.0004782602379546114	True	"""An intracellular organelle, about 200 A in diameter, consisting of RNA and protein. It is the site of protein biosynthesis resulting from translation of messenger RNA (mRNA). It consists of two subunits, one large and one small, each containing only protein and RNA. Both the ribosome and its subunits are characterized by their sedimentation coefficients, expressed in Svedberg units (symbol: S). Hence, the prokaryotic ribosome (70S) comprises a large (50S) subunit and a small (30S) subunit, while the eukaryotic ribosome (80S) comprises a large (60S) subunit and a small (40S) subunit. Two sites on the ribosomal large subunit are involved in translation, namely the aminoacyl site (A site) and peptidyl site (P site). Ribosomes from prokaryotes, eukaryotes, mitochondria, and chloroplasts have characteristically distinct ribosomal proteins."" [ISBN:0198506732]"	533	66	10	20029	0.15151515151515152	0.01876172607879925	query_1	['GO:0043232']	Bulked_Disome_down	3.3203357244065668
GO:CC	GO:0022625	cytosolic large ribosomal subunit	0.0013804778823957226	True	"""The large subunit of a ribosome located in the cytosol."" [GOC:mtg_sensu]"	121	66	5	20029	0.07575757575757576	0.04132231404958678	query_1	['GO:0015934', 'GO:0022626']	Bulked_Disome_down	2.8599705471054415
GO:CC	GO:0031090	organelle membrane	0.0014669624475819193	True	"""A membrane that is one of the two lipid bilayers of an organelle envelope or the outermost membrane of single membrane bound organelle."" [GOC:dos, GOC:mah]"	2413	66	20	20029	0.30303030303030304	0.008288437629506838	query_1	['GO:0016020', 'GO:0043227']	Bulked_Disome_down	2.8335810034141784
GO:CC	GO:1990904	ribonucleoprotein complex	0.001563044620015987	True	"""A macromolecular complex that contains both RNA and protein molecules."" [GOC:krc, GOC:vesicles]"	831	66	11	20029	0.16666666666666666	0.013237063778580024	query_1	['GO:0032991']	Bulked_Disome_down	2.806028624060065
GO:CC	GO:0015934	large ribosomal subunit	0.0022403335947103636	True	"""The larger of the two subunits of a ribosome. Two sites on the ribosomal large subunit are involved in translation, namely the aminoacyl site (A site) and peptidyl site (P site)."" [ISBN:0198506732]"	148	66	5	20029	0.07575757575757576	0.033783783783783786	query_1	['GO:0044391']	Bulked_Disome_down	2.6496873086502646
GO:CC	GO:0032991	protein-containing complex	0.0024958012463268883	True	"""A stable assembly of two or more macromolecules, i.e. proteins, nucleic acids, carbohydrates or lipids, in which at least one component is a protein and the constituent parts function together."" [GOC:dos, GOC:mah]"	2580	66	20	20029	0.30303030303030304	0.007751937984496124	query_1	['GO:0005575']	Bulked_Disome_down	2.602790002747771
GO:CC	GO:0009532	plastid stroma	0.0025164383622334114	True	"""The proteinaceous ground substance of plastids."" [ISBN:0943088399]"	769	66	10	20029	0.15151515151515152	0.013003901170351105	query_1	['GO:0009536', 'GO:0110165']	Bulked_Disome_down	2.5992137027672366
GO:CC	GO:0009570	chloroplast stroma	0.0025164383622334114	True	"""The space enclosed by the double membrane of a chloroplast but excluding the thylakoid space. It contains DNA, ribosomes and some temporary products of photosynthesis."" [ISBN:0198547684]"	762	66	10	20029	0.15151515151515152	0.013123359580052493	query_1	['GO:0009507', 'GO:0009532']	Bulked_Disome_down	2.5992137027672366
GO:CC	GO:0043226	organelle	0.0033097234178147447	True	"""Organized structure of distinctive morphology and function. Includes the nucleus, mitochondria, plastids, vacuoles, vesicles, ribosomes and the cytoskeleton, and prokaryotic structures such as anammoxosomes and pirellulosomes. Excludes the plasma membrane."" [GOC:go_curators]"	12326	66	54	20029	0.8181818181818182	0.004380983287360052	query_1	['GO:0110165']	Bulked_Disome_down	2.4802082972018153
GO:CC	GO:0005622	intracellular anatomical structure	0.0033097234178147447	True	"""A component of a cell contained within (but not including) the plasma membrane. In eukaryotes it includes the nucleus and cytoplasm."" [ISBN:0198506732]"	13505	66	57	20029	0.8636363636363636	0.004220659015179563	query_1	['GO:0110165']	Bulked_Disome_down	2.4802082972018153
GO:CC	GO:0009526	plastid envelope	0.0033097234178147447	True	"""The double lipid bilayer enclosing a plastid and separating its contents from the rest of the cytoplasm; includes the intermembrane space."" [GOC:jy]"	988	66	11	20029	0.16666666666666666	0.011133603238866396	query_1	['GO:0009536', 'GO:0031967']	Bulked_Disome_down	2.4802082972018153
GO:CC	GO:0022626	cytosolic ribosome	0.0033097234178147447	True	"""A ribosome located in the cytosol."" [GOC:mtg_sensu]"	289	66	6	20029	0.09090909090909091	0.020761245674740483	query_1	['GO:0005829', 'GO:0005840']	Bulked_Disome_down	2.4802082972018153
GO:CC	GO:0043229	intracellular organelle	0.0033097234178147447	True	"""Organized structure of distinctive morphology and function, occurring within the cell. Includes the nucleus, mitochondria, plastids, vacuoles, vesicles, ribosomes and the cytoskeleton. Excludes the plasma membrane."" [GOC:go_curators]"	12312	66	54	20029	0.8181818181818182	0.0043859649122807015	query_1	['GO:0005622', 'GO:0043226']	Bulked_Disome_down	2.4802082972018153
GO:CC	GO:0043227	membrane-bounded organelle	0.004316660608543449	True	"""Organized structure of distinctive morphology and function, bounded by a single or double lipid bilayer membrane. Includes the nucleus, mitochondria, plastids, vacuoles, and vesicles. Excludes the plasma membrane."" [GOC:go_curators]"	11823	66	52	20029	0.7878787878787878	0.004398206884885393	query_1	['GO:0043226']	Bulked_Disome_down	2.364852095803086
GO:CC	GO:0043231	intracellular membrane-bounded organelle	0.004316660608543449	True	"""Organized structure of distinctive morphology and function, bounded by a single or double lipid bilayer membrane and occurring within the cell. Includes the nucleus, mitochondria, plastids, vacuoles, and vesicles. Excludes the plasma membrane."" [GOC:go_curators]"	11808	66	52	20029	0.7878787878787878	0.004403794037940379	query_1	['GO:0043227', 'GO:0043229']	Bulked_Disome_down	2.364852095803086
GO:CC	GO:0098588	bounding membrane of organelle	0.004316660608543449	True	"""The lipid bilayer that forms the outer-most layer of an organelle."" [GOC:dos]"	1406	66	13	20029	0.19696969696969696	0.009246088193456615	query_1	['GO:0031090']	Bulked_Disome_down	2.364852095803086
GO:CC	GO:0031967	organelle envelope	0.005547202416338581	True	"""A double membrane structure enclosing an organelle, including two lipid bilayers and the region between them. In some cases, an organelle envelope may have more than two membranes."" [GOC:mah, GOC:pz]"	1452	66	13	20029	0.19696969696969696	0.008953168044077135	query_1	['GO:0043227', 'GO:0043229', 'GO:0110165']	Bulked_Disome_down	2.2559259865107455
KEGG	KEGG:03010	Ribosome	0.007256097687805669	True	Ribosome	323	29	8	5300	0.27586206896551724	0.02476780185758514	query_1	['KEGG:00000']	Bulked_Disome_down	2.1392968790640903
GO:BP	GO:0051168	nuclear export	0.008878781770746105	True	"""The directed movement of substances out of the nucleus."" [GOC:ai]"	34	61	3	21925	0.04918032786885246	0.08823529411764706	query_1	['GO:0006913']	Bulked_Disome_down	2.051646618290883
GO:BP	GO:0050658	RNA transport	0.008878781770746105	True	"""The directed movement of RNA, ribonucleic acids, into, out of or within a cell, or between cells, by means of some agent such as a transporter or pore."" [GOC:ai]"	81	61	4	21925	0.06557377049180328	0.04938271604938271	query_1	['GO:0050657', 'GO:0051236']	Bulked_Disome_down	2.051646618290883
GO:BP	GO:0050657	nucleic acid transport	0.008878781770746105	True	"""The directed movement of nucleic acids, single or double-stranded polynucleotides involved in the storage, transmission and transfer of genetic information, into, out of or within a cell, or between cells, by means of some agent such as a transporter or pore."" [GOC:ai, ISBN:0198506732]"	81	61	4	21925	0.06557377049180328	0.04938271604938271	query_1	['GO:0015931']	Bulked_Disome_down	2.051646618290883
GO:BP	GO:0009553	embryo sac development	0.008878781770746105	True	"""The process whose specific outcome is the progression of the embryo sac over time, from its formation to the mature structure. The process begins with the meiosis of the megasporocyte to form four haploid megaspores. Three of the megaspores disintegrate, and the fourth undergoes mitosis giving rise to a binucleate syncytial embryo sac. The two haploid nuclei migrate to the opposite poles of the embryo sac and then undergo two rounds of mitosis generating four haploid nuclei at each pole. One nucleus from each set of four migrates to the center of the cell. Cellularization occurs, resulting in an eight-nucleate seven-celled structure. This structure contains two synergid cells and an egg cell at the micropylar end, and three antipodal cells at the other end. A binucleate endosperm mother cell is formed at the center. The two polar nuclei fuse resulting in a mononucleate diploid endosperm mother cell. The three antipodal cells degenerate."" [GOC:mtg_plant, GOC:tb]"	147	61	5	21925	0.08196721311475409	0.034013605442176874	query_1	['GO:0048229']	Bulked_Disome_down	2.051646618290883
GO:BP	GO:0006403	RNA localization	0.008878781770746105	True	"""A process in which RNA is transported to, or maintained in, a specific location."" [GOC:ai]"	84	61	4	21925	0.06557377049180328	0.047619047619047616	query_1	['GO:0033036']	Bulked_Disome_down	2.051646618290883
GO:BP	GO:0000027	ribosomal large subunit assembly	0.008878781770746105	True	"""The aggregation, arrangement and bonding together of constituent RNAs and proteins to form the large ribosomal subunit."" [GOC:jl, PMID:30467428]"	6	61	2	21925	0.03278688524590164	0.3333333333333333	query_1	['GO:0022618', 'GO:0042255', 'GO:0042273']	Bulked_Disome_down	2.051646618290883
GO:BP	GO:0051236	establishment of RNA localization	0.008878781770746105	True	"""The directed movement of RNA to a specific location."" [GOC:ai]"	81	61	4	21925	0.06557377049180328	0.04938271604938271	query_1	['GO:0006403', 'GO:0051234']	Bulked_Disome_down	2.051646618290883
GO:CC	GO:0044391	ribosomal subunit	0.011138666561653665	True	"""Either of the two subunits of a ribosome: the ribosomal large subunit or the ribosomal small subunit."" [GOC:jl]"	262	66	5	20029	0.07575757575757576	0.019083969465648856	query_1	['GO:0005840', 'GO:1990904']	Bulked_Disome_down	1.9531667965570345
GO:CC	GO:0005829	cytosol	0.011138666561653665	True	"""The part of the cytoplasm that does not contain organelles but which does contain other particulate matter, such as protein complexes."" [GOC:hjd, GOC:jl]"	2420	66	17	20029	0.25757575757575757	0.0070247933884297524	query_1	['GO:0005737', 'GO:0110165']	Bulked_Disome_down	1.9531667965570345
GO:MF	GO:0051753	mannan synthase activity	0.01167941329745144	True	"""Catalysis of the reaction: mannan(n) + GDP-mannose = mannan(n+1) + GDP. This reaction is the formation of the beta-(1->4)-linked mannan backbone in substrates such as galactomannan."" [PMID:14726589]"	8	62	2	22878	0.03225806451612903	0.25	query_1	['GO:0019187']	Bulked_Disome_down	1.9325789729838156
GO:CC	GO:0000138	Golgi trans cisterna	0.01694485373138035	True	"""The Golgi cisterna farthest from the endoplasmic reticulum; the final processing compartment through which proteins pass before exiting the Golgi apparatus; the compartment in which N-linked protein glycosylation is completed."" [ISBN:0815316194]"	85	66	3	20029	0.045454545454545456	0.03529411764705882	query_1	['GO:0031985']	Bulked_Disome_down	1.7709621756568512
GO:BP	GO:0048229	gametophyte development	0.01940739770449836	True	"""The process whose specific outcome is the progression of the gametophyte over time, from its formation to the mature structure. The gametophyte is the gamete-producing individual or phase in the life cycle having alternation of generations. An example of this process is found in Arabidopsis thaliana."" [GOC:jid, PO:0009004]"	462	61	7	21925	0.11475409836065574	0.015151515151515152	query_1	['GO:0007275']	Bulked_Disome_down	1.7120326943047732
GO:CC	GO:0009579	thylakoid	0.019838407229697468	True	"""A membranous cellular structure that bears the photosynthetic pigments in plants, algae, and cyanobacteria. In cyanobacteria thylakoids are of various shapes and are attached to, or continuous with, the plasma membrane. In eukaryotes they are flattened, membrane-bounded disk-like structures located in the chloroplasts; in the chloroplasts of higher plants the thylakoids form dense stacks called grana. Isolated thylakoid preparations can carry out photosynthetic electron transport and the associated phosphorylation."" [GOC:ds, GOC:mtg_sensu, ISBN:0198506732]"	596	66	7	20029	0.10606060606060606	0.01174496644295302	query_1	['GO:0043232']	Bulked_Disome_down	1.7024931990730283
GO:MF	GO:0019187	beta-1,4-mannosyltransferase activity	0.02418935407985562	True	"""Catalysis of the transfer of a mannose residue to an oligosaccharide, forming a beta-(1->4) linkage."" [GOC:mcc, PMID:8166646]"	13	62	2	22878	0.03225806451612903	0.15384615384615385	query_1	['GO:0000030']	Bulked_Disome_down	1.61637572830202
GO:CC	GO:0031985	Golgi cisterna	0.025328535980218708	True	"""Any of the thin, flattened membrane-bounded compartments that form the central portion of the Golgi complex."" [GOC:mah]"	203	66	4	20029	0.06060606060606061	0.019704433497536946	query_1	['GO:0005795', 'GO:0098791']	Bulked_Disome_down	1.5963899122263299
GO:CC	GO:0032580	Golgi cisterna membrane	0.02777873315015096	True	"""The lipid bilayer surrounding any of the thin, flattened compartments that form the central portion of the Golgi complex."" [GOC:ecd, GOC:mah]"	33	66	2	20029	0.030303030303030304	0.06060606060606061	query_1	['GO:0031090', 'GO:0031985']	Bulked_Disome_down	1.556287564157952
GO:CC	GO:0005795	Golgi stack	0.02777873315015096	True	"""The set of thin, flattened membrane-bounded compartments, called cisternae, that form the central portion of the Golgi complex. The stack usually comprises cis, medial, and trans cisternae; the cis- and trans-Golgi networks are not considered part of the stack."" [GOC:mah, ISBN:0815316194]"	213	66	4	20029	0.06060606060606061	0.018779342723004695	query_1	['GO:0098791']	Bulked_Disome_down	1.556287564157952
GO:CC	GO:0042170	plastid membrane	0.031903949785067366	True	"""Either of the lipid bilayers that surround a plastid and form the plastid envelope."" [GOC:mah]"	674	66	7	20029	0.10606060606060606	0.010385756676557863	query_1	['GO:0009526', 'GO:0031090']	Bulked_Disome_down	1.4961555469217644
GO:CC	GO:0045252	oxoglutarate dehydrogenase complex	0.031903949785067366	True	"""A multi-enzyme complex that catalyzes the oxidative decarboxylation of alpha-ketoglutarate (also known as 2-oxoglutarate) to form succinyl-CoA. The complex comprises multiple copies of three enzymes referred to as E1, E2 and E3: oxoglutarate dehydrogenase (lipoamide) (E1), dihydrolipoamide S-succinyltransferase (E2) and dihydrolipoamide dehydrogenase (E3). Additional proteins may also be present."" [PMID:10672230]"	2	66	1	20029	0.015151515151515152	0.5	query_1	['GO:0045239', 'GO:0045240']	Bulked_Disome_down	1.4961555469217644
GO:CC	GO:0009941	chloroplast envelope	0.03221881799594519	True	"""The double lipid bilayer enclosing the chloroplast and separating its contents from the rest of the cytoplasm; includes the intermembrane space."" [GOC:tb]"	692	66	7	20029	0.10606060606060606	0.010115606936416185	query_1	['GO:0009507', 'GO:0009526']	Bulked_Disome_down	1.4918903964821275
GO:CC	GO:0009534	chloroplast thylakoid	0.03221881799594519	True	"""Sac-like membranous structures (cisternae) in a chloroplast combined into stacks (grana) and present singly in the stroma (stroma thylakoids or frets) as interconnections between grana. An example of this component is found in Arabidopsis thaliana."" [GOC:mtg_sensu, ISBN:0943088399]"	517	66	6	20029	0.09090909090909091	0.01160541586073501	query_1	['GO:0009507', 'GO:0031976']	Bulked_Disome_down	1.4918903964821275
GO:CC	GO:0031981	nuclear lumen	0.03221881799594519	True	"""The volume enclosed by the nuclear inner membrane."" [GOC:mah, GOC:pz]"	1054	66	9	20029	0.13636363636363635	0.008538899430740038	query_1	['GO:0005634', 'GO:0070013']	Bulked_Disome_down	1.4918903964821275
GO:CC	GO:0031976	plastid thylakoid	0.03221881799594519	True	"""Any thylakoid within a plastid."" [GOC:pz]"	519	66	6	20029	0.09090909090909091	0.011560693641618497	query_1	['GO:0009536', 'GO:0009579']	Bulked_Disome_down	1.4918903964821275
GO:CC	GO:0005730	nucleolus	0.033462049108422175	True	"""A small, dense body one or more of which are present in the nucleus of eukaryotic cells. It is rich in RNA and protein, is not bounded by a limiting membrane, and is not seen during mitosis. Its prime function is the transcription of the nucleolar DNA into 45S ribosomal-precursor RNA, the processing of this RNA into 5.8S, 18S, and 28S components of ribosomal RNA, and the association of these components with 5S RNA and proteins synthesized outside the nucleolus. This association results in the formation of ribonucleoprotein precursors; these pass into the cytoplasm and mature into the 40S and 60S subunits of the ribosome."" [ISBN:0198506732]"	701	66	7	20029	0.10606060606060606	0.009985734664764621	query_1	['GO:0031981', 'GO:0043232']	Bulked_Disome_down	1.47544746775999
GO:CC	GO:0009507	chloroplast	0.03379528083949364	True	"""A chlorophyll-containing plastid with thylakoids organized into grana and frets, or stroma thylakoids, and embedded in a stroma."" [ISBN:0471245208]"	2351	66	15	20029	0.22727272727272727	0.0063802637175669925	query_1	['GO:0009536']	Bulked_Disome_down	1.4711439402092255
GO:CC	GO:0005774	vacuolar membrane	0.03627714172230907	True	"""The lipid bilayer surrounding the vacuole and separating its contents from the cytoplasm of the cell."" [GOC:ai]"	250	66	4	20029	0.06060606060606061	0.016	query_1	['GO:0005773', 'GO:0098588']	Bulked_Disome_down	1.4403669383465074
GO:BP	GO:0044085	cellular component biogenesis	0.03984862028881416	True	"""A process that results in the biosynthesis of constituent macromolecules, assembly, and arrangement of constituent parts of a cellular component. Includes biosynthesis of constituent macromolecules, and those macromolecular modifications that are involved in synthesis or assembly of the cellular component."" [GOC:jl, GOC:mah]"	1115	61	10	21925	0.16393442622950818	0.008968609865470852	query_1	['GO:0071840']	Bulked_Disome_down	1.3995867109385796
GO:BP	GO:0042255	ribosome assembly	0.03984862028881416	True	"""The aggregation, arrangement and bonding together of the mature ribosome and of its subunits."" [GOC:ma, PMID:30467428]"	16	61	2	21925	0.03278688524590164	0.125	query_1	['GO:0042254', 'GO:0140694']	Bulked_Disome_down	1.3995867109385796
GO:BP	GO:0042254	ribosome biogenesis	0.03984862028881416	True	"""A cellular process that results in the biosynthesis of constituent macromolecules, assembly, and arrangement of constituent parts of ribosome subunits; includes transport to the sites of protein synthesis."" [GOC:ma, PMID:26404467, Wikipedia:Ribosome_biogenesis]"	254	61	5	21925	0.08196721311475409	0.01968503937007874	query_1	['GO:0022613']	Bulked_Disome_down	1.3995867109385796
GO:BP	GO:0015931	nucleobase-containing compound transport	0.03984862028881416	True	"""The directed movement of nucleobases, nucleosides, nucleotides and nucleic acids, into, out of or within a cell, or between cells, by means of some agent such as a transporter or pore."" [GOC:ai]"	153	61	4	21925	0.06557377049180328	0.026143790849673203	query_1	['GO:0071705']	Bulked_Disome_down	1.3995867109385796
GO:BP	GO:0009409	response to cold	0.03984862028881416	True	"""Any process that results in a change in state or activity of a cell or an organism (in terms of movement, secretion, enzyme production, gene expression, etc.) as a result of a cold stimulus, a temperature stimulus below the optimal temperature for that organism."" [GOC:lr]"	410	61	6	21925	0.09836065573770492	0.014634146341463415	query_1	['GO:0006950', 'GO:0009266']	Bulked_Disome_down	1.3995867109385796
GO:BP	GO:0009987	cellular process	0.040100099860749604	True	"""Any process that is carried out at the cellular level, but not necessarily restricted to a single cell. For example, cell communication occurs among more than one cell, but occurs at the cellular level."" [GOC:go_curators, GOC:isa_complete]"	16591	61	56	21925	0.9180327868852459	0.003375323970827557	query_1	['GO:0008150']	Bulked_Disome_down	1.396854545860653
GO:BP	GO:0051028	mRNA transport	0.040100099860749604	True	"""The directed movement of mRNA, messenger ribonucleic acid, into, out of or within a cell, or between cells, by means of some agent such as a transporter or pore."" [GOC:ai]"	72	61	3	21925	0.04918032786885246	0.041666666666666664	query_1	['GO:0050658']	Bulked_Disome_down	1.396854545860653
GO:MF	GO:0003729	mRNA binding	0.04165609020464786	True	"""Binding to messenger RNA (mRNA), an intermediate molecule between DNA and protein. mRNA includes UTR and coding sequences, but does not contain introns."" [GOC:kmv, GOC:pr, SO:0000234]"	1619	62	12	22878	0.1935483870967742	0.0074119827053736875	query_1	['GO:0003723']	Bulked_Disome_down	1.3803214948834877
GO:CC	GO:0055035	plastid thylakoid membrane	0.04280455635723385	True	"""The lipid bilayer membrane of any thylakoid within a plastid."" [GOC:jid, GOC:rph]"	426	66	5	20029	0.07575757575757576	0.011737089201877934	query_1	['GO:0031976', 'GO:0042170', 'GO:0042651']	Bulked_Disome_down	1.36850999978395
GO:CC	GO:0009535	chloroplast thylakoid membrane	0.04280455635723385	True	"""The pigmented membrane of a chloroplast thylakoid. An example of this component is found in Arabidopsis thaliana."" [GOC:lr, GOC:mtg_sensu]"	424	66	5	20029	0.07575757575757576	0.01179245283018868	query_1	['GO:0009534', 'GO:0031968', 'GO:0055035']	Bulked_Disome_down	1.36850999978395
GO:CC	GO:0009542	granum	0.04280455635723385	True	"""Distinct stack of lamellae seen within chloroplasts. Grana contain the pigments, electron transfer compounds, and enzymes essential to the light-dependent reactions of photosynthesis."" [ISBN:0140514031]"	4	66	1	20029	0.015151515151515152	0.25	query_1	['GO:0009507', 'GO:0110165']	Bulked_Disome_down	1.36850999978395
GO:CC	GO:0045239	tricarboxylic acid cycle heteromeric enzyme complex	0.04280455635723385	True	"""Any of the heteromeric enzymes that act in the TCA cycle."" [GOC:mah]"	4	66	1	20029	0.015151515151515152	0.25	query_1	['GO:0005737', 'GO:1902494']	Bulked_Disome_down	1.36850999978395
GO:CC	GO:0010007	magnesium chelatase complex	0.04280455635723385	True	"""A heterotrimeric enzyme complex composed of three subunits, all of which are required for enzyme activity, which catalyzes the chelation of Mg by proto IX in an ATP-dependent manner."" [PMID:11842180]"	4	66	1	20029	0.015151515151515152	0.25	query_1	['GO:0009507', 'GO:1902494']	Bulked_Disome_down	1.36850999978395
GO:CC	GO:0009515	granal stacked thylakoid	0.04280455635723385	True	"""Appressed thylakoid membranes that are part of a granum (stacked regions). A characteristic of these appressed regions is the preferential localization of photosystem II."" [GOC:lr]"	4	66	1	20029	0.015151515151515152	0.25	query_1	['GO:0009534', 'GO:0009542']	Bulked_Disome_down	1.36850999978395
GO:CC	GO:0005768	endosome	0.04280455635723385	True	"""A vacuole to which materials ingested by endocytosis are delivered."" [ISBN:0198506732, PMID:19696797]"	424	66	5	20029	0.07575757575757576	0.01179245283018868	query_1	['GO:0012505', 'GO:0031410']	Bulked_Disome_down	1.36850999978395
GO:BP	GO:0042343	indole glucosinolate metabolic process	0.047187701649925015	True	"""The chemical reactions and pathways resulting in the formation of indole glucosinolates. Glucosinolates are sulfur-containing compounds that have a common structure linked to an R group derived from tryptophan; indoles are biologically active substances based on 2,3-benzopyrrole, formed during the catabolism of tryptophan."" [GOC:curators]"	20	61	2	21925	0.03278688524590164	0.1	query_1	['GO:0019760', 'GO:0042430']	Bulked_Disome_down	1.326171175127132
GO:BP	GO:0006913	nucleocytoplasmic transport	0.04718788829172764	True	"""The directed movement of molecules between the nucleus and the cytoplasm."" [GOC:go_curators]"	84	61	3	21925	0.04918032786885246	0.03571428571428571	query_1	['GO:0051169']	Bulked_Disome_down	1.32616945736293
GO:BP	GO:0006414	translational elongation	0.04718788829172764	True	"""The successive addition of amino acid residues to a nascent polypeptide chain during protein biosynthesis."" [GOC:ems]"	81	61	3	21925	0.04918032786885246	0.037037037037037035	query_1	['GO:0006412', 'GO:0009059']	Bulked_Disome_down	1.32616945736293
GO:BP	GO:0051169	nuclear transport	0.04718788829172764	True	"""The directed movement of substances into, out of, or within the nucleus."" [GOC:ai]"	84	61	3	21925	0.04918032786885246	0.03571428571428571	query_1	['GO:0046907']	Bulked_Disome_down	1.32616945736293
GO:CC	GO:0034357	photosynthetic membrane	0.047717682173433695	True	"""A membrane enriched in complexes formed of reaction centers, accessory pigments and electron carriers, in which photosynthetic reactions take place."" [GOC:ds, GOC:mah]"	443	66	5	20029	0.07575757575757576	0.011286681715575621	query_1	['GO:0009579', 'GO:0016020']	Bulked_Disome_down	1.32132065979916
GO:CC	GO:0042651	thylakoid membrane	0.047717682173433695	True	"""The pigmented membrane of any thylakoid."" [GOC:jl, GOC:pr]"	442	66	5	20029	0.07575757575757576	0.011312217194570135	query_1	['GO:0034357']	Bulked_Disome_down	1.32132065979916
GO:CC	GO:0009507	chloroplast	4.493203298862286e-17	True	"""A chlorophyll-containing plastid with thylakoids organized into grana and frets, or stroma thylakoids, and embedded in a stroma."" [ISBN:0471245208]"	2351	209	74	20029	0.35406698564593303	0.031475967673330496	query_1	['GO:0009536']	16hr_Disome_down	16.347443930933654
GO:CC	GO:0009570	chloroplast stroma	2.3016806385088654e-16	True	"""The space enclosed by the double membrane of a chloroplast but excluding the thylakoid space. It contains DNA, ribosomes and some temporary products of photosynthesis."" [ISBN:0198547684]"	762	209	41	20029	0.19617224880382775	0.05380577427821522	query_1	['GO:0009507', 'GO:0009532']	16hr_Disome_down	15.63795493550861
GO:CC	GO:0009532	plastid stroma	2.3016806385088654e-16	True	"""The proteinaceous ground substance of plastids."" [ISBN:0943088399]"	769	209	41	20029	0.19617224880382775	0.053315994798439535	query_1	['GO:0009536', 'GO:0110165']	16hr_Disome_down	15.63795493550861
GO:CC	GO:0009536	plastid	1.2285947077456935e-14	True	"""Any member of a family of organelles found in the cytoplasm of plants and some protists, which are membrane-bounded and contain DNA. Plant plastids develop from a common type, the proplastid."" [GOC:jl, ISBN:0198547684]"	2856	209	77	20029	0.3684210526315789	0.02696078431372549	query_1	['GO:0005737', 'GO:0043231']	16hr_Disome_down	13.910591359765107
GO:CC	GO:0016020	membrane	3.938843835856783e-12	True	"""A lipid bilayer along with all the proteins and protein complexes embedded in it and attached to it."" [GOC:dos, GOC:mah, ISBN:0815316194]"	8169	209	138	20029	0.6602870813397129	0.016893132574366507	query_1	['GO:0110165']	16hr_Disome_down	11.404631237411248
GO:CC	GO:0005737	cytoplasm	9.761218933887843e-10	True	"""The contents of a cell excluding the plasma membrane and nucleus, but including other subcellular structures."" [ISBN:0198547684]"	9524	209	146	20029	0.6985645933014354	0.015329693406131877	query_1	['GO:0005622', 'GO:0110165']	16hr_Disome_down	9.01049594634899
GO:CC	GO:0009526	plastid envelope	9.761218933887843e-10	True	"""The double lipid bilayer enclosing a plastid and separating its contents from the rest of the cytoplasm; includes the intermembrane space."" [GOC:jy]"	988	209	36	20029	0.1722488038277512	0.03643724696356275	query_1	['GO:0009536', 'GO:0031967']	16hr_Disome_down	9.01049594634899
GO:CC	GO:0009941	chloroplast envelope	9.761218933887843e-10	True	"""The double lipid bilayer enclosing the chloroplast and separating its contents from the rest of the cytoplasm; includes the intermembrane space."" [GOC:tb]"	692	209	30	20029	0.14354066985645933	0.04335260115606936	query_1	['GO:0009507', 'GO:0009526']	16hr_Disome_down	9.01049594634899
GO:CC	GO:0031090	organelle membrane	2.8528922860990318e-08	True	"""A membrane that is one of the two lipid bilayers of an organelle envelope or the outermost membrane of single membrane bound organelle."" [GOC:dos, GOC:mah]"	2413	209	57	20029	0.2727272727272727	0.023622047244094488	query_1	['GO:0016020', 'GO:0043227']	16hr_Disome_down	7.5447146252710375
GO:BP	GO:0055085	transmembrane transport	3.4024584492395395e-08	True	"""The process in which a solute is transported across a lipid bilayer, from one side of a membrane to the other."" [GOC:dph, GOC:jid]"	1239	190	37	21925	0.19473684210526315	0.02986279257465698	query_1	['GO:0006810', 'GO:0009987']	16hr_Disome_down	7.468207169688528
GO:MF	GO:0022857	transmembrane transporter activity	4.026498123851455e-08	True	"""Enables the transfer of a substance, usually a specific substance or a group of related substances, from one side of a membrane to the other."" [GOC:jid, GOC:mtg_transport, ISBN:0815340729]"	1157	187	33	22878	0.17647058823529413	0.028522039757994815	query_1	['GO:0005215']	16hr_Disome_down	7.395072498931209
GO:MF	GO:0005215	transporter activity	4.026498123851455e-08	True	"""Enables the directed movement of substances (such as macromolecules, small molecules, ions) into, out of or within a cell, accross or in between cells."" [GOC:ai, GOC:dgf]"	1183	187	34	22878	0.18181818181818182	0.028740490278951817	query_1	['GO:0003674']	16hr_Disome_down	7.395072498931209
GO:MF	GO:0016705	oxidoreductase activity, acting on paired donors, with incorporation or reduction of molecular oxygen	4.026498123851455e-08	True	"""Catalysis of an oxidation-reduction (redox) reaction in which hydrogen or electrons are transferred from each of two donors, and molecular oxygen is reduced or incorporated into a donor."" [EC:1.14.-.-]"	414	187	20	22878	0.10695187165775401	0.04830917874396135	query_1	['GO:0016491']	16hr_Disome_down	7.395072498931209
GO:CC	GO:0042170	plastid membrane	1.5923712380812984e-07	True	"""Either of the lipid bilayers that surround a plastid and form the plastid envelope."" [GOC:mah]"	674	209	26	20029	0.12440191387559808	0.03857566765578635	query_1	['GO:0009526', 'GO:0031090']	16hr_Disome_down	6.797955675382959
GO:CC	GO:0009579	thylakoid	2.486196689341752e-07	True	"""A membranous cellular structure that bears the photosynthetic pigments in plants, algae, and cyanobacteria. In cyanobacteria thylakoids are of various shapes and are attached to, or continuous with, the plasma membrane. In eukaryotes they are flattened, membrane-bounded disk-like structures located in the chloroplasts; in the chloroplasts of higher plants the thylakoids form dense stacks called grana. Isolated thylakoid preparations can carry out photosynthetic electron transport and the associated phosphorylation."" [GOC:ds, GOC:mtg_sensu, ISBN:0198506732]"	596	209	24	20029	0.11483253588516747	0.040268456375838924	query_1	['GO:0043232']	16hr_Disome_down	6.6044645161944775
GO:MF	GO:0016717	oxidoreductase activity, acting on paired donors, with oxidation of a pair of donors resulting in the reduction of molecular oxygen to two molecules of water	3.640686237994821e-07	True	"""Catalysis of an oxidation-reduction (redox) reaction in which hydrogen or electrons are transferred from each of two donors, and molecular oxygen is reduced to two molecules of water."" [EC:1.14.19.-]"	30	187	7	22878	0.0374331550802139	0.23333333333333334	query_1	['GO:0016705']	16hr_Disome_down	6.438816747866143
GO:CC	GO:0110165	cellular anatomical structure	7.385805827297065e-07	True	"""A part of a cellular organism consisting of a material entity with granularity above the level of a protein complex but below that of an anatomical system. Note that cellular organisms exclude viruses."" [GOC:kmv]"	18497	209	209	20029	1.0	0.011299129588581933	query_1	['GO:0005575']	16hr_Disome_down	6.131602114129111
GO:CC	GO:0031967	organelle envelope	1.5257899134303821e-06	True	"""A double membrane structure enclosing an organelle, including two lipid bilayers and the region between them. In some cases, an organelle envelope may have more than two membranes."" [GOC:mah, GOC:pz]"	1452	209	38	20029	0.18181818181818182	0.026170798898071626	query_1	['GO:0043227', 'GO:0043229', 'GO:0110165']	16hr_Disome_down	5.816505260430296
GO:BP	GO:0051234	establishment of localization	2.809751951279237e-06	True	"""Any process that localizes a substance or cellular component. This may occur via movement, tethering or selective degradation."" [GOC:ai, GOC:dos]"	2536	190	51	21925	0.26842105263157895	0.020110410094637224	query_1	['GO:0051179']	16hr_Disome_down	5.551332018509738
GO:CC	GO:0009706	chloroplast inner membrane	4.002662631937917e-06	True	"""The inner, i.e. lumen-facing, lipid bilayer of the chloroplast envelope; also faces the chloroplast stroma."" [GOC:tb]"	88	209	9	20029	0.0430622009569378	0.10227272727272728	query_1	['GO:0009528', 'GO:0031969']	16hr_Disome_down	5.397651013257928
GO:BP	GO:0051179	localization	4.8127556850288194e-06	True	"""Any process in which a cell, a substance, or a cellular entity, such as a protein complex or organelle, is transported, tethered to or otherwise maintained in a specific location. In the case of substances, localization may also be achieved via selective degradation."" [GOC:ai, GOC:dos]"	2636	190	51	21925	0.26842105263157895	0.019347496206373292	query_1	['GO:0008150']	16hr_Disome_down	5.3176061843099545
GO:BP	GO:0006629	lipid metabolic process	4.8127556850288194e-06	True	"""The chemical reactions and pathways involving lipids, compounds soluble in an organic solvent but not, or sparingly, in an aqueous solvent. Includes fatty acids; neutral fats, other fatty-acid esters, and soaps; long-chain (fatty) alcohols and waxes; sphingoids and other long-chain bases; glycolipids, phospholipids and sphingolipids; and carotenes, polyprenols, sterols, terpenes and other isoprenoids."" [GOC:ma]"	1097	190	30	21925	0.15789473684210525	0.027347310847766638	query_1	['GO:0044238']	16hr_Disome_down	5.3176061843099545
GO:BP	GO:0006810	transport	4.8127556850288194e-06	True	"""The directed movement of substances (such as macromolecules, small molecules, ions) or cellular components (such as complexes and organelles) into, out of or within a cell, or between cells, or within a multicellular organism by means of some agent such as a transporter or a transporter complex, a pore or a motor protein."" [GOC:dos, GOC:dph, GOC:jl, GOC:mah]"	2477	190	49	21925	0.2578947368421053	0.019781994348001614	query_1	['GO:0051234']	16hr_Disome_down	5.3176061843099545
GO:BP	GO:0044283	small molecule biosynthetic process	4.871147689979265e-06	True	"""The chemical reactions and pathways resulting in the formation of small molecules, any low molecular weight, monomeric, non-encoded molecule."" [GOC:curators, GOC:pde, GOC:vw]"	686	190	23	21925	0.12105263157894737	0.033527696793002916	query_1	['GO:0009058', 'GO:0044281']	16hr_Disome_down	5.312368702706887
GO:BP	GO:0008610	lipid biosynthetic process	4.871147689979265e-06	True	"""The chemical reactions and pathways resulting in the formation of lipids, compounds soluble in an organic solvent but not, or sparingly, in an aqueous solvent."" [GOC:go_curators]"	629	190	22	21925	0.11578947368421053	0.034976152623211444	query_1	['GO:0006629', 'GO:0009058']	16hr_Disome_down	5.312368702706887
GO:CC	GO:0009528	plastid inner membrane	4.988304013751972e-06	True	"""The inner, i.e. lumen-facing, lipid bilayer of the plastid envelope; also faces the plastid stroma."" [GOC:lr]"	91	209	9	20029	0.0430622009569378	0.0989010989010989	query_1	['GO:0019866', 'GO:0042170']	16hr_Disome_down	5.302047086173553
GO:BP	GO:0046394	carboxylic acid biosynthetic process	1.0342751480203952e-05	True	"""The chemical reactions and pathways resulting in the formation of carboxylic acids, any organic acid containing one or more carboxyl (-COOH) groups."" [ISBN:0198506732]"	556	190	20	21925	0.10526315789473684	0.03597122302158273	query_1	['GO:0016053', 'GO:0019752']	16hr_Disome_down	4.985363910593234
GO:BP	GO:0016053	organic acid biosynthetic process	1.0342751480203952e-05	True	"""The chemical reactions and pathways resulting in the formation of organic acids, any acidic compound containing carbon in covalent linkage."" [ISBN:0198506732]"	556	190	20	21925	0.10526315789473684	0.03597122302158273	query_1	['GO:0006082', 'GO:0044283']	16hr_Disome_down	4.985363910593234
GO:CC	GO:0031969	chloroplast membrane	1.629336842155009e-05	True	"""Either of the lipid bilayers that surround a chloroplast and form the chloroplast envelope."" [GOC:mah, GOC:pz]"	281	209	14	20029	0.06698564593301436	0.0498220640569395	query_1	['GO:0009941', 'GO:0042170']	16hr_Disome_down	4.787989122219053
GO:CC	GO:0031976	plastid thylakoid	2.104940591042092e-05	True	"""Any thylakoid within a plastid."" [GOC:pz]"	519	209	19	20029	0.09090909090909091	0.036608863198458574	query_1	['GO:0009536', 'GO:0009579']	16hr_Disome_down	4.676760157000137
GO:CC	GO:0009534	chloroplast thylakoid	2.104940591042092e-05	True	"""Sac-like membranous structures (cisternae) in a chloroplast combined into stacks (grana) and present singly in the stroma (stroma thylakoids or frets) as interconnections between grana. An example of this component is found in Arabidopsis thaliana."" [GOC:mtg_sensu, ISBN:0943088399]"	517	209	19	20029	0.09090909090909091	0.0367504835589942	query_1	['GO:0009507', 'GO:0031976']	16hr_Disome_down	4.676760157000137
GO:CC	GO:0000138	Golgi trans cisterna	2.5339921010417863e-05	True	"""The Golgi cisterna farthest from the endoplasmic reticulum; the final processing compartment through which proteins pass before exiting the Golgi apparatus; the compartment in which N-linked protein glycosylation is completed."" [ISBN:0815316194]"	85	209	8	20029	0.03827751196172249	0.09411764705882353	query_1	['GO:0031985']	16hr_Disome_down	4.59619474323289
GO:CC	GO:0031984	organelle subcompartment	4.8976188536630054e-05	True	"""A compartment that consists of a lumen and an enclosing membrane, and is part of an organelle."" [GOC:mah, GOC:pz]"	884	209	25	20029	0.11961722488038277	0.02828054298642534	query_1	['GO:0043227', 'GO:0043229', 'GO:0110165']	16hr_Disome_down	4.310015015902154
GO:BP	GO:0043436	oxoacid metabolic process	5.6626735612423964e-05	True	"""The chemical reactions and pathways involving any oxoacid; an oxoacid is a compound which contains oxygen, at least one other element, and at least one hydrogen bound to oxygen, and which produces a conjugate base by loss of positive hydrogen ion(s) (hydrons)."" [Wikipedia:Oxyacid]"	1067	190	27	21925	0.14210526315789473	0.02530459231490159	query_1	['GO:0006082']	16hr_Disome_down	4.246978473626408
GO:BP	GO:0006082	organic acid metabolic process	5.6626735612423964e-05	True	"""The chemical reactions and pathways involving organic acids, any acidic compound containing carbon in covalent linkage."" [ISBN:0198506732]"	1068	190	27	21925	0.14210526315789473	0.025280898876404494	query_1	['GO:0044281']	16hr_Disome_down	4.246978473626408
GO:CC	GO:0031985	Golgi cisterna	7.57549175752371e-05	True	"""Any of the thin, flattened membrane-bounded compartments that form the central portion of the Golgi complex."" [GOC:mah]"	203	209	11	20029	0.05263157894736842	0.054187192118226604	query_1	['GO:0005795', 'GO:0098791']	16hr_Disome_down	4.120589170000966
GO:BP	GO:0044281	small molecule metabolic process	8.007177755828657e-05	True	"""The chemical reactions and pathways involving small molecules, any low molecular weight, monomeric, non-encoded molecule."" [GOC:curators, GOC:pde, GOC:vw]"	1595	190	34	21925	0.17894736842105263	0.021316614420062698	query_1	['GO:0008152']	16hr_Disome_down	4.0965205302391
GO:MF	GO:0016491	oxidoreductase activity	8.879310679301039e-05	True	"""Catalysis of an oxidation-reduction (redox) reaction, a reversible chemical reaction in which the oxidation state of an atom or atoms within a molecule is altered. One substrate acts as a hydrogen or electron donor and becomes oxidized, while the other acts as hydrogen or electron acceptor and becomes reduced."" [EC:1.-.-.-]"	1475	187	31	22878	0.1657754010695187	0.021016949152542375	query_1	['GO:0003824']	16hr_Disome_down	4.051620748162371
GO:CC	GO:0005795	Golgi stack	0.00011358034247244875	True	"""The set of thin, flattened membrane-bounded compartments, called cisternae, that form the central portion of the Golgi complex. The stack usually comprises cis, medial, and trans cisternae; the cis- and trans-Golgi networks are not considered part of the stack."" [GOC:mah, ISBN:0815316194]"	213	209	11	20029	0.05263157894736842	0.051643192488262914	query_1	['GO:0098791']	16hr_Disome_down	3.9446968261467448
GO:BP	GO:0072330	monocarboxylic acid biosynthetic process	0.00015922568468684916	True	"""The chemical reactions and pathways resulting in the formation of monocarboxylic acids, any organic acid containing one carboxyl (-COOH) group."" [GOC:mah]"	249	190	12	21925	0.06315789473684211	0.04819277108433735	query_1	['GO:0032787', 'GO:0046394']	16hr_Disome_down	3.7979868749272683
GO:BP	GO:0009628	response to abiotic stimulus	0.0001614643074947706	True	"""Any process that results in a change in state or activity of a cell or an organism (in terms of movement, secretion, enzyme production, gene expression, etc.) as a result of an abiotic (not derived from living organisms) stimulus."" [GOC:hb]"	2131	190	40	21925	0.21052631578947367	0.018770530267480056	query_1	['GO:0050896']	16hr_Disome_down	3.79192346572442
GO:BP	GO:0006633	fatty acid biosynthetic process	0.00018233704775048206	True	"""The chemical reactions and pathways resulting in the formation of a fatty acid, any of the aliphatic monocarboxylic acids that can be liberated by hydrolysis from naturally occurring fats and oils. Fatty acids are predominantly straight-chain acids of 4 to 24 carbon atoms, which may be saturated or unsaturated; branched fatty acids and hydroxy fatty acids also occur, and very long chain acids of over 30 carbons are found in waxes."" [GOC:mah, ISBN:0198506732]"	171	190	10	21925	0.05263157894736842	0.05847953216374269	query_1	['GO:0006631', 'GO:0008610', 'GO:0072330']	16hr_Disome_down	3.7391250812137993
GO:BP	GO:0009987	cellular process	0.00019523333817733507	True	"""Any process that is carried out at the cellular level, but not necessarily restricted to a single cell. For example, cell communication occurs among more than one cell, but occurs at the cellular level."" [GOC:go_curators, GOC:isa_complete]"	16591	190	169	21925	0.8894736842105263	0.010186245554818878	query_1	['GO:0008150']	16hr_Disome_down	3.709446019916272
GO:CC	GO:0005829	cytosol	0.00025081367082419037	True	"""The part of the cytoplasm that does not contain organelles but which does contain other particulate matter, such as protein complexes."" [GOC:hjd, GOC:jl]"	2420	209	46	20029	0.22009569377990432	0.019008264462809916	query_1	['GO:0005737', 'GO:0110165']	16hr_Disome_down	3.600648795585736
GO:MF	GO:0004497	monooxygenase activity	0.00032044274087879835	True	"""Catalysis of the incorporation of one atom from molecular oxygen into a compound and the reduction of the other atom of oxygen to water."" [ISBN:0198506732]"	341	187	13	22878	0.06951871657754011	0.03812316715542522	query_1	['GO:0016491']	16hr_Disome_down	3.4942495622199976
GO:BP	GO:0006631	fatty acid metabolic process	0.00035122164212224674	True	"""The chemical reactions and pathways involving fatty acids, aliphatic monocarboxylic acids liberated from naturally occurring fats and oils by hydrolysis."" [ISBN:0198547684]"	276	190	12	21925	0.06315789473684211	0.043478260869565216	query_1	['GO:0006629', 'GO:0032787']	16hr_Disome_down	3.454418730907508
GO:BP	GO:0015979	photosynthesis	0.00039803832265103737	True	"""The synthesis by organisms of organic chemical compounds, especially carbohydrates, from carbon dioxide (CO2) using energy obtained from light rather than from the oxidation of chemical compounds."" [ISBN:0198547684]"	281	190	12	21925	0.06315789473684211	0.042704626334519574	query_1	['GO:0008152']	16hr_Disome_down	3.4000751125628637
GO:BP	GO:0019752	carboxylic acid metabolic process	0.0005359456189230092	True	"""The chemical reactions and pathways involving carboxylic acids, any organic acid containing one or more carboxyl (COOH) groups or anions (COO-)."" [ISBN:0198506732]"	955	190	23	21925	0.12105263157894737	0.024083769633507852	query_1	['GO:0043436']	16hr_Disome_down	3.270879274859126
GO:CC	GO:0012505	endomembrane system	0.0006083149996708435	True	"""A collection of membranous structures involved in transport within the cell. The main components of the endomembrane system are endoplasmic reticulum, Golgi bodies, vesicles, cell membrane and nuclear envelope. Members of the endomembrane system pass materials through each other or though the use of vesicles."" [GOC:lh]"	2364	209	44	20029	0.21052631578947367	0.018612521150592216	query_1	['GO:0110165']	16hr_Disome_down	3.215871474686241
GO:MF	GO:0015075	monoatomic ion transmembrane transporter activity	0.0006421403112371761	True	"""Enables the transfer of an ion from one side of a membrane to the other."" [GOC:dgf, GOC:mtg_transport, ISBN:0815340729]"	426	187	14	22878	0.0748663101604278	0.03286384976525822	query_1	['GO:0022857']	16hr_Disome_down	3.1923700657970366
GO:MF	GO:0015293	symporter activity	0.0007244028910555903	True	"""Enables the active transport of a solute across a membrane by a mechanism whereby two or more species are transported together in the same direction in a tightly coupled process not directly linked to a form of energy other than chemiosmotic energy."" [GOC:mtg_transport, ISBN:0815340729, PMID:10839820]"	97	187	7	22878	0.0374331550802139	0.07216494845360824	query_1	['GO:0015291']	16hr_Disome_down	3.140019825107035
GO:MF	GO:0015291	secondary active transmembrane transporter activity	0.0009706023019159011	True	"""Enables the transfer of a solute from one side of a membrane to the other, up its concentration gradient. The transporter binds the solute and undergoes a series of conformational changes. Transport works equally well in either direction and is driven by a chemiosmotic source of energy, not direct ATP coupling. Secondary active transporters include symporters and antiporters."" [GOC:mtg_transport, ISBN:0198506732, ISBN:0815340729, PMID:10839820]"	283	187	11	22878	0.058823529411764705	0.038869257950530034	query_1	['GO:0022804']	16hr_Disome_down	3.0129586830308424
GO:BP	GO:0009657	plastid organization	0.0009873649525638034	True	"""A process that is carried out at the cellular level which results in the assembly, arrangement of constituent parts, or disassembly of a plastid."" [GOC:mah]"	261	190	11	21925	0.05789473684210526	0.0421455938697318	query_1	['GO:0006996']	16hr_Disome_down	3.005522292528967
GO:MF	GO:0022804	active transmembrane transporter activity	0.0011734081343002143	True	"""Enables the transfer of a specific substance or related group of substances from one side of a membrane to the other, up the solute's concentration gradient. The transporter binds the solute and undergoes a series of conformational changes. Transport works equally well in either direction."" [GOC:mtg_transport, ISBN:0815340729]"	527	187	15	22878	0.08021390374331551	0.028462998102466792	query_1	['GO:0022857']	16hr_Disome_down	2.9305509054929164
GO:MF	GO:0005506	iron ion binding	0.0012942405616150842	True	"""Binding to an iron (Fe) ion."" [GOC:ai]"	354	187	12	22878	0.06417112299465241	0.03389830508474576	query_1	['GO:0046914']	16hr_Disome_down	2.887984993472576
GO:MF	GO:0048529	magnesium-protoporphyrin IX monomethyl ester (oxidative) cyclase activity	0.0019681346170726827	True	"""Catalysis of the reaction: magnesium protoporphyrin IX 13-monomethyl ester + 3 NADPH + 3 H+ + 3 O2 = divinylprotochlorophyllide + 3 NADP+ + 5 H2O."" [EC:1.14.13.81, RHEA:33235]"	2	187	2	22878	0.0106951871657754	1.0	query_1	['GO:0016709']	16hr_Disome_down	2.7059451998821213
GO:MF	GO:0016716	oxidoreductase activity, acting on paired donors, with incorporation or reduction of molecular oxygen, another compound as one donor, and incorporation of one atom of oxygen	0.0019681346170726827	True	"""Catalysis of an oxidation-reduction (redox) reaction in which hydrogen or electrons are transferred from each of two donors, and one atom of oxygen is incorporated into one donor."" [EC:1.14.18.-]"	10	187	3	22878	0.016042780748663103	0.3	query_1	['GO:0004497', 'GO:0016705']	16hr_Disome_down	2.7059451998821213
GO:MF	GO:0051119	sugar transmembrane transporter activity	0.0021738074837578908	True	"""Enables the transfer of a sugar from one side of a membrane to the other. A sugar is any member of a class of sweet, water-soluble, crystallizable carbohydrates, which are the monosaccharides and smaller oligosaccharides."" [GOC:ai, GOC:mtg_transport, ISBN:0815340729]"	54	187	5	22878	0.026737967914438502	0.09259259259259259	query_1	['GO:0015144']	16hr_Disome_down	2.662778920435458
GO:BP	GO:0009658	chloroplast organization	0.0024189542999477243	True	"""A process that is carried out at the cellular level which results in the assembly, arrangement of constituent parts, or disassembly of the chloroplast."" [GOC:jid]"	192	190	9	21925	0.04736842105263158	0.046875	query_1	['GO:0009657']	16hr_Disome_down	2.616372336461604
GO:MF	GO:0015318	inorganic molecular entity transmembrane transporter activity	0.002810553981629854	True	"""Enables the transfer of an inorganic molecular entity from the outside of a cell to the inside of the cell across a membrane. An inorganic molecular entity is a molecular entity that contains no carbon."" [GOC:mtg_transport, ISBN:0815340729]"	459	187	13	22878	0.06951871657754011	0.02832244008714597	query_1	['GO:0022857']	16hr_Disome_down	2.551208068901971
GO:CC	GO:0098791	Golgi apparatus subcompartment	0.0030780045980953446	True	"""A compartment that consists of a lumen and an enclosing membrane, and is part of the Golgi apparatus."" [GOC:dos]"	365	209	12	20029	0.05741626794258373	0.03287671232876712	query_1	['GO:0005794', 'GO:0031984']	16hr_Disome_down	2.511730735730679
GO:BP	GO:0009409	response to cold	0.0030978387655836844	True	"""Any process that results in a change in state or activity of a cell or an organism (in terms of movement, secretion, enzyme production, gene expression, etc.) as a result of a cold stimulus, a temperature stimulus below the optimal temperature for that organism."" [GOC:lr]"	410	190	13	21925	0.06842105263157895	0.03170731707317073	query_1	['GO:0006950', 'GO:0009266']	16hr_Disome_down	2.5089411898820195
GO:BP	GO:0009744	response to sucrose	0.0032314961735601107	True	"""Any process that results in a change in state or activity of a cell or an organism (in terms of movement, secretion, enzyme production, gene expression, etc.) as a result of a sucrose stimulus."" [GOC:jl]"	80	190	6	21925	0.031578947368421054	0.075	query_1	['GO:0034285']	16hr_Disome_down	2.4905963539924962
GO:CC	GO:0009535	chloroplast thylakoid membrane	0.0033482387218409892	True	"""The pigmented membrane of a chloroplast thylakoid. An example of this component is found in Arabidopsis thaliana."" [GOC:lr, GOC:mtg_sensu]"	424	209	13	20029	0.06220095693779904	0.030660377358490566	query_1	['GO:0009534', 'GO:0031968', 'GO:0055035']	16hr_Disome_down	2.4751835853614996
GO:BP	GO:0080064	4,4-dimethyl-9beta,19-cyclopropylsterol oxidation	0.0033493230579693055	True	"""A lipid oxidation process proceeding through a series of three successive monooxygenations of the alpha methyl group on the C4 carbon (CH3 to CH2OH to CHO to COOH) and resulting in this overall reaction: 4,4-dimethyl-9beta,19-cyclopropylsterol + 3 NADPH + 3 H+ + 3 O2 = 4-alpha-carboxy, 4-beta-methyl-9beta,19-cyclopropylsterol + 3 NADP+ + 3 H2O."" [GOC:pr, PMID:14653780]"	2	190	2	21925	0.010526315789473684	1.0	query_1	['GO:0034440']	16hr_Disome_down	2.4750429606934032
GO:CC	GO:0055035	plastid thylakoid membrane	0.0033689463632105517	True	"""The lipid bilayer membrane of any thylakoid within a plastid."" [GOC:jid, GOC:rph]"	426	209	13	20029	0.06220095693779904	0.03051643192488263	query_1	['GO:0031976', 'GO:0042170', 'GO:0042651']	16hr_Disome_down	2.4725059033397807
GO:BP	GO:0034285	response to disaccharide	0.0033950337131320365	True	"""Any process that results in a change in state or activity of a cell or an organism (in terms of movement, secretion, enzyme production, gene expression, etc.) as a result of a disaccharide stimulus."" [GOC:sart]"	82	190	6	21925	0.031578947368421054	0.07317073170731707	query_1	['GO:0009743']	16hr_Disome_down	2.4691559087606474
GO:BP	GO:0006636	unsaturated fatty acid biosynthetic process	0.0033950337131320365	True	"""The chemical reactions and pathways resulting in the formation of an unsaturated fatty acid, any fatty acid containing one or more double bonds between carbon atoms."" [GOC:mah, MetaCyc:PWY-762, MetaCyc:PWY-782]"	27	190	4	21925	0.021052631578947368	0.14814814814814814	query_1	['GO:0006633', 'GO:0033559']	16hr_Disome_down	2.4691559087606474
WP	WP:WP2941	Polar auxin transport	0.0034191551809852855	True	Polar auxin transport	9	12	3	625	0.25	0.3333333333333333	query_1	['WP:000000']	16hr_Disome_down	2.4660811879673092
GO:MF	GO:0019904	protein domain specific binding	0.0035332178273789787	True	"""Binding to a specific domain of a protein."" [GOC:go_curators]"	97	187	6	22878	0.03208556149732621	0.061855670103092786	query_1	['GO:0005515']	16hr_Disome_down	2.4518295869318414
GO:BP	GO:0016125	sterol metabolic process	0.003650467210021061	True	"""The chemical reactions and pathways involving sterols, steroids with one or more hydroxyl groups and a hydrocarbon side-chain in the molecule."" [ISBN:0198547684]"	53	190	5	21925	0.02631578947368421	0.09433962264150944	query_1	['GO:0008202']	16hr_Disome_down	2.437651548215077
GO:BP	GO:0033559	unsaturated fatty acid metabolic process	0.003650467210021061	True	"""The chemical reactions and pathways involving an unsaturated fatty acid, any fatty acid containing one or more double bonds between carbon atoms."" [GOC:mah]"	28	190	4	21925	0.021052631578947368	0.14285714285714285	query_1	['GO:0006631']	16hr_Disome_down	2.437651548215077
GO:BP	GO:0032787	monocarboxylic acid metabolic process	0.003650467210021061	True	"""The chemical reactions and pathways involving monocarboxylic acids, any organic acid containing one carboxyl (COOH) group or anion (COO-)."" [GOC:vk]"	489	190	14	21925	0.07368421052631578	0.028629856850715747	query_1	['GO:0019752']	16hr_Disome_down	2.437651548215077
GO:MF	GO:0016763	pentosyltransferase activity	0.004040517323388615	True	"""Catalysis of the transfer of a pentosyl group from one compound (donor) to another (acceptor)."" [GOC:jl]"	64	187	5	22878	0.026737967914438502	0.078125	query_1	['GO:0016757']	16hr_Disome_down	2.3935630268919486
GO:CC	GO:0010319	stromule	0.004118134151444293	True	"""Thin filamentous structure extending from the surface of all plastid types examined so far, including chloroplast, proplastid, etioplast, leucoplast, amyloplast, and chromoplast. In general, stromules are more abundant in tissues containing non-green plastids, and in cells containing smaller plastids. The primary function of stromules is still unresolved, although the presence of stromules markedly increases the plastid surface area, potentially increasing transport to and from the cytosol. Other functions of stromules, such as transfer of macromolecules between plastids and starch granule formation in cereal endosperm, may be restricted to particular tissues and cell types."" [PMID:15272881, PMID:15699062, PMID:16582010]"	39	209	4	20029	0.019138755980861243	0.10256410256410256	query_1	['GO:0009526', 'GO:0110165']	16hr_Disome_down	2.3852995100047694
GO:CC	GO:0098588	bounding membrane of organelle	0.004134211243486609	True	"""The lipid bilayer that forms the outer-most layer of an organelle."" [GOC:dos]"	1406	209	28	20029	0.1339712918660287	0.01991465149359886	query_1	['GO:0031090']	16hr_Disome_down	2.3836073362388004
GO:CC	GO:0042651	thylakoid membrane	0.004212566811055383	True	"""The pigmented membrane of any thylakoid."" [GOC:jl, GOC:pr]"	442	209	13	20029	0.06220095693779904	0.029411764705882353	query_1	['GO:0034357']	16hr_Disome_down	2.3754531981817117
GO:CC	GO:0034357	photosynthetic membrane	0.004212566811055383	True	"""A membrane enriched in complexes formed of reaction centers, accessory pigments and electron carriers, in which photosynthetic reactions take place."" [GOC:ds, GOC:mah]"	443	209	13	20029	0.06220095693779904	0.029345372460496615	query_1	['GO:0009579', 'GO:0016020']	16hr_Disome_down	2.3754531981817117
GO:MF	GO:0022839	monoatomic ion-gated channel activity	0.004378250218365708	True	"""Enables the transmembrane transfer of a solute by a channel that opens in response to a specific ion stimulus."" [GOC:mtg_transport]"	15	187	3	22878	0.016042780748663103	0.2	query_1	['GO:0022834']	16hr_Disome_down	2.3586994219937107
GO:MF	GO:0005227	calcium-activated cation channel activity	0.004378250218365708	True	"""Enables the transmembrane transfer of an inorganic cation by a channel that opens when a calcium cation has been bound by the channel complex or one of its constituent parts."" [GOC:dph, GOC:mtg_transport]"	15	187	3	22878	0.016042780748663103	0.2	query_1	['GO:0022839', 'GO:0099094']	16hr_Disome_down	2.3586994219937107
GO:MF	GO:0016709	oxidoreductase activity, acting on paired donors, with incorporation or reduction of molecular oxygen, NAD(P)H as one donor, and incorporation of one atom of oxygen	0.004378250218365708	True	"""Catalysis of an oxidation-reduction (redox) reaction in which hydrogen or electrons are transferred from NADH or NADPH and one other donor, and one atom of oxygen is incorporated into one donor."" [EC:1.14.13.-]"	66	187	5	22878	0.026737967914438502	0.07575757575757576	query_1	['GO:0004497', 'GO:0016705']	16hr_Disome_down	2.3586994219937107
GO:MF	GO:0008324	monoatomic cation transmembrane transporter activity	0.004764116451382299	True	"""Enables the transfer of cation from one side of a membrane to the other."" [GOC:dgf, GOC:mtg_transport, ISBN:0815340729]"	373	187	11	22878	0.058823529411764705	0.029490616621983913	query_1	['GO:0015075']	16hr_Disome_down	2.32201763140953
GO:MF	GO:0015144	carbohydrate transmembrane transporter activity	0.004764116451382299	True	"""Enables the transfer of carbohydrate from one side of a membrane to the other."" [GOC:jl, GOC:mtg_transport, ISBN:0815340729]"	70	187	5	22878	0.026737967914438502	0.07142857142857142	query_1	['GO:0022857']	16hr_Disome_down	2.32201763140953
GO:BP	GO:0008652	amino acid biosynthetic process	0.004803473727142763	True	"""The chemical reactions and pathways resulting in the formation of amino acids, organic acids containing one or more amino substituents."" [ISBN:0198506732]"	220	190	9	21925	0.04736842105263158	0.04090909090909091	query_1	['GO:0006520', 'GO:0009058']	16hr_Disome_down	2.3184445803527893
GO:MF	GO:0046423	allene-oxide cyclase activity	0.006602790500921228	True	"""Catalysis of the reaction: (9Z,13S,15Z)-12,13-epoxyoctadeca-9,11,15-trienoate = (15Z)-12-oxophyto-10,15-dienoate."" [EC:5.3.99.6, RHEA:22592]"	4	187	2	22878	0.0106951871657754	0.5	query_1	['GO:0009975', 'GO:0016860']	16hr_Disome_down	2.18027248218137
GO:BP	GO:0080003	thalianol metabolic process	0.007131266674167707	True	"""The chemical reactions and pathways involving the triterpene thalianol."" [PMID:18356490]"	3	190	2	21925	0.010526315789473684	0.6666666666666666	query_1	['GO:0010683']	16hr_Disome_down	2.146833322778911
GO:BP	GO:0042440	pigment metabolic process	0.007131266674167707	True	"""The chemical reactions and pathways involving pigment, any general or particular coloring matter in living organisms, e.g. melanin."" [GOC:jl, ISBN:0198506732]"	186	190	8	21925	0.042105263157894736	0.043010752688172046	query_1	['GO:0008152']	16hr_Disome_down	2.146833322778911
GO:BP	GO:1905156	negative regulation of photosynthesis	0.007131266674167707	True	"""Any process that stops, prevents or reduces the frequency, rate or extent of photosynthesis."" [GO_REF:0000058, GOC:TermGenie, PMID:7592491]"	14	190	3	21925	0.015789473684210527	0.21428571428571427	query_1	['GO:0009892', 'GO:0010109', 'GO:0015979']	16hr_Disome_down	2.146833322778911
GO:BP	GO:0055092	sterol homeostasis	0.007131266674167707	True	"""Any process involved in the maintenance of an internal steady state of sterol within an organism or cell."" [GOC:BHF, GOC:rl]"	3	190	2	21925	0.010526315789473684	0.6666666666666666	query_1	['GO:0055088']	16hr_Disome_down	2.146833322778911
GO:BP	GO:0015995	chlorophyll biosynthetic process	0.0071816967782056575	True	"""The chemical reactions and pathways resulting in the formation of chlorophyll, any compound of magnesium complexed in a porphyrin (tetrapyrrole) ring and which functions as a photosynthetic pigment, from less complex precursors."" [GOC:jl]"	64	190	5	21925	0.02631578947368421	0.078125	query_1	['GO:0006779', 'GO:0015994', 'GO:0046148']	16hr_Disome_down	2.1437729353742534
GO:MF	GO:0016667	oxidoreductase activity, acting on a sulfur group of donors	0.007226963620589458	True	"""Catalysis of an oxidation-reduction (redox) reaction in which a sulfur-containing group acts as a hydrogen or electron donor and reduces a hydrogen or electron acceptor."" [EC:1.8.-.-, GOC:ai]"	78	187	5	22878	0.026737967914438502	0.0641025641025641	query_1	['GO:0016491']	16hr_Disome_down	2.141044131447349
GO:BP	GO:0034219	carbohydrate transmembrane transport	0.008070522746697964	True	"""The process in which a carbohydrate is transported across a membrane."" [GOC:mah]"	66	190	5	21925	0.02631578947368421	0.07575757575757576	query_1	['GO:0008643', 'GO:0055085']	16hr_Disome_down	2.0930983340940763
GO:BP	GO:0019684	photosynthesis, light reaction	0.008187669349599332	True	"""The light reactions of photosynthesis, which take place in photosystems II and I. Light energy is harvested and used to power the transfer of electrons among a series of electron donors and acceptors. The final electron acceptor is NADP+, which is reduced to NADPH. NADPH generated from light reactions is used in sugar synthesis in dark reactions. Light reactions also generate a proton motive force across the thylakoid membrane, and the proton gradient is used to synthesize ATP. There are two chemical reactions involved in the light reactions: water oxidation in photosystem II, and NADP reduction in photosystem I."" [PMID:15746074]"	146	190	7	21925	0.03684210526315789	0.04794520547945205	query_1	['GO:0006091', 'GO:0015979']	16hr_Disome_down	2.0868397041805102
GO:BP	GO:0046148	pigment biosynthetic process	0.008187669349599332	True	"""The chemical reactions and pathways resulting in the formation of a pigment, any general or particular coloring matter in living organisms, e.g. melanin."" [ISBN:0198506732]"	146	190	7	21925	0.03684210526315789	0.04794520547945205	query_1	['GO:0042440']	16hr_Disome_down	2.0868397041805102
GO:BP	GO:1901607	alpha-amino acid biosynthetic process	0.008555329332854482	True	"""The chemical reactions and pathways resulting in the formation of an alpha-amino acid."" [GOC:TermGenie]"	195	190	8	21925	0.042105263157894736	0.041025641025641026	query_1	['GO:0008652', 'GO:0046394', 'GO:1901605']	16hr_Disome_down	2.0677632678658977
GO:CC	GO:0098827	endoplasmic reticulum subcompartment	0.008557253679159285	True	"""A distinct region of the endoplasmic reticulum."" [GOC:dos]"	544	209	14	20029	0.06698564593301436	0.025735294117647058	query_1	['GO:0005783', 'GO:0031984']	16hr_Disome_down	2.0676655931917254
GO:CC	GO:0005789	endoplasmic reticulum membrane	0.008557253679159285	True	"""The lipid bilayer surrounding the endoplasmic reticulum."" [GOC:mah]"	542	209	14	20029	0.06698564593301436	0.025830258302583026	query_1	['GO:0031090', 'GO:0042175', 'GO:0098827']	16hr_Disome_down	2.0676655931917254
GO:CC	GO:0031968	organelle outer membrane	0.008557253679159285	True	"""The outer, i.e. cytoplasm-facing in a cellular organelle, lipid bilayer of an organelle envelope."" [GOC:mah]"	546	209	14	20029	0.06698564593301436	0.02564102564102564	query_1	['GO:0019867', 'GO:0031967', 'GO:0098588']	16hr_Disome_down	2.0676655931917254
GO:CC	GO:0019867	outer membrane	0.008557253679159285	True	"""The external membrane of Gram-negative bacteria or certain organelles such as mitochondria and chloroplasts; freely permeable to most ions and metabolites."" [GOC:go_curators]"	546	209	14	20029	0.06698564593301436	0.02564102564102564	query_1	['GO:0016020']	16hr_Disome_down	2.0676655931917254
GO:CC	GO:0042175	nuclear outer membrane-endoplasmic reticulum membrane network	0.008604247372473482	True	"""The continuous network of membranes encompassing the nuclear outer membrane and the endoplasmic reticulum membrane."" [GOC:bf, GOC:jl, GOC:mah, GOC:mcc, GOC:pr, GOC:vw]"	548	209	14	20029	0.06698564593301436	0.025547445255474453	query_1	['GO:0012505', 'GO:0016020']	16hr_Disome_down	2.0652871121204828
GO:BP	GO:0006694	steroid biosynthetic process	0.008944751571876613	True	"""The chemical reactions and pathways resulting in the formation of steroids, compounds with a 1,2,cyclopentanoperhydrophenanthrene nucleus; includes de novo formation and steroid interconversion by modification."" [GOC:go_curators]"	69	190	5	21925	0.02631578947368421	0.07246376811594203	query_1	['GO:0008202', 'GO:0008610']	16hr_Disome_down	2.0484317168586412
GO:MF	GO:0003824	catalytic activity	0.008981997385472982	True	"""Catalysis of a biochemical reaction at physiological temperatures. In biologically catalyzed reactions, the reactants are known as substrates, and the catalysts are naturally occurring macromolecular substances known as enzymes. Enzymes possess specific binding sites for substrates, and are usually composed wholly or largely of protein, but RNA that has catalytic activity (ribozyme) is often also regarded as enzymatic."" [GOC:vw, ISBN:0198506732]"	9606	187	101	22878	0.5401069518716578	0.010514261919633562	query_1	['GO:0003674']	16hr_Disome_down	2.0466270756900067
GO:MF	GO:0099094	ligand-gated monoatomic cation channel activity	0.009323856781842473	True	"""Enables the transmembrane transfer of an inorganic cation by a channel that opens when a specific ligand has been bound by the channel complex or one of its constituent parts."" [GOC:mtg_transport, ISBN:0815340729]"	21	187	3	22878	0.016042780748663103	0.14285714285714285	query_1	['GO:0005261', 'GO:0015276']	16hr_Disome_down	2.0304044060366198
GO:MF	GO:0000254	C-4 methylsterol oxidase activity	0.009323856781842473	True	"""Catalysis of the reaction: 4,4-dimethyl-5alpha-cholest-7-en-3beta-ol + 6 Fe(II)-[cytochrome b5] + 5 H+ + 3 O2 = 4alpha-carboxy-4beta-methyl-5alpha-cholest-7-ene-3beta-ol + 6 Fe(III)-[cytochrome b5] + 4 H2O."" [PMID:9811880, RHEA:55220]"	5	187	2	22878	0.0106951871657754	0.4	query_1	['GO:0016716']	16hr_Disome_down	2.0304044060366198
GO:BP	GO:0006779	porphyrin-containing compound biosynthetic process	0.009840119048846237	True	"""The chemical reactions and pathways resulting in the formation of any member of a large group of derivatives or analogs of porphyrin. Porphyrin consists of a ring of four pyrrole nuclei linked each to the next at their alpha positions through a methine group."" [GOC:jl, ISBN:0198506732, Wikipedia:Porphyrin#Natural_formation]"	71	190	5	21925	0.02631578947368421	0.07042253521126761	query_1	['GO:0006778', 'GO:0033014']	16hr_Disome_down	2.0069996473060323
GO:BP	GO:0170034	L-amino acid biosynthetic process	0.009840119048846237	True	"""The chemical reactions and pathways resulting in the formation of L-amino acids, the L-enantiomers of amino acids."" [GOC:edw]"	153	190	7	21925	0.03684210526315789	0.0457516339869281	query_1	['GO:0170033', 'GO:1901607']	16hr_Disome_down	2.0069996473060323
GO:MF	GO:1901682	sulfur compound transmembrane transporter activity	0.010148218681658215	True	"""Enables the transfer of a sulfur compound from one side of a membrane to the other."" [GOC:pr, GOC:TermGenie]"	22	187	3	22878	0.016042780748663103	0.13636363636363635	query_1	['GO:0022857']	16hr_Disome_down	1.993610182836375
GO:BP	GO:0010683	tricyclic triterpenoid metabolic process	0.011088500787990474	True	"""The chemical reactions and pathways involving tricyclic triterpenoid compounds, terpenoids with six isoprene units and 3 rings."" [GOC:tair_curators]"	4	190	2	21925	0.010526315789473684	0.5	query_1	['GO:0006722']	16hr_Disome_down	1.9551271683248395
GO:MF	GO:0015079	potassium ion transmembrane transporter activity	0.011436142479195468	True	"""Enables the transfer of potassium ions (K+) from one side of a membrane to the other."" [GOC:ai]"	52	187	4	22878	0.0213903743315508	0.07692307692307693	query_1	['GO:0046873']	16hr_Disome_down	1.9417204425460426
GO:BP	GO:0010315	auxin export across the plasma membrane	0.011613651364497893	True	"""The directed movement of auxins from inside of a cell, across the plasma membrane and into the extracellular region."" [GOC:tair_curators, PMID:16990790]"	18	190	3	21925	0.015789473684210527	0.16666666666666666	query_1	['GO:0010928', 'GO:0060918', 'GO:0140115']	16hr_Disome_down	1.9350312153913263
GO:BP	GO:0009266	response to temperature stimulus	0.011691329133007562	True	"""Any process that results in a change in state or activity of a cell or an organism (in terms of movement, secretion, enzyme production, gene expression, etc.) as a result of a temperature stimulus."" [GOC:hb]"	644	190	15	21925	0.07894736842105263	0.023291925465838508	query_1	['GO:0009628']	16hr_Disome_down	1.9321361131052204
GO:BP	GO:0033014	tetrapyrrole biosynthetic process	0.011691329133007562	True	"""The chemical reactions and pathways leading to the formation of tetrapyrroles, natural pigments containing four pyrrole rings joined by one-carbon units linking position 2 of one pyrrole ring to position 5 of the next."" [GOC:mah]"	75	190	5	21925	0.02631578947368421	0.06666666666666667	query_1	['GO:0009058', 'GO:0033013']	16hr_Disome_down	1.9321361131052204
GO:BP	GO:0016126	sterol biosynthetic process	0.011691329133007562	True	"""The chemical reactions and pathways resulting in the formation of sterols, steroids with one or more hydroxyl groups and a hydrocarbon side-chain in the molecule."" [GOC:go_curators]"	43	190	4	21925	0.021052631578947368	0.09302325581395349	query_1	['GO:0006694', 'GO:0016125']	16hr_Disome_down	1.9321361131052204
GO:BP	GO:0170038	proteinogenic amino acid biosynthetic process	0.011691329133007562	True	"""The chemical reactions and pathways resulting in the formation of any amino acid that is incorporated into protein naturally by ribosomal translation of mRNA, and that has a specific codon for translation from mRNA to protein."" [GOC:ew]"	161	190	7	21925	0.03684210526315789	0.043478260869565216	query_1	['GO:0046394', 'GO:0170039']	16hr_Disome_down	1.9321361131052204
GO:BP	GO:0009413	response to flooding	0.014969738128835135	True	"""Any process that results in a change in state or activity of a cell or an organism (in terms of movement, secretion, enzyme production, gene expression, etc.) as a result of a stimulus indicating flooding, short-term immersion in water."" [GOC:lr]"	5	190	2	21925	0.010526315789473684	0.4	query_1	['GO:0006950', 'GO:0009415']	16hr_Disome_down	1.8247857968644705
GO:BP	GO:0072708	response to sorbitol	0.014969738128835135	True	"""Any process that results in a change in state or activity of a cell or an organism (in terms of movement, secretion, enzyme production, gene expression, etc.) as a result of a sorbitol stimulus."" [GOC:mah]"	5	190	2	21925	0.010526315789473684	0.4	query_1	['GO:0009743']	16hr_Disome_down	1.8247857968644705
GO:BP	GO:0043461	proton-transporting ATP synthase complex assembly	0.014969738128835135	True	"""The aggregation, arrangement and bonding together of a proton-transporting ATP synthase (also known as F-type ATPase), a two-sector ATPase found in the inner membrane of mitochondria and chloroplasts, and in bacterial plasma membranes."" [GOC:jl, GOC:mah, PMID:29514954]"	5	190	2	21925	0.010526315789473684	0.4	query_1	['GO:0070071']	16hr_Disome_down	1.8247857968644705
GO:BP	GO:0006720	isoprenoid metabolic process	0.014969738128835135	True	"""The chemical reactions and pathways involving isoprenoid compounds, isoprene (2-methylbuta-1,3-diene) or compounds containing or derived from linked isoprene (3-methyl-2-butenylene) residues."" [ISBN:0198547684]"	220	190	8	21925	0.042105263157894736	0.03636363636363636	query_1	['GO:0006629']	16hr_Disome_down	1.8247857968644705
GO:BP	GO:0008202	steroid metabolic process	0.014969738128835135	True	"""The chemical reactions and pathways involving steroids, compounds with a 1,2,cyclopentanoperhydrophenanthrene nucleus."" [ISBN:0198547684]"	82	190	5	21925	0.02631578947368421	0.06097560975609756	query_1	['GO:0006629']	16hr_Disome_down	1.8247857968644705
GO:BP	GO:0010109	regulation of photosynthesis	0.016709024992070224	True	"""Any process that modulates the frequency, rate or extent of photosynthesis."" [GOC:sm]"	49	190	4	21925	0.021052631578947368	0.08163265306122448	query_1	['GO:0015979', 'GO:0019222']	16hr_Disome_down	1.7770488913943292
GO:BP	GO:0044272	sulfur compound biosynthetic process	0.016709024992070224	True	"""The chemical reactions and pathways resulting in the formation of compounds that contain sulfur, such as the amino acids methionine and cysteine or the tripeptide glutathione."" [GOC:jl]"	175	190	7	21925	0.03684210526315789	0.04	query_1	['GO:0006790', 'GO:0009058']	16hr_Disome_down	1.7770488913943292
GO:BP	GO:0042592	homeostatic process	0.017866869887727236	True	"""Any biological process involved in the maintenance of an internal steady state."" [GOC:jl, ISBN:0395825172]"	287	190	9	21925	0.04736842105263158	0.0313588850174216	query_1	['GO:0008150']	16hr_Disome_down	1.7479515252535744
GO:BP	GO:0006811	monoatomic ion transport	0.01905375057323237	True	"""The directed movement of a monoatomic ion into, out of or within a cell, or between cells, by means of some agent such as a transporter or pore. Monatomic ions (also called simple ions) are ions consisting of exactly one atom."" [GOC:ai]"	547	190	13	21925	0.06842105263157895	0.02376599634369287	query_1	['GO:0006810']	16hr_Disome_down	1.7200195242962293
GO:BP	GO:0009767	photosynthetic electron transport chain	0.019831354990729706	True	"""A process, occurring as part of photosynthesis, in which light provides the energy for a series of electron carriers to operate together to transfer electrons and generate a transmembrane electrochemical gradient."" [GOC:mtg_electron_transport, ISBN:0198547684]"	52	190	4	21925	0.021052631578947368	0.07692307692307693	query_1	['GO:0019684', 'GO:0022900']	16hr_Disome_down	1.7026476113169944
GO:BP	GO:0015994	chlorophyll metabolic process	0.0204874752106874	True	"""The chemical reactions and pathways involving chlorophyll, any compound of magnesium complexed in a porphyrin (tetrapyrrole) ring and which functions as a photosynthetic pigment."" [GOC:jl]"	90	190	5	21925	0.02631578947368421	0.05555555555555555	query_1	['GO:0006778']	16hr_Disome_down	1.6885115589061637
GO:MF	GO:0003729	mRNA binding	0.02056948842469432	True	"""Binding to messenger RNA (mRNA), an intermediate molecule between DNA and protein. mRNA includes UTR and coding sequences, but does not contain introns."" [GOC:kmv, GOC:pr, SO:0000234]"	1619	187	25	22878	0.13368983957219252	0.015441630636195183	query_1	['GO:0003723']	16hr_Disome_down	1.6867765093308043
GO:MF	GO:0051753	mannan synthase activity	0.02167416200610122	True	"""Catalysis of the reaction: mannan(n) + GDP-mannose = mannan(n+1) + GDP. This reaction is the formation of the beta-(1->4)-linked mannan backbone in substrates such as galactomannan."" [PMID:14726589]"	8	187	2	22878	0.0106951871657754	0.25	query_1	['GO:0019187']	16hr_Disome_down	1.664057684770391
GO:MF	GO:0046873	metal ion transmembrane transporter activity	0.02167416200610122	True	"""Enables the transfer of metal ions from one side of a membrane to the other."" [GOC:ai]"	211	187	7	22878	0.0374331550802139	0.03317535545023697	query_1	['GO:0008324', 'GO:0022890']	16hr_Disome_down	1.664057684770391
GO:BP	GO:0030001	metal ion transport	0.0221866438292909	True	"""The directed movement of metal ions, any metal ion with an electric charge, into, out of or within a cell, or between cells, by means of some agent such as a transporter or pore."" [GOC:ai]"	299	190	9	21925	0.04736842105263158	0.030100334448160536	query_1	['GO:0006812']	16hr_Disome_down	1.6539083884690584
GO:CC	GO:0005768	endosome	0.022385286860137334	True	"""A vacuole to which materials ingested by endocytosis are delivered."" [ISBN:0198506732, PMID:19696797]"	424	209	11	20029	0.05263157894736842	0.025943396226415096	query_1	['GO:0012505', 'GO:0031410']	16hr_Disome_down	1.650037335902985
GO:BP	GO:0072348	sulfur compound transport	0.022581769791020674	True	"""The directed movement of compounds that contain sulfur, out of or within a cell, or between cells, by means of some agent such as a transporter or pore."" [GOC:mah]"	25	190	3	21925	0.015789473684210527	0.12	query_1	['GO:0006810']	16hr_Disome_down	1.646242024308543
GO:BP	GO:0043085	positive regulation of catalytic activity	0.02450129795589996	True	"""Any process that activates or increases the activity of an enzyme."" [GOC:ebc, GOC:jl, GOC:tb, GOC:vw]"	56	190	4	21925	0.021052631578947368	0.07142857142857142	query_1	['GO:0044093', 'GO:0050790']	16hr_Disome_down	1.6108109082822442
KEGG	KEGG:01100	Metabolic pathways	0.02477838772110355	True	Metabolic pathways	2337	58	38	5300	0.6551724137931034	0.016260162601626018	query_1	['KEGG:00000']	16hr_Disome_down	1.6059269556923177
KEGG	KEGG:00100	Steroid biosynthesis	0.02477838772110355	True	Steroid biosynthesis	36	58	4	5300	0.06896551724137931	0.1111111111111111	query_1	['KEGG:00000']	16hr_Disome_down	1.6059269556923177
GO:MF	GO:0015386	potassium:proton antiporter activity	0.026877209569516877	True	"""Enables the transfer of a solute or solutes from one side of a membrane to the other according to the reaction: K+(in) + H+(out) = K+(out) + H+(in)."" [TC:2.A.37.-.-]"	9	187	2	22878	0.0106951871657754	0.2222222222222222	query_1	['GO:0022821', 'GO:0051139']	16hr_Disome_down	1.5706158223543636
GO:MF	GO:0022890	inorganic cation transmembrane transporter activity	0.02701335401925395	True	"""Enables the transfer of inorganic cations from one side of a membrane to the other. Inorganic cations are atoms or small molecules with a positive charge that do not contain carbon in covalent linkage."" [GOC:ai, GOC:mtg_transport, ISBN:0815340729]"	349	187	9	22878	0.0481283422459893	0.025787965616045846	query_1	['GO:0015318']	16hr_Disome_down	1.5684214897991609
GO:BP	GO:0009743	response to carbohydrate	0.028083562460806788	True	"""Any process that results in a change in state or activity of a cell or an organism (in terms of movement, secretion, enzyme production, gene expression, etc.) as a result of a carbohydrate stimulus."" [GOC:jl]"	196	190	7	21925	0.03684210526315789	0.03571428571428571	query_1	['GO:1901700']	16hr_Disome_down	1.5515478018507751
GO:BP	GO:0008643	carbohydrate transport	0.029272889814416916	True	"""The directed movement of carbohydrate into, out of or within a cell, or between cells, by means of some agent such as a transporter or pore. Carbohydrates are a group of organic compounds based of the general formula Cx(H2O)y."" [GOC:ai]"	146	190	6	21925	0.031578947368421054	0.0410958904109589	query_1	['GO:0006810']	16hr_Disome_down	1.5335344019767048
GO:BP	GO:0000373	Group II intron splicing	0.02961457877988421	True	"""The splicing of Group II introns. This occurs by a ribozymic mechanism where the intron sequence forms a distinct 3D structure, characteristic of Group II introns and containing splice site consensus sequences, that is involved in catalyzing the splicing reactions, though protein factors are also required in vivo. Splicing occurs by a series of two transesterification reactions (mechanistically similar to those for splicing of nuclear mRNAs) initiated by a bulged adenosine residue within the intron sequence as the initiating nucleophile. The intron is excised as a lariat."" [GOC:krc, PMID:11377794]"	28	190	3	21925	0.015789473684210527	0.10714285714285714	query_1	['GO:0000377']	16hr_Disome_down	1.5284944401249427
GO:BP	GO:0034220	monoatomic ion transmembrane transport	0.029952537232311185	True	"""A process in which a monoatomic ion is transported across a membrane. Monatomic ions (also called simple ions) are ions consisting of exactly one atom."" [GOC:mah]"	447	190	11	21925	0.05789473684210526	0.024608501118568233	query_1	['GO:0006811', 'GO:0055085']	16hr_Disome_down	1.5235663833140562
GO:BP	GO:1901605	alpha-amino acid metabolic process	0.029952537232311185	True	"""The chemical reactions and pathways involving an alpha-amino acid."" [GOC:TermGenie]"	317	190	9	21925	0.04736842105263158	0.028391167192429023	query_1	['GO:0006520', 'GO:0019752']	16hr_Disome_down	1.5235663833140562
GO:CC	GO:0031977	thylakoid lumen	0.030386882151180267	True	"""The volume enclosed by a thylakoid membrane."" [GOC:mah, GOC:pz]"	74	209	4	20029	0.019138755980861243	0.05405405405405406	query_1	['GO:0009579', 'GO:0110165']	16hr_Disome_down	1.5173138584591292
GO:CC	GO:0005886	plasma membrane	0.030386882151180267	True	"""The membrane surrounding a cell that separates the cell from its external environment. It consists of a phospholipid bilayer and associated proteins."" [ISBN:0716731363]"	2524	209	39	20029	0.18660287081339713	0.015451664025356577	query_1	['GO:0016020', 'GO:0071944']	16hr_Disome_down	1.5173138584591292
GO:CC	GO:0005802	trans-Golgi network	0.030386882151180267	True	"""The network of interconnected tubular and cisternal structures located within the Golgi apparatus on the side distal to the endoplasmic reticulum, from which secretory vesicles emerge. The trans-Golgi network is important in the later stages of protein secretion where it is thought to play a key role in the sorting and targeting of secreted proteins to the correct destination."" [GOC:vw, ISBN:0815316194]"	268	209	8	20029	0.03827751196172249	0.029850746268656716	query_1	['GO:0098791']	16hr_Disome_down	1.5173138584591292
GO:BP	GO:0071805	potassium ion transmembrane transport	0.030692362348355783	True	"""A process in which a potassium ion is transported from one side of a membrane to the other."" [GOC:mah]"	61	190	4	21925	0.021052631578947368	0.06557377049180328	query_1	['GO:0006813', 'GO:0098655', 'GO:0098662']	16hr_Disome_down	1.512969683240674
GO:BP	GO:0006778	porphyrin-containing compound metabolic process	0.03142714899361661	True	"""The chemical reactions and pathways involving any member of a large group of derivatives or analogs of porphyrin. Porphyrins consists of a ring of four pyrrole nuclei linked each to the next at their alpha positions through a methine group."" [GOC:jl, ISBN:0198506732, Wikipedia:Porphyrin#Natural_formation]"	103	190	5	21925	0.02631578947368421	0.04854368932038835	query_1	['GO:0033013']	16hr_Disome_down	1.5026950154985157
GO:BP	GO:0055089	fatty acid homeostasis	0.03142714899361661	True	"""Any process involved in the maintenance of an internal steady state of fatty acid within an organism or cell."" [GOC:BHF, GOC:rl]"	8	190	2	21925	0.010526315789473684	0.25	query_1	['GO:0055088']	16hr_Disome_down	1.5026950154985157
GO:MF	GO:0022821	solute:potassium antiporter activity	0.03150670383404901	True	"""Catalysis of the active transport of a potassium ion across a membrane by a mechanism whereby two or more species are transported in opposite directions in a tightly coupled process not directly linked to a form of energy other than chemiosmotic energy."" [GOC:mtg_transport, ISBN:0815340729]"	10	187	2	22878	0.0106951871657754	0.2	query_1	['GO:0015079', 'GO:0140828']	16hr_Disome_down	1.5015970294366627
GO:CC	GO:0019866	organelle inner membrane	0.032899063762947996	True	"""The inner, i.e. lumen-facing, lipid bilayer of an organelle envelope; usually highly selective to most ions and metabolites."" [GOC:mah]"	332	209	9	20029	0.0430622009569378	0.02710843373493976	query_1	['GO:0031090', 'GO:0031967']	16hr_Disome_down	1.4828164609670744
GO:BP	GO:0042548	regulation of photosynthesis, light reaction	0.03317608447773251	True	"""Any process that modulates the frequency, rate or extent of the light-dependent reaction of photosynthesis."" [GOC:jl]"	30	190	3	21925	0.015789473684210527	0.1	query_1	['GO:0010109', 'GO:0019684', 'GO:0043467']	16hr_Disome_down	1.4791748717793665
GO:BP	GO:0033013	tetrapyrrole metabolic process	0.033238120332711354	True	"""The chemical reactions and pathways involving tetrapyrroles, natural pigments containing four pyrrole rings joined by one-carbon units linking position 2 of one pyrrole ring to position 5 of the next."" [GOC:mah]"	105	190	5	21925	0.02631578947368421	0.047619047619047616	query_1	['GO:0008152']	16hr_Disome_down	1.478363544220453
GO:BP	GO:0009642	response to light intensity	0.03358009907251392	True	"""Any process that results in a change in state or activity of a cell or an organism (in terms of movement, secretion, enzyme production, gene expression, etc.) as a result of a light intensity stimulus."" [GOC:go_curators]"	154	190	6	21925	0.031578947368421054	0.03896103896103896	query_1	['GO:0009416']	16hr_Disome_down	1.4739180268822276
GO:CC	GO:0005783	endoplasmic reticulum	0.034762603792111324	True	"""The irregular network of unit membranes, visible only by electron microscopy, that occurs in the cytoplasm of many eukaryotic cells. The membranes form a complex meshwork of tubular channels, which are often expanded into slitlike cavities called cisternae. The ER takes two forms, rough (or granular), with ribosomes adhering to the outer surface, and smooth (with no ribosomes attached)."" [ISBN:0198506732]"	1149	209	21	20029	0.10047846889952153	0.018276762402088774	query_1	['GO:0005737', 'GO:0012505', 'GO:0043231']	16hr_Disome_down	1.4588877014352586
GO:MF	GO:0016671	oxidoreductase activity, acting on a sulfur group of donors, disulfide as acceptor	0.03527784194804325	True	"""Catalysis of an oxidation-reduction (redox) reaction in which a sulfur-containing group acts as a hydrogen or electron donor and reduces disulfide."" [GOC:jl]"	37	187	3	22878	0.016042780748663103	0.08108108108108109	query_1	['GO:0016667']	16hr_Disome_down	1.4524979898305377
GO:MF	GO:0016744	transketolase or transaldolase activity	0.03527784194804325	True	"""Catalysis of the transfer of an aldehyde or ketonic group from one compound (donor) to another (acceptor)."" [GOC:jl, ISBN:0198506732]"	11	187	2	22878	0.0106951871657754	0.18181818181818182	query_1	['GO:0016740']	16hr_Disome_down	1.4524979898305377
GO:MF	GO:0010329	auxin efflux transmembrane transporter activity	0.03527784194804325	True	"""Enables the transfer of auxin, from one side of a membrane to the other, out of a cell."" [PMID:16839804]"	11	187	2	22878	0.0106951871657754	0.18181818181818182	query_1	['GO:0080161']	16hr_Disome_down	1.4524979898305377
GO:BP	GO:0044093	positive regulation of molecular function	0.03562220279230985	True	"""Any process that activates or increases the rate or extent of a molecular function, an elemental biological activity occurring at the molecular level, such as catalysis or binding."" [GO:jl]"	65	190	4	21925	0.021052631578947368	0.06153846153846154	query_1	['GO:0065009']	16hr_Disome_down	1.4482792283044
GO:BP	GO:0009228	thiamine biosynthetic process	0.03706940906750544	True	"""The chemical reactions and pathways resulting in the formation of thiamine (vitamin B1), a water soluble vitamin present in fresh vegetables and meats, especially liver."" [GOC:jl, ISBN:0198506732]"	9	190	2	21925	0.010526315789473684	0.2222222222222222	query_1	['GO:0006772', 'GO:0034309', 'GO:0042724']	16hr_Disome_down	1.4309843371095547
GO:BP	GO:0043467	regulation of generation of precursor metabolites and energy	0.03738630478677695	True	"""Any process that modulates the frequency, rate or extent of the chemical reactions and pathways resulting in the formation of precursor metabolites, substances from which energy is derived, and the processes involved in the liberation of energy from these substances."" [GOC:jl]"	32	190	3	21925	0.015789473684210527	0.09375	query_1	['GO:0006091', 'GO:0019222']	16hr_Disome_down	1.4272874578203272
GO:CC	GO:0043231	intracellular membrane-bounded organelle	0.03786931169110231	True	"""Organized structure of distinctive morphology and function, bounded by a single or double lipid bilayer membrane and occurring within the cell. Includes the nucleus, mitochondria, plastids, vacuoles, and vesicles. Excludes the plasma membrane."" [GOC:go_curators]"	11808	209	140	20029	0.6698564593301436	0.011856368563685637	query_1	['GO:0043227', 'GO:0043229']	16hr_Disome_down	1.4217125885013746
GO:CC	GO:0043190	ATP-binding cassette (ABC) transporter complex	0.03835021791008587	True	"""A complex for the transport of metabolites into and out of the cell, typically comprised of four domains; two membrane-associated domains and two ATP-binding domains at the intracellular face of the membrane, that form a central pore through the plasma membrane. Each of the four core domains may be encoded as a separate polypeptide or the domains can be fused in any one of a number of ways into multidomain polypeptides. In Bacteria and Archaebacteria, ABC transporters also include substrate binding proteins to bind substrate external to the cytoplasm and deliver it to the transporter."" [GOC:jl, GOC:mtg_sensu, PMID:11421269, PMID:15111107]"	1	209	1	20029	0.004784688995215311	1.0	query_1	['GO:0098533', 'GO:0098797']	16hr_Disome_down	1.4162321639997728
GO:CC	GO:0043227	membrane-bounded organelle	0.03835021791008587	True	"""Organized structure of distinctive morphology and function, bounded by a single or double lipid bilayer membrane. Includes the nucleus, mitochondria, plastids, vacuoles, and vesicles. Excludes the plasma membrane."" [GOC:go_curators]"	11823	209	140	20029	0.6698564593301436	0.011841326228537596	query_1	['GO:0043226']	16hr_Disome_down	1.4162321639997728
GO:BP	GO:0170033	L-amino acid metabolic process	0.039475847014331204	True	"""The chemical reactions and pathways involving an L-amino acid."" [GOC:edw]"	275	190	8	21925	0.042105263157894736	0.02909090909090909	query_1	['GO:1901605']	16hr_Disome_down	1.4036685427711266
GO:MF	GO:0015116	sulfate transmembrane transporter activity	0.04000118078662797	True	"""Enables the transfer of sulfate ions, SO4(2-), from one side of a membrane to the other."" [GOC:ai]"	12	187	2	22878	0.0106951871657754	0.16666666666666666	query_1	['GO:0015103', 'GO:1901682']	16hr_Disome_down	1.3979271886333375
GO:MF	GO:0008271	secondary active sulfate transmembrane transporter activity	0.04000118078662797	True	"""Enables the secondary active transfer of sulfate from one side of a membrane to the other. Secondary active transport is the transfer of a solute across a membrane, up its concentration gradient. The transporter binds the solute and undergoes a series of conformational changes. Transport works equally well in either direction and is driven by a chemiosmotic source of energy. Secondary active transporters include symporters and antiporters."" [GOC:mtg_transport]"	12	187	2	22878	0.0106951871657754	0.16666666666666666	query_1	['GO:0015116', 'GO:0015291']	16hr_Disome_down	1.3979271886333375
GO:MF	GO:0008509	monoatomic anion transmembrane transporter activity	0.040823997951419534	True	"""Enables the transfer of a negatively charged ion from one side of a membrane to the other."" [GOC:dgf, GOC:mtg_transport, ISBN:0815340729]"	41	187	3	22878	0.016042780748663103	0.07317073170731707	query_1	['GO:0015075']	16hr_Disome_down	1.3890844664690647
GO:MF	GO:0022834	ligand-gated channel activity	0.040823997951419534	True	"""Enables the transmembrane transfer of a solute by a channel that opens when a specific ligand has been bound by the channel complex or one of its constituent parts."" [GOC:mtg_transport, ISBN:0815340729]"	41	187	3	22878	0.016042780748663103	0.07317073170731707	query_1	['GO:0022836']	16hr_Disome_down	1.3890844664690647
GO:MF	GO:0015276	ligand-gated monoatomic ion channel activity	0.040823997951419534	True	"""Enables the transmembrane transfer of an ion by a channel that opens when a specific ligand has been bound by the channel complex or one of its constituent parts."" [GOC:mtg_transport, ISBN:0815340729]"	41	187	3	22878	0.016042780748663103	0.07317073170731707	query_1	['GO:0005216', 'GO:0022834']	16hr_Disome_down	1.3890844664690647
GO:MF	GO:0019187	beta-1,4-mannosyltransferase activity	0.041796358112205126	True	"""Catalysis of the transfer of a mannose residue to an oligosaccharide, forming a beta-(1->4) linkage."" [GOC:mcc, PMID:8166646]"	13	187	2	22878	0.0106951871657754	0.15384615384615385	query_1	['GO:0000030']	16hr_Disome_down	1.3788615584325945
GO:MF	GO:0016774	phosphotransferase activity, carboxyl group as acceptor	0.041796358112205126	True	"""Catalysis of the transfer of a phosphorus-containing group from one compound (donor) to a carboxyl group (acceptor)."" [EC:2.7.2.-]"	13	187	2	22878	0.0106951871657754	0.15384615384615385	query_1	['GO:0016772']	16hr_Disome_down	1.3788615584325945
GO:CC	GO:0005794	Golgi apparatus	0.0428311096855789	True	"""A membrane-bound cytoplasmic organelle of the endomembrane system that further processes the core oligosaccharides (e.g. N-glycans) added to proteins in the endoplasmic reticulum and packages them into membrane-bound vesicles. The Golgi apparatus operates at the intersection of the secretory, lysosomal, and endocytic pathways."" [ISBN:0198506732]"	1108	209	20	20029	0.09569377990430622	0.018050541516245487	query_1	['GO:0005737', 'GO:0012505', 'GO:0043231']	16hr_Disome_down	1.368240673581939
GO:BP	GO:0055088	lipid homeostasis	0.042936301833496365	True	"""Any process involved in the maintenance of an internal steady state of lipid within an organism or cell."" [GOC:BHF, GOC:rl]"	34	190	3	21925	0.015789473684210527	0.08823529411764706	query_1	['GO:0048878']	16hr_Disome_down	1.3671753647081373
GO:BP	GO:0170039	proteinogenic amino acid metabolic process	0.042936301833496365	True	"""The chemical reactions and pathways involving any amino acid that is incorporated into protein naturally by ribosomal translation of mRNA, and that has a specific codon for translation from mRNA to protein."" [GOC:ew]"	280	190	8	21925	0.042105263157894736	0.02857142857142857	query_1	['GO:0006520', 'GO:0019752']	16hr_Disome_down	1.3671753647081373
GO:MF	GO:0022836	gated channel activity	0.04377240571050645	True	"""Enables the transmembrane transfer of a solute by a channel that opens in response to a specific stimulus."" [GOC:mtg_transport]"	85	187	4	22878	0.0213903743315508	0.047058823529411764	query_1	['GO:0015267']	16hr_Disome_down	1.3587995841137082
GO:BP	GO:0009958	positive gravitropism	0.045983634307657256	True	"""The orientation of plant parts towards gravity."" [GOC:sm]"	35	190	3	21925	0.015789473684210527	0.08571428571428572	query_1	['GO:0009630']	16hr_Disome_down	1.3373967073297506
GO:BP	GO:0000105	L-histidine biosynthetic process	0.048829746261662005	True	"""The chemical reactions and pathways resulting in the formation of L-histidine, 2-amino-3-(1H-imidazol-4-yl)propanoic acid."" [GOC:go_curators]"	11	190	2	21925	0.010526315789473684	0.18181818181818182	query_1	['GO:0006547', 'GO:0009073', 'GO:0170034', 'GO:0170038']	16hr_Disome_down	1.3113155324729182
GO:BP	GO:0006547	L-histidine metabolic process	0.048829746261662005	True	"""The chemical reactions and pathways involving L-histidine, 2-amino-3-(1H-imidazol-4-yl)propanoic acid."" [GOC:go_curators]"	11	190	2	21925	0.010526315789473684	0.18181818181818182	query_1	['GO:0009072', 'GO:0052803', 'GO:0170033', 'GO:0170039']	16hr_Disome_down	1.3113155324729182
GO:BP	GO:0043155	negative regulation of photosynthesis, light reaction	0.048829746261662005	True	"""Any process that stops, prevents, or reduces the frequency, rate or extent of the light-dependent reaction of photosynthesis."" [GOC:jl]"	11	190	2	21925	0.010526315789473684	0.18181818181818182	query_1	['GO:0019684', 'GO:0042548', 'GO:1905156']	16hr_Disome_down	1.3113155324729182
GO:BP	GO:0052803	imidazole-containing compound metabolic process	0.048829746261662005	True	"""The chemical reactions and pathways involving imidazoles, five-membered organic heterocycle containing two nitrogen atoms at positions 1 and 3, or any of its derivatives; compounds containing an imidazole skeleton."" [GOC:curators]"	11	190	2	21925	0.010526315789473684	0.18181818181818182	query_1	['GO:0008152']	16hr_Disome_down	1.3113155324729182
GO:BP	GO:0006772	thiamine metabolic process	0.048829746261662005	True	"""The chemical reactions and pathways involving thiamine (vitamin B1), a water soluble vitamin present in fresh vegetables and meats, especially liver."" [GOC:jl, ISBN:0198506732]"	11	190	2	21925	0.010526315789473684	0.18181818181818182	query_1	['GO:0034308', 'GO:0042723']	16hr_Disome_down	1.3113155324729182
GO:BP	GO:0010205	photoinhibition	0.048829746261662005	True	"""The mechanism by which high light intensity inhibits photosynthesis through inactivation of the D1 protein of photosystem II."" [GOC:mtg_electron_transport, PMID:12068126]"	11	190	2	21925	0.010526315789473684	0.18181818181818182	query_1	['GO:0009644', 'GO:0009767', 'GO:0043155']	16hr_Disome_down	1.3113155324729182
GO:MF	GO:0102850	acyl-lipid (n+3)-(Z)-desaturase (ferredoxin) activity	0.04995094753814902	True	"""Catalysis of the reaction: a (9Z)-octadecenoyl-containing glycerolipid + 2 H+ + O2 + 2 reduced [2Fe-2S]-[ferredoxin] = a (9Z,12Z)-octadecadienoyl-containing glycerolipid + 2 H2O + 2 oxidized [2Fe-2S]-[ferredoxin]."" [RHEA:46376]"	1	187	1	22878	0.0053475935828877	1.0	query_1	['GO:0016717']	16hr_Disome_down	1.301456269065898
GO:MF	GO:0080161	auxin transmembrane transporter activity	0.04995094753814902	True	"""Enables the transfer of auxins from one side of a membrane to the other. Auxins are plant hormones that regulate aspects of plant growth."" [PMID:19506555]"	15	187	2	22878	0.0106951871657754	0.13333333333333333	query_1	['GO:0022857']	16hr_Disome_down	1.301456269065898
GO:MF	GO:0080014	thalianol hydroxylase activity	0.04995094753814902	True	"""Catalysis of the reaction: a thalianol = a thalian-diol. This reaction is the addition of a hydroxyl group to thalianol ((13R,14R,17E)-podioda-8,17,21-trien-3beta-ol) to create a thalian-diol ((13R,14R,17E)-podioda-8,17,21-trien-3beta,X-diol), where the hydroxyl group may be attached at one of several different available carbons in ring B or C of thalianol, indicated by the X."" [MetaCyc:RXN-9631, PMID:17474751, PMID:18356490]"	1	187	1	22878	0.0053475935828877	1.0	query_1	['GO:0016712']	16hr_Disome_down	1.301456269065898
GO:MF	GO:0080004	thalian-diol desaturase activity	0.04995094753814902	True	"""Catalysis of the reaction: a thalian-diol = a desaturated thalian-diol. This reaction is the introduction of a double bond to a thalian-diol molecule at carbon 15."" [PMID:18356490]"	1	187	1	22878	0.0053475935828877	1.0	query_1	['GO:0016705']	16hr_Disome_down	1.301456269065898
GO:MF	GO:0102843	palmitoyl-[glycerolipid] 7-desaturase activity	0.04995094753814902	True	"""Catalysis of the reaction: a 1-acyl-2-hexadecanoyl-glycerolipid + 2 H+ + O2 + 2 reduced [2Fe-2S]-[ferredoxin] = a 1-acyl-2-[(7Z)-hexadecenoyl]-glycerolipid + 2 H2O + 2 oxidized [2Fe-2S]-[ferredoxin]."" [RHEA:46756]"	1	187	1	22878	0.0053475935828877	1.0	query_1	['GO:0016717']	16hr_Disome_down	1.301456269065898
GO:MF	GO:0046872	metal ion binding	0.04995094753814902	True	"""Binding to a metal ion."" [GOC:ai]"	3948	187	46	22878	0.24598930481283424	0.01165146909827761	query_1	['GO:0043169']	16hr_Disome_down	1.301456269065898
GO:MF	GO:0015103	inorganic anion transmembrane transporter activity	0.04995094753814902	True	"""Enables the transfer of inorganic anions from one side of a membrane to the other. Inorganic anions are atoms or small molecules with a negative charge which do not contain carbon in covalent linkage."" [GOC:ai]"	93	187	4	22878	0.0213903743315508	0.043010752688172046	query_1	['GO:0015318']	16hr_Disome_down	1.301456269065898
GO:MF	GO:0043874	acireductone synthase activity	0.04995094753814902	True	"""Catalysis of the reactions:5-methylsulfanyl-2,3-dioxopentyl phosphate + H2O = 1,2-dihydroxy-5-(methylsulfanyl)pent-1-en-3-one + phosphate."" [RHEA:21700]"	1	187	1	22878	0.0053475935828877	1.0	query_1	['GO:0016791']	16hr_Disome_down	1.301456269065898
GO:MF	GO:0043716	2-hydroxy-3-keto-5-methylthiopentenyl-1-phosphate phosphatase activity	0.04995094753814902	True	"""Catalysis of the reaction: 2-hydroxy-5-methylsulfanyl-3-oxopent-1-enyl phosphate + H2O = 1,2-dihydroxy-5-(methylsulfanyl)pent-1-en-3-one + phosphate."" [RHEA:14481]"	1	187	1	22878	0.0053475935828877	1.0	query_1	['GO:0016791']	16hr_Disome_down	1.301456269065898
GO:MF	GO:0043715	2,3-diketo-5-methylthiopentyl-1-phosphate enolase activity	0.04995094753814902	True	"""Catalysis of the reaction: 2,3-diketo-5-methylthiopentyl-1-phosphate = H+ + 2-hydroxy 3-keto-5-methylthiopentenyl-1-phosphate. 2,3-diketo-5-methylthiopentyl-1-phosphate is also known as DK-MTP-1-P, and 2-hydroxy 3-keto-5-methylthiopentenyl-1-phosphate as HK-MTPenyl-1-P."" [MetaCyc:R82-RXN]"	1	187	1	22878	0.0053475935828877	1.0	query_1	['GO:0016862']	16hr_Disome_down	1.301456269065898
GO:MF	GO:0043682	P-type divalent copper transporter activity	0.04995094753814902	True	"""Enables the transfer of a solute or solutes from one side of a membrane to the other according to the reaction: ATP + H2O + Cu2+(in) = ADP + phosphate + Cu2+(out)."" [RHEA:10376]"	1	187	1	22878	0.0053475935828877	1.0	query_1	['GO:0005375', 'GO:0015662', 'GO:0019829']	16hr_Disome_down	1.301456269065898
GO:MF	GO:0043169	cation binding	0.04995094753814902	True	"""Binding to a cation, a charged atom or group of atoms with a net positive charge."" [GOC:jl]"	3961	187	46	22878	0.24598930481283424	0.011613228982580156	query_1	['GO:0043167']	16hr_Disome_down	1.301456269065898
GO:MF	GO:0010307	acetylglutamate kinase regulator activity	0.04995094753814902	True	"""Binds to and modulates the activity of acetylglutamate kinase."" [PMID:16377628]"	1	187	1	22878	0.0053475935828877	1.0	query_1	['GO:0003991', 'GO:0019207']	16hr_Disome_down	1.301456269065898
GO:MF	GO:0016862	intramolecular oxidoreductase activity, interconverting keto- and enol-groups	0.04995094753814902	True	"""Catalysis of an oxidation-reduction (redox) reaction in which the hydrogen donor and acceptor, which is a keto- or an enol-group, are the same molecule, and no oxidized product appears."" [EC:5.3.2.-, GOC:jl]"	1	187	1	22878	0.0053475935828877	1.0	query_1	['GO:0016860']	16hr_Disome_down	1.301456269065898
GO:MF	GO:0015229	L-ascorbic acid transmembrane transporter activity	0.04995094753814902	True	"""Enables the transfer of L-ascorbate from one side of a membrane to the other. L-ascorbate, (2R)-2-[(1S)-1,2-dihydroxyethyl]-4-hydroxy-5-oxo-2,5-dihydrofuran-3-olate, is vitamin C and has co-factor and anti-oxidant activities in many species."" [ISBN:0198506732]"	1	187	1	22878	0.0053475935828877	1.0	query_1	['GO:0015145', 'GO:0046943', 'GO:0090482']	16hr_Disome_down	1.301456269065898
GO:MF	GO:0046570	methylthioribulose 1-phosphate dehydratase activity	0.04995094753814902	True	"""Catalysis of the reaction: S-methyl-5-thio-D-ribulose 1-phosphate = 5-(methylthio)-2,3-dioxopentyl phosphate + H2O."" [EC:4.2.1.109, RHEA:15549]"	1	187	1	22878	0.0053475935828877	1.0	query_1	['GO:0016836']	16hr_Disome_down	1.301456269065898
GO:MF	GO:0000107	imidazoleglycerol-phosphate synthase activity	0.04995094753814902	True	"""Catalysis of the reaction: phosphoribulosylformimino-AICAR-P + L-glutamine = D-erythro-imidazole-glycerol-phosphate + aminoimidazole carboxamide ribonucleotide + L-glutamate + 2 H+."" [RHEA:24793]"	1	187	1	22878	0.0053475935828877	1.0	query_1	['GO:0016763']	16hr_Disome_down	1.301456269065898
