source	native	name	p_value	significant	description	term_size	query_size	intersection_size	effective_domain_size	precision	recall	query	parents	Cluster	-log10(p_value)
GO:MF	GO:1901363	heterocyclic compound binding	0.00015931597508776608	True	"""Binding to heterocyclic compound."" [GOC:TermGenie]"	3307	107	36	22878	0.3364485981308411	0.010885999395222256	query_1	['GO:0036094']	4hr_60S_down	3.7977406740129833
GO:MF	GO:0043168	anion binding	0.00018281597248513142	True	"""Binding to an anion, a charged atom or group of atoms with a net negative charge."" [GOC:jl]"	3268	107	35	22878	0.32710280373831774	0.010709914320685434	query_1	['GO:0043167']	4hr_60S_down	3.737985862983389
GO:MF	GO:0030976	thiamine pyrophosphate binding	0.0006978455134916187	True	"""Binding to thiamine pyrophosphate, the diphosphoric ester of thiamine. Acts as a coenzyme of several (de)carboxylases, transketolases, and alpha-oxoacid dehydrogenases."" [GOC:mlg]"	9	107	3	22878	0.028037383177570093	0.3333333333333333	query_1	['GO:0019842', 'GO:0043168', 'GO:0043169', 'GO:0050997', 'GO:1901363', 'GO:1901681']	4hr_60S_down	3.156240709273591
GO:MF	GO:0015293	symporter activity	0.0006978455134916187	True	"""Enables the active transport of a solute across a membrane by a mechanism whereby two or more species are transported together in the same direction in a tightly coupled process not directly linked to a form of energy other than chemiosmotic energy."" [GOC:mtg_transport, ISBN:0815340729, PMID:10839820]"	97	107	6	22878	0.056074766355140186	0.061855670103092786	query_1	['GO:0015291']	4hr_60S_down	3.156240709273591
GO:MF	GO:0050997	quaternary ammonium group binding	0.0008040369446010722	True	"""Binding to a quaternary ammonium group, including glycine betaine, choline, carnitine and proline. A quaternary ammonium group is any compound that can be regarded as derived from ammonium hydroxide or an ammonium salt by replacement of all four hydrogen atoms of the NH4+ ion by organic groups."" [GOC:ai]"	12	107	3	22878	0.028037383177570093	0.25	query_1	['GO:0036094']	4hr_60S_down	3.094723995445883
GO:MF	GO:0043167	ion binding	0.0008040369446010722	True	"""Binding to an ion, a charged atoms or groups of atoms."" [GOC:jl]"	6685	107	52	22878	0.48598130841121495	0.007778608825729245	query_1	['GO:0036094']	4hr_60S_down	3.094723995445883
GO:MF	GO:0036094	small molecule binding	0.0008040369446010722	True	"""Binding to a small molecule, any low molecular weight, monomeric, non-encoded molecule."" [GOC:curators, GOC:pde, GOC:pm]"	6804	107	53	22878	0.4953271028037383	0.007789535567313345	query_1	['GO:0005488']	4hr_60S_down	3.094723995445883
GO:MF	GO:0005402	carbohydrate:monoatomic cation symporter activity	0.0008040369446010722	True	"""Enables the transfer of a solute or solutes from one side of a membrane to the other according to the reaction: sugar(out) + cation(out) = sugar(in) + cation(in)."" [GOC:ai]"	12	107	3	22878	0.028037383177570093	0.25	query_1	['GO:0015144', 'GO:0015294']	4hr_60S_down	3.094723995445883
GO:MF	GO:0005351	carbohydrate:proton symporter activity	0.0008040369446010722	True	"""Enables the transfer of a solute or solutes from one side of a membrane to the other according to the reaction: carbohydrate(out) + H+(out) = carbohydrate(in) + H+(in)."" [TC:2.A.1.1]"	12	107	3	22878	0.028037383177570093	0.25	query_1	['GO:0005402', 'GO:0015295']	4hr_60S_down	3.094723995445883
GO:MF	GO:0019842	vitamin binding	0.0013134259968073769	True	"""Binding to a vitamin, one of a number of unrelated organic substances that occur in many foods in small amounts and that are necessary in trace amounts for the normal metabolic functioning of the body."" [GOC:ai]"	133	107	6	22878	0.056074766355140186	0.045112781954887216	query_1	['GO:0036094']	4hr_60S_down	2.8815943919175773
GO:MF	GO:1901265	nucleoside phosphate binding	0.0027344344000584772	True	"""Binding to nucleoside phosphate."" [GOC:TermGenie]"	3179	107	30	22878	0.2803738317757009	0.009436929852154765	query_1	['GO:0005488']	4hr_60S_down	2.5631324910256206
GO:MF	GO:0000166	nucleotide binding	0.0027344344000584772	True	"""Binding to a nucleotide, any compound consisting of a nucleoside that is esterified with (ortho)phosphate or an oligophosphate at any hydroxyl group on the ribose or deoxyribose."" [GOC:mah, ISBN:0198547684]"	3173	107	30	22878	0.2803738317757009	0.009454774661203908	query_1	['GO:1901265', 'GO:1901363']	4hr_60S_down	2.5631324910256206
GO:MF	GO:0015295	solute:proton symporter activity	0.0028068486406815744	True	"""Enables the transfer of a solute or solutes from one side of a membrane to the other according to the reaction: solute(out) + H+(out) = solute(in) + H+(in)."" [GOC:ai]"	20	107	3	22878	0.028037383177570093	0.15	query_1	['GO:0015078', 'GO:0015294']	4hr_60S_down	2.5517810060649238
GO:MF	GO:0004737	pyruvate decarboxylase activity	0.0031476659844053225	True	"""Catalysis of the reaction: a 2-oxo acid = an aldehyde + CO2."" [EC:4.1.1.1]"	4	107	2	22878	0.018691588785046728	0.5	query_1	['GO:0016831']	4hr_60S_down	2.5020113591674744
GO:MF	GO:0015294	solute:monoatomic cation symporter activity	0.004260539283072345	True	"""Enables the transfer of a solute or solutes from one side of a membrane to the other according to the reaction: solute(out) + cation(out) = solute(in) + cation(in)."" [GOC:ai]"	24	107	3	22878	0.028037383177570093	0.125	query_1	['GO:0008324', 'GO:0015293']	4hr_60S_down	2.3705354260523714
GO:MF	GO:1901681	sulfur compound binding	0.00785040253442409	True	"""Binding to a sulfur compound."" [GOC:pr, GOC:TermGenie]"	30	107	3	22878	0.028037383177570093	0.1	query_1	['GO:0005488']	4hr_60S_down	2.1051080739557517
GO:MF	GO:0035639	purine ribonucleoside triphosphate binding	0.011265027339914104	True	"""Binding to a purine ribonucleoside triphosphate, a compound consisting of a purine base linked to a ribose sugar esterified with triphosphate on the sugar."" [GOC:BHF, GOC:ebc, ISBN:0198506732]"	2722	107	25	22878	0.2336448598130841	0.009184423218221896	query_1	['GO:0043168', 'GO:1901265', 'GO:1901363']	4hr_60S_down	1.948267749918009
GO:MF	GO:0003824	catalytic activity	0.011265027339914104	True	"""Catalysis of a biochemical reaction at physiological temperatures. In biologically catalyzed reactions, the reactants are known as substrates, and the catalysts are naturally occurring macromolecular substances known as enzymes. Enzymes possess specific binding sites for substrates, and are usually composed wholly or largely of protein, but RNA that has catalytic activity (ribozyme) is often also regarded as enzymatic."" [GOC:vw, ISBN:0198506732]"	9606	107	62	22878	0.5794392523364486	0.0064542993962107015	query_1	['GO:0003674']	4hr_60S_down	1.948267749918009
GO:MF	GO:0032553	ribonucleotide binding	0.011265027339914104	True	"""Binding to a ribonucleotide, any compound consisting of a ribonucleoside that is esterified with (ortho)phosphate or an oligophosphate at any hydroxyl group on the ribose moiety."" [GOC:mah]"	2865	107	26	22878	0.24299065420560748	0.009075043630017453	query_1	['GO:0000166', 'GO:0097367']	4hr_60S_down	1.948267749918009
GO:MF	GO:0005524	ATP binding	0.011265027339914104	True	"""Binding to ATP, adenosine 5'-triphosphate, a universally important coenzyme and enzyme regulator."" [ISBN:0198506732]"	2409	107	23	22878	0.21495327102803738	0.009547530095475302	query_1	['GO:0032559', 'GO:0035639']	4hr_60S_down	1.948267749918009
GO:MF	GO:0016782	transferase activity, transferring sulphur-containing groups	0.01154525974912908	True	"""Catalysis of the transfer of a sulfur-containing group from one compound (donor) to another (acceptor)."" [EC:2.8.-.-]"	38	107	3	22878	0.028037383177570093	0.07894736842105263	query_1	['GO:0016740']	4hr_60S_down	1.937596291733861
GO:MF	GO:0097367	carbohydrate derivative binding	0.01154525974912908	True	"""Binding to a carbohydrate derivative."" [GOC:pr]"	2907	107	26	22878	0.24299065420560748	0.008943928448572412	query_1	['GO:0005488']	4hr_60S_down	1.937596291733861
GO:MF	GO:0017076	purine nucleotide binding	0.014917042791243932	True	"""Binding to a purine nucleotide, a compound consisting of a purine nucleoside esterified with (ortho)phosphate."" [GOC:ai]"	2971	107	26	22878	0.24299065420560748	0.008751262201279031	query_1	['GO:0000166']	4hr_60S_down	1.8263172644463446
GO:MF	GO:0030554	adenyl nucleotide binding	0.014917042791243932	True	"""Binding to an adenyl nucleotide, an adenosine esterified with (ortho)phosphate."" [ISBN:0198506732]"	2651	107	24	22878	0.22429906542056074	0.009053187476423991	query_1	['GO:0017076']	4hr_60S_down	1.8263172644463446
GO:MF	GO:0016773	phosphotransferase activity, alcohol group as acceptor	0.015947168933922427	True	"""Catalysis of the transfer of a phosphorus-containing group from one compound (donor) to an alcohol group (acceptor)."" [EC:2.7.1.-]"	1324	107	15	22878	0.14018691588785046	0.011329305135951661	query_1	['GO:0016772']	4hr_60S_down	1.797316405114989
GO:MF	GO:0032555	purine ribonucleotide binding	0.015947168933922427	True	"""Binding to a purine ribonucleotide, any compound consisting of a purine ribonucleoside that is esterified with (ortho)phosphate or an oligophosphate at any hydroxyl group on the ribose moiety."" [GOC:mah]"	2841	107	25	22878	0.2336448598130841	0.008799718409010912	query_1	['GO:0017076', 'GO:0032553']	4hr_60S_down	1.797316405114989
GO:MF	GO:0032559	adenyl ribonucleotide binding	0.015947168933922427	True	"""Binding to an adenyl ribonucleotide, any compound consisting of adenosine esterified with (ortho)phosphate or an oligophosphate at any hydroxyl group on the ribose moiety."" [GOC:mah]"	2521	107	23	22878	0.21495327102803738	0.009123363744545815	query_1	['GO:0030554', 'GO:0032555']	4hr_60S_down	1.797316405114989
GO:MF	GO:0016301	kinase activity	0.019507397803058962	True	"""Catalysis of the transfer of a phosphate group, usually from ATP, to a substrate molecule."" [ISBN:0198506732]"	1499	107	16	22878	0.14953271028037382	0.01067378252168112	query_1	['GO:0016772']	4hr_60S_down	1.7098006596236957
GO:MF	GO:0015291	secondary active transmembrane transporter activity	0.02485586923554713	True	"""Enables the transfer of a solute from one side of a membrane to the other, up its concentration gradient. The transporter binds the solute and undergoes a series of conformational changes. Transport works equally well in either direction and is driven by a chemiosmotic source of energy, not direct ATP coupling. Secondary active transporters include symporters and antiporters."" [GOC:mtg_transport, ISBN:0198506732, ISBN:0815340729, PMID:10839820]"	283	107	6	22878	0.056074766355140186	0.02120141342756184	query_1	['GO:0022804']	4hr_60S_down	1.604571044530588
GO:MF	GO:0016783	sulfurtransferase activity	0.02485586923554713	True	"""Catalysis of the transfer of sulfur atoms from one compound (donor) to another (acceptor)."" [EC:2.8.1.-, GOC:ai]"	15	107	2	22878	0.018691588785046728	0.13333333333333333	query_1	['GO:0016782']	4hr_60S_down	1.604571044530588
GO:MF	GO:0016772	transferase activity, transferring phosphorus-containing groups	0.029842658655248322	True	"""Catalysis of the transfer of a phosphorus-containing group from one compound (donor) to another (acceptor)."" [GOC:jl, ISBN:0198506732]"	1729	107	17	22878	0.1588785046728972	0.009832272990167727	query_1	['GO:0016740']	4hr_60S_down	1.5251624885764057
GO:MF	GO:0022804	active transmembrane transporter activity	0.031897018970188956	True	"""Enables the transfer of a specific substance or related group of substances from one side of a membrane to the other, up the solute's concentration gradient. The transporter binds the solute and undergoes a series of conformational changes. Transport works equally well in either direction."" [GOC:mtg_transport, ISBN:0815340729]"	527	107	8	22878	0.07476635514018691	0.015180265654648957	query_1	['GO:0022857']	4hr_60S_down	1.4962499033156358
GO:MF	GO:0005488	binding	0.031897018970188956	True	"""The selective, non-covalent, often stoichiometric, interaction of a molecule with one or more specific sites on another molecule."" [GOC:ceb, GOC:mah, ISBN:0198506732]"	14966	107	83	22878	0.7757009345794392	0.005545904049178137	query_1	['GO:0003674']	4hr_60S_down	1.4962499033156358
GO:MF	GO:0010294	abscisic acid glucosyltransferase activity	0.031897018970188956	True	"""Catalysis of the reaction: (+)-abscisate + UDP-D-glucose = abscisic acid glucose ester + UDP."" [DOI:10.1016/j.tetasy.2004.11.062]"	1	107	1	22878	0.009345794392523364	1.0	query_1	['GO:0035251']	4hr_60S_down	1.4962499033156358
GO:MF	GO:0015144	carbohydrate transmembrane transporter activity	0.031897018970188956	True	"""Enables the transfer of carbohydrate from one side of a membrane to the other."" [GOC:jl, GOC:mtg_transport, ISBN:0815340729]"	70	107	3	22878	0.028037383177570093	0.04285714285714286	query_1	['GO:0022857']	4hr_60S_down	1.4962499033156358
GO:MF	GO:0004794	threonine deaminase activity	0.031897018970188956	True	"""Catalysis of the reaction: L-threonine = 2-oxobutanoate + NH4."" [EC:4.3.1.19]"	1	107	1	22878	0.009345794392523364	1.0	query_1	['GO:0016841']	4hr_60S_down	1.4962499033156358
GO:MF	GO:0016040	glutamate synthase (NADH) activity	0.031897018970188956	True	"""Catalysis of the reaction: 2 L-glutamate + NAD+ = 2-oxoglutarate + L-glutamine + H+ + NADH."" [EC:1.4.1.14, RHEA:13753]"	1	107	1	22878	0.009345794392523364	1.0	query_1	['GO:0015930']	4hr_60S_down	1.4962499033156358
GO:MF	GO:0016840	carbon-nitrogen lyase activity	0.031897018970188956	True	"""Catalysis of the release of ammonia or one of its derivatives, with the formation of a double bond or ring. Enzymes with this activity may catalyze the actual elimination of the ammonia, amine or amide, e.g. CH-CH(-NH-R) = C=CH- + NH2-R. Others, however, catalyze elimination of another component, e.g. water, which is followed by spontaneous reactions that lead to breakage of the C-N bond, e.g. L-serine ammonia-lyase (EC:4.3.1.17), so that the overall reaction is C(-OH)-CH(-NH2) = CH2-CO- + NH3, i.e. an elimination with rearrangement. The sub-subclasses of EC:4.3 are the ammonia-lyases (EC:4.3.1), lyases acting on amides, amidines, etc. (EC:4.3.2), the amine-lyases (EC:4.3.3), and other carbon-nitrogen lyases (EC:4.3.99)."" [EC:4.3.-.-]"	19	107	2	22878	0.018691588785046728	0.10526315789473684	query_1	['GO:0016829']	4hr_60S_down	1.4962499033156358
GO:MF	GO:0080131	hydroxyjasmonate sulfotransferase activity	0.031897018970188956	True	"""Catalysis of the reaction: a hydroxyjasmonate + 3'-phosphoadenosine-5'-phosphosulfate = a hydroxyjasmonate sulfate + adenosine-3',5'-diphosphate."" [EC:2.8.2.39, PMID:12637544]"	1	107	1	22878	0.009345794392523364	1.0	query_1	['GO:0008146']	4hr_60S_down	1.4962499033156358
GO:MF	GO:0080096	phosphatidate-sterol O-acyltransferase activity	0.031897018970188956	True	"""Catalysis of the reaction: a phosphatidate + a sterol = a sterol ester + a lysophosphatidate."" [PMID:16020547]"	1	107	1	22878	0.009345794392523364	1.0	query_1	['GO:0008374']	4hr_60S_down	1.4962499033156358
GO:MF	GO:0080095	phosphatidylethanolamine-sterol O-acyltransferase activity	0.031897018970188956	True	"""Catalysis of the reaction: a phosphatidylethanolamine + a sterol = a sterol ester + a lysophosphatidylethanolamine."" [PMID:16020547]"	1	107	1	22878	0.009345794392523364	1.0	query_1	['GO:0008374']	4hr_60S_down	1.4962499033156358
GO:MF	GO:0055056	D-glucose transmembrane transporter activity	0.031897018970188956	True	"""Enables the transfer of the D-enantiomer of the hexose monosaccharide glucose from one side of a membrane to the other."" [GOC:jid, GOC:jsg, GOC:mah]"	1	107	1	22878	0.009345794392523364	1.0	query_1	['GO:0015149']	4hr_60S_down	1.4962499033156358
GO:MF	GO:0004607	phosphatidylcholine-sterol O-acyltransferase activity	0.031897018970188956	True	"""Catalysis of the reaction: phosphatidylcholine + a sterol = a sterol ester + 1-acylglycerophosphocholine."" [EC:2.3.1.43]"	1	107	1	22878	0.009345794392523364	1.0	query_1	['GO:0008374']	4hr_60S_down	1.4962499033156358
GO:MF	GO:0106310	protein serine kinase activity	0.031897018970188956	True	"""Catalysis of the reactions: ATP + protein serine = ADP + protein serine phosphate."" [RHEA:17989]"	638	107	9	22878	0.08411214953271028	0.014106583072100314	query_1	['GO:0004672']	4hr_60S_down	1.4962499033156358
GO:MF	GO:0005358	high-affinity D-glucose:proton symporter activity	0.031897018970188956	True	"""Enables the transfer of a solute or solutes from one side of a membrane to the other according to the reaction: glucose + H+ = glucose + H+. This activity is constitutive and therefore always present, regardless of demand. Symporter activity enables the active transport of a solute across a membrane by a mechanism whereby two or more species are transported together in the same direction in a tightly coupled process not directly linked to a form of energy other than chemiosmotic energy. In high-affinity transport the transporter is able to bind the solute even if it is only present at very low concentrations."" [GOC:mtg_transport]"	1	107	1	22878	0.009345794392523364	1.0	query_1	['GO:0005356']	4hr_60S_down	1.4962499033156358
GO:MF	GO:0004747	ribokinase activity	0.031897018970188956	True	"""Catalysis of the reaction: ATP + D-ribose = ADP + D-ribose 5-phosphate."" [EC:2.7.1.15]"	1	107	1	22878	0.009345794392523364	1.0	query_1	['GO:0016773', 'GO:0019200']	4hr_60S_down	1.4962499033156358
GO:MF	GO:0044877	protein-containing complex binding	0.031897018970188956	True	"""Binding to a macromolecular complex."" [GOC:jl]"	128	107	4	22878	0.037383177570093455	0.03125	query_1	['GO:0005488']	4hr_60S_down	1.4962499033156358
GO:MF	GO:0036033	mediator complex binding	0.031897018970188956	True	"""Binding to a mediator complex. The mediator complex is a protein complex that interacts with the carboxy-terminal domain of the largest subunit of RNA polymerase II and plays an active role in transducing the signal from a transcription factor to the transcriptional machinery. The Saccharomyces complex contains several identifiable subcomplexes: a head domain comprising Srb2, -4, and -5, Med6, -8, and -11, and Rox3 proteins; a middle domain comprising Med1, -4, and -7, Nut1 and -2, Cse2, Rgr1, Soh1, and Srb7 proteins; a tail consisting of Gal11p, Med2p, Pgd1p, and Sin4p; and a regulatory subcomplex comprising Ssn2, -3, and -8, and Srb8 proteins. Metazoan mediator complexes have similar modular structures and include homologs of yeast Srb and Med proteins."" [GOC:yaf, PMID:18391015]"	1	107	1	22878	0.009345794392523364	1.0	query_1	['GO:0044877']	4hr_60S_down	1.4962499033156358
GO:MF	GO:0005356	D-glucose:proton symporter activity	0.031897018970188956	True	"""Enables the transfer of a solute or solutes from one side of a membrane to the other according to the reaction: D-glucose + H+ = D-glucose + H+. Symporter activity enables the active transport of a solute across a membrane by a mechanism whereby two or more species are transported together in the same direction in a tightly coupled process not directly linked to a form of energy other than chemiosmotic energy."" [GOC:mtg_transport]"	1	107	1	22878	0.009345794392523364	1.0	query_1	['GO:0009679', 'GO:0055056']	4hr_60S_down	1.4962499033156358
GO:MF	GO:0004674	protein serine/threonine kinase activity	0.031897018970188956	True	"""Catalysis of the reactions: ATP + protein serine = ADP + protein serine phosphate, and ATP + protein threonine = ADP + protein threonine phosphate."" [EC:2.7.11.-, GOC:bf, PMID:2956925]"	906	107	11	22878	0.102803738317757	0.012141280353200883	query_1	['GO:0004672']	4hr_60S_down	1.4962499033156358
GO:MF	GO:0016831	carboxy-lyase activity	0.036501159784395686	True	"""Catalysis of the nonhydrolytic addition or removal of a carboxyl group to or from a compound."" [GOC:curators]"	76	107	3	22878	0.028037383177570093	0.039473684210526314	query_1	['GO:0016830']	4hr_60S_down	1.4376933360925366
GO:MF	GO:0005506	iron ion binding	0.041333593506062194	True	"""Binding to an iron (Fe) ion."" [GOC:ai]"	354	107	6	22878	0.056074766355140186	0.01694915254237288	query_1	['GO:0046914']	4hr_60S_down	1.3836968358987611
GO:MF	GO:0050660	flavin adenine dinucleotide binding	0.041333593506062194	True	"""Binding to FAD, flavin-adenine dinucleotide, the coenzyme or the prosthetic group of various flavoprotein oxidoreductase enzymes, in either the oxidized form, FAD, or the reduced form, FADH2."" [GOC:ai, GOC:imk, ISBN:0198506732]"	158	107	4	22878	0.037383177570093455	0.02531645569620253	query_1	['GO:0000166', 'GO:0043168']	4hr_60S_down	1.3836968358987611
GO:MF	GO:0016638	oxidoreductase activity, acting on the CH-NH2 group of donors	0.041333593506062194	True	"""Catalysis of an oxidation-reduction (redox) reaction in which a CH-NH2 group acts as a hydrogen or electron donor and reduces a hydrogen or electron acceptor."" [EC:1.4.-.-, GOC:ai]"	26	107	2	22878	0.018691588785046728	0.07692307692307693	query_1	['GO:0016491']	4hr_60S_down	1.3836968358987611
GO:MF	GO:0046914	transition metal ion binding	0.04235720289520277	True	"""Binding to a transition metal ions; a transition metal is an element whose atom has an incomplete d-subshell of extranuclear electrons, or which gives rise to a cation or cations with an incomplete d-subshell. Transition metals often have more than one valency state. Biologically relevant transition metals include vanadium, manganese, iron, copper, cobalt, nickel, molybdenum and silver."" [ISBN:0198506732]"	1282	107	13	22878	0.12149532710280374	0.01014040561622465	query_1	['GO:0046872']	4hr_60S_down	1.373072726734692
GO:MF	GO:0016740	transferase activity	0.045843018676864446	True	"""Catalysis of the transfer of a group, e.g. a methyl group, glycosyl group, acyl group, phosphorus-containing, or other groups, from one compound (generally regarded as the donor) to another compound (generally regarded as the acceptor). Transferase is the systematic name for any enzyme of EC class 2."" [EC:2.-.-.-]"	3963	107	29	22878	0.27102803738317754	0.007317688619732526	query_1	['GO:0003824']	4hr_60S_down	1.3387267926213675
GO:MF	GO:0004672	protein kinase activity	0.046120466602149114	True	"""Catalysis of the phosphorylation of an amino acid residue in a protein, usually according to the reaction: a protein + ATP = a phosphoprotein + ADP."" [PMID:25399640]"	1170	107	12	22878	0.11214953271028037	0.010256410256410256	query_1	['GO:0016301', 'GO:0016773', 'GO:0140096']	4hr_60S_down	1.3361063075847641
GO:MF	GO:0004321	fatty-acyl-CoA synthase activity	0.046120466602149114	True	"""Catalysis of the reaction: acetyl-CoA + n malonyl-CoA + 2n NADH + 2n NADPH + 4n H+ = a long-chain acyl-CoA + n CoA + n CO2 + 2n NAD+ + 2n NADP+."" [EC:2.3.1.86]"	2	107	1	22878	0.009345794392523364	0.5	query_1	['GO:0016408']	4hr_60S_down	1.3361063075847641
GO:MF	GO:0004591	oxoglutarate dehydrogenase (succinyl-transferring) activity	0.046120466602149114	True	"""Catalysis of the reaction: 2-oxoglutarate + lipoamide + H+ = S-succinyldihydrolipoamide + CO2."" [EC:1.2.4.2]"	2	107	1	22878	0.009345794392523364	0.5	query_1	['GO:0016624']	4hr_60S_down	1.3361063075847641
GO:MF	GO:0022857	transmembrane transporter activity	0.046120466602149114	True	"""Enables the transfer of a substance, usually a specific substance or a group of related substances, from one side of a membrane to the other."" [GOC:jid, GOC:mtg_transport, ISBN:0815340729]"	1157	107	12	22878	0.11214953271028037	0.010371650821089023	query_1	['GO:0005215']	4hr_60S_down	1.3361063075847641
GO:MF	GO:0016992	lipoate synthase activity	0.046120466602149114	True	"""Catalysis of the reaction: protein N6-(octanoyl)lysine + 2 sulfur + 2 S-adenosyl-L-methionine = protein N6-(lipoyl)lysine + 2 L-methionine + 2 5'-deoxyadenosyl."" [EC:2.8.1.8, PMID:18307109]"	2	107	1	22878	0.009345794392523364	0.5	query_1	['GO:0016783']	4hr_60S_down	1.3361063075847641
GO:MF	GO:0043546	molybdopterin cofactor binding	0.046120466602149114	True	"""Binding to a molybdopterin cofactor (Moco), essential for the catalytic activity of some enzymes, e.g. sulfite oxidase, xanthine dehydrogenase, and aldehyde oxidase. The cofactor consists of a mononuclear molybdenum (Mo-molybdopterin) or tungsten ion (W-molybdopterin) coordinated by one or two molybdopterin ligands."" [ISSN:09498257]"	2	107	1	22878	0.009345794392523364	0.5	query_1	['GO:0005488']	4hr_60S_down	1.3361063075847641
GO:MF	GO:0009703	nitrate reductase (NADH) activity	0.046120466602149114	True	"""Catalysis of the reaction: nitrite + NAD+ + H2O = nitrate + NADH + H+."" [RHEA:17913]"	2	107	1	22878	0.009345794392523364	0.5	query_1	['GO:0050463']	4hr_60S_down	1.3361063075847641
GO:MF	GO:0009679	hexose:proton symporter activity	0.046120466602149114	True	"""Enables the transfer of a solute or solutes from one side of a membrane to the other according to the reaction: hexose(out) + H+(out) = hexose(in) + H+(in)."" [TC:2.A.1.-.-]"	2	107	1	22878	0.009345794392523364	0.5	query_1	['GO:0005351', 'GO:0015149']	4hr_60S_down	1.3361063075847641
GO:MF	GO:0005542	folic acid binding	0.046120466602149114	True	"""Binding to folic acid, pteroylglutamic acid. Folic acid is widely distributed as a member of the vitamin B complex and is essential for the synthesis of purine and pyrimidines."" [GOC:jl, ISBN:0198506732]"	2	107	1	22878	0.009345794392523364	0.5	query_1	['GO:0019842', 'GO:0031406', 'GO:0033218', 'GO:0072341', 'GO:1901363']	4hr_60S_down	1.3361063075847641
GO:MF	GO:0061929	gamma-glutamylaminecyclotransferase activity	0.046120466602149114	True	"""Catalysis of the reaction: epsilon-(L-gamma-glutamyl)-L-lysine = L-lysine + 5-oxo-L-proline."" [PMID:20110353, PMID:6107907]"	2	107	1	22878	0.009345794392523364	0.5	query_1	['GO:0016842']	4hr_60S_down	1.3361063075847641
GO:MF	GO:0050463	nitrate reductase [NAD(P)H] activity	0.046120466602149114	True	"""Catalysis of the reaction: nitrite + NAD(P)+ + H2O = nitrate + NAD(P)H + H+."" [EC:1.7.1.2]"	2	107	1	22878	0.009345794392523364	0.5	query_1	['GO:0008940', 'GO:0046857']	4hr_60S_down	1.3361063075847641
GO:MF	GO:0005215	transporter activity	0.046120466602149114	True	"""Enables the directed movement of substances (such as macromolecules, small molecules, ions) into, out of or within a cell, accross or in between cells."" [GOC:ai, GOC:dgf]"	1183	107	12	22878	0.11214953271028037	0.01014370245139476	query_1	['GO:0003674']	4hr_60S_down	1.3361063075847641
GO:MF	GO:0050464	nitrate reductase (NADPH) activity	0.046120466602149114	True	"""Catalysis of the reaction: nitrite + NADP+ + H2O = nitrate + NADPH + H+."" [RHEA:19061]"	2	107	1	22878	0.009345794392523364	0.5	query_1	['GO:0050463']	4hr_60S_down	1.3361063075847641
GO:MF	GO:0042277	peptide binding	0.047784446583527304	True	"""Binding to a peptide, an organic compound comprising two or more amino acids linked by peptide bonds."" [GOC:jl]"	32	107	2	22878	0.018691588785046728	0.0625	query_1	['GO:0005488']	4hr_60S_down	1.3207134394158624
GO:MF	GO:0015171	amino acid transmembrane transporter activity	0.04999904765716156	True	"""Enables the transfer of amino acids from one side of a membrane to the other. Amino acids are organic molecules that contain an amino group and a carboxyl group."" [GOC:ai, GOC:mtg_transport, ISBN:0815340729]"	33	107	2	22878	0.018691588785046728	0.06060606060606061	query_1	['GO:0022857']	4hr_60S_down	1.3010382676875518
GO:MF	GO:0003824	catalytic activity	1.1226702709496449e-125	True	"""Catalysis of a biochemical reaction at physiological temperatures. In biologically catalyzed reactions, the reactants are known as substrates, and the catalysts are naturally occurring macromolecular substances known as enzymes. Enzymes possess specific binding sites for substrates, and are usually composed wholly or largely of protein, but RNA that has catalytic activity (ribozyme) is often also regarded as enzymatic."" [GOC:vw, ISBN:0198506732]"	9606	1846	1268	22878	0.6868905742145178	0.13200083281282532	query_1	['GO:0003674']	16hr_60S_down	124.94974777760669
GO:MF	GO:0016491	oxidoreductase activity	3.682487853293192e-46	True	"""Catalysis of an oxidation-reduction (redox) reaction, a reversible chemical reaction in which the oxidation state of an atom or atoms within a molecule is altered. One substrate acts as a hydrogen or electron donor and becomes oxidized, while the other acts as hydrogen or electron acceptor and becomes reduced."" [EC:1.-.-.-]"	1475	1846	290	22878	0.1570964247020585	0.19661016949152543	query_1	['GO:0003824']	16hr_60S_down	45.43385867700575
GO:MF	GO:0036094	small molecule binding	1.5385882608365748e-38	True	"""Binding to a small molecule, any low molecular weight, monomeric, non-encoded molecule."" [GOC:curators, GOC:pde, GOC:pm]"	6804	1846	810	22878	0.4387865655471289	0.11904761904761904	query_1	['GO:0005488']	16hr_60S_down	37.81287758547772
GO:MF	GO:1901363	heterocyclic compound binding	5.571744669971536e-37	True	"""Binding to heterocyclic compound."" [GOC:TermGenie]"	3307	1846	472	22878	0.25568797399783316	0.14272754762624734	query_1	['GO:0036094']	16hr_60S_down	36.254008793713105
GO:MF	GO:0043168	anion binding	4.9725361336319716e-33	True	"""Binding to an anion, a charged atom or group of atoms with a net negative charge."" [GOC:jl]"	3268	1846	456	22878	0.24702058504875407	0.13953488372093023	query_1	['GO:0043167']	16hr_60S_down	32.303422052330234
GO:MF	GO:0043167	ion binding	1.6172759559213e-32	True	"""Binding to an ion, a charged atoms or groups of atoms."" [GOC:jl]"	6685	1846	777	22878	0.4209100758396533	0.1162303664921466	query_1	['GO:0036094']	16hr_60S_down	31.79121587006972
GO:MF	GO:0005507	copper ion binding	1.711083977341641e-30	True	"""Binding to a copper (Cu) ion."" [GOC:ai]"	192	1846	75	22878	0.040628385698808236	0.390625	query_1	['GO:0046914']	16hr_60S_down	29.766728675437804
GO:MF	GO:1901265	nucleoside phosphate binding	2.2087117475432233e-29	True	"""Binding to nucleoside phosphate."" [GOC:TermGenie]"	3179	1846	435	22878	0.23564463705308775	0.1368354828562441	query_1	['GO:0005488']	16hr_60S_down	28.65586095892253
GO:MF	GO:0000166	nucleotide binding	5.368679381091954e-29	True	"""Binding to a nucleotide, any compound consisting of a nucleoside that is esterified with (ortho)phosphate or an oligophosphate at any hydroxyl group on the ribose or deoxyribose."" [GOC:mah, ISBN:0198547684]"	3173	1846	433	22878	0.23456121343445288	0.13646391427670973	query_1	['GO:1901265', 'GO:1901363']	16hr_60S_down	28.27013253144006
GO:MF	GO:0017076	purine nucleotide binding	5.441734628952191e-24	True	"""Binding to a purine nucleotide, a compound consisting of a purine nucleoside esterified with (ortho)phosphate."" [GOC:ai]"	2971	1846	396	22878	0.21451787648970747	0.13328845506563447	query_1	['GO:0000166']	16hr_60S_down	23.264262640798044
GO:MF	GO:0016616	oxidoreductase activity, acting on the CH-OH group of donors, NAD or NADP as acceptor	1.257499322858721e-23	True	"""Catalysis of an oxidation-reduction (redox) reaction in which a CH-OH group acts as a hydrogen or electron donor and reduces NAD+ or NADP."" [EC:1.1.1.-]"	148	1846	58	22878	0.0314192849404117	0.3918918918918919	query_1	['GO:0016614']	16hr_60S_down	22.900492240131914
GO:MF	GO:0016614	oxidoreductase activity, acting on CH-OH group of donors	8.68852309523529e-21	True	"""Catalysis of an oxidation-reduction (redox) reaction in which a CH-OH group act as a hydrogen or electron donor and reduces a hydrogen or electron acceptor."" [GOC:ai]"	187	1846	62	22878	0.03358613217768147	0.3315508021390374	query_1	['GO:0016491']	16hr_60S_down	20.061054040133747
GO:MF	GO:0030554	adenyl nucleotide binding	1.1114564652528303e-20	True	"""Binding to an adenyl nucleotide, an adenosine esterified with (ortho)phosphate."" [ISBN:0198506732]"	2651	1846	352	22878	0.19068255687973998	0.13278008298755187	query_1	['GO:0017076']	16hr_60S_down	19.954107543554954
GO:MF	GO:0016829	lyase activity	3.128914700257616e-20	True	"""Catalysis of the cleavage of C-C, C-O, C-N and other bonds by other means than by hydrolysis or oxidation, or conversely adding a group to a double bond. They differ from other enzymes in that two substrates are involved in one reaction direction, but only one in the other direction. When acting on the single substrate, a molecule is eliminated and this generates either a new double bond or a new ring."" [EC:4.-.-.-]"	448	1846	102	22878	0.0552546045503792	0.22767857142857142	query_1	['GO:0003824']	16hr_60S_down	19.50460627632724
GO:MF	GO:0016853	isomerase activity	7.40147817508564e-20	True	"""Catalysis of the geometric or structural changes within one molecule. Isomerase is the systematic name for any enzyme of EC class 5."" [ISBN:0198506732]"	548	1846	115	22878	0.06229685807150596	0.20985401459854014	query_1	['GO:0003824']	16hr_60S_down	19.130681537137356
GO:MF	GO:0035639	purine ribonucleoside triphosphate binding	1.5908218591378784e-18	True	"""Binding to a purine ribonucleoside triphosphate, a compound consisting of a purine base linked to a ribose sugar esterified with triphosphate on the sugar."" [GOC:BHF, GOC:ebc, ISBN:0198506732]"	2722	1846	351	22878	0.19014084507042253	0.12894930198383542	query_1	['GO:0043168', 'GO:1901265', 'GO:1901363']	16hr_60S_down	17.798378450098845
GO:MF	GO:0097367	carbohydrate derivative binding	1.7722302621487934e-18	True	"""Binding to a carbohydrate derivative."" [GOC:pr]"	2907	1846	369	22878	0.19989165763813652	0.12693498452012383	query_1	['GO:0005488']	16hr_60S_down	17.75147985181475
GO:MF	GO:0032553	ribonucleotide binding	3.07709994316351e-17	True	"""Binding to a ribonucleotide, any compound consisting of a ribonucleoside that is esterified with (ortho)phosphate or an oligophosphate at any hydroxyl group on the ribose moiety."" [GOC:mah]"	2865	1846	360	22878	0.19501625135427952	0.1256544502617801	query_1	['GO:0000166', 'GO:0097367']	16hr_60S_down	16.511858397785847
GO:MF	GO:0032555	purine ribonucleotide binding	1.3742618560640585e-16	True	"""Binding to a purine ribonucleotide, any compound consisting of a purine ribonucleoside that is esterified with (ortho)phosphate or an oligophosphate at any hydroxyl group on the ribose moiety."" [GOC:mah]"	2841	1846	355	22878	0.19230769230769232	0.12495600140795494	query_1	['GO:0017076', 'GO:0032553']	16hr_60S_down	15.861930507590548
GO:MF	GO:0043169	cation binding	5.5995962923328e-16	True	"""Binding to a cation, a charged atom or group of atoms with a net positive charge."" [GOC:jl]"	3961	1846	459	22878	0.24864572047670638	0.11587982832618025	query_1	['GO:0043167']	16hr_60S_down	15.251843282695983
GO:MF	GO:0005524	ATP binding	9.285345221388168e-16	True	"""Binding to ATP, adenosine 5'-triphosphate, a universally important coenzyme and enzyme regulator."" [ISBN:0198506732]"	2409	1846	309	22878	0.1673889490790899	0.12826899128268993	query_1	['GO:0032559', 'GO:0035639']	16hr_60S_down	15.032201944917546
GO:MF	GO:0016787	hydrolase activity	2.283243345795893e-15	True	"""Catalysis of the hydrolysis of various bonds, e.g. C-O, C-N, C-C, phosphoric anhydride bonds, etc."" [ISBN:0198506732]"	3512	1846	414	22878	0.22426868905742145	0.11788154897494305	query_1	['GO:0003824']	16hr_60S_down	14.641447799370773
GO:MF	GO:0046872	metal ion binding	3.2945034251492083e-15	True	"""Binding to a metal ion."" [GOC:ai]"	3948	1846	454	22878	0.24593716143011918	0.11499493414387031	query_1	['GO:0043169']	16hr_60S_down	14.482210036599485
GO:MF	GO:0004812	aminoacyl-tRNA ligase activity	5.248393723964721e-15	True	"""Catalysis of the formation of aminoacyl-tRNA from ATP, amino acid, and tRNA with the release of diphosphate and AMP."" [ISBN:0198506732]"	59	1846	29	22878	0.01570964247020585	0.4915254237288136	query_1	['GO:0016875', 'GO:0140101']	16hr_60S_down	14.279973592509803
GO:MF	GO:0016875	ligase activity, forming carbon-oxygen bonds	5.248393723964721e-15	True	"""Catalysis of the joining of two molecules via a carbon-oxygen bond, with the concomitant hydrolysis of the diphosphate bond in ATP or a similar triphosphate."" [EC:6.1.-.-]"	59	1846	29	22878	0.01570964247020585	0.4915254237288136	query_1	['GO:0016874']	16hr_60S_down	14.279973592509803
GO:MF	GO:0003729	mRNA binding	1.3394003404254255e-14	True	"""Binding to messenger RNA (mRNA), an intermediate molecule between DNA and protein. mRNA includes UTR and coding sequences, but does not contain introns."" [GOC:kmv, GOC:pr, SO:0000234]"	1619	1846	224	22878	0.12134344528710726	0.13835701050030882	query_1	['GO:0003723']	16hr_60S_down	13.873089595018426
GO:MF	GO:0016765	transferase activity, transferring alkyl or aryl (other than methyl) groups	1.4603625642776806e-14	True	"""Catalysis of the transfer of an alkyl or aryl (but not methyl) group from one compound (donor) to another (acceptor)."" [EC:2.5.1.-]"	158	1846	48	22878	0.02600216684723727	0.3037974683544304	query_1	['GO:0016740']	16hr_60S_down	13.835539308518813
GO:MF	GO:0016860	intramolecular oxidoreductase activity	5.838944102648631e-14	True	"""Catalysis of an oxidation-reduction (redox) reaction in which the hydrogen donor and acceptor are the same molecule, and no oxidized product appears."" [EC:5.3.-.-, GOC:curators]"	51	1846	26	22878	0.014084507042253521	0.5098039215686274	query_1	['GO:0016853']	16hr_60S_down	13.23366568231464
GO:MF	GO:0032559	adenyl ribonucleotide binding	1.2323073934708362e-13	True	"""Binding to an adenyl ribonucleotide, any compound consisting of adenosine esterified with (ortho)phosphate or an oligophosphate at any hydroxyl group on the ribose moiety."" [GOC:mah]"	2521	1846	311	22878	0.1684723726977248	0.12336374454581515	query_1	['GO:0030554', 'GO:0032555']	16hr_60S_down	12.909280945875832
GO:MF	GO:0046914	transition metal ion binding	4.697808252991341e-13	True	"""Binding to a transition metal ions; a transition metal is an element whose atom has an incomplete d-subshell of extranuclear electrons, or which gives rise to a cation or cations with an incomplete d-subshell. Transition metals often have more than one valency state. Biologically relevant transition metals include vanadium, manganese, iron, copper, cobalt, nickel, molybdenum and silver."" [ISBN:0198506732]"	1282	1846	183	22878	0.09913326110509209	0.14274570982839313	query_1	['GO:0046872']	16hr_60S_down	12.328104713477366
GO:MF	GO:0016830	carbon-carbon lyase activity	1.080442117087952e-12	True	"""Catalysis of the cleavage of C-C bonds by other means than by hydrolysis or oxidation, or conversely adding a group to a double bond."" [GOC:jl]"	116	1846	38	22878	0.020585048754062838	0.3275862068965517	query_1	['GO:0016829']	16hr_60S_down	11.966398494771168
GO:MF	GO:0016874	ligase activity	1.2461317729850978e-12	True	"""Catalysis of the joining of two molecules, or two groups within a single molecule, using the energy from the hydrolysis of ATP, a similar triphosphate, or a pH gradient."" [EC:6.-.-.-]"	283	1846	64	22878	0.03466955579631636	0.22614840989399293	query_1	['GO:0003824']	16hr_60S_down	11.904436030506412
GO:MF	GO:0019842	vitamin binding	5.235934261150787e-12	True	"""Binding to a vitamin, one of a number of unrelated organic substances that occur in many foods in small amounts and that are necessary in trace amounts for the normal metabolic functioning of the body."" [GOC:ai]"	133	1846	40	22878	0.021668472372697724	0.3007518796992481	query_1	['GO:0036094']	16hr_60S_down	11.281005814794828
GO:MF	GO:0070279	vitamin B6 binding	2.5701846192150446e-11	True	"""Binding to a vitamin B6 compound: pyridoxal, pyridoxamine, pyridoxine, or the active form, pyridoxal phosphate."" [GOC:mah]"	88	1846	31	22878	0.016793066088840736	0.3522727272727273	query_1	['GO:0019842', 'GO:1901363']	16hr_60S_down	10.590035679693374
GO:MF	GO:0030170	pyridoxal phosphate binding	2.5701846192150446e-11	True	"""Binding to pyridoxal 5' phosphate, 3-hydroxy-5-(hydroxymethyl)-2-methyl4-pyridine carboxaldehyde 5' phosphate, the biologically active form of vitamin B6."" [GOC:mah, ISBN:0198506732]"	88	1846	31	22878	0.016793066088840736	0.3522727272727273	query_1	['GO:0043168', 'GO:0070279']	16hr_60S_down	10.590035679693374
GO:MF	GO:0016667	oxidoreductase activity, acting on a sulfur group of donors	2.849810003128856e-11	True	"""Catalysis of an oxidation-reduction (redox) reaction in which a sulfur-containing group acts as a hydrogen or electron donor and reduces a hydrogen or electron acceptor."" [EC:1.8.-.-, GOC:ai]"	78	1846	29	22878	0.01570964247020585	0.3717948717948718	query_1	['GO:0016491']	16hr_60S_down	10.545184093445272
GO:MF	GO:0016859	cis-trans isomerase activity	5.864100949507273e-11	True	"""Catalysis of a reaction that interconverts cis and trans isomers. Atoms or groups are termed cis or trans to one another when they lie respectively on the same or on opposite sides of a reference plane identifiable as common among stereoisomers."" [GOC:mah, ISBN:0198506732]"	65	1846	26	22878	0.014084507042253521	0.4	query_1	['GO:0016853']	16hr_60S_down	10.231798561996431
GO:MF	GO:0051287	NAD binding	8.205897148521125e-11	True	"""Binding to nicotinamide adenine dinucleotide, a coenzyme involved in many redox and biosynthetic reactions; binding may be to either the oxidized form, NAD+, or the reduced form, NADH."" [GOC:ai]"	81	1846	29	22878	0.01570964247020585	0.35802469135802467	query_1	['GO:0030554']	16hr_60S_down	10.085873930716616
GO:MF	GO:0003727	single-stranded RNA binding	1.6797024678364529e-10	True	"""Binding to single-stranded RNA."" [GOC:jl]"	58	1846	24	22878	0.013001083423618635	0.41379310344827586	query_1	['GO:0003723']	16hr_60S_down	9.774767639714884
GO:MF	GO:0003755	peptidyl-prolyl cis-trans isomerase activity	5.979437572820493e-10	True	"""Catalysis of the reaction: peptidyl-proline (omega=180) = peptidyl-proline (omega=0)."" [EC:5.2.1.8]"	61	1846	24	22878	0.013001083423618635	0.39344262295081966	query_1	['GO:0016859', 'GO:0140096']	16hr_60S_down	9.223339663922577
GO:MF	GO:0140101	catalytic activity, acting on a tRNA	1.2914025210556931e-09	True	"""Catalytic activity that acts to modify a tRNA."" [GOC:molecular_function_refactoring, GOC:pdt]"	131	1846	36	22878	0.01950162513542795	0.2748091603053435	query_1	['GO:0140098']	16hr_60S_down	8.888938370106494
GO:MF	GO:0044183	protein folding chaperone	1.893119271198858e-09	True	"""Binding to a protein or a protein-containing complex to assist the protein folding process."" [GOC:mtg_cambridge_2009]"	64	1846	24	22878	0.013001083423618635	0.375	query_1	['GO:0003674']	16hr_60S_down	8.722822023547163
GO:MF	GO:0016836	hydro-lyase activity	3.846191879586035e-09	True	"""Catalysis of the cleavage of a carbon-oxygen bond by elimination of water."" [EC:4.2.1.-]"	82	1846	27	22878	0.014626218851570965	0.32926829268292684	query_1	['GO:0016835']	16hr_60S_down	8.414969053387523
GO:MF	GO:0015036	disulfide oxidoreductase activity	1.6158600820888773e-08	True	"""Catalysis of the reaction: substrate with reduced sulfide groups = substrate with oxidized disulfide bonds."" [GOC:curators]"	36	1846	17	22878	0.009209100758396533	0.4722222222222222	query_1	['GO:0016667']	16hr_60S_down	7.791596247650233
GO:MF	GO:1901149	salicylic acid binding	1.7291609781351185e-08	True	"""Binding to salicylic acid."" [GOC:TermGenie, PMID:22699612]"	28	1846	15	22878	0.008125677139761646	0.5357142857142857	query_1	['GO:0033293']	16hr_60S_down	7.762164573723518
GO:MF	GO:0016903	oxidoreductase activity, acting on the aldehyde or oxo group of donors	2.6225878988517258e-08	True	"""Catalysis of an oxidation-reduction (redox) reaction in which an aldehyde or ketone (oxo) group acts as a hydrogen or electron donor and reduces a hydrogen or electron acceptor."" [GOC:ai]"	61	1846	22	22878	0.011917659804983749	0.36065573770491804	query_1	['GO:0016491']	16hr_60S_down	7.581269947044207
GO:MF	GO:0005488	binding	3.1292741418783466e-08	True	"""The selective, non-covalent, often stoichiometric, interaction of a molecule with one or more specific sites on another molecule."" [GOC:ceb, GOC:mah, ISBN:0198506732]"	14966	1846	1324	22878	0.7172264355362947	0.08846719230255246	query_1	['GO:0003674']	16hr_60S_down	7.504556388566883
GO:MF	GO:0016209	antioxidant activity	3.1659285725577006e-08	True	"""Inhibition of the reactions brought about by dioxygen (O2) or peroxides. Usually the antioxidant is effective because it can itself be more easily oxidized than the substance protected. The term is often applied to components that can trap free radicals, thereby breaking the chain reaction that normally leads to extensive biological damage."" [ISBN:0198506732]"	153	1846	37	22878	0.020043336944745395	0.24183006535947713	query_1	['GO:0003674']	16hr_60S_down	7.49949888760821
GO:MF	GO:0016620	oxidoreductase activity, acting on the aldehyde or oxo group of donors, NAD or NADP as acceptor	3.212379786341901e-08	True	"""Catalysis of an oxidation-reduction (redox) reaction in which an aldehyde or ketone (oxo) group acts as a hydrogen or electron donor and reduces NAD or NADP."" [GOC:jl]"	42	1846	18	22878	0.009750812567713976	0.42857142857142855	query_1	['GO:0016903']	16hr_60S_down	7.493173115522195
GO:MF	GO:0016462	pyrophosphatase activity	4.598272915362178e-08	True	"""Catalysis of the hydrolysis of a pyrophosphate bond (diphosphate bond) between two phosphate groups."" [GOC:curators, https://en.wikipedia.org/wiki/Pyrophosphatase]"	913	1846	126	22878	0.06825568797399784	0.1380065717415115	query_1	['GO:0016818']	16hr_60S_down	7.337405256181485
GO:MF	GO:0016817	hydrolase activity, acting on acid anhydrides	6.115994991068563e-08	True	"""Catalysis of the hydrolysis of any acid anhydride."" [GOC:jl]"	927	1846	127	22878	0.06879739978331528	0.13700107874865156	query_1	['GO:0016787']	16hr_60S_down	7.2135328789418915
GO:MF	GO:0008483	transaminase activity	7.916070617129441e-08	True	"""Catalysis of the transfer of an amino group to an acceptor, usually a 2-oxo acid."" [EC:2.6.1.-]"	70	1846	23	22878	0.012459371614301192	0.32857142857142857	query_1	['GO:0016769']	16hr_60S_down	7.101490340224503
GO:MF	GO:0016818	hydrolase activity, acting on acid anhydrides, in phosphorus-containing anhydrides	7.963677325623327e-08	True	"""Catalysis of the hydrolysis of any acid anhydride which contains phosphorus."" [GOC:jl]"	922	1846	126	22878	0.06825568797399784	0.13665943600867678	query_1	['GO:0016817']	16hr_60S_down	7.098886345146415
GO:MF	GO:0016831	carboxy-lyase activity	8.556103994350912e-08	True	"""Catalysis of the nonhydrolytic addition or removal of a carboxyl group to or from a compound."" [GOC:curators]"	76	1846	24	22878	0.013001083423618635	0.3157894736842105	query_1	['GO:0016830']	16hr_60S_down	7.067723945477523
GO:MF	GO:0017111	ribonucleoside triphosphate phosphatase activity	9.972867176951072e-08	True	"""Catalysis of the reaction: a ribonucleoside triphosphate + H2O = a ribonucleoside diphosphate + H+ + phosphate."" [RHEA:23680]"	850	1846	118	22878	0.06392199349945829	0.1388235294117647	query_1	['GO:0016462']	16hr_60S_down	7.001179965046885
GO:MF	GO:0016810	hydrolase activity, acting on carbon-nitrogen (but not peptide) bonds	1.221277812191956e-07	True	"""Catalysis of the hydrolysis of any carbon-nitrogen bond, C-N, with the exception of peptide bonds."" [EC:3.5.-.-]"	127	1846	32	22878	0.01733477789815818	0.25196850393700787	query_1	['GO:0016787']	16hr_60S_down	6.913185532960817
GO:MF	GO:0000287	magnesium ion binding	1.3351764176555443e-07	True	"""Binding to a magnesium (Mg) ion."" [GOC:ai]"	141	1846	34	22878	0.018418201516793065	0.24113475177304963	query_1	['GO:0046872']	16hr_60S_down	6.874461346919368
GO:MF	GO:0016769	transferase activity, transferring nitrogenous groups	1.3351764176555443e-07	True	"""Catalysis of the transfer of a nitrogenous group from one compound (donor) to another (acceptor)."" [GOC:jl, ISBN:0198506732]"	72	1846	23	22878	0.012459371614301192	0.3194444444444444	query_1	['GO:0016740']	16hr_60S_down	6.874461346919368
GO:MF	GO:0016740	transferase activity	8.158571827173108e-07	True	"""Catalysis of the transfer of a group, e.g. a methyl group, glycosyl group, acyl group, phosphorus-containing, or other groups, from one compound (generally regarded as the donor) to another compound (generally regarded as the acceptor). Transferase is the systematic name for any enzyme of EC class 2."" [EC:2.-.-.-]"	3963	1846	407	22878	0.22047670639219935	0.10269997476659097	query_1	['GO:0003824']	16hr_60S_down	6.088385858631248
GO:MF	GO:0008187	poly-pyrimidine tract binding	9.31711217050804e-07	True	"""Binding to a stretch of pyrimidines (cytosine or uracil) in an RNA molecule."" [GOC:jl]"	19	1846	11	22878	0.005958829902491874	0.5789473684210527	query_1	['GO:0003727']	16hr_60S_down	6.030718675924675
GO:MF	GO:0008266	poly(U) RNA binding	9.31711217050804e-07	True	"""Binding to a sequence of uracil residues in an RNA molecule."" [GOC:mah]"	19	1846	11	22878	0.005958829902491874	0.5789473684210527	query_1	['GO:0008187']	16hr_60S_down	6.030718675924675
GO:MF	GO:0050661	NADP binding	1.1500644363647683e-06	True	"""Binding to nicotinamide-adenine dinucleotide phosphate, a coenzyme involved in many redox and biosynthetic reactions; binding may be to either the oxidized form, NADP+, or the reduced form, NADPH."" [GOC:ai]"	74	1846	22	22878	0.011917659804983749	0.2972972972972973	query_1	['GO:0030554']	16hr_60S_down	5.9392778261040595
GO:MF	GO:0016774	phosphotransferase activity, carboxyl group as acceptor	1.804663976555224e-06	True	"""Catalysis of the transfer of a phosphorus-containing group from one compound (donor) to a carboxyl group (acceptor)."" [EC:2.7.2.-]"	13	1846	9	22878	0.004875406283856988	0.6923076923076923	query_1	['GO:0016772']	16hr_60S_down	5.743603650663135
GO:MF	GO:0140662	ATP-dependent protein folding chaperone	2.148552563397269e-06	True	"""Binding to a protein or a protein-containing complex to assist the protein folding process, driven by ATP hydrolysis."" [PMID:27365453]"	48	1846	17	22878	0.009209100758396533	0.3541666666666667	query_1	['GO:0044183', 'GO:0140657']	16hr_60S_down	5.667854017025857
GO:MF	GO:0043177	organic acid binding	2.4592986176875484e-06	True	"""Binding to an organic acid, any acidic compound containing carbon in covalent linkage."" [GOC:jl, ISBN:0198506732]"	96	1846	25	22878	0.013542795232936078	0.2604166666666667	query_1	['GO:0036094']	16hr_60S_down	5.609188734319449
GO:MF	GO:0031406	carboxylic acid binding	2.4592986176875484e-06	True	"""Binding to a carboxylic acid, an organic acid containing one or more carboxyl (COOH) groups or anions (COO-)."" [GOC:mah, ISBN:0198506732]"	96	1846	25	22878	0.013542795232936078	0.2604166666666667	query_1	['GO:0043168', 'GO:0043177']	16hr_60S_down	5.609188734319449
GO:MF	GO:0004364	glutathione transferase activity	2.847060613444029e-06	True	"""Catalysis of the reaction: R-X + glutathione = H-X + R-S-glutathione. R may be an aliphatic, aromatic or heterocyclic group; X may be a sulfate, nitrile or halide group."" [EC:2.5.1.18]"	60	1846	19	22878	0.010292524377031419	0.31666666666666665	query_1	['GO:0016765']	16hr_60S_down	5.545603286697776
GO:MF	GO:0004124	cysteine synthase activity	3.632106565941516e-06	True	"""Catalysis of the reaction: O3-acetyl-L-serine + hydrogen sulfide = L-cysteine + acetate."" [EC:2.5.1.47]"	8	1846	7	22878	0.003791982665222102	0.875	query_1	['GO:0016765']	16hr_60S_down	5.439841417771709
GO:MF	GO:0033293	monocarboxylic acid binding	3.7127780956795865e-06	True	"""Binding to a monocarboxylic acid, any organic acid containing one carboxyl (COOH) group or anion (COO-)."" [GOC:mah]"	61	1846	19	22878	0.010292524377031419	0.3114754098360656	query_1	['GO:0031406']	16hr_60S_down	5.43030100679371
GO:MF	GO:0019843	rRNA binding	4.051096890790576e-06	True	"""Binding to a ribosomal RNA."" [GOC:jl]"	112	1846	27	22878	0.014626218851570965	0.24107142857142858	query_1	['GO:0003723']	16hr_60S_down	5.392427369595359
GO:MF	GO:1901681	sulfur compound binding	4.051096890790576e-06	True	"""Binding to a sulfur compound."" [GOC:pr, GOC:TermGenie]"	30	1846	13	22878	0.007042253521126761	0.43333333333333335	query_1	['GO:0005488']	16hr_60S_down	5.392427369595359
GO:MF	GO:0016868	intramolecular phosphotransferase activity	4.9004424246836965e-06	True	"""Catalysis of the transfer of a phosphate group from one position to another within a single molecule."" [GOC:mah]"	11	1846	8	22878	0.004333694474539545	0.7272727272727273	query_1	['GO:0016866']	16hr_60S_down	5.309764708966393
GO:MF	GO:0003723	RNA binding	4.938133697847051e-06	True	"""Binding to an RNA molecule or a portion thereof."" [GOC:jl, GOC:mah]"	2517	1846	271	22878	0.14680390032502708	0.10766785856177989	query_1	['GO:0003676']	16hr_60S_down	5.3064371559085055
GO:MF	GO:0016741	transferase activity, transferring one-carbon groups	5.845871928801604e-06	True	"""Catalysis of the transfer of a one-carbon group from one compound (donor) to another (acceptor)."" [GOC:jl, ISBN:0198506732]"	394	1846	62	22878	0.03358613217768147	0.15736040609137056	query_1	['GO:0016740']	16hr_60S_down	5.233150703385701
GO:MF	GO:0051536	iron-sulfur cluster binding	9.131505010746886e-06	True	"""Binding to an iron-sulfur cluster, a combination of iron and sulfur atoms."" [GOC:ai]"	138	1846	30	22878	0.016251354279523293	0.21739130434782608	query_1	['GO:0051540']	16hr_60S_down	5.039457638238259
GO:MF	GO:0051540	metal cluster binding	9.131505010746886e-06	True	"""Binding to a cluster of atoms including both metal ions and nonmetal atoms, usually sulfur and oxygen. Examples include iron-sulfur clusters and nickel-iron-sulfur clusters."" [GOC:jsg]"	138	1846	30	22878	0.016251354279523293	0.21739130434782608	query_1	['GO:0036094']	16hr_60S_down	5.039457638238259
GO:MF	GO:0016846	carbon-sulfur lyase activity	9.292472114300074e-06	True	"""Catalysis of the elimination of hydrogen sulfide or substituted H2S."" [EC:4.4.-.-]"	32	1846	13	22878	0.007042253521126761	0.40625	query_1	['GO:0016829']	16hr_60S_down	5.031868733500869
GO:MF	GO:0004176	ATP-dependent peptidase activity	9.422278321007934e-06	True	"""Catalysis of the hydrolysis of peptide bonds, driven by ATP hydrolysis."" [GOC:mah]"	37	1846	14	22878	0.007583965330444204	0.3783783783783784	query_1	['GO:0008233', 'GO:0140657']	16hr_60S_down	5.025844071452836
GO:MF	GO:0016866	intramolecular transferase activity	9.6512886139442e-06	True	"""Catalysis of the transfer of a functional group from one position to another within a single molecule."" [GOC:mah]"	59	1846	18	22878	0.009750812567713976	0.3050847457627119	query_1	['GO:0016853']	16hr_60S_down	5.015414696960566
GO:MF	GO:0051082	unfolded protein binding	1.2593319324488694e-05	True	"""Binding to an unfolded protein."" [GOC:ai]"	60	1846	18	22878	0.009750812567713976	0.3	query_1	['GO:0005515']	16hr_60S_down	4.8998597842440095
GO:MF	GO:0016854	racemase and epimerase activity	1.3300578385932415e-05	True	"""Catalysis of a reaction that alters the configuration of one or more chiral centers in a molecule."" [GOC:mah, ISBN:0198506732]"	38	1846	14	22878	0.007583965330444204	0.3684210526315789	query_1	['GO:0016853']	16hr_60S_down	4.87612947299102
GO:MF	GO:0140657	ATP-dependent activity	2.336682634119858e-05	True	"""A molecular function characterized by the coupling of ATP hydrolysis to other steps of a reaction mechanism to make the reaction energetically favorable, for example to catalyze a reaction or drive transport against a concentration gradient."" [PMID:24878343, PMID:25750732, PMID:32933017, PMID:33818025, PMID:33873056, PMID:33988324]"	867	1846	110	22878	0.059588299024918745	0.12687427912341406	query_1	['GO:0003674']	16hr_60S_down	4.631400269041256
GO:MF	GO:0004029	aldehyde dehydrogenase (NAD+) activity	2.7930905697782792e-05	True	"""Catalysis of the reaction: an aldehyde + H2O + NAD+ = a carboxylate + 2 H+ + NADH."" [RHEA:16185]"	13	1846	8	22878	0.004333694474539545	0.6153846153846154	query_1	['GO:0004030']	16hr_60S_down	4.553914981478659
GO:MF	GO:0004030	aldehyde dehydrogenase [NAD(P)+] activity	2.7930905697782792e-05	True	"""Catalysis of the reaction: an aldehyde + NAD(P)+ + H2O = an acid + NAD(P)H + H+."" [EC:1.2.1.5]"	13	1846	8	22878	0.004333694474539545	0.6153846153846154	query_1	['GO:0016620']	16hr_60S_down	4.553914981478659
GO:MF	GO:0004601	peroxidase activity	2.7930905697782792e-05	True	"""Catalysis of the reaction: a donor + a peroxide = an oxidized donor + 2 H2O."" [GOC:curators]"	131	1846	28	22878	0.015167930660888408	0.21374045801526717	query_1	['GO:0016209', 'GO:0016684']	16hr_60S_down	4.553914981478659
GO:MF	GO:0016627	oxidoreductase activity, acting on the CH-CH group of donors	3.2129709696512804e-05	True	"""Catalysis of an oxidation-reduction (redox) reaction in which a CH-CH group acts as a hydrogen or electron donor and reduces a hydrogen or electron acceptor."" [EC:1.3.-.-]"	83	1846	21	22878	0.011375947995666305	0.25301204819277107	query_1	['GO:0016491']	16hr_60S_down	4.493093198437656
GO:MF	GO:0016861	intramolecular oxidoreductase activity, interconverting aldoses and ketoses	3.2954171062593496e-05	True	"""Catalysis of an oxidation-reduction (redox) reaction in which the hydrogen donor and acceptor, which is an aldose or a ketose, are the same molecule, and no oxidized product appears."" [EC:5.3.1.-, GOC:jl]"	17	1846	9	22878	0.004875406283856988	0.5294117647058824	query_1	['GO:0016860']	16hr_60S_down	4.482089608237714
GO:MF	GO:0019904	protein domain specific binding	3.4936589308420434e-05	True	"""Binding to a specific domain of a protein."" [GOC:go_curators]"	97	1846	23	22878	0.012459371614301192	0.23711340206185566	query_1	['GO:0005515']	16hr_60S_down	4.456719495370075
GO:MF	GO:0050897	cobalt ion binding	4.025748939641755e-05	True	"""Binding to a cobalt ion (Co2+)."" [GOC:ai]"	47	1846	15	22878	0.008125677139761646	0.3191489361702128	query_1	['GO:0046914']	16hr_60S_down	4.395153312787658
GO:MF	GO:0180051	translation factor activity	4.122823714249706e-05	True	"""A molecular function required for translation of a mRNA into a protein functioning as part of initiation, elongation or termination of translation."" [GOC:pg]"	172	1846	33	22878	0.017876489707475622	0.19186046511627908	query_1	['GO:0003674']	16hr_60S_down	4.38480523458146
GO:MF	GO:0008237	metallopeptidase activity	4.122823714249706e-05	True	"""Catalysis of the hydrolysis of peptide bonds by a mechanism in which water acts as a nucleophile, one or two metal ions hold the water molecule in place, and charged amino acid side chains are ligands for the metal ions."" [GOC:mah, https://www.ebi.ac.uk/merops/about/glossary.shtml#CATTYPE]"	105	1846	24	22878	0.013001083423618635	0.22857142857142856	query_1	['GO:0008233']	16hr_60S_down	4.38480523458146
GO:MF	GO:0016835	carbon-oxygen lyase activity	4.526323245690203e-05	True	"""Catalysis of the breakage of a carbon-oxygen bond."" [EC:4.2.-.-]"	165	1846	32	22878	0.01733477789815818	0.19393939393939394	query_1	['GO:0016829']	16hr_60S_down	4.344254434294966
GO:MF	GO:0008937	ferredoxin-[NAD(P)H] reductase activity	5.4561827534344186e-05	True	"""Catalysis of the reaction: reduced ferredoxin + NAD(P)+ = oxidized ferredoxin + NAD(P)H + H+."" [GOC:curators]"	5	1846	5	22878	0.0027085590465872156	1.0	query_1	['GO:0016731']	16hr_60S_down	4.263111091526269
GO:MF	GO:0004324	ferredoxin-NADP+ reductase activity	5.4561827534344186e-05	True	"""Catalysis of the reaction: 2 reduced [2Fe-2S]-[ferredoxin] + NADP+ + H+ = 2 oxidized [2Fe-2S]-[ferredoxin] + NADPH."" [RHEA:20125]"	5	1846	5	22878	0.0027085590465872156	1.0	query_1	['GO:0008937']	16hr_60S_down	4.263111091526269
GO:MF	GO:0033218	amide binding	5.708246485533396e-05	True	"""Binding to an amide, any derivative of an oxoacid in which an acidic hydroxy group has been replaced by an amino or substituted amino group."" [GOC:mah]"	32	1846	12	22878	0.0065005417118093175	0.375	query_1	['GO:0005488']	16hr_60S_down	4.243497282054271
GO:MF	GO:0016684	oxidoreductase activity, acting on peroxide as acceptor	6.226394306265088e-05	True	"""Catalysis of an oxidation-reduction (redox) reaction in which the peroxide group acts as a hydrogen or electron acceptor."" [EC:1.11.-.-]"	137	1846	28	22878	0.015167930660888408	0.20437956204379562	query_1	['GO:0016491']	16hr_60S_down	4.205763379700295
GO:MF	GO:0004177	aminopeptidase activity	7.620864510836766e-05	True	"""Catalysis of the hydrolysis of a single N-terminal amino acid residue from a polypeptide chain."" [EC:3.4.11.-, https://www.ebi.ac.uk/merops/about/glossary.shtml#AMINOPEPTIDASE, PMID:24157837]"	23	1846	10	22878	0.005417118093174431	0.43478260869565216	query_1	['GO:0008238']	16hr_60S_down	4.117995759501673
GO:MF	GO:0016744	transketolase or transaldolase activity	8.356914345690036e-05	True	"""Catalysis of the transfer of an aldehyde or ketonic group from one compound (donor) to another (acceptor)."" [GOC:jl, ISBN:0198506732]"	11	1846	7	22878	0.003791982665222102	0.6363636363636364	query_1	['GO:0016740']	16hr_60S_down	4.077954049117355
GO:MF	GO:0016877	ligase activity, forming carbon-sulfur bonds	8.59804303949179e-05	True	"""Catalysis of the joining of two molecules via a carbon-sulfur bond, with the concomitant hydrolysis of the diphosphate bond in ATP or a similar triphosphate."" [EC:6.2.-.-]"	50	1846	15	22878	0.008125677139761646	0.3	query_1	['GO:0016874']	16hr_60S_down	4.065600385252159
GO:MF	GO:0015038	glutathione disulfide oxidoreductase activity	0.00010020630310637818	True	"""Catalysis of the reaction: 2 glutathione + electron acceptor = glutathione disulfide + electron donor."" [GOC:mah]"	8	1846	6	22878	0.0032502708559046588	0.75	query_1	['GO:0015036']	16hr_60S_down	3.9991049599236237
GO:MF	GO:0140098	catalytic activity, acting on RNA	0.00010355963486444873	True	"""Catalytic activity that acts to modify RNA."" [GOC:molecular_function_refactoring, GOC:pdt]"	498	1846	69	22878	0.03737811484290358	0.13855421686746988	query_1	['GO:0140640']	16hr_60S_down	3.9848094894908797
GO:MF	GO:1900750	oligopeptide binding	0.00017653060727863544	True	"""Binding to an oligopeptide."" [GOC:TermGenie, PMID:21854595]"	12	1846	7	22878	0.003791982665222102	0.5833333333333334	query_1	['GO:0033218']	16hr_60S_down	3.7531799847815264
GO:MF	GO:0043295	glutathione binding	0.00017653060727863544	True	"""Binding to glutathione; a tripeptide composed of the three amino acids cysteine, glutamic acid and glycine."" [GOC:bf, ISBN:0198506732]"	12	1846	7	22878	0.003791982665222102	0.5833333333333334	query_1	['GO:0043168', 'GO:0072341', 'GO:1900750', 'GO:1901681']	16hr_60S_down	3.7531799847815264
GO:MF	GO:0003924	GTPase activity	0.00017653060727863544	True	"""Catalysis of the reaction: GTP + H2O = GDP + H+ + phosphate."" [PMID:26832457, PMID:27218782]"	304	1846	47	22878	0.025460455037919827	0.15460526315789475	query_1	['GO:0017111']	16hr_60S_down	3.7531799847815264
GO:MF	GO:0008047	enzyme activator activity	0.000199517892372239	True	"""Binds to and increases the activity of an enzyme."" [GOC:dph, GOC:mah, GOC:tb]"	108	1846	23	22878	0.012459371614301192	0.21296296296296297	query_1	['GO:0003824', 'GO:0030234', 'GO:0140677']	16hr_60S_down	3.7000181515556942
GO:MF	GO:0004069	L-aspartate:2-oxoglutarate aminotransferase activity	0.0002658225368752095	True	"""Catalysis of the reaction: L-aspartate + 2-oxoglutarate = oxaloacetate + L-glutamate."" [EC:2.6.1.1]"	6	1846	5	22878	0.0027085590465872156	0.8333333333333334	query_1	['GO:0008483']	16hr_60S_down	3.575408201626451
GO:MF	GO:0016731	oxidoreductase activity, acting on iron-sulfur proteins as donors, NAD or NADP as acceptor	0.0002658225368752095	True	"""Catalysis of an oxidation-reduction (redox) reaction in which an iron-sulfur protein acts as a hydrogen or electron donor and reduces NAD or NADP."" [GOC:jl]"	6	1846	5	22878	0.0027085590465872156	0.8333333333333334	query_1	['GO:0016730']	16hr_60S_down	3.575408201626451
GO:MF	GO:0004345	glucose-6-phosphate dehydrogenase activity	0.0002658225368752095	True	"""Catalysis of the reaction: D-glucose 6-phosphate + NADP+ = D-glucono-1,5-lactone 6-phosphate + NADPH + H+."" [EC:1.1.1.49]"	6	1846	5	22878	0.0027085590465872156	0.8333333333333334	query_1	['GO:0016616']	16hr_60S_down	3.575408201626451
GO:MF	GO:0016887	ATP hydrolysis activity	0.00026919899821580744	True	"""Catalysis of the reaction: ATP + H2O = ADP + H+ phosphate. ATP hydrolysis is used in some reactions as an energy source, for example to catalyze a reaction or drive transport against a concentration gradient."" [RHEA:13065]"	552	1846	73	22878	0.03954496208017335	0.1322463768115942	query_1	['GO:0017111', 'GO:0140657']	16hr_60S_down	3.5699265606076316
GO:MF	GO:0008168	methyltransferase activity	0.0003637636876650788	True	"""Catalysis of the transfer of a methyl group to an acceptor molecule."" [ISBN:0198506732]"	377	1846	54	22878	0.02925243770314193	0.14323607427055704	query_1	['GO:0016741']	16hr_60S_down	3.4391806561075526
GO:MF	GO:0015035	protein-disulfide reductase activity	0.0003637636876650788	True	"""Catalysis of the reaction: a protein with reduced sulfide groups = a protein with oxidized disulfide bonds."" [PMID:7559385]"	27	1846	10	22878	0.005417118093174431	0.37037037037037035	query_1	['GO:0015036', 'GO:0140096']	16hr_60S_down	3.4391806561075526
GO:MF	GO:0008233	peptidase activity	0.00041735825672056234	True	"""Catalysis of the hydrolysis of a peptide bond. A peptide bond is a covalent bond formed when the carbon atom from the carboxyl group of one amino acid shares electrons with the nitrogen atom from the amino group of a second amino acid."" [EC:3.4.-.-, GOC:jl]"	648	1846	82	22878	0.044420368364030335	0.12654320987654322	query_1	['GO:0016787', 'GO:0140096']	16hr_60S_down	3.3794909903028882
GO:MF	GO:0046423	allene-oxide cyclase activity	0.0005491026544334019	True	"""Catalysis of the reaction: (9Z,13S,15Z)-12,13-epoxyoctadeca-9,11,15-trienoate = (15Z)-12-oxophyto-10,15-dienoate."" [EC:5.3.99.6, RHEA:22592]"	4	1846	4	22878	0.0021668472372697724	1.0	query_1	['GO:0009975', 'GO:0016860']	16hr_60S_down	3.2603464568497333
GO:MF	GO:0004462	lactoylglutathione lyase activity	0.0005491026544334019	True	"""Catalysis of the reaction: (R)-S-lactoylglutathione = glutathione + methylglyoxal."" [EC:4.4.1.5, RHEA:19069]"	4	1846	4	22878	0.0021668472372697724	1.0	query_1	['GO:0016846']	16hr_60S_down	3.2603464568497333
GO:MF	GO:0042578	phosphoric ester hydrolase activity	0.0005491026544334019	True	"""Catalysis of the reaction: RPO-R' + H2O = RPOOH + R'H. This reaction is the hydrolysis of any phosphoric ester bond, any ester formed from orthophosphoric acid, O=P(OH)3."" [GOC:jl]"	402	1846	56	22878	0.030335861321776816	0.13930348258706468	query_1	['GO:0016788']	16hr_60S_down	3.2603464568497333
GO:MF	GO:0004781	sulfate adenylyltransferase (ATP) activity	0.0005491026544334019	True	"""Catalysis of the reaction: ATP + H+ + sulfate = adenosine 5'-phosphosulfate + diphosphate."" [EC:2.7.7.4]"	4	1846	4	22878	0.0021668472372697724	1.0	query_1	['GO:0004779']	16hr_60S_down	3.2603464568497333
GO:MF	GO:0016840	carbon-nitrogen lyase activity	0.000759938231372196	True	"""Catalysis of the release of ammonia or one of its derivatives, with the formation of a double bond or ring. Enzymes with this activity may catalyze the actual elimination of the ammonia, amine or amide, e.g. CH-CH(-NH-R) = C=CH- + NH2-R. Others, however, catalyze elimination of another component, e.g. water, which is followed by spontaneous reactions that lead to breakage of the C-N bond, e.g. L-serine ammonia-lyase (EC:4.3.1.17), so that the overall reaction is C(-OH)-CH(-NH2) = CH2-CO- + NH3, i.e. an elimination with rearrangement. The sub-subclasses of EC:4.3 are the ammonia-lyases (EC:4.3.1), lyases acting on amides, amidines, etc. (EC:4.3.2), the amine-lyases (EC:4.3.3), and other carbon-nitrogen lyases (EC:4.3.99)."" [EC:4.3.-.-]"	19	1846	8	22878	0.004333694474539545	0.42105263157894735	query_1	['GO:0016829']	16hr_60S_down	3.1192217062249914
GO:MF	GO:0072341	modified amino acid binding	0.000759938231372196	True	"""Binding to a modified amino acid."" [GOC:mah]"	19	1846	8	22878	0.004333694474539545	0.42105263157894735	query_1	['GO:0005488']	16hr_60S_down	3.1192217062249914
GO:MF	GO:0016857	racemase and epimerase activity, acting on carbohydrates and derivatives	0.000957409589729337	True	"""Catalysis of a reaction that alters the configuration of one or more chiral centers in a carbohydrate molecule."" [EC:5.1.3.-, GOC:mah]"	30	1846	10	22878	0.005417118093174431	0.3333333333333333	query_1	['GO:0016854']	16hr_60S_down	3.018902226795917
GO:MF	GO:0016717	oxidoreductase activity, acting on paired donors, with oxidation of a pair of donors resulting in the reduction of molecular oxygen to two molecules of water	0.000957409589729337	True	"""Catalysis of an oxidation-reduction (redox) reaction in which hydrogen or electrons are transferred from each of two donors, and molecular oxygen is reduced to two molecules of water."" [EC:1.14.19.-]"	30	1846	10	22878	0.005417118093174431	0.3333333333333333	query_1	['GO:0016705']	16hr_60S_down	3.018902226795917
GO:MF	GO:0016615	malate dehydrogenase activity	0.0009717061621043612	True	"""Catalysis of the reversible conversion of pyruvate or oxaloacetate to malate."" [GOC:mah, ISBN:0582227089]"	15	1846	7	22878	0.003791982665222102	0.4666666666666667	query_1	['GO:0016614']	16hr_60S_down	3.0124650431696818
GO:MF	GO:0016668	oxidoreductase activity, acting on a sulfur group of donors, NAD(P) as acceptor	0.0009717061621043612	True	"""Catalysis of an oxidation-reduction (redox) reaction in which a sulfur-containing group acts as a hydrogen or electron donor and reduces NAD or NADP."" [GOC:jl]"	15	1846	7	22878	0.003791982665222102	0.4666666666666667	query_1	['GO:0016667']	16hr_60S_down	3.0124650431696818
GO:MF	GO:0003746	translation elongation factor activity	0.0009717061621043612	True	"""Functions in chain elongation during polypeptide synthesis at the ribosome."" [ISBN:0198506732]"	68	1846	16	22878	0.00866738894907909	0.23529411764705882	query_1	['GO:0180051']	16hr_60S_down	3.0124650431696818
GO:MF	GO:0051920	peroxiredoxin activity	0.0010601386980866273	True	"""Catalysis of the reaction: [protein]-dithol + ROOH = [protein]-disulfide + H2O + ROH."" [RHEA:10008]"	11	1846	6	22878	0.0032502708559046588	0.5454545454545454	query_1	['GO:0004601']	16hr_60S_down	2.9746373122133702
GO:MF	GO:0140824	thioredoxin-dependent peroxiredoxin activity	0.0010601386980866273	True	"""Catalysis of the reaction: [thioredoxin]-dithiol + a hydroperoxide = [thioredoxin]-disulfide + an alcohol + H2O."" [PMID:12707274, PMID:19820102, RHEA:62620]"	11	1846	6	22878	0.0032502708559046588	0.5454545454545454	query_1	['GO:0051920']	16hr_60S_down	2.9746373122133702
GO:MF	GO:0016730	oxidoreductase activity, acting on iron-sulfur proteins as donors	0.0010601386980866273	True	"""Catalysis of an oxidation-reduction (redox) reaction in which an iron-sulfur protein acts as a hydrogen or electron donor and reduces a hydrogen or electron acceptor."" [GOC:ai]"	11	1846	6	22878	0.0032502708559046588	0.5454545454545454	query_1	['GO:0016491']	16hr_60S_down	2.9746373122133702
GO:MF	GO:0051539	4 iron, 4 sulfur cluster binding	0.0011007759013083862	True	"""Binding to a 4 iron, 4 sulfur (4Fe-4S) cluster; this cluster consists of four iron atoms, with the inorganic sulfur atoms found between the irons and acting as bridging ligands."" [GOC:ai, PMID:15952888, Wikipedia:Iron-sulfur_cluster]"	62	1846	15	22878	0.008125677139761646	0.24193548387096775	query_1	['GO:0051536']	16hr_60S_down	2.958301086778759
GO:MF	GO:0019001	guanyl nucleotide binding	0.0011521976387511056	True	"""Binding to a guanyl nucleotide, consisting of guanosine esterified with (ortho)phosphate."" [ISBN:0198506732]"	358	1846	50	22878	0.027085590465872156	0.13966480446927373	query_1	['GO:0017076']	16hr_60S_down	2.9384730191272115
GO:MF	GO:0032561	guanyl ribonucleotide binding	0.0011521976387511056	True	"""Binding to a guanyl ribonucleotide, any compound consisting of guanosine esterified with (ortho)phosphate or an oligophosphate at any hydroxyl group on the ribose moiety."" [GOC:mah]"	358	1846	50	22878	0.027085590465872156	0.13966480446927373	query_1	['GO:0019001', 'GO:0032555']	16hr_60S_down	2.9384730191272115
GO:MF	GO:0016628	oxidoreductase activity, acting on the CH-CH group of donors, NAD or NADP as acceptor	0.0011521976387511056	True	"""Catalysis of an oxidation-reduction (redox) reaction in which a CH-CH group acts as a hydrogen or electron donor and reduces NAD or NADP."" [EC:1.3.1.-]"	49	1846	13	22878	0.007042253521126761	0.2653061224489796	query_1	['GO:0016627']	16hr_60S_down	2.9384730191272115
GO:MF	GO:0016878	acid-thiol ligase activity	0.0012014551147641293	True	"""Catalysis of the joining of an acid and a thiol via a carbon-sulfur bond, with the concomitant hydrolysis of the diphosphate bond in ATP or a similar triphosphate."" [EC:6.2.1.-, GOC:mah]"	31	1846	10	22878	0.005417118093174431	0.3225806451612903	query_1	['GO:0016877']	16hr_60S_down	2.920292449391401
GO:MF	GO:0005525	GTP binding	0.0012146151317255893	True	"""Binding to GTP, guanosine triphosphate."" [GOC:ai]"	331	1846	47	22878	0.025460455037919827	0.1419939577039275	query_1	['GO:0032561', 'GO:0035639']	16hr_60S_down	2.9155613127211204
GO:MF	GO:0016776	phosphotransferase activity, phosphate group as acceptor	0.0015974915783320235	True	"""Catalysis of the transfer of a phosphorus-containing group from one compound (donor) to a phosphate group (acceptor)."" [EC:2.7.4.-]"	32	1846	10	22878	0.005417118093174431	0.3125	query_1	['GO:0016772']	16hr_60S_down	2.796561422680405
GO:MF	GO:0016782	transferase activity, transferring sulphur-containing groups	0.0016045740472493638	True	"""Catalysis of the transfer of a sulfur-containing group from one compound (donor) to another (acceptor)."" [EC:2.8.-.-]"	38	1846	11	22878	0.005958829902491874	0.2894736842105263	query_1	['GO:0016740']	16hr_60S_down	2.794640236455811
GO:MF	GO:0016758	hexosyltransferase activity	0.0016146684736501962	True	"""Catalysis of the transfer of a hexosyl group from one compound (donor) to another (acceptor)."" [EC:2.4.1.-]"	354	1846	49	22878	0.026543878656554713	0.1384180790960452	query_1	['GO:0016757']	16hr_60S_down	2.7919166342272583
GO:MF	GO:0016791	phosphatase activity	0.0016469166746381583	True	"""Catalysis of the hydrolysis of a phosphoric monoester, releasing a phosphate."" [GOC:curators, GOC:pg]"	345	1846	48	22878	0.02600216684723727	0.1391304347826087	query_1	['GO:0042578']	16hr_60S_down	2.7833283733015817
GO:MF	GO:0051753	mannan synthase activity	0.0016665149993023679	True	"""Catalysis of the reaction: mannan(n) + GDP-mannose = mannan(n+1) + GDP. This reaction is the formation of the beta-(1->4)-linked mannan backbone in substrates such as galactomannan."" [PMID:14726589]"	8	1846	5	22878	0.0027085590465872156	0.625	query_1	['GO:0019187']	16hr_60S_down	2.7781907731616053
GO:MF	GO:0004332	fructose-bisphosphate aldolase activity	0.0016665149993023679	True	"""Catalysis of the reaction: beta-D-fructose 1,6-bisphosphate = D-glyceraldehyde 3-phosphate + dihydroxyacetone phosphate."" [EC:4.1.2.13]"	8	1846	5	22878	0.0027085590465872156	0.625	query_1	['GO:0016832']	16hr_60S_down	2.7781907731616053
GO:MF	GO:0043878	glyceraldehyde-3-phosphate dehydrogenase (NAD+) (non-phosphorylating) activity	0.0016665149993023679	True	"""Catalysis of the reaction: D-glyceraldehyde 3-phosphate + NAD+ + H2O = 3-phospho-D-glycerate + NADH + H+."" [PMID:9497334]"	8	1846	5	22878	0.0027085590465872156	0.625	query_1	['GO:0120533']	16hr_60S_down	2.7781907731616053
GO:MF	GO:0042802	identical protein binding	0.0016665149993023679	True	"""Binding to an identical protein or proteins."" [GOC:jl]"	412	1846	55	22878	0.029794149512459372	0.13349514563106796	query_1	['GO:0005515']	16hr_60S_down	2.7781907731616053
GO:MF	GO:0050660	flavin adenine dinucleotide binding	0.0016814612297796861	True	"""Binding to FAD, flavin-adenine dinucleotide, the coenzyme or the prosthetic group of various flavoprotein oxidoreductase enzymes, in either the oxidized form, FAD, or the reduced form, FADH2."" [GOC:ai, GOC:imk, ISBN:0198506732]"	158	1846	27	22878	0.014626218851570965	0.17088607594936708	query_1	['GO:0000166', 'GO:0043168']	16hr_60S_down	2.774313141960324
GO:MF	GO:0050997	quaternary ammonium group binding	0.0017526465989653349	True	"""Binding to a quaternary ammonium group, including glycine betaine, choline, carnitine and proline. A quaternary ammonium group is any compound that can be regarded as derived from ammonium hydroxide or an ammonium salt by replacement of all four hydrogen atoms of the NH4+ ion by organic groups."" [GOC:ai]"	12	1846	6	22878	0.0032502708559046588	0.5	query_1	['GO:0036094']	16hr_60S_down	2.756305645567337
GO:MF	GO:0004779	sulfate adenylyltransferase activity	0.0019995522774486785	True	"""Catalysis of the transfer of an adenylyl group from an adenosine nucleotide (ATP or ADP) to sulfate, forming adenylylsulfate."" [GOC:mah]"	5	1846	4	22878	0.0021668472372697724	0.8	query_1	['GO:0070566']	16hr_60S_down	2.699067236936463
GO:MF	GO:0016656	monodehydroascorbate reductase (NADH) activity	0.0019995522774486785	True	"""Catalysis of the reaction: 2 monodehydro-L-ascorbate radical + NADH + H+ = 2 L-ascorbate + NAD+."" [RHEA:14581]"	5	1846	4	22878	0.0021668472372697724	0.8	query_1	['GO:0016655']	16hr_60S_down	2.699067236936463
GO:MF	GO:0051003	ligase activity, forming nitrogen-metal bonds, forming coordination complexes	0.0019995522774486785	True	"""Catalysis of the ligation of two substances via a nitrogen-metal bond, forming a coordination complex."" [EC:6.6.1.-]"	5	1846	4	22878	0.0021668472372697724	0.8	query_1	['GO:0051002']	16hr_60S_down	2.699067236936463
GO:MF	GO:0003988	acetyl-CoA C-acyltransferase activity	0.0019995522774486785	True	"""Catalysis of the reaction: acyl-CoA + acetyl-CoA = CoA + 3-oxoacyl-CoA."" [RHEA:21564]"	5	1846	4	22878	0.0021668472372697724	0.8	query_1	['GO:0016408']	16hr_60S_down	2.699067236936463
GO:MF	GO:0051002	ligase activity, forming nitrogen-metal bonds	0.0019995522774486785	True	"""Catalysis of the joining of a metal ion to a molecule via a nitrogen-metal bond, with the concomitant hydrolysis of the diphosphate bond in ATP or a similar triphosphate."" [EC:6.6.-.-]"	5	1846	4	22878	0.0021668472372697724	0.8	query_1	['GO:0016874']	16hr_60S_down	2.699067236936463
GO:MF	GO:0016851	magnesium chelatase activity	0.0019995522774486785	True	"""Catalysis of the reaction: ATP + H2O + Mg2+ + protoporphyrin IX = ADP + 3 H+ + Mg-protoporphyrin IX + phosphate."" [RHEA:13961]"	5	1846	4	22878	0.0021668472372697724	0.8	query_1	['GO:0051003']	16hr_60S_down	2.699067236936463
GO:MF	GO:0035242	protein-arginine omega-N asymmetric methyltransferase activity	0.0019995522774486785	True	"""Catalysis of the addition of a second methyl group to methylated peptidyl-arginine. Methylation is on the same terminal nitrogen (omega nitrogen) residue that was previously methylated, resulting in asymmetrical peptidyl-N(omega),N(omega)-dimethylated arginine residues."" [PMID:14705965]"	5	1846	4	22878	0.0021668472372697724	0.8	query_1	['GO:0016274']	16hr_60S_down	2.699067236936463
GO:MF	GO:0016757	glycosyltransferase activity	0.002517403616386601	True	"""Catalysis of the transfer of a glycosyl group from one compound (donor) to another (acceptor)."" [GOC:jl, ISBN:0198506732]"	598	1846	73	22878	0.03954496208017335	0.12207357859531773	query_1	['GO:0016740']	16hr_60S_down	2.59904714825111
GO:MF	GO:0005509	calcium ion binding	0.002595980467956236	True	"""Binding to a calcium ion (Ca2+)."" [GOC:ai]"	260	1846	38	22878	0.020585048754062838	0.14615384615384616	query_1	['GO:0046872']	16hr_60S_down	2.585698579472107
GO:MF	GO:0016742	hydroxymethyl-, formyl- and related transferase activity	0.0027782265044593675	True	"""Catalysis of the transfer of a hydroxymethyl- or formyl group from one compound (donor) to another (acceptor)."" [EC:2.1.2.-, GOC:mah]"	13	1846	6	22878	0.0032502708559046588	0.46153846153846156	query_1	['GO:0016741']	16hr_60S_down	2.556232349805473
GO:MF	GO:0016811	hydrolase activity, acting on carbon-nitrogen (but not peptide) bonds, in linear amides	0.0027782265044593675	True	"""Catalysis of the hydrolysis of any non-peptide carbon-nitrogen bond in a linear amide."" [EC:3.5.1.-]"	54	1846	13	22878	0.007042253521126761	0.24074074074074073	query_1	['GO:0016810']	16hr_60S_down	2.556232349805473
GO:MF	GO:0008143	poly(A) binding	0.0027782265044593675	True	"""Binding to a sequence of adenylyl residues in an RNA molecule, such as the poly(A) tail, a sequence of adenylyl residues at the 3' end of eukaryotic mRNA."" [GOC:jl]"	13	1846	6	22878	0.0032502708559046588	0.46153846153846156	query_1	['GO:0070717']	16hr_60S_down	2.556232349805473
GO:MF	GO:0016879	ligase activity, forming carbon-nitrogen bonds	0.0027782265044593675	True	"""Catalysis of the joining of two molecules, or two groups within a single molecule, via a carbon-nitrogen bond, with the concomitant hydrolysis of the diphosphate bond in ATP or a similar triphosphate."" [EC:6.3.-.-]"	61	1846	14	22878	0.007583965330444204	0.22950819672131148	query_1	['GO:0016874']	16hr_60S_down	2.556232349805473
GO:MF	GO:0046527	glucosyltransferase activity	0.0028652683107570085	True	"""Catalysis of the transfer of a glucosyl group to an acceptor molecule, typically another carbohydrate or a lipid."" [ISBN:0198506732]"	190	1846	30	22878	0.016251354279523293	0.15789473684210525	query_1	['GO:0016758']	16hr_60S_down	2.542834703391129
GO:MF	GO:0043130	ubiquitin binding	0.0028707396523753237	True	"""Binding to ubiquitin, a protein that when covalently bound to other cellular proteins marks them for proteolytic degradation."" [GOC:ecd]"	41	1846	11	22878	0.005958829902491874	0.2682926829268293	query_1	['GO:0032182']	16hr_60S_down	2.5420061919213524
GO:MF	GO:0016405	CoA-ligase activity	0.0029875497555965774	True	"""Catalysis of the reaction: substrate + ATP + CoASH = AMP + diphosphate + substrate-CoA."" [GOC:ai]"	29	1846	9	22878	0.004875406283856988	0.3103448275862069	query_1	['GO:0016877']	16hr_60S_down	2.5246848531061996
GO:MF	GO:0016863	intramolecular oxidoreductase activity, transposing C=C bonds	0.0029875497555965774	True	"""Catalysis of an oxidation-reduction (redox) reaction in which the hydrogen donor and acceptor are the same molecule, one or more carbon-carbon double bonds in the molecule are rearranged, and no oxidized product appears."" [EC:5.3.3.-, GOC:mah]"	9	1846	5	22878	0.0027085590465872156	0.5555555555555556	query_1	['GO:0016860']	16hr_60S_down	2.5246848531061996
GO:MF	GO:0030060	L-malate dehydrogenase (NAD+) activity	0.0029875497555965774	True	"""Catalysis of the reaction: (S)-malate + NAD+ = oxaloacetate + NADH + H+."" [RHEA:21432]"	9	1846	5	22878	0.0027085590465872156	0.5555555555555556	query_1	['GO:0016615', 'GO:0016616']	16hr_60S_down	2.5246848531061996
GO:MF	GO:0004602	glutathione peroxidase activity	0.0029875497555965774	True	"""Catalysis of the reaction: 2 glutathione + hydrogen peroxide = oxidized glutathione + 2 H2O."" [EC:1.11.1.9, PMID:36771108]"	9	1846	5	22878	0.0027085590465872156	0.5555555555555556	query_1	['GO:0004601']	16hr_60S_down	2.5246848531061996
GO:MF	GO:0043022	ribosome binding	0.0029875497555965774	True	"""Binding to a ribosome."" [GOC:go_curators]"	29	1846	9	22878	0.004875406283856988	0.3103448275862069	query_1	['GO:0043021']	16hr_60S_down	2.5246848531061996
GO:MF	GO:0019202	amino acid kinase activity	0.0029875497555965774	True	"""Catalysis of the transfer of a phosphate group, usually from ATP, to an amino acid substrate."" [GOC:jl]"	9	1846	5	22878	0.0027085590465872156	0.5555555555555556	query_1	['GO:0016301']	16hr_60S_down	2.5246848531061996
GO:MF	GO:0090599	alpha-glucosidase activity	0.0029875497555965774	True	"""Catalysis of the hydrolysis of terminal, non-reducing alpha-linked alpha-D-glucose residue with release of alpha-D-glucose."" [GOC:tb]"	9	1846	5	22878	0.0027085590465872156	0.5555555555555556	query_1	['GO:0015926']	16hr_60S_down	2.5246848531061996
GO:MF	GO:0016833	oxo-acid-lyase activity	0.004230125283245234	True	"""Catalysis of the cleavage of a C-C bond by other means than by hydrolysis or oxidation, of a 3-hydroxy acid."" [EC:4.1.3.-, GOC:jl]"	14	1846	6	22878	0.0032502708559046588	0.42857142857142855	query_1	['GO:0016830']	16hr_60S_down	2.3736467699733392
GO:MF	GO:0070717	poly-purine tract binding	0.004230125283245234	True	"""Binding to a stretch of purines (adenine or guanine) in an RNA molecule."" [GOC:mah]"	14	1846	6	22878	0.0032502708559046588	0.42857142857142855	query_1	['GO:0003727']	16hr_60S_down	2.3736467699733392
GO:MF	GO:0008469	histone arginine N-methyltransferase activity	0.0044168984303749135	True	"""Catalysis of the reaction: S-adenosyl-L-methionine + (histone)-arginine = S-adenosyl-L-homocysteine + (histone)-N-methyl-arginine."" [PMID:8002954]"	3	1846	3	22878	0.0016251354279523294	1.0	query_1	['GO:0016274', 'GO:0042054']	16hr_60S_down	2.3548825875278627
GO:MF	GO:0080109	indole-3-acetonitrile nitrile hydratase activity	0.0044168984303749135	True	"""Catalysis of the reaction: indole-3-acetonitrile + H2O = indole-3-acetamide."" [MetaCyc:RXN-7567, PMID:11607511, PMID:12430025]"	3	1846	3	22878	0.0016251354279523294	1.0	query_1	['GO:0018822']	16hr_60S_down	2.3548825875278627
GO:MF	GO:0035241	protein-arginine omega-N monomethyltransferase activity	0.0044168984303749135	True	"""Catalysis of the addition of a methyl group to either of the unmethylated terminal nitrogen atoms (also called omega nitrogen) in peptidyl-arginine to form an omega-N-G-monomethylated arginine residue. The reaction is S-adenosyl-L-methionine + [protein]-L-arginine = S-adenosyl-L-homocysteine + [protein]-Nomega-methyl-L-arginine."" [EC:2.1.1.321, PMID:14705965, RESID:AA0069]"	3	1846	3	22878	0.0016251354279523294	1.0	query_1	['GO:0016274']	16hr_60S_down	2.3548825875278627
GO:MF	GO:0004618	phosphoglycerate kinase activity	0.0044168984303749135	True	"""Catalysis of the reaction: 3-phospho-D-glycerate + ATP = 3-phospho-D-glyceroyl phosphate + ADP + H+."" [EC:2.7.2.3, RHEA:14801]"	3	1846	3	22878	0.0016251354279523294	1.0	query_1	['GO:0016301', 'GO:0016774']	16hr_60S_down	2.3548825875278627
GO:MF	GO:0050017	L-3-cyanoalanine synthase activity	0.0044168984303749135	True	"""Catalysis of the reaction: L-cysteine + HCN = sulfide + L-3-cyanoalanine."" [EC:4.4.1.9, MetaCyc:L-3-CYANOALANINE-SYNTHASE-RXN]"	3	1846	3	22878	0.0016251354279523294	1.0	query_1	['GO:0016846']	16hr_60S_down	2.3548825875278627
GO:MF	GO:0097718	disordered domain specific binding	0.0044168984303749135	True	"""Binding to a disordered domain of a protein."" [GOC:gg, PMID:11746698]"	3	1846	3	22878	0.0016251354279523294	1.0	query_1	['GO:0019904']	16hr_60S_down	2.3548825875278627
GO:MF	GO:0019205	nucleobase-containing compound kinase activity	0.0044168984303749135	True	"""Catalysis of the transfer of a phosphate group, usually from ATP or GTP, to a nucleobase, nucleoside, nucleotide or polynucleotide substrate."" [GOC:jl]"	37	1846	10	22878	0.005417118093174431	0.2702702702702703	query_1	['GO:0016301']	16hr_60S_down	2.3548825875278627
GO:MF	GO:0003849	3-deoxy-7-phosphoheptulonate synthase activity	0.0044168984303749135	True	"""Catalysis of the reaction: D-erythrose 4-phosphate + H2O + phosphoenolpyruvate = 7-phospho-2-dehydro-3-deoxy-D-arabino-heptonate + phosphate."" [EC:2.5.1.54, RHEA:14717]"	3	1846	3	22878	0.0016251354279523294	1.0	query_1	['GO:0016765']	16hr_60S_down	2.3548825875278627
GO:MF	GO:0052592	oxidoreductase activity, acting on CH or CH2 groups, with an iron-sulfur protein as acceptor	0.0044168984303749135	True	"""Catalysis of an oxidation-reduction (redox) reaction in which a CH2 group acts as a hydrogen or electron donor and reduces an iron-sulfur protein."" [GOC:ai]"	3	1846	3	22878	0.0016251354279523294	1.0	query_1	['GO:0016725']	16hr_60S_down	2.3548825875278627
GO:MF	GO:0015930	glutamate synthase activity	0.0044168984303749135	True	"""Catalysis of the formation of L-glutamine and 2-oxoglutarate from L-glutamate, using NADH, NADPH or ferredoxin as hydrogen acceptors."" [GOC:curators]"	3	1846	3	22878	0.0016251354279523294	1.0	query_1	['GO:0016638']	16hr_60S_down	2.3548825875278627
GO:MF	GO:0003994	aconitate hydratase activity	0.0044168984303749135	True	"""Catalysis of the reaction: citrate = isocitrate. The reaction occurs in two steps: (1) citrate = cis-aconitate + H2O, (2) cis-aconitate + H2O = isocitrate. This reaction is the interconversion of citrate and isocitrate via the labile, enzyme-bound intermediate cis-aconitate. Water is removed from one part of the citrate molecule and added back to a different atom to form isocitrate."" [EC:4.2.1.3, GOC:pde, GOC:vw]"	3	1846	3	22878	0.0016251354279523294	1.0	query_1	['GO:0016836']	16hr_60S_down	2.3548825875278627
GO:MF	GO:0003984	acetolactate synthase activity	0.0044168984303749135	True	"""Catalysis of the reaction: H+ + 2 pyruvate = (2S)-2-acetolactate + CO2. Can also convert 2-oxobutanoate and pyruvate to (S)-2-ethyl-2-hydroxy-3-oxobutanoate."" [EC:2.2.1.6]"	3	1846	3	22878	0.0016251354279523294	1.0	query_1	['GO:0016744']	16hr_60S_down	2.3548825875278627
GO:MF	GO:0004614	phosphoglucomutase activity	0.0044168984303749135	True	"""Catalysis of the reaction: alpha-D-glucose 1-phosphate = alpha-D-glucose 6-phosphate."" [EC:5.4.2.2]"	3	1846	3	22878	0.0016251354279523294	1.0	query_1	['GO:0016868']	16hr_60S_down	2.3548825875278627
GO:MF	GO:0031072	heat shock protein binding	0.004598363196086929	True	"""Binding to a heat shock protein, a protein synthesized or activated in response to heat shock."" [GOC:mah, GOC:vw]"	25	1846	8	22878	0.004333694474539545	0.32	query_1	['GO:0005515']	16hr_60S_down	2.3373967294940945
GO:MF	GO:0004365	glyceraldehyde-3-phosphate dehydrogenase (NAD+) (phosphorylating) activity	0.004620896132897874	True	"""Catalysis of the reaction: D-glyceraldehyde 3-phosphate + phosphate + NAD+ = 3-phospho-D-glyceroyl phosphate + NADH + H+."" [EC:1.2.1.12]"	6	1846	4	22878	0.0021668472372697724	0.6666666666666666	query_1	['GO:0043891']	16hr_60S_down	2.335273793311261
GO:MF	GO:0004222	metalloendopeptidase activity	0.004917914702856913	True	"""Catalysis of the hydrolysis of internal, alpha-peptide bonds in a polypeptide chain by a mechanism in which water acts as a nucleophile, one or two metal ions hold the water molecule in place, and charged amino acid side chains are ligands for the metal ions."" [GOC:mah, https://www.ebi.ac.uk/merops/about/glossary.shtml#CATTYPE, https://www.ebi.ac.uk/merops/about/glossary.shtml#ENDOPEPTIDASE]"	58	1846	13	22878	0.007042253521126761	0.22413793103448276	query_1	['GO:0004175', 'GO:0008237']	16hr_60S_down	2.308219008008813
GO:MF	GO:0051879	Hsp90 protein binding	0.004917914702856913	True	"""Binding to Hsp90 proteins, any of a group of heat shock proteins around 90kDa in size."" [GOC:ai]"	10	1846	5	22878	0.0027085590465872156	0.5	query_1	['GO:0031072']	16hr_60S_down	2.308219008008813
GO:MF	GO:0008172	S-methyltransferase activity	0.004917914702856913	True	"""Catalysis of the transfer of a methyl group to the sulfur atom of an acceptor molecule."" [GOC:ai]"	10	1846	5	22878	0.0027085590465872156	0.5	query_1	['GO:0008168']	16hr_60S_down	2.308219008008813
GO:MF	GO:0120533	glyceraldehyde-3-phosphate dehydrogenase [NAD(P)+] (non-phosphorylating) activity	0.004917914702856913	True	"""Catalysis of the reaction: D-glyceraldehyde 3-phosphate + NAD(P)+ + H2O = (2R)-3-phosphoglycerate + NAD(P)H + 2 H+."" [EC:1.2.1.90]"	10	1846	5	22878	0.0027085590465872156	0.5	query_1	['GO:0016620']	16hr_60S_down	2.308219008008813
GO:MF	GO:0019238	cyclohydrolase activity	0.004917914702856913	True	"""Catalysis of the hydrolysis of any non-peptide carbon-nitrogen bond in a cyclic amidine, a compound of the form R-C(=NH)-NH2, in a reaction that involves the opening of a ring."" [GOC:mah]"	10	1846	5	22878	0.0027085590465872156	0.5	query_1	['GO:0016814']	16hr_60S_down	2.308219008008813
GO:MF	GO:0043021	ribonucleoprotein complex binding	0.005327275381989313	True	"""Binding to a complex of RNA and protein."" [GOC:bf, GOC:go_curators, GOC:vk]"	38	1846	10	22878	0.005417118093174431	0.2631578947368421	query_1	['GO:0044877']	16hr_60S_down	2.273494852720113
GO:MF	GO:0070006	metalloaminopeptidase activity	0.00577066008680047	True	"""Catalysis of the hydrolysis of a single N-terminal amino acid residue from a polypeptide chain by a mechanism in which water acts as a nucleophile, one or two metal ions hold the water molecule in place, and charged amino acid side chains are ligands for the metal ions."" [https://www.ebi.ac.uk/merops/about/glossary.shtml#AMINOPEPTIDASE]"	15	1846	6	22878	0.0032502708559046588	0.4	query_1	['GO:0004177', 'GO:0008235']	16hr_60S_down	2.2387745064874816
GO:MF	GO:0016783	sulfurtransferase activity	0.00577066008680047	True	"""Catalysis of the transfer of sulfur atoms from one compound (donor) to another (acceptor)."" [EC:2.8.1.-, GOC:ai]"	15	1846	6	22878	0.0032502708559046588	0.4	query_1	['GO:0016782']	16hr_60S_down	2.2387745064874816
GO:MF	GO:0008235	metalloexopeptidase activity	0.007342312438544081	True	"""Catalysis of the hydrolysis of a peptide bond not more than three residues from the N- or C-terminus of a polypeptide chain by a mechanism in which water acts as a nucleophile, one or two metal ions hold the water molecule in place, and charged amino acid side chains are ligands for the metal ions."" [GOC:mah, https://www.ebi.ac.uk/merops/about/glossary.shtml]"	21	1846	7	22878	0.003791982665222102	0.3333333333333333	query_1	['GO:0008237', 'GO:0008238']	16hr_60S_down	2.1341671388393104
GO:MF	GO:0016832	aldehyde-lyase activity	0.007342312438544081	True	"""Catalysis of the cleavage of a C-C bond in a molecule containing a hydroxyl group and a carbonyl group to form two smaller molecules, each being an aldehyde or a ketone."" [GOC:curators]"	21	1846	7	22878	0.003791982665222102	0.3333333333333333	query_1	['GO:0016830']	16hr_60S_down	2.1341671388393104
GO:MF	GO:0019203	carbohydrate phosphatase activity	0.007650828816512681	True	"""Catalysis of the reaction: carbohydrate phosphate + H2O = carbohydrate + phosphate."" [GOC:mah]"	27	1846	8	22878	0.004333694474539545	0.2962962962962963	query_1	['GO:0016791']	16hr_60S_down	2.1162915150502393
GO:MF	GO:0016408	C-acyltransferase activity	0.008112405960492787	True	"""Catalysis of the transfer of an acyl group to a carbon atom on the acceptor molecule."" [GOC:ai]"	11	1846	5	22878	0.0027085590465872156	0.45454545454545453	query_1	['GO:0016747']	16hr_60S_down	2.090850324530653
GO:MF	GO:0016597	amino acid binding	0.008340727673975609	True	"""Binding to an amino acid, organic acids containing one or more amino substituents."" [GOC:ai]"	16	1846	6	22878	0.0032502708559046588	0.375	query_1	['GO:0005488']	16hr_60S_down	2.078796058354314
GO:MF	GO:0031420	alkali metal ion binding	0.008340727673975609	True	"""Binding to an alkali metal ion; alkali metals are those elements in group Ia of the periodic table, with the exception of hydrogen."" [GOC:mah]"	16	1846	6	22878	0.0032502708559046588	0.375	query_1	['GO:0046872']	16hr_60S_down	2.078796058354314
GO:MF	GO:0005543	phospholipid binding	0.009047567636182804	True	"""Binding to a phospholipid, a class of lipids containing phosphoric acid as a mono- or diester."" [ISBN:0198506732]"	135	1846	22	22878	0.011917659804983749	0.16296296296296298	query_1	['GO:0008289']	16hr_60S_down	2.043468161586862
GO:MF	GO:0043891	glyceraldehyde-3-phosphate dehydrogenase [NAD(P)+] (phosphorylating) activity	0.009225009553453718	True	"""Catalysis of the reaction: D-glyceraldehyde 3-phosphate + phosphate + NAD(P)+ = 3-phospho-D-glyceroyl phosphate + NAD(P)H + H+."" [EC:1.2.1.59]"	7	1846	4	22878	0.0021668472372697724	0.5714285714285714	query_1	['GO:0016620']	16hr_60S_down	2.0350331754117112
GO:MF	GO:0004372	glycine hydroxymethyltransferase activity	0.009225009553453718	True	"""Catalysis of the reaction: 5,10-methylenetetrahydrofolate + glycine + H2O = tetrahydrofolate + L-serine."" [RHEA:15481]"	7	1846	4	22878	0.0021668472372697724	0.5714285714285714	query_1	['GO:0016742']	16hr_60S_down	2.0350331754117112
GO:MF	GO:0035251	UDP-glucosyltransferase activity	0.00945499410785832	True	"""Catalysis of the transfer of a glucosyl group from UDP-glucose to an acceptor molecule."" [PMID:19858195]"	153	1846	24	22878	0.013001083423618635	0.1568627450980392	query_1	['GO:0008194', 'GO:0046527']	16hr_60S_down	2.0243387374615027
GO:MF	GO:0016814	hydrolase activity, acting on carbon-nitrogen (but not peptide) bonds, in cyclic amidines	0.009562624327078413	True	"""Catalysis of the hydrolysis of any non-peptide carbon-nitrogen bond in a cyclic amidine, a compound of the form R-C(=NH)-NH2."" [EC:3.5.4.-]"	28	1846	8	22878	0.004333694474539545	0.2857142857142857	query_1	['GO:0016810']	16hr_60S_down	2.019422905384668
GO:MF	GO:0004175	endopeptidase activity	0.0100749193112912	True	"""Catalysis of the hydrolysis of internal, alpha-peptide bonds in a polypeptide chain."" [http://merops.sanger.ac.uk/about/glossary.htm#ENDOPEPTIDASE]"	341	1846	44	22878	0.023835319609967497	0.12903225806451613	query_1	['GO:0008233']	16hr_60S_down	1.9967584233805313
GO:MF	GO:0008757	S-adenosylmethionine-dependent methyltransferase activity	0.010769942671148745	True	"""Catalysis of the transfer of a methyl group from S-adenosyl-L-methionine to a substrate."" [GOC:mah]"	313	1846	41	22878	0.022210184182015168	0.13099041533546327	query_1	['GO:0008168']	16hr_60S_down	1.9677866084633944
GO:MF	GO:0016864	intramolecular oxidoreductase activity, transposing S-S bonds	0.011485520444935844	True	"""Catalysis of an oxidation-reduction (redox) reaction in which the hydrogen donor and acceptor are the same molecule, one or more sulfur-sulfur bonds in the molecule are rearranged, and no oxidized product appears."" [EC:5.3.4.-, GOC:mah]"	17	1846	6	22878	0.0032502708559046588	0.35294117647058826	query_1	['GO:0016860']	16hr_60S_down	1.9398493207786884
GO:MF	GO:0003756	protein disulfide isomerase activity	0.011485520444935844	True	"""Catalysis of the rearrangement of both intrachain and interchain disulfide bonds in proteins."" [EC:5.3.4.1, GOC:vw, Wikipedia:Protein_disulfide-isomerase#Function]"	17	1846	6	22878	0.0032502708559046588	0.35294117647058826	query_1	['GO:0016864', 'GO:0140096']	16hr_60S_down	1.9398493207786884
GO:MF	GO:0016646	oxidoreductase activity, acting on the CH-NH group of donors, NAD or NADP as acceptor	0.011934661985874775	True	"""Catalysis of an oxidation-reduction (redox) reaction in which a CH-NH group acts as a hydrogen or electron donor and reduces NAD or NADP."" [GOC:jl]"	12	1846	5	22878	0.0027085590465872156	0.4166666666666667	query_1	['GO:0016645']	16hr_60S_down	1.9231898765942335
GO:MF	GO:0009815	1-aminocyclopropane-1-carboxylate oxidase activity	0.011934661985874775	True	"""Catalysis of the reaction: 1-aminocyclopropane-1-carboxylate + L-ascorbate + O2 = CO2 + dehydroascorbate + ethylene + 2 H2O + hydrogen cyanide. Ethene is also known as ethylene."" [RHEA:23640]"	12	1846	5	22878	0.0027085590465872156	0.4166666666666667	query_1	['GO:0016715']	16hr_60S_down	1.9231898765942335
GO:MF	GO:0016273	arginine N-methyltransferase activity	0.011934661985874775	True	"""Enables the transfer of a methyl group from S-adenosyl-L-methionine to an amino group of an arginine residue."" [GOC:mah]"	12	1846	5	22878	0.0027085590465872156	0.4166666666666667	query_1	['GO:0008170', 'GO:0008757']	16hr_60S_down	1.9231898765942335
GO:MF	GO:0016274	protein-arginine N-methyltransferase activity	0.011934661985874775	True	"""Catalysis of the reaction: S-adenosyl-L-methionine + (protein)-arginine = S-adenosyl-L-homocysteine + (protein)-N-methyl-arginine."" [GOC:mah, PMID:12351636, PMID:31284549]"	12	1846	5	22878	0.0027085590465872156	0.4166666666666667	query_1	['GO:0008276', 'GO:0016273']	16hr_60S_down	1.9231898765942335
GO:MF	GO:0016715	oxidoreductase activity, acting on paired donors, with incorporation or reduction of molecular oxygen, reduced ascorbate as one donor, and incorporation of one atom of oxygen	0.011934661985874775	True	"""Catalysis of an oxidation-reduction (redox) reaction in which hydrogen or electrons are transferred from reduced ascorbate and one other donor, and one atom of oxygen is incorporated into one donor."" [EC:1.14.17.-]"	12	1846	5	22878	0.0027085590465872156	0.4166666666666667	query_1	['GO:0004497', 'GO:0016705']	16hr_60S_down	1.9231898765942335
GO:MF	GO:0031593	polyubiquitin modification-dependent protein binding	0.011934661985874775	True	"""Binding to a protein upon poly-ubiquitination of the target protein."" [GOC:pg]"	12	1846	5	22878	0.0027085590465872156	0.4166666666666667	query_1	['GO:0140030']	16hr_60S_down	1.9231898765942335
GO:MF	GO:0042803	protein homodimerization activity	0.013204239045430588	True	"""Binding to an identical protein to form a homodimer."" [GOC:jl]"	231	1846	32	22878	0.01733477789815818	0.13852813852813853	query_1	['GO:0042802', 'GO:0046983']	16hr_60S_down	1.879286621938538
GO:MF	GO:0018822	nitrile hydratase activity	0.013204239045430588	True	"""Catalysis of the reaction: an aliphatic amide = a nitrile + H2O."" [RHEA:12673]"	4	1846	3	22878	0.0016251354279523294	0.75	query_1	['GO:0016836']	16hr_60S_down	1.879286621938538
GO:MF	GO:0080061	indole-3-acetonitrile nitrilase activity	0.013204239045430588	True	"""Catalysis of the reaction: indole-3-acetonitrile + 2 H2O = indole-3-acetic acid + NH3."" [RHEA:45776]"	4	1846	3	22878	0.0016251354279523294	0.75	query_1	['GO:0000257']	16hr_60S_down	1.879286621938538
GO:MF	GO:0000774	adenyl-nucleotide exchange factor activity	0.013204239045430588	True	"""Binds to and stimulates the hydrolysis and exchange of adenyl nucleotides by other proteins."" [GOC:kd]"	4	1846	3	22878	0.0016251354279523294	0.75	query_1	['GO:0005524', 'GO:0043531', 'GO:0060590']	16hr_60S_down	1.879286621938538
GO:MF	GO:0008964	phosphoenolpyruvate carboxylase activity	0.013204239045430588	True	"""Catalysis of the reaction: phosphate + oxaloacetate = phosphoenolpyruvate + HCO3-."" [EC:4.1.1.31]"	4	1846	3	22878	0.0016251354279523294	0.75	query_1	['GO:0004611']	16hr_60S_down	1.879286621938538
GO:MF	GO:0003862	3-isopropylmalate dehydrogenase activity	0.013204239045430588	True	"""Catalysis of the reaction: (2R,3S)-3-isopropylmalate + NAD+ = 4-methyl-2-oxopentanoate + CO2 + NADH."" [RHEA:32271]"	4	1846	3	22878	0.0016251354279523294	0.75	query_1	['GO:0016616']	16hr_60S_down	1.879286621938538
GO:MF	GO:0003861	3-isopropylmalate dehydratase activity	0.013204239045430588	True	"""Catalysis of the reaction: (2R,3S)-3-isopropylmalate = (2S)-2-isopropylmalate."" [EC:4.2.1.33]"	4	1846	3	22878	0.0016251354279523294	0.75	query_1	['GO:0016836']	16hr_60S_down	1.879286621938538
GO:MF	GO:0000257	nitrilase activity	0.013204239045430588	True	"""Catalysis of the reaction: a nitrile + H2O = a carboxylate + NH3. Acts on a wide range of aromatic nitriles including (indole-3-yl)-acetonitrile and some aliphatic nitriles, and on the corresponding acid amides."" [EC:3.5.5.1, GOC:kd]"	4	1846	3	22878	0.0016251354279523294	0.75	query_1	['GO:0016815']	16hr_60S_down	1.879286621938538
GO:MF	GO:0004478	methionine adenosyltransferase activity	0.013204239045430588	True	"""Catalysis of the reaction: ATP + L-methionine + H2O = phosphate + diphosphate + S-adenosyl-L-methionine."" [EC:2.5.1.6]"	4	1846	3	22878	0.0016251354279523294	0.75	query_1	['GO:0016765']	16hr_60S_down	1.879286621938538
GO:MF	GO:0034722	gamma-glutamyl-peptidase activity	0.013204239045430588	True	"""Catalysis of the cleavage of a gamma-linked glutamate bond."" [EC:3.4.19.9, MEROPS_fam:C26]"	4	1846	3	22878	0.0016251354279523294	0.75	query_1	['GO:0008234', 'GO:0008242']	16hr_60S_down	1.879286621938538
GO:MF	GO:0047427	cyanoalanine nitrilase activity	0.013204239045430588	True	"""Catalysis of the reaction: 3-cyano-L-alanine + 2 H2O + H+ = L-aspartate + NH4."" [RHEA:11188]"	4	1846	3	22878	0.0016251354279523294	0.75	query_1	['GO:0000257']	16hr_60S_down	1.879286621938538
GO:MF	GO:0016672	oxidoreductase activity, acting on a sulfur group of donors, quinone or similar compound as acceptor	0.013204239045430588	True	"""Catalysis of an oxidation-reduction (redox) reaction in which a sulfur-containing group acts as a hydrogen or electron donor and reduces quinone or a related compound."" [GOC:jl]"	4	1846	3	22878	0.0016251354279523294	0.75	query_1	['GO:0016667']	16hr_60S_down	1.879286621938538
GO:MF	GO:0047334	diphosphate-fructose-6-phosphate 1-phosphotransferase activity	0.013204239045430588	True	"""Catalysis of the reaction: fructose-6-phosphate + diphosphate = phosphate + fructose-1,6-bisphosphate."" [EC:2.7.1.90, MetaCyc:2.7.1.90-RXN]"	4	1846	3	22878	0.0016251354279523294	0.75	query_1	['GO:0008443']	16hr_60S_down	1.879286621938538
GO:MF	GO:0045174	glutathione dehydrogenase (ascorbate) activity	0.013204239045430588	True	"""Catalysis of the reaction: dehydroascorbate + 2 glutathione = L-ascorbate + glutathione disulfide."" [RHEA:24424]"	4	1846	3	22878	0.0016251354279523294	0.75	query_1	['GO:0015038', 'GO:0016209', 'GO:0016672']	16hr_60S_down	1.879286621938538
GO:MF	GO:0016815	hydrolase activity, acting on carbon-nitrogen (but not peptide) bonds, in nitriles	0.013204239045430588	True	"""Catalysis of the hydrolysis of any non-peptide carbon-nitrogen bond in a nitrile, a compound containing the cyano radical, -CN."" [GOC:curators]"	4	1846	3	22878	0.0016251354279523294	0.75	query_1	['GO:0016810']	16hr_60S_down	1.879286621938538
GO:MF	GO:0016671	oxidoreductase activity, acting on a sulfur group of donors, disulfide as acceptor	0.014808512917723395	True	"""Catalysis of an oxidation-reduction (redox) reaction in which a sulfur-containing group acts as a hydrogen or electron donor and reduces disulfide."" [GOC:jl]"	37	1846	9	22878	0.004875406283856988	0.24324324324324326	query_1	['GO:0016667']	16hr_60S_down	1.8294885514756338
GO:MF	GO:0004448	isocitrate dehydrogenase [NAD(P)+] activity	0.014999086330111147	True	"""Catalysis of the reaction: isocitrate + NAD(P)+ = 2-oxoglutarate + CO2 + NAD(P)H."" [GOC:curators]"	8	1846	4	22878	0.0021668472372697724	0.5	query_1	['GO:0016616']	16hr_60S_down	1.823935195202743
GO:MF	GO:0008379	thioredoxin peroxidase activity	0.014999086330111147	True	"""Catalysis of the reaction: [thioredoxin]-dithiol + hydrogen peroxide = [thioredoxin]-disulfide + H2O."" [RHEA:63528]"	8	1846	4	22878	0.0021668472372697724	0.5	query_1	['GO:0140824']	16hr_60S_down	1.823935195202743
GO:MF	GO:0003743	translation initiation factor activity	0.015181195445421451	True	"""Functions in the initiation of ribosome-mediated translation of mRNA into a polypeptide."" [ISBN:0198506732]"	99	1846	17	22878	0.009209100758396533	0.1717171717171717	query_1	['GO:0180051']	16hr_60S_down	1.8186940285124655
GO:MF	GO:0008242	omega peptidase activity	0.016465639437490336	True	"""Catalysis of the cleavage of non-standard peptide bonds releasing substituted amino acids such as pyroglutamate or cleave isopeptide bonds, such as many deubiquitinating enzymes."" [EC:3.4.19.-, PMID:20157488, PMID:9920379]"	13	1846	5	22878	0.0027085590465872156	0.38461538461538464	query_1	['GO:0008233']	16hr_60S_down	1.7834213989465324
GO:MF	GO:0019187	beta-1,4-mannosyltransferase activity	0.016465639437490336	True	"""Catalysis of the transfer of a mannose residue to an oligosaccharide, forming a beta-(1->4) linkage."" [GOC:mcc, PMID:8166646]"	13	1846	5	22878	0.0027085590465872156	0.38461538461538464	query_1	['GO:0000030']	16hr_60S_down	1.7834213989465324
GO:MF	GO:0050308	sugar-phosphatase activity	0.01869645603956789	True	"""Catalysis of the reaction: sugar phosphate + H2O = sugar + phosphate."" [EC:3.1.3.23, MetaCyc:SUGAR-PHOSPHATASE-RXN]"	25	1846	7	22878	0.003791982665222102	0.28	query_1	['GO:0019203']	16hr_60S_down	1.7282407072775547
GO:MF	GO:0018455	alcohol dehydrogenase [NAD(P)+] activity	0.01869645603956789	True	"""Catalysis of the reaction: an alcohol + NAD(P)+ = an aldehyde or ketone + NAD(P)H + H+."" [GOC:curators]"	25	1846	7	22878	0.003791982665222102	0.28	query_1	['GO:0016616']	16hr_60S_down	1.7282407072775547
GO:MF	GO:0032182	ubiquitin-like protein binding	0.02212781378745602	True	"""Binding to a small conjugating protein such as ubiquitin or a ubiquitin-like protein."" [GOC:mah]"	54	1846	11	22878	0.005958829902491874	0.2037037037037037	query_1	['GO:0005515']	16hr_60S_down	1.6550614919446611
GO:MF	GO:0016638	oxidoreductase activity, acting on the CH-NH2 group of donors	0.023624090674642342	True	"""Catalysis of an oxidation-reduction (redox) reaction in which a CH-NH2 group acts as a hydrogen or electron donor and reduces a hydrogen or electron acceptor."" [EC:1.4.-.-, GOC:ai]"	26	1846	7	22878	0.003791982665222102	0.2692307692307692	query_1	['GO:0016491']	16hr_60S_down	1.626644899118611
GO:MF	GO:0070569	uridylyltransferase activity	0.02431923418541495	True	"""Catalysis of the transfer of an uridylyl group to an acceptor."" [GOC:mah]"	9	1846	4	22878	0.0021668472372697724	0.4444444444444444	query_1	['GO:0016779']	16hr_60S_down	1.6140501051511538
GO:MF	GO:0030976	thiamine pyrophosphate binding	0.02431923418541495	True	"""Binding to thiamine pyrophosphate, the diphosphoric ester of thiamine. Acts as a coenzyme of several (de)carboxylases, transketolases, and alpha-oxoacid dehydrogenases."" [GOC:mlg]"	9	1846	4	22878	0.0021668472372697724	0.4444444444444444	query_1	['GO:0019842', 'GO:0043168', 'GO:0043169', 'GO:0050997', 'GO:1901363', 'GO:1901681']	16hr_60S_down	1.6140501051511538
GO:MF	GO:0035091	phosphatidylinositol binding	0.028034074413835035	True	"""Binding to an inositol-containing glycerophospholipid, i.e. phosphatidylinositol (PtdIns) and its phosphorylated derivatives."" [GOC:bf, ISBN:0198506732, PMID:11395417]"	80	1846	14	22878	0.007583965330444204	0.175	query_1	['GO:0005543']	16hr_60S_down	1.552313778199331
GO:MF	GO:0004792	thiosulfate-cyanide sulfurtransferase activity	0.028034074413835035	True	"""Catalysis of the reaction: thiosulfate + hydrogen cyanide = thiocyanate + sulfite + 2 H+."" [RHEA:16881]"	5	1846	3	22878	0.0016251354279523294	0.6	query_1	['GO:0016783']	16hr_60S_down	1.552313778199331
GO:MF	GO:0019825	oxygen binding	0.028034074413835035	True	"""Binding to oxygen (O2)."" [GOC:jl]"	5	1846	3	22878	0.0016251354279523294	0.6	query_1	['GO:0036094']	16hr_60S_down	1.552313778199331
GO:MF	GO:0032266	phosphatidylinositol-3-phosphate binding	0.028034074413835035	True	"""Binding to phosphatidylinositol-3-phosphate, a derivative of phosphatidylinositol in which the inositol ring is phosphorylated at the 3' position."" [GOC:bf, PMID:10209156, PMID:11395417, PMID:11557775]"	5	1846	3	22878	0.0016251354279523294	0.6	query_1	['GO:1901981']	16hr_60S_down	1.552313778199331
GO:MF	GO:0004373	alpha-1,4-glucan glucosyltransferase (UDP-glucose donor) activity	0.028034074413835035	True	"""Catalysis of the reaction: [(1->4)-alpha-D-glucosyl](n) + UDP-alpha-D-glucose = [(1->4)-alpha-D-glucosyl](n+1) + H+ + UDP."" [RHEA:18549]"	5	1846	3	22878	0.0016251354279523294	0.6	query_1	['GO:0033840', 'GO:0035251']	16hr_60S_down	1.552313778199331
GO:MF	GO:0004165	delta(3)-delta(2)-enoyl-CoA isomerase activity	0.028034074413835035	True	"""Catalysis of the reactions: a (3Z)-enoyl-CoA = a 4-saturated (2E)-enoyl-CoA or a (3E)-enoyl-CoA = a 4-saturated (2E)-enoyl-CoA."" [RHEA:45900]"	5	1846	3	22878	0.0016251354279523294	0.6	query_1	['GO:0016863']	16hr_60S_down	1.552313778199331
GO:MF	GO:0004553	hydrolase activity, hydrolyzing O-glycosyl compounds	0.028034074413835035	True	"""Catalysis of the hydrolysis of any O-glycosyl bond."" [GOC:mah]"	394	1846	47	22878	0.025460455037919827	0.11928934010152284	query_1	['GO:0016798']	16hr_60S_down	1.552313778199331
GO:MF	GO:0051748	UTP-monosaccharide-1-phosphate uridylyltransferase activity	0.028034074413835035	True	"""Catalysis of the reaction: UTP + a monosaccharide 1-phosphate = diphosphate + UDP-monosaccharide."" [EC:2.7.7.64, PMID:15326166]"	5	1846	3	22878	0.0016251354279523294	0.6	query_1	['GO:0070569']	16hr_60S_down	1.552313778199331
GO:MF	GO:0003979	UDP-glucose 6-dehydrogenase activity	0.028034074413835035	True	"""Catalysis of the reaction: H2O + 2 NAD+ + UDP-alpha-D-glucose = 3 H+ + 2 NADH + UDP-alpha-D-glucuronate."" [EC:1.1.1.22, RHEA:23596]"	5	1846	3	22878	0.0016251354279523294	0.6	query_1	['GO:0016616']	16hr_60S_down	1.552313778199331
GO:MF	GO:0003983	UTP:glucose-1-phosphate uridylyltransferase activity	0.028034074413835035	True	"""Catalysis of the reaction: alpha-D-glucose 1-phosphate + UTP = diphosphate + UDP-D-glucose."" [EC:2.7.7.9, RHEA:19889]"	5	1846	3	22878	0.0016251354279523294	0.6	query_1	['GO:0051748']	16hr_60S_down	1.552313778199331
GO:MF	GO:0009011	alpha-1,4-glucan glucosyltransferase (ADP-glucose donor) activity	0.028034074413835035	True	"""Catalysis of the reaction: [(1->4)-alpha-D-glucosyl](n) + ADP-alpha-D-glucose = [(1->4)-alpha-D-glucosyl](n+1) + ADP + H+."" [RHEA:18189]"	5	1846	3	22878	0.0016251354279523294	0.6	query_1	['GO:0033840']	16hr_60S_down	1.552313778199331
GO:MF	GO:0004049	anthranilate synthase activity	0.028034074413835035	True	"""Catalysis of the reaction: chorismate + L-glutamine = anthranilate + pyruvate + L-glutamate."" [EC:4.1.3.27]"	5	1846	3	22878	0.0016251354279523294	0.6	query_1	['GO:0016833']	16hr_60S_down	1.552313778199331
GO:MF	GO:0016763	pentosyltransferase activity	0.028262625961167773	True	"""Catalysis of the transfer of a pentosyl group from one compound (donor) to another (acceptor)."" [GOC:jl]"	64	1846	12	22878	0.0065005417118093175	0.1875	query_1	['GO:0016757']	16hr_60S_down	1.5487874890740692
GO:MF	GO:0008234	cysteine-type peptidase activity	0.029027291672320894	True	"""Catalysis of the hydrolysis of peptide bonds in a polypeptide chain by a mechanism in which the sulfhydryl group of a cysteine residue at the active center acts as a nucleophile."" [GOC:mah, https://www.ebi.ac.uk/merops/about/glossary.shtml#CATTYPE]"	160	1846	23	22878	0.012459371614301192	0.14375	query_1	['GO:0008233']	16hr_60S_down	1.537193483170615
GO:MF	GO:0004362	glutathione-disulfide reductase (NADPH) activity	0.03055055886533615	True	"""Catalysis of the reaction: 2 glutathione + NADP+ = glutathione disulfide + NADPH + H+."" [PMID:36771108, RHEA:11740]"	2	1846	2	22878	0.0010834236186348862	1.0	query_1	['GO:0015038', 'GO:0016209', 'GO:0016668']	16hr_60S_down	1.5149808407434688
GO:MF	GO:0080161	auxin transmembrane transporter activity	0.03055055886533615	True	"""Enables the transfer of auxins from one side of a membrane to the other. Auxins are plant hormones that regulate aspects of plant growth."" [PMID:19506555]"	15	1846	5	22878	0.0027085590465872156	0.3333333333333333	query_1	['GO:0022857']	16hr_60S_down	1.5149808407434688
GO:MF	GO:0004347	glucose-6-phosphate isomerase activity	0.03055055886533615	True	"""Catalysis of the reaction: alpha-D-glucose 6-phosphate = beta-D-fructose 6-phosphate."" [RHEA:11816]"	2	1846	2	22878	0.0010834236186348862	1.0	query_1	['GO:0016861']	16hr_60S_down	1.5149808407434688
GO:MF	GO:0008465	hydroxypyruvate reductase (NADH) activity	0.03055055886533615	True	"""Catalysis of the reaction: (R)-glycerate + NAD+ = 3-hydroxypyruvate + NADH + H+."" [EC:1.1.1.29]"	2	1846	2	22878	0.0010834236186348862	1.0	query_1	['GO:0016618']	16hr_60S_down	1.5149808407434688
GO:MF	GO:0102732	inositol-1,2,3,4,6-pentakisphosphate 5-kinase activity	0.03055055886533615	True	"""Catalysis of the reaction: 1D-myo-inositol 1,2,3,4,6-pentakisphosphate + ATP = 1D-myo-inositol hexakisphosphate + ADP + H+."" [MetaCyc:RXN-7186, PMID:12226109]"	2	1846	2	22878	0.0010834236186348862	1.0	query_1	['GO:0120517']	16hr_60S_down	1.5149808407434688
GO:MF	GO:0030785	[ribulose-bisphosphate carboxylase]-lysine N-methyltransferase activity	0.03055055886533615	True	"""Catalysis of the reaction: S-adenosyl-L-methionine + [ribulose-1,5-bisphosphate carboxylase]-lysine = S-adenosyl-L-homocysteine + [ribulose-1,5-bisphosphate carboxylase]-N6-methyl-L-lysine."" [EC:2.1.1.127]"	2	1846	2	22878	0.0010834236186348862	1.0	query_1	['GO:0008757']	16hr_60S_down	1.5149808407434688
GO:MF	GO:0061815	Met1-linked polyubiquitin deubiquitinase activity	0.03055055886533615	True	"""Catalysis of the hydrolysis of ubiquitin units from Met1-linked (or linear) polyubiquitin chains."" [GOC:dph, PMID:26503766, PMID:27702987]"	2	1846	2	22878	0.0010834236186348862	1.0	query_1	['GO:0004843']	16hr_60S_down	1.5149808407434688
GO:MF	GO:0004425	indole-3-glycerol-phosphate synthase activity	0.03055055886533615	True	"""Catalysis of the reaction: 1-(2-carboxyphenylamino)-1-deoxy-D-ribulose 5-phosphate = 1-(indol-3-yl)glycerol 3-phosphate + CO2 + H2O."" [EC:4.1.1.48]"	2	1846	2	22878	0.0010834236186348862	1.0	query_1	['GO:0016831']	16hr_60S_down	1.5149808407434688
GO:MF	GO:0070456	galactose-1-phosphate phosphatase activity	0.03055055886533615	True	"""Catalysis of the reaction: galactose-1-phosphate + H2O = galactose + phosphate."" [GOC:mah]"	2	1846	2	22878	0.0010834236186348862	1.0	query_1	['GO:0050308']	16hr_60S_down	1.5149808407434688
GO:MF	GO:0016844	strictosidine synthase activity	0.03055055886533615	True	"""Catalysis of the reaction: 3alpha(S)-strictosidine + H2O = secologanin + tryptamine."" [RHEA:15013]"	15	1846	5	22878	0.0027085590465872156	0.3333333333333333	query_1	['GO:0016810']	16hr_60S_down	1.5149808407434688
GO:MF	GO:0004452	isopentenyl-diphosphate delta-isomerase activity	0.03055055886533615	True	"""Catalysis of the reaction: isopentenyl diphosphate = dimethylallyl diphosphate."" [RHEA:23284]"	2	1846	2	22878	0.0010834236186348862	1.0	query_1	['GO:0016863']	16hr_60S_down	1.5149808407434688
GO:MF	GO:0008184	glycogen phosphorylase activity	0.03055055886533615	True	"""Catalysis of the reaction: glycogen + phosphate = maltodextrin + alpha-D-glucose 1-phosphate."" [MetaCyc:GLYCOPHOSPHORYL-RXN]"	2	1846	2	22878	0.0010834236186348862	1.0	query_1	['GO:0004645']	16hr_60S_down	1.5149808407434688
GO:MF	GO:0008114	phosphogluconate 2-dehydrogenase activity	0.03055055886533615	True	"""Catalysis of the reaction: 6-phospho-D-gluconate + NADP+ = 6-phospho-2-dehydro-D-gluconate + NADPH."" [EC:1.1.1.43]"	2	1846	2	22878	0.0010834236186348862	1.0	query_1	['GO:0016616']	16hr_60S_down	1.5149808407434688
GO:MF	GO:0016856	racemase and epimerase activity, acting on hydroxy acids and derivatives	0.03055055886533615	True	"""Catalysis of a reaction that alters the configuration of one or more chiral centers in a hydroxy acid molecule."" [GOC:mah]"	2	1846	2	22878	0.0010834236186348862	1.0	query_1	['GO:0016854']	16hr_60S_down	1.5149808407434688
GO:MF	GO:0050497	alkylthioltransferase activity	0.03055055886533615	True	"""Catalysis of the transfer of an alkylthio group from one compound (donor) to another (acceptor)."" [EC:2.8.4.-, GOC:ai]"	2	1846	2	22878	0.0010834236186348862	1.0	query_1	['GO:0016782']	16hr_60S_down	1.5149808407434688
GO:MF	GO:0004375	glycine dehydrogenase (decarboxylating) activity	0.03055055886533615	True	"""Catalysis of the reaction: glycine + lipoylprotein = S-aminomethyldihydrolipoylprotein + CO2."" [EC:1.4.4.2]"	2	1846	2	22878	0.0010834236186348862	1.0	query_1	['GO:0016642']	16hr_60S_down	1.5149808407434688
GO:MF	GO:0106312	methylenetetrahydrofolate reductase (NADH) activity	0.03055055886533615	True	"""Catalysis of the reaction: (6S)-5-methyl-5,6,7,8-tetrahydrofolate + NAD+ = (6R)-5,10-methylene-5,6,7,8-tetrahydrofolate + NADH + H+."" [RHEA:19821]"	2	1846	2	22878	0.0010834236186348862	1.0	query_1	['GO:0004489']	16hr_60S_down	1.5149808407434688
GO:MF	GO:0008836	diaminopimelate decarboxylase activity	0.03055055886533615	True	"""Catalysis of the reaction: meso-2,6-diaminopimelate + H+ = L-lysine + CO2."" [EC:4.1.1.20, RHEA:15101]"	2	1846	2	22878	0.0010834236186348862	1.0	query_1	['GO:0016831']	16hr_60S_down	1.5149808407434688
GO:MF	GO:0008692	3-hydroxybutyryl-CoA epimerase activity	0.03055055886533615	True	"""Catalysis of the reaction: (S)-3-hydroxybutanoyl-CoA = (R)-3-hydroxybutanoyl-CoA."" [EC:5.1.2.3]"	2	1846	2	22878	0.0010834236186348862	1.0	query_1	['GO:0016856']	16hr_60S_down	1.5149808407434688
GO:MF	GO:0000823	inositol-1,4,5-trisphosphate 6-kinase activity	0.03055055886533615	True	"""Catalysis of the reaction: 1D-myo-inositol 1,4,5-trisphosphate + ATP = 1D-myo-inositol 1,4,5,6-tetrakisphosphate + ADP + H+."" [RHEA:17717]"	2	1846	2	22878	0.0010834236186348862	1.0	query_1	['GO:0051766']	16hr_60S_down	1.5149808407434688
GO:MF	GO:0000824	inositol-1,4,5,6-tetrakisphosphate 3-kinase activity	0.03055055886533615	True	"""Catalysis of the reaction: 1D-myo-inositol 1,4,5,6-tetrakisphosphate + ATP = 1D-myo-inositol 1,3,4,5,6-pentakisphosphate + ADP + H+."" [RHEA:11856]"	2	1846	2	22878	0.0010834236186348862	1.0	query_1	['GO:0051765']	16hr_60S_down	1.5149808407434688
GO:MF	GO:0016642	oxidoreductase activity, acting on the CH-NH2 group of donors, disulfide as acceptor	0.03055055886533615	True	"""Catalysis of an oxidation-reduction (redox) reaction in which a CH-NH2 group acts as a hydrogen or electron donor and reduces a disulfide group."" [GOC:ai]"	2	1846	2	22878	0.0010834236186348862	1.0	query_1	['GO:0016638']	16hr_60S_down	1.5149808407434688
GO:MF	GO:0002953	5'-deoxynucleotidase activity	0.03055055886533615	True	"""Catalysis of the reaction: a 2'-deoxyribonucleoside 5'-phosphate + H2O = a 2'-deoxyribonucleoside + phosphate."" [RHEA:36167]"	2	1846	2	22878	0.0010834236186348862	1.0	query_1	['GO:0016791']	16hr_60S_down	1.5149808407434688
GO:MF	GO:0016041	glutamate synthase (ferredoxin) activity	0.03055055886533615	True	"""Catalysis of the reaction: 2 L-glutamate + 2 oxidized ferredoxin = L-glutamine + 2-oxoglutarate + 2 reduced ferredoxin + 2 H+. This is a two-step reaction: (a) L-glutamate + NH3 = L-glutamine + H2O, (b) L-glutamate + 2 oxidized ferredoxin + H2O = NH3 + 2-oxoglutarate + 2 reduced ferredoxin + 2 H+."" [EC:1.4.7.1]"	2	1846	2	22878	0.0010834236186348862	1.0	query_1	['GO:0015930', 'GO:0016643']	16hr_60S_down	1.5149808407434688
GO:MF	GO:0016018	cyclosporin A binding	0.03055055886533615	True	"""Binding to cyclosporin A, a cyclic undecapeptide that contains several N-methylated and unusual amino acids."" [GOC:mb]"	2	1846	2	22878	0.0010834236186348862	1.0	query_1	['GO:0033218']	16hr_60S_down	1.5149808407434688
GO:MF	GO:0016643	oxidoreductase activity, acting on the CH-NH2 group of donors, iron-sulfur protein as acceptor	0.03055055886533615	True	"""Catalysis of an oxidation-reduction (redox) reaction in which a CH-NH2 group acts as a hydrogen or electron donor and reduces an iron-sulfur protein."" [GOC:ai]"	2	1846	2	22878	0.0010834236186348862	1.0	query_1	['GO:0016638']	16hr_60S_down	1.5149808407434688
GO:MF	GO:0003857	3-hydroxyacyl-CoA dehydrogenase activity	0.03055055886533615	True	"""Catalysis of the reaction: (S)-3-hydroxyacyl-CoA + NAD+ = 3-oxoacyl-CoA + NADH + H+."" [EC:1.1.1.35]"	2	1846	2	22878	0.0010834236186348862	1.0	query_1	['GO:0016616']	16hr_60S_down	1.5149808407434688
GO:MF	GO:0016645	oxidoreductase activity, acting on the CH-NH group of donors	0.03055055886533615	True	"""Catalysis of an oxidation-reduction (redox) reaction in which a CH-NH group acts as a hydrogen or electron donor and reduces a hydrogen or electron acceptor."" [GOC:ai]"	28	1846	7	22878	0.003791982665222102	0.25	query_1	['GO:0016491']	16hr_60S_down	1.5149808407434688
GO:MF	GO:0003866	3-phosphoshikimate 1-carboxyvinyltransferase activity	0.03055055886533615	True	"""Catalysis of the reaction: 3-phosphoshikimate + phosphoenolpyruvate = 5-O-(1-carboxyvinyl)-3-phosphoshikimate + phosphate."" [EC:2.5.1.19, RHEA:21256]"	2	1846	2	22878	0.0010834236186348862	1.0	query_1	['GO:0016765']	16hr_60S_down	1.5149808407434688
GO:MF	GO:0003925	G protein activity	0.03055055886533615	True	"""A molecular function regulator that cycles between active GTP-bound and inactive GDP-bound states. In its active state, binds to a variety of effector proteins to regulate cellular processes. Intrinsic GTPase activity returns the G protein to its GDP-bound state. The return to the GDP-bound state can be accelerated by the action of a GTPase-activating protein (GAP)."" [PMID:16923326, PMID:24470015]"	2	1846	2	22878	0.0010834236186348862	1.0	query_1	['GO:0003924', 'GO:0098772']	16hr_60S_down	1.5149808407434688
GO:MF	GO:0010347	L-galactose-1-phosphate phosphatase activity	0.03055055886533615	True	"""Catalysis of the reaction: L-galactose-1-phosphate + H2O = L-galactose + phosphate."" [PMID:15550539, PMID:16595667]"	2	1846	2	22878	0.0010834236186348862	1.0	query_1	['GO:0070456']	16hr_60S_down	1.5149808407434688
GO:MF	GO:0003987	acetate-CoA ligase activity	0.03055055886533615	True	"""Catalysis of the reaction: ATP + acetate + CoA = AMP + diphosphate + acetyl-CoA."" [EC:6.2.1.1]"	2	1846	2	22878	0.0010834236186348862	1.0	query_1	['GO:0016405', 'GO:0016878']	16hr_60S_down	1.5149808407434688
GO:MF	GO:0010177	methylthioalkylmalate synthase activity	0.03055055886533615	True	"""Catalysis of the reaction: acetyl-CoA + an omega-(methylsulfanyl)-2-oxoalkanoate + H2O = a 2-(omega-methylsulfanyl)alkylmalate + CoA + H+."" [RHEA:50624]"	2	1846	2	22878	0.0010834236186348862	1.0	query_1	['GO:0046912']	16hr_60S_down	1.5149808407434688
GO:MF	GO:0003991	acetylglutamate kinase activity	0.03055055886533615	True	"""Catalysis of the reaction: ATP + N-acetyl-L-glutamate = ADP + N-acetyl-L-glutamate-5-phosphate."" [EC:2.7.2.8]"	2	1846	2	22878	0.0010834236186348862	1.0	query_1	['GO:0016301', 'GO:0016774']	16hr_60S_down	1.5149808407434688
GO:MF	GO:0009975	cyclase activity	0.03055055886533615	True	"""Catalysis of a ring closure reaction."" [ISBN:0198547684]"	21	1846	6	22878	0.0032502708559046588	0.2857142857142857	query_1	['GO:0003824']	16hr_60S_down	1.5149808407434688
GO:MF	GO:0016784	3-mercaptopyruvate sulfurtransferase activity	0.03055055886533615	True	"""Catalysis of the reaction: 3-mercaptopyruvate + cyanide = pyruvate + thiocyanate."" [EC:2.8.1.2]"	2	1846	2	22878	0.0010834236186348862	1.0	query_1	['GO:0016783']	16hr_60S_down	1.5149808407434688
GO:MF	GO:0004001	adenosine kinase activity	0.03055055886533615	True	"""Catalysis of the reaction: ATP + adenosine = ADP + AMP."" [EC:2.7.1.20, PMID:11223943]"	2	1846	2	22878	0.0010834236186348862	1.0	query_1	['GO:0016773', 'GO:0019206']	16hr_60S_down	1.5149808407434688
GO:MF	GO:0004034	aldose 1-epimerase activity	0.03055055886533615	True	"""Catalysis of the reaction: alpha-D-glucose = beta-D-glucose. Also acts on L-arabinose, D-xylose, D-galactose, maltose and lactose."" [EC:5.1.3.3]"	2	1846	2	22878	0.0010834236186348862	1.0	query_1	['GO:0016857']	16hr_60S_down	1.5149808407434688
GO:MF	GO:0048529	magnesium-protoporphyrin IX monomethyl ester (oxidative) cyclase activity	0.03055055886533615	True	"""Catalysis of the reaction: magnesium protoporphyrin IX 13-monomethyl ester + 3 NADPH + 3 H+ + 3 O2 = divinylprotochlorophyllide + 3 NADP+ + 5 H2O."" [EC:1.14.13.81, RHEA:33235]"	2	1846	2	22878	0.0010834236186348862	1.0	query_1	['GO:0016709']	16hr_60S_down	1.5149808407434688
GO:MF	GO:0008802	betaine-aldehyde dehydrogenase (NAD+) activity	0.03055055886533615	True	"""Catalysis of the reaction: betaine aldehyde + NAD+ + H2O = betaine + NADH + H+."" [EC:1.2.1.8]"	2	1846	2	22878	0.0010834236186348862	1.0	query_1	['GO:0004029']	16hr_60S_down	1.5149808407434688
GO:MF	GO:1990610	acetolactate synthase regulator activity	0.03055055886533615	True	"""Binds to and modulates the activity of acetolactate synthase."" [PMID:8972574]"	2	1846	2	22878	0.0010834236186348862	1.0	query_1	['GO:0003984', 'GO:0030234']	16hr_60S_down	1.5149808407434688
GO:MF	GO:0047429	nucleoside triphosphate diphosphatase activity	0.03055055886533615	True	"""Catalysis of the reaction: a nucleoside triphosphate + H2O = a nucleotide + H+ + diphosphate."" [EC:3.6.1.9]"	10	1846	4	22878	0.0021668472372697724	0.4	query_1	['GO:0016462']	16hr_60S_down	1.5149808407434688
GO:MF	GO:0000049	tRNA binding	0.03055055886533615	True	"""Binding to a transfer RNA."" [GOC:ai]"	28	1846	7	22878	0.003791982665222102	0.25	query_1	['GO:0003723']	16hr_60S_down	1.5149808407434688
GO:MF	GO:0034336	misfolded RNA binding	0.03055055886533615	True	"""Binding to an RNA molecule that has assumed an incorrect conformation."" [GOC:mah, PMID:10393192]"	2	1846	2	22878	0.0010834236186348862	1.0	query_1	['GO:0003723']	16hr_60S_down	1.5149808407434688
GO:MF	GO:0004807	triose-phosphate isomerase activity	0.03055055886533615	True	"""Catalysis of the reaction: D-glyceraldehyde 3-phosphate = dihydroxyacetone phosphate."" [RHEA:18585]"	2	1846	2	22878	0.0010834236186348862	1.0	query_1	['GO:0016861']	16hr_60S_down	1.5149808407434688
GO:MF	GO:0004814	arginine-tRNA ligase activity	0.03055055886533615	True	"""Catalysis of the reaction: ATP + L-arginine + tRNA(Arg) = AMP + diphosphate + L-arginyl-tRNA(Arg)."" [EC:6.1.1.19]"	2	1846	2	22878	0.0010834236186348862	1.0	query_1	['GO:0004812']	16hr_60S_down	1.5149808407434688
GO:MF	GO:0004645	1,4-alpha-oligoglucan phosphorylase activity	0.03055055886533615	True	"""Catalysis of the reaction: 1,4-alpha-D-glucosyl(n) + phosphate = 1,4-alpha-D-glucosyl(n-1) + alpha-D-glucose 1-phosphate."" [RHEA:41732]"	2	1846	2	22878	0.0010834236186348862	1.0	query_1	['GO:0016758']	16hr_60S_down	1.5149808407434688
GO:MF	GO:0035596	methylthiotransferase activity	0.03055055886533615	True	"""Catalysis of the addition of a methylthioether group (-SCH3) to a nucleic acid or protein acceptor."" [GOC:jh2, PMID:20472640]"	2	1846	2	22878	0.0010834236186348862	1.0	query_1	['GO:0050497']	16hr_60S_down	1.5149808407434688
GO:MF	GO:0004824	lysine-tRNA ligase activity	0.03055055886533615	True	"""Catalysis of the reaction: ATP + L-lysine + tRNA(Lys) = AMP + diphosphate + L-lysyl-tRNA(Lys)."" [EC:6.1.1.6]"	2	1846	2	22878	0.0010834236186348862	1.0	query_1	['GO:0004812']	16hr_60S_down	1.5149808407434688
GO:MF	GO:0047066	phospholipid-hydroperoxide glutathione peroxidase activity	0.03055055886533615	True	"""Catalysis of the reaction: a hydroperoxy polyunsaturated fatty acid + 2 glutathione = a hydroxy polyunsaturated fatty acid + glutathione disulfide + H2O."" [PMID:3978121, PMID:8617728, RHEA:19057]"	2	1846	2	22878	0.0010834236186348862	1.0	query_1	['GO:0004601']	16hr_60S_down	1.5149808407434688
GO:MF	GO:0005096	GTPase activator activity	0.03055055886533615	True	"""Binds to and increases the activity of a GTPase, an enzyme that catalyzes the hydrolysis of GTP."" [GOC:mah]"	58	1846	11	22878	0.005958829902491874	0.1896551724137931	query_1	['GO:0003924', 'GO:0008047', 'GO:0030695']	16hr_60S_down	1.5149808407434688
GO:MF	GO:0042286	glutamate-1-semialdehyde 2,1-aminomutase activity	0.03055055886533615	True	"""Catalysis of the reaction: (S)-4-amino-5-oxopentanoate = 5-aminolevulinate."" [RHEA:14265]"	2	1846	2	22878	0.0010834236186348862	1.0	query_1	['GO:0016869']	16hr_60S_down	1.5149808407434688
GO:MF	GO:0004619	phosphoglycerate mutase activity	0.03055055886533615	True	"""Catalysis of the reaction: (2R)-2-phosphoglycerate = (2R)-3-phosphoglycerate."" [RHEA:15901]"	2	1846	2	22878	0.0010834236186348862	1.0	query_1	['GO:0016868']	16hr_60S_down	1.5149808407434688
GO:MF	GO:0042586	peptide deformylase activity	0.03055055886533615	True	"""Catalysis of the reaction: formyl-L-methionyl peptide + H2O = formate + methionyl peptide."" [EC:3.5.1.88, GOC:jl]"	2	1846	2	22878	0.0010834236186348862	1.0	query_1	['GO:0016811']	16hr_60S_down	1.5149808407434688
GO:MF	GO:0016869	intramolecular aminotransferase activity	0.03055055886533615	True	"""Catalysis of the transfer of an amino group from one position to another within a single molecule."" [GOC:mah]"	2	1846	2	22878	0.0010834236186348862	1.0	query_1	['GO:0016866']	16hr_60S_down	1.5149808407434688
GO:MF	GO:0046863	ribulose-1,5-bisphosphate carboxylase/oxygenase activator activity	0.03055055886533615	True	"""Binds to and iincreases the activity of rubisco by the removal of otherwise inhibitory sugar phosphates: RuBP, and in some plants, 2-carboxyarabinitol 1-phosphate."" [PMID:10430961, PMID:10965036, PMID:2404515]"	2	1846	2	22878	0.0010834236186348862	1.0	query_1	['GO:0008047', 'GO:0016984']	16hr_60S_down	1.5149808407434688
GO:MF	GO:0004853	uroporphyrinogen decarboxylase activity	0.03055055886533615	True	"""Catalysis of the reaction: uroporphyrinogen-III = coproporphyrinogen + 4 CO2."" [EC:4.1.1.37]"	2	1846	2	22878	0.0010834236186348862	1.0	query_1	['GO:0016831']	16hr_60S_down	1.5149808407434688
GO:MF	GO:0046429	4-hydroxy-3-methylbut-2-en-1-yl diphosphate synthase activity (ferredoxin)	0.03055055886533615	True	"""Catalysis of the reaction: (E)-4-hydroxy-3-methylbut-2-en-1-yl diphosphate + H2O + 2 oxidized ferredoxin = 2-C-methyl-D-erythritol 2,4-cyclodiphosphate + 2 reduced ferredoxin."" [EC:1.17.7.1, PMID:11752431]"	2	1846	2	22878	0.0010834236186348862	1.0	query_1	['GO:0052592']	16hr_60S_down	1.5149808407434688
GO:MF	GO:0004489	methylenetetrahydrofolate reductase (NAD(P)H) activity	0.03055055886533615	True	"""Catalysis of the reaction: 5-methyltetrahydrofolate + NAD(P)+ = 5,10-methylenetetrahydrofolate + NAD(P)H + H+."" [EC:1.5.1.20, PMID:26872964]"	2	1846	2	22878	0.0010834236186348862	1.0	query_1	['GO:0016646']	16hr_60S_down	1.5149808407434688
GO:MF	GO:0004801	transaldolase activity	0.03055055886533615	True	"""Catalysis of the reaction: sedoheptulose 7-phosphate + D-glyceraldehyde 3-phosphate = D-erythrose 4-phosphate + D-fructose 6-phosphate."" [PMID:7592346, RHEA:17053]"	2	1846	2	22878	0.0010834236186348862	1.0	query_1	['GO:0016744']	16hr_60S_down	1.5149808407434688
GO:MF	GO:0045182	translation regulator activity	0.03055055886533615	True	"""Any molecular function involved in the regulation of initiation, activation, perpetuation, repression or termination of polypeptide synthesis at the ribosome."" [GOC:ai]"	10	1846	4	22878	0.0021668472372697724	0.4	query_1	['GO:0003674']	16hr_60S_down	1.5149808407434688
GO:MF	GO:0047107	gamma-guanidinobutyraldehyde dehydrogenase (NAD+) activity	0.03055055886533615	True	"""Catalysis of the reaction: 4-guanidinobutanal + H2O + NAD+ = 4-guanidinobutanoate + 2 H+ + NADH."" [RHEA:14381]"	2	1846	2	22878	0.0010834236186348862	1.0	query_1	['GO:0004029']	16hr_60S_down	1.5149808407434688
GO:MF	GO:0031402	sodium ion binding	0.03055055886533615	True	"""Binding to a sodium ion (Na+)."" [GOC:mah]"	2	1846	2	22878	0.0010834236186348862	1.0	query_1	['GO:0031420']	16hr_60S_down	1.5149808407434688
GO:MF	GO:0004615	phosphomannomutase activity	0.03055055886533615	True	"""Catalysis of the reaction: alpha-D-mannose 1-phosphate = D-mannose 6-phosphate."" [EC:5.4.2.8, RHEA:11140]"	2	1846	2	22878	0.0010834236186348862	1.0	query_1	['GO:0016868']	16hr_60S_down	1.5149808407434688
GO:MF	GO:0004648	O-phospho-L-serine:2-oxoglutarate aminotransferase activity	0.03055055886533615	True	"""Catalysis of the reaction: O-phospho-L-serine + 2-oxoglutarate = 3-phosphonooxypyruvate + L-glutamate."" [EC:2.6.1.52]"	2	1846	2	22878	0.0010834236186348862	1.0	query_1	['GO:0008483']	16hr_60S_down	1.5149808407434688
GO:MF	GO:0033946	xyloglucan-specific endo-beta-1,4-glucanase activity	0.03055055886533615	True	"""Catalysis of the reaction: xyloglucan + H2O = xyloglucan oligosaccharides. This reaction is the endohydrolysis of (1->4)-beta-D-glucosidic linkages in xyloglucan."" [EC:3.2.1.151]"	2	1846	2	22878	0.0010834236186348862	1.0	query_1	['GO:0052736']	16hr_60S_down	1.5149808407434688
GO:MF	GO:0019145	aminobutyraldehyde dehydrogenase (NAD+) activity	0.03055055886533615	True	"""Catalysis of the reaction: 4-aminobutanal + NAD+ + H2O = 4-aminobutanoate + NADH + 2 H+."" [EC:1.2.1.19]"	2	1846	2	22878	0.0010834236186348862	1.0	query_1	['GO:0004029']	16hr_60S_down	1.5149808407434688
GO:MF	GO:0047326	inositol-1,3,4,6-tetrakisphosphate 5-kinase activity	0.03055055886533615	True	"""Catalysis of the reaction: 1D-myo-inositol 1,3,4,6-tetrakisphosphate + ATP = 1D-myo-inositol 1,3,4,5,6-pentakisphosphate + ADP + H+."" [RHEA:12717]"	2	1846	2	22878	0.0010834236186348862	1.0	query_1	['GO:0051765']	16hr_60S_down	1.5149808407434688
GO:MF	GO:0047105	4-trimethylammoniobutyraldehyde dehydrogenase activity	0.03055055886533615	True	"""Catalysis of the reaction: NAD+ + 4-trimethylammoniobutanal = NADH + 4-trimethylammoniobutanoate."" [EC:1.2.1.47, MetaCyc:1.2.1.47-RXN]"	2	1846	2	22878	0.0010834236186348862	1.0	query_1	['GO:0016620']	16hr_60S_down	1.5149808407434688
GO:MF	GO:0031957	very long-chain fatty acid-CoA ligase activity	0.03055055886533615	True	"""Catalysis of the reaction: a very long-chain fatty acid + ATP + CoA = a very long-chain fatty acyl-CoA + AMP + diphosphate. A very long-chain fatty acid has an aliphatic tail containing more than 22 carbons."" [PMID:18024425, RHEA:54536]"	2	1846	2	22878	0.0010834236186348862	1.0	query_1	['GO:0120515']	16hr_60S_down	1.5149808407434688
GO:MF	GO:0003724	RNA helicase activity	0.03105036134062606	True	"""Unwinding of an RNA helix, driven by ATP hydrolysis."" [GOC:jl, PMID:19158098]"	92	1846	15	22878	0.008125677139761646	0.16304347826086957	query_1	['GO:0004386', 'GO:0008186', 'GO:0140098']	16hr_60S_down	1.5079333414672118
GO:MF	GO:0008186	ATP-dependent activity, acting on RNA	0.03105036134062606	True	"""Catalysis of the reaction: ATP + H2O = ADP + phosphate; this reaction requires the presence of RNA, and it drives another reaction."" [GOC:jl]"	92	1846	15	22878	0.008125677139761646	0.16304347826086957	query_1	['GO:0140657']	16hr_60S_down	1.5079333414672118
GO:MF	GO:0046912	acyltransferase activity, acyl groups converted into alkyl on transfer	0.03228654480813316	True	"""Catalysis of the transfer of an acyl group from one compound (donor) to another (acceptor), with the acyl group being converted into alkyl on transfer."" [GOC:jl]"	16	1846	5	22878	0.0027085590465872156	0.3125	query_1	['GO:0016746']	16hr_60S_down	1.49097842915601
GO:MF	GO:0016151	nickel cation binding	0.03228654480813316	True	"""Binding to a nickel (Ni) cation."" [GOC:ai]"	16	1846	5	22878	0.0027085590465872156	0.3125	query_1	['GO:0046914']	16hr_60S_down	1.49097842915601
GO:MF	GO:0120515	fatty acid-CoA ligase activity	0.03228654480813316	True	"""Catalysis of the reaction: a fatty acid + ATP + CoA = a fatty acyl-CoA + AMP + diphosphate."" [RHEA:38883]"	16	1846	5	22878	0.0027085590465872156	0.3125	query_1	['GO:0015645', 'GO:0016405']	16hr_60S_down	1.49097842915601
GO:MF	GO:0008238	exopeptidase activity	0.033911385551572054	True	"""Catalysis of the hydrolysis of a peptide bond not more than three residues from the N- or C-terminus of a polypeptide chain, in a reaction that requires a free N-terminal amino group, C-terminal carboxyl group or both."" [https://www.ebi.ac.uk/merops/about/glossary.shtml#EXOPEPTIDASE]"	93	1846	15	22878	0.008125677139761646	0.16129032258064516	query_1	['GO:0008233']	16hr_60S_down	1.4696544654531412
GO:MF	GO:0004739	pyruvate dehydrogenase (acetyl-transferring) activity	0.039061270410819464	True	"""Catalysis of the reaction: pyruvate + lipoamide = S-acetyldihydrolipoamide + CO2."" [EC:1.2.4.1]"	6	1846	3	22878	0.0016251354279523294	0.5	query_1	['GO:0004738', 'GO:0016624']	16hr_60S_down	1.408253636024191
GO:MF	GO:0004072	aspartate kinase activity	0.039061270410819464	True	"""Catalysis of the reaction: L-aspartate + ATP = 4-phospho-L-aspartate + ADP + H+."" [EC:2.7.2.4, RHEA:23776]"	6	1846	3	22878	0.0016251354279523294	0.5	query_1	['GO:0016774', 'GO:0019202']	16hr_60S_down	1.408253636024191
GO:MF	GO:0016661	oxidoreductase activity, acting on other nitrogenous compounds as donors	0.039061270410819464	True	"""Catalysis of an oxidation-reduction (redox) reaction in which a nitrogenous group, excluding NH and NH2 groups, acts as a hydrogen or electron donor and reduces a hydrogen or electron acceptor."" [EC:1.7.-.-]"	6	1846	3	22878	0.0016251354279523294	0.5	query_1	['GO:0016491']	16hr_60S_down	1.408253636024191
GO:MF	GO:0051766	inositol trisphosphate kinase activity	0.039061270410819464	True	"""Catalysis of the reaction: inositol trisphosphate + ATP = inositol tetrakisphosphate + ADP + H+."" [GOC:ai]"	6	1846	3	22878	0.0016251354279523294	0.5	query_1	['GO:0016773', 'GO:0180030']	16hr_60S_down	1.408253636024191
GO:MF	GO:0033840	alpha-1,4-glucan glucosyltransferase (NDP-glucose donor) activity	0.039061270410819464	True	"""Catalysis of the reaction: [(1->4)-alpha-D-glucosyl](n) + an NDP-alpha-D-glucose = [(1->4)-alpha-D-glucosyl](n+1) + a ribonucleoside 5'-diphosphate + H+, where NDP is ADP or UDP."" [EC:2.4.1.242, PMID:17472966, RHEA:15873]"	6	1846	3	22878	0.0016251354279523294	0.5	query_1	['GO:0046527']	16hr_60S_down	1.408253636024191
GO:MF	GO:0016841	ammonia-lyase activity	0.039061270410819464	True	"""Catalysis of the release of ammonia by the cleavage of a carbon-nitrogen bond or the reverse reaction with ammonia as a substrate."" [GOC:krc]"	6	1846	3	22878	0.0016251354279523294	0.5	query_1	['GO:0016840']	16hr_60S_down	1.408253636024191
GO:MF	GO:0004239	initiator methionyl aminopeptidase activity	0.039061270410819464	True	"""Catalysis of the release of N-terminal initiator methionine from peptides."" [EC:3.4.11.18]"	6	1846	3	22878	0.0016251354279523294	0.5	query_1	['GO:0004177']	16hr_60S_down	1.408253636024191
GO:MF	GO:0004738	pyruvate dehydrogenase activity	0.039061270410819464	True	"""Catalysis of the oxidative decarboxylation of pyruvate."" [ISBN:0716720094]"	6	1846	3	22878	0.0016251354279523294	0.5	query_1	['GO:0016903']	16hr_60S_down	1.408253636024191
GO:MF	GO:0004611	phosphoenolpyruvate carboxykinase activity	0.039061270410819464	True	"""Catalysis of the reaction: phosphate + oxaloacetate = phosphoenolpyruvate + CO2 + other reaction products."" [GOC:curators]"	6	1846	3	22878	0.0016251354279523294	0.5	query_1	['GO:0016831']	16hr_60S_down	1.408253636024191
GO:MF	GO:0045551	cinnamyl-alcohol dehydrogenase activity	0.03917846977152608	True	"""Catalysis of the reaction: cinnamyl alcohol + NADP+ = cinnamaldehyde + NADPH + H+. Also acts on coniferyl alcohol, sinapyl alcohol and 4-coumaryl alcohol."" [EC:1.1.1.195]"	11	1846	4	22878	0.0021668472372697724	0.36363636363636365	query_1	['GO:0016616']	16hr_60S_down	1.4069525306373634
GO:MF	GO:0010329	auxin efflux transmembrane transporter activity	0.03917846977152608	True	"""Enables the transfer of auxin, from one side of a membrane to the other, out of a cell."" [PMID:16839804]"	11	1846	4	22878	0.0021668472372697724	0.36363636363636365	query_1	['GO:0080161']	16hr_60S_down	1.4069525306373634
GO:MF	GO:0015645	fatty acid ligase activity	0.04110540817916404	True	"""Catalysis of the ligation of a fatty acid to an acceptor, coupled to the hydrolysis of ATP."" [GOC:cjk, GOC:mah]"	17	1846	5	22878	0.0027085590465872156	0.29411764705882354	query_1	['GO:0016878', 'GO:0140657']	16hr_60S_down	1.3861010348672158
GO:MF	GO:0016798	hydrolase activity, acting on glycosyl bonds	0.04267364153610697	True	"""Catalysis of the hydrolysis of any glycosyl bond."" [GOC:jl]"	463	1846	52	22878	0.028169014084507043	0.11231101511879049	query_1	['GO:0016787']	16hr_60S_down	1.3698402952340385
GO:MF	GO:0008289	lipid binding	0.04760635364065227	True	"""Binding to a lipid."" [GOC:ai]"	310	1846	37	22878	0.020043336944745395	0.11935483870967742	query_1	['GO:0005488']	16hr_60S_down	1.3223350815876416
GO:MF	GO:0003747	translation release factor activity	3.582776548054306e-05	True	"""Involved in catalyzing the release of a nascent polypeptide chain from a ribosome."" [ISBN:0198547684]"	11	34	3	22878	0.08823529411764706	0.2727272727272727	query_1	['GO:0008079']	4hr_Monosome_down	4.445780277229692
GO:MF	GO:0008079	translation termination factor activity	3.582776548054306e-05	True	"""Functions in the termination of translation."" [GOC:ma]"	11	34	3	22878	0.08823529411764706	0.2727272727272727	query_1	['GO:0180051']	4hr_Monosome_down	4.445780277229692
GO:MF	GO:0180051	translation factor activity	0.005838293903895548	True	"""A molecular function required for translation of a mRNA into a protein functioning as part of initiation, elongation or termination of translation."" [GOC:pg]"	172	34	4	22878	0.11764705882352941	0.023255813953488372	query_1	['GO:0003674']	4hr_Monosome_down	2.233714046102505
GO:MF	GO:0004851	uroporphyrin-III C-methyltransferase activity	0.03616283474662837	True	"""Catalysis of the reaction: 2 S-adenosyl-L-methionine + uroporphyrin III = 2 S-adenosyl-L-homocysteine + precorrin-2."" [EC:2.1.1.107]"	1	34	1	22878	0.029411764705882353	1.0	query_1	['GO:0008169', 'GO:0008757']	4hr_Monosome_down	1.4417375332142497
GO:MF	GO:0016040	glutamate synthase (NADH) activity	0.03616283474662837	True	"""Catalysis of the reaction: 2 L-glutamate + NAD+ = 2-oxoglutarate + L-glutamine + H+ + NADH."" [EC:1.4.1.14, RHEA:13753]"	1	34	1	22878	0.029411764705882353	1.0	query_1	['GO:0015930']	4hr_Monosome_down	1.4417375332142497
GO:MF	GO:0047513	1,2-alpha-L-fucosidase activity	0.03616283474662837	True	"""Catalysis of the reaction: H2O + methyl-2-alpha-L-fucopyranosyl-beta-D-galactoside = L-fucose + methyl beta-D-galactoside."" [EC:3.2.1.63, MetaCyc:12-ALPHA-L-FUCOSIDASE-RXN]"	1	34	1	22878	0.029411764705882353	1.0	query_1	['GO:0004560']	4hr_Monosome_down	1.4417375332142497
GO:MF	GO:0019825	oxygen binding	0.0472588000256354	True	"""Binding to oxygen (O2)."" [GOC:jl]"	5	34	1	22878	0.029411764705882353	0.2	query_1	['GO:0036094']	4hr_Monosome_down	1.325517309975364
GO:MF	GO:0042879	aldonate transmembrane transporter activity	0.0472588000256354	True	"""Enables the transfer of aldonate from one side of a membrane to the other."" [GOC:jl, GOC:mtg_transport, ISBN:0815340729]"	7	34	1	22878	0.029411764705882353	0.14285714285714285	query_1	['GO:0046943']	4hr_Monosome_down	1.325517309975364
GO:MF	GO:0043015	gamma-tubulin binding	0.0472588000256354	True	"""Binding to the microtubule constituent protein gamma-tubulin."" [GOC:jl]"	7	34	1	22878	0.029411764705882353	0.14285714285714285	query_1	['GO:0015631']	4hr_Monosome_down	1.325517309975364
GO:MF	GO:0071917	triose-phosphate transmembrane transporter activity	0.0472588000256354	True	"""Enables the transfer of a triose phosphate from one side of a membrane to the other."" [GOC:mah, GOC:vw]"	4	34	1	22878	0.029411764705882353	0.25	query_1	['GO:0015605', 'GO:1901505']	4hr_Monosome_down	1.325517309975364
GO:MF	GO:0051903	S-(hydroxymethyl)glutathione dehydrogenase [NAD(P)+] activity	0.0472588000256354	True	"""Catalysis of the reaction: S-(hydroxymethyl)glutathione + NAD(P)+ = S-formylglutathione + NAD(P)H + H+."" [EC:1.1.1.284]"	2	34	1	22878	0.029411764705882353	0.5	query_1	['GO:0016616']	4hr_Monosome_down	1.325517309975364
GO:MF	GO:0070330	aromatase activity	0.0472588000256354	True	"""Catalysis of the reaction: 3 O2 + 3 reduced [NADPH--hemoprotein reductase] + testosterone = 17beta-estradiol + formate + 4 H+ + 4 H2O + 3 oxidized [NADPH--hemoprotein reductase]. Also converts androst-4-ene-3,17-dione into estrone."" [EC:1.14.14.14]"	4	34	1	22878	0.029411764705882353	0.25	query_1	['GO:0016712']	4hr_Monosome_down	1.325517309975364
GO:MF	GO:0019781	NEDD8 activating enzyme activity	0.0472588000256354	True	"""Catalysis of the initiation of the NEDD8 (RUB1) conjugation cascade."" [PMID:12646924]"	3	34	1	22878	0.029411764705882353	0.3333333333333333	query_1	['GO:0008641']	4hr_Monosome_down	1.325517309975364
GO:MF	GO:0051538	3 iron, 4 sulfur cluster binding	0.0472588000256354	True	"""Binding to a 3 iron, 4 sulfur (3Fe-4S) cluster; this cluster consists of three iron atoms, with the inorganic sulfur atoms found between the irons and acting as bridging ligands. It is essentially a 4Fe-4S cluster with one iron missing."" [GOC:ai, PMID:15952888, Wikipedia:Iron-sulfur_cluster]"	7	34	1	22878	0.029411764705882353	0.14285714285714285	query_1	['GO:0051536']	4hr_Monosome_down	1.325517309975364
GO:MF	GO:0018685	alkane 1-monooxygenase activity	0.0472588000256354	True	"""Catalysis of the reaction: octane + reduced rubredoxin + O2 = 1-octanol + oxidized rubredoxin + H2O."" [RHEA:19341]"	7	34	1	22878	0.029411764705882353	0.14285714285714285	query_1	['GO:0016713']	4hr_Monosome_down	1.325517309975364
GO:MF	GO:0043023	ribosomal large subunit binding	0.0472588000256354	True	"""Binding to a large ribosomal subunit."" [GOC:go_curators]"	6	34	1	22878	0.029411764705882353	0.16666666666666666	query_1	['GO:0043022']	4hr_Monosome_down	1.325517309975364
GO:MF	GO:0016211	ammonia ligase activity	0.0472588000256354	True	"""Catalysis of the ligation of ammonia (NH3) to another substance via a carbon-nitrogen bond with concomitant breakage of a diphosphate linkage, usually in a nucleoside triphosphate."" [GOC:jl]"	7	34	1	22878	0.029411764705882353	0.14285714285714285	query_1	['GO:0016880']	4hr_Monosome_down	1.325517309975364
GO:MF	GO:0004356	glutamine synthetase activity	0.0472588000256354	True	"""Catalysis of the reaction: ATP + L-glutamate + NH4+ = ADP + H+ + L-glutamine + phosphate."" [RHEA:16169]"	7	34	1	22878	0.029411764705882353	0.14285714285714285	query_1	['GO:0016211']	4hr_Monosome_down	1.325517309975364
GO:MF	GO:0004560	alpha-L-fucosidase activity	0.0472588000256354	True	"""Catalysis of the reaction: an alpha-L-fucoside + H2O = an alcohol + L-fucose."" [EC:3.2.1.51]"	3	34	1	22878	0.029411764705882353	0.3333333333333333	query_1	['GO:0015928']	4hr_Monosome_down	1.325517309975364
GO:MF	GO:0005344	oxygen carrier activity	0.0472588000256354	True	"""Binding to oxygen and delivering it to an acceptor molecule or a specific location."" [GOC:ai]"	3	34	1	22878	0.029411764705882353	0.3333333333333333	query_1	['GO:0140104']	4hr_Monosome_down	1.325517309975364
GO:MF	GO:0016639	oxidoreductase activity, acting on the CH-NH2 group of donors, NAD or NADP as acceptor	0.0472588000256354	True	"""Catalysis of an oxidation-reduction (redox) reaction in which a CH-NH2 group acts as a hydrogen or electron donor and reduces NAD+ or NADP."" [GOC:ai]"	5	34	1	22878	0.029411764705882353	0.2	query_1	['GO:0016638']	4hr_Monosome_down	1.325517309975364
GO:MF	GO:0008506	sucrose:proton symporter activity	0.0472588000256354	True	"""Enables the transfer of a solute or solutes from one side of a membrane to the other according to the reaction: sucrose(out) + H+(out) = sucrose(in) + H+(in)."" [TC:2.A.1.5.3]"	3	34	1	22878	0.029411764705882353	0.3333333333333333	query_1	['GO:0005351', 'GO:0009669']	4hr_Monosome_down	1.325517309975364
GO:MF	GO:0009669	sucrose:monoatomic cation symporter activity	0.0472588000256354	True	"""Enables the transfer of a solute or solutes from one side of a membrane to the other according to the reaction: sucrose(out) + monovalent cation(out) = sucrose(in) + monovalent cation(in)."" [GOC:jy, TC:2.A.2.-.-, TC:2.A.2.4.1]"	3	34	1	22878	0.029411764705882353	0.3333333333333333	query_1	['GO:0005402', 'GO:0008515']	4hr_Monosome_down	1.325517309975364
GO:MF	GO:0015103	inorganic anion transmembrane transporter activity	0.0472588000256354	True	"""Enables the transfer of inorganic anions from one side of a membrane to the other. Inorganic anions are atoms or small molecules with a negative charge which do not contain carbon in covalent linkage."" [GOC:ai]"	93	34	2	22878	0.058823529411764705	0.021505376344086023	query_1	['GO:0015318']	4hr_Monosome_down	1.325517309975364
GO:MF	GO:0008169	C-methyltransferase activity	0.0472588000256354	True	"""Catalysis of the transfer of a methyl group to the carbon atom of an acceptor molecule."" [GOC:ai]"	6	34	1	22878	0.029411764705882353	0.16666666666666666	query_1	['GO:0008168']	4hr_Monosome_down	1.325517309975364
GO:MF	GO:0015120	phosphoglycerate transmembrane transporter activity	0.0472588000256354	True	"""Enables the transfer of phosphoglycerates from one side of a membrane to the other. Phosphoglycerates are important intermediates in glycolysis and 3-phosphoglycerate is a precursor in serine biosynthesis."" [GOC:ai]"	6	34	1	22878	0.029411764705882353	0.16666666666666666	query_1	['GO:0042879']	4hr_Monosome_down	1.325517309975364
GO:MF	GO:0015152	glucose-6-phosphate transmembrane transporter activity	0.0472588000256354	True	"""Enables the transfer of glucose-6-phosphate from one side of a membrane to the other. Glucose-6-phosphate is a monophosphorylated derivative of glucose with the phosphate group attached to C-6."" [GOC:ai, GOC:mtg_transport, ISBN:0815340729]"	5	34	1	22878	0.029411764705882353	0.2	query_1	['GO:0008514', 'GO:0015119']	4hr_Monosome_down	1.325517309975364
GO:MF	GO:0015291	secondary active transmembrane transporter activity	0.0472588000256354	True	"""Enables the transfer of a solute from one side of a membrane to the other, up its concentration gradient. The transporter binds the solute and undergoes a series of conformational changes. Transport works equally well in either direction and is driven by a chemiosmotic source of energy, not direct ATP coupling. Secondary active transporters include symporters and antiporters."" [GOC:mtg_transport, ISBN:0198506732, ISBN:0815340729, PMID:10839820]"	283	34	3	22878	0.08823529411764706	0.01060070671378092	query_1	['GO:0022804']	4hr_Monosome_down	1.325517309975364
GO:MF	GO:0015293	symporter activity	0.0472588000256354	True	"""Enables the active transport of a solute across a membrane by a mechanism whereby two or more species are transported together in the same direction in a tightly coupled process not directly linked to a form of energy other than chemiosmotic energy."" [GOC:mtg_transport, ISBN:0815340729, PMID:10839820]"	97	34	2	22878	0.058823529411764705	0.020618556701030927	query_1	['GO:0015291']	4hr_Monosome_down	1.325517309975364
GO:MF	GO:0015928	fucosidase activity	0.0472588000256354	True	"""Catalysis of the hydrolysis of fucosyl compounds, substances containing a group derived from a cyclic form of fucose or a fucose derivative."" [GOC:ai]"	4	34	1	22878	0.029411764705882353	0.25	query_1	['GO:0004553']	4hr_Monosome_down	1.325517309975364
GO:MF	GO:0015119	hexose phosphate transmembrane transporter activity	0.0472588000256354	True	"""Enables the transfer of hexose phosphate from one side of a membrane to the other. Hexose phosphates is any of a group of monophosphorylated aldoses with a chain of six carbon atoms in the molecule."" [GOC:ai, GOC:mtg_transport, ISBN:0815340729]"	5	34	1	22878	0.029411764705882353	0.2	query_1	['GO:0015605', 'GO:1901505']	4hr_Monosome_down	1.325517309975364
GO:MF	GO:0015930	glutamate synthase activity	0.0472588000256354	True	"""Catalysis of the formation of L-glutamine and 2-oxoglutarate from L-glutamate, using NADH, NADPH or ferredoxin as hydrogen acceptors."" [GOC:curators]"	3	34	1	22878	0.029411764705882353	0.3333333333333333	query_1	['GO:0016638']	4hr_Monosome_down	1.325517309975364
GO:MF	GO:0003747	translation release factor activity	0.026818071576768587	True	"""Involved in catalyzing the release of a nascent polypeptide chain from a ribosome."" [ISBN:0198547684]"	11	52	2	22878	0.038461538461538464	0.18181818181818182	query_1	['GO:0008079']	Bulked_Monosome_down	1.571572454436653
GO:MF	GO:0008079	translation termination factor activity	0.026818071576768587	True	"""Functions in the termination of translation."" [GOC:ma]"	11	52	2	22878	0.038461538461538464	0.18181818181818182	query_1	['GO:0180051']	Bulked_Monosome_down	1.571572454436653
GO:MF	GO:0003824	catalytic activity	1.888316223160989e-07	True	"""Catalysis of a biochemical reaction at physiological temperatures. In biologically catalyzed reactions, the reactants are known as substrates, and the catalysts are naturally occurring macromolecular substances known as enzymes. Enzymes possess specific binding sites for substrates, and are usually composed wholly or largely of protein, but RNA that has catalytic activity (ribozyme) is often also regarded as enzymatic."" [GOC:vw, ISBN:0198506732]"	9606	190	122	22878	0.6421052631578947	0.012700395586092025	query_1	['GO:0003674']	16hr_Monosome_down	6.723925275676698
GO:MF	GO:0016491	oxidoreductase activity	2.494964365297903e-07	True	"""Catalysis of an oxidation-reduction (redox) reaction, a reversible chemical reaction in which the oxidation state of an atom or atoms within a molecule is altered. One substrate acts as a hydrogen or electron donor and becomes oxidized, while the other acts as hydrogen or electron acceptor and becomes reduced."" [EC:1.-.-.-]"	1475	190	37	22878	0.19473684210526315	0.025084745762711864	query_1	['GO:0003824']	16hr_Monosome_down	6.602935652872256
GO:MF	GO:0003729	mRNA binding	5.976843034528033e-07	True	"""Binding to messenger RNA (mRNA), an intermediate molecule between DNA and protein. mRNA includes UTR and coding sequences, but does not contain introns."" [GOC:kmv, GOC:pr, SO:0000234]"	1619	190	38	22878	0.2	0.02347127856701668	query_1	['GO:0003723']	16hr_Monosome_down	6.223528149575965
GO:MF	GO:0003755	peptidyl-prolyl cis-trans isomerase activity	3.848045752112061e-06	True	"""Catalysis of the reaction: peptidyl-proline (omega=180) = peptidyl-proline (omega=0)."" [EC:5.2.1.8]"	61	190	8	22878	0.042105263157894736	0.13114754098360656	query_1	['GO:0016859', 'GO:0140096']	16hr_Monosome_down	5.414759772972146
GO:MF	GO:0016859	cis-trans isomerase activity	5.12908675178557e-06	True	"""Catalysis of a reaction that interconverts cis and trans isomers. Atoms or groups are termed cis or trans to one another when they lie respectively on the same or on opposite sides of a reference plane identifiable as common among stereoisomers."" [GOC:mah, ISBN:0198506732]"	65	190	8	22878	0.042105263157894736	0.12307692307692308	query_1	['GO:0016853']	16hr_Monosome_down	5.2899599553496985
GO:MF	GO:0016667	oxidoreductase activity, acting on a sulfur group of donors	1.8110643761806942e-05	True	"""Catalysis of an oxidation-reduction (redox) reaction in which a sulfur-containing group acts as a hydrogen or electron donor and reduces a hydrogen or electron acceptor."" [EC:1.8.-.-, GOC:ai]"	78	190	8	22878	0.042105263157894736	0.10256410256410256	query_1	['GO:0016491']	16hr_Monosome_down	4.742066111959198
GO:MF	GO:0016853	isomerase activity	4.47037362761637e-05	True	"""Catalysis of the geometric or structural changes within one molecule. Isomerase is the systematic name for any enzyme of EC class 5."" [ISBN:0198506732]"	548	190	18	22878	0.09473684210526316	0.032846715328467155	query_1	['GO:0003824']	16hr_Monosome_down	4.349656177621761
GO:MF	GO:0003723	RNA binding	0.00014990099672999057	True	"""Binding to an RNA molecule or a portion thereof."" [GOC:jl, GOC:mah]"	2517	190	43	22878	0.22631578947368422	0.01708382995629718	query_1	['GO:0003676']	16hr_Monosome_down	3.824195479407253
GO:MF	GO:0016717	oxidoreductase activity, acting on paired donors, with oxidation of a pair of donors resulting in the reduction of molecular oxygen to two molecules of water	0.000195521881097708	True	"""Catalysis of an oxidation-reduction (redox) reaction in which hydrogen or electrons are transferred from each of two donors, and molecular oxygen is reduced to two molecules of water."" [EC:1.14.19.-]"	30	190	5	22878	0.02631578947368421	0.16666666666666666	query_1	['GO:0016705']	16hr_Monosome_down	3.7088046331109
GO:MF	GO:0015036	disulfide oxidoreductase activity	0.00044708722687586644	True	"""Catalysis of the reaction: substrate with reduced sulfide groups = substrate with oxidized disulfide bonds."" [GOC:curators]"	36	190	5	22878	0.02631578947368421	0.1388888888888889	query_1	['GO:0016667']	16hr_Monosome_down	3.3496077375946594
GO:MF	GO:0019904	protein domain specific binding	0.0005915287889161782	True	"""Binding to a specific domain of a protein."" [GOC:go_curators]"	97	190	7	22878	0.03684210526315789	0.07216494845360824	query_1	['GO:0005515']	16hr_Monosome_down	3.2280241139892505
GO:MF	GO:0005488	binding	0.0009965099365388376	True	"""The selective, non-covalent, often stoichiometric, interaction of a molecule with one or more specific sites on another molecule."" [GOC:ceb, GOC:mah, ISBN:0198506732]"	14966	190	150	22878	0.7894736842105263	0.010022718161165308	query_1	['GO:0003674']	16hr_Monosome_down	3.0015183664442047
GO:MF	GO:0016018	cyclosporin A binding	0.001783904599519608	True	"""Binding to cyclosporin A, a cyclic undecapeptide that contains several N-methylated and unusual amino acids."" [GOC:mb]"	2	190	2	22878	0.010526315789473684	1.0	query_1	['GO:0033218']	16hr_Monosome_down	2.7486283747413096
GO:MF	GO:0048529	magnesium-protoporphyrin IX monomethyl ester (oxidative) cyclase activity	0.001783904599519608	True	"""Catalysis of the reaction: magnesium protoporphyrin IX 13-monomethyl ester + 3 NADPH + 3 H+ + 3 O2 = divinylprotochlorophyllide + 3 NADP+ + 5 H2O."" [EC:1.14.13.81, RHEA:33235]"	2	190	2	22878	0.010526315789473684	1.0	query_1	['GO:0016709']	16hr_Monosome_down	2.7486283747413096
GO:MF	GO:0046429	4-hydroxy-3-methylbut-2-en-1-yl diphosphate synthase activity (ferredoxin)	0.001783904599519608	True	"""Catalysis of the reaction: (E)-4-hydroxy-3-methylbut-2-en-1-yl diphosphate + H2O + 2 oxidized ferredoxin = 2-C-methyl-D-erythritol 2,4-cyclodiphosphate + 2 reduced ferredoxin."" [EC:1.17.7.1, PMID:11752431]"	2	190	2	22878	0.010526315789473684	1.0	query_1	['GO:0052592']	16hr_Monosome_down	2.7486283747413096
GO:MF	GO:1901681	sulfur compound binding	0.002599909482803864	True	"""Binding to a sulfur compound."" [GOC:pr, GOC:TermGenie]"	30	190	4	22878	0.021052631578947368	0.13333333333333333	query_1	['GO:0005488']	16hr_Monosome_down	2.585041771953455
GO:MF	GO:0050997	quaternary ammonium group binding	0.0026928525166928325	True	"""Binding to a quaternary ammonium group, including glycine betaine, choline, carnitine and proline. A quaternary ammonium group is any compound that can be regarded as derived from ammonium hydroxide or an ammonium salt by replacement of all four hydrogen atoms of the NH4+ ion by organic groups."" [GOC:ai]"	12	190	3	22878	0.015789473684210527	0.25	query_1	['GO:0036094']	16hr_Monosome_down	2.5697874315645146
GO:MF	GO:0033218	amide binding	0.0029933896125222833	True	"""Binding to an amide, any derivative of an oxoacid in which an acidic hydroxy group has been replaced by an amino or substituted amino group."" [GOC:mah]"	32	190	4	22878	0.021052631578947368	0.125	query_1	['GO:0005488']	16hr_Monosome_down	2.5238367527367327
GO:MF	GO:0052592	oxidoreductase activity, acting on CH or CH2 groups, with an iron-sulfur protein as acceptor	0.0036289041530150373	True	"""Catalysis of an oxidation-reduction (redox) reaction in which a CH2 group acts as a hydrogen or electron donor and reduces an iron-sulfur protein."" [GOC:ai]"	3	190	2	22878	0.010526315789473684	0.6666666666666666	query_1	['GO:0016725']	16hr_Monosome_down	2.440224502277918
GO:MF	GO:0003852	2-isopropylmalate synthase activity	0.0036289041530150373	True	"""Catalysis of the reaction: 3-methyl-2-oxobutanoate + acetyl-CoA + H2O = (2S)-2-isopropylmalate + CoA + H+."" [RHEA:21524]"	3	190	2	22878	0.010526315789473684	0.6666666666666666	query_1	['GO:0046912']	16hr_Monosome_down	2.440224502277918
GO:MF	GO:0016705	oxidoreductase activity, acting on paired donors, with incorporation or reduction of molecular oxygen	0.0036289041530150373	True	"""Catalysis of an oxidation-reduction (redox) reaction in which hydrogen or electrons are transferred from each of two donors, and molecular oxygen is reduced or incorporated into a donor."" [EC:1.14.-.-]"	414	190	12	22878	0.06315789473684211	0.028985507246376812	query_1	['GO:0016491']	16hr_Monosome_down	2.440224502277918
GO:MF	GO:0036094	small molecule binding	0.0036289041530150373	True	"""Binding to a small molecule, any low molecular weight, monomeric, non-encoded molecule."" [GOC:curators, GOC:pde, GOC:pm]"	6804	190	80	22878	0.42105263157894735	0.011757789535567314	query_1	['GO:0005488']	16hr_Monosome_down	2.440224502277918
GO:MF	GO:0043167	ion binding	0.005266824720013989	True	"""Binding to an ion, a charged atoms or groups of atoms."" [GOC:jl]"	6685	190	78	22878	0.4105263157894737	0.011667913238593867	query_1	['GO:0036094']	16hr_Monosome_down	2.278451134727271
GO:MF	GO:0008266	poly(U) RNA binding	0.007727013006217669	True	"""Binding to a sequence of uracil residues in an RNA molecule."" [GOC:mah]"	19	190	3	22878	0.015789473684210527	0.15789473684210525	query_1	['GO:0008187']	16hr_Monosome_down	2.1119883567437365
GO:MF	GO:0008187	poly-pyrimidine tract binding	0.007727013006217669	True	"""Binding to a stretch of pyrimidines (cytosine or uracil) in an RNA molecule."" [GOC:jl]"	19	190	3	22878	0.015789473684210527	0.15789473684210525	query_1	['GO:0003727']	16hr_Monosome_down	2.1119883567437365
GO:MF	GO:0043169	cation binding	0.009731278038936695	True	"""Binding to a cation, a charged atom or group of atoms with a net positive charge."" [GOC:jl]"	3961	190	51	22878	0.26842105263157895	0.012875536480686695	query_1	['GO:0043167']	16hr_Monosome_down	2.0118301187441494
GO:MF	GO:0050378	UDP-glucuronate 4-epimerase activity	0.014543065542187077	True	"""Catalysis of the reaction: UDP-alpha-D-glucuronate = UDP-alpha-D-galacturonate."" [EC:5.1.3.6, RHEA:11404]"	6	190	2	22878	0.010526315789473684	0.3333333333333333	query_1	['GO:0016857']	16hr_Monosome_down	1.8373440386125952
GO:MF	GO:0005507	copper ion binding	0.015980041798341282	True	"""Binding to a copper (Cu) ion."" [GOC:ai]"	192	190	7	22878	0.03684210526315789	0.036458333333333336	query_1	['GO:0046914']	16hr_Monosome_down	1.7964220890542408
GO:MF	GO:0003727	single-stranded RNA binding	0.01791366590783214	True	"""Binding to single-stranded RNA."" [GOC:jl]"	58	190	4	22878	0.021052631578947368	0.06896551724137931	query_1	['GO:0003723']	16hr_Monosome_down	1.7468155296938435
GO:MF	GO:0015035	protein-disulfide reductase activity	0.01791366590783214	True	"""Catalysis of the reaction: a protein with reduced sulfide groups = a protein with oxidized disulfide bonds."" [PMID:7559385]"	27	190	3	22878	0.015789473684210527	0.1111111111111111	query_1	['GO:0015036', 'GO:0140096']	16hr_Monosome_down	1.7468155296938435
GO:MF	GO:0045300	stearoyl-[ACP] desaturase activity	0.01791366590783214	True	"""Catalysis of the reaction: 2 H+ + O2 + octadecanoyl-[ACP] + 2 reduced [2Fe-2S]-[ferredoxin] = (9Z)-octadecenoyl-[ACP] + 2 H2O + 2 oxidized [2Fe-2S]-[ferredoxin]."" [RHEA:11776]"	7	190	2	22878	0.010526315789473684	0.2857142857142857	query_1	['GO:0016717']	16hr_Monosome_down	1.7468155296938435
GO:MF	GO:0051753	mannan synthase activity	0.021323074117214673	True	"""Catalysis of the reaction: mannan(n) + GDP-mannose = mannan(n+1) + GDP. This reaction is the formation of the beta-(1->4)-linked mannan backbone in substrates such as galactomannan."" [PMID:14726589]"	8	190	2	22878	0.010526315789473684	0.25	query_1	['GO:0019187']	16hr_Monosome_down	1.6711501835150382
GO:MF	GO:0015038	glutathione disulfide oxidoreductase activity	0.021323074117214673	True	"""Catalysis of the reaction: 2 glutathione + electron acceptor = glutathione disulfide + electron donor."" [GOC:mah]"	8	190	2	22878	0.010526315789473684	0.25	query_1	['GO:0015036']	16hr_Monosome_down	1.6711501835150382
GO:MF	GO:0016725	oxidoreductase activity, acting on CH or CH2 groups	0.021323074117214673	True	"""Catalysis of an oxidation-reduction (redox) reaction in which a CH2 group acts as a hydrogen or electron donor and reduces a hydrogen or electron acceptor."" [GOC:ai]"	8	190	2	22878	0.010526315789473684	0.25	query_1	['GO:0016491']	16hr_Monosome_down	1.6711501835150382
GO:MF	GO:0046872	metal ion binding	0.02136993476661965	True	"""Binding to a metal ion."" [GOC:ai]"	3948	190	49	22878	0.2578947368421053	0.012411347517730497	query_1	['GO:0043169']	16hr_Monosome_down	1.6701968035514365
GO:MF	GO:0044183	protein folding chaperone	0.021508884567837085	True	"""Binding to a protein or a protein-containing complex to assist the protein folding process."" [GOC:mtg_cambridge_2009]"	64	190	4	22878	0.021052631578947368	0.0625	query_1	['GO:0003674']	16hr_Monosome_down	1.6673821111650262
GO:MF	GO:0016765	transferase activity, transferring alkyl or aryl (other than methyl) groups	0.02153533769198315	True	"""Catalysis of the transfer of an alkyl or aryl (but not methyl) group from one compound (donor) to another (acceptor)."" [EC:2.5.1.-]"	158	190	6	22878	0.031578947368421054	0.0379746835443038	query_1	['GO:0016740']	16hr_Monosome_down	1.6668483137497674
GO:MF	GO:0008047	enzyme activator activity	0.02153533769198315	True	"""Binds to and increases the activity of an enzyme."" [GOC:dph, GOC:mah, GOC:tb]"	108	190	5	22878	0.02631578947368421	0.046296296296296294	query_1	['GO:0003824', 'GO:0030234', 'GO:0140677']	16hr_Monosome_down	1.6668483137497674
GO:MF	GO:0030976	thiamine pyrophosphate binding	0.02377015874338645	True	"""Binding to thiamine pyrophosphate, the diphosphoric ester of thiamine. Acts as a coenzyme of several (de)carboxylases, transketolases, and alpha-oxoacid dehydrogenases."" [GOC:mlg]"	9	190	2	22878	0.010526315789473684	0.2222222222222222	query_1	['GO:0019842', 'GO:0043168', 'GO:0043169', 'GO:0050997', 'GO:1901363', 'GO:1901681']	16hr_Monosome_down	1.623967917929095
GO:MF	GO:0019843	rRNA binding	0.023930931507326152	True	"""Binding to a ribosomal RNA."" [GOC:jl]"	112	190	5	22878	0.02631578947368421	0.044642857142857144	query_1	['GO:0003723']	16hr_Monosome_down	1.6210403962207454
GO:MF	GO:0016671	oxidoreductase activity, acting on a sulfur group of donors, disulfide as acceptor	0.03335487415846465	True	"""Catalysis of an oxidation-reduction (redox) reaction in which a sulfur-containing group acts as a hydrogen or electron donor and reduces disulfide."" [GOC:jl]"	37	190	3	22878	0.015789473684210527	0.08108108108108109	query_1	['GO:0016667']	16hr_Monosome_down	1.4768406935179934
GO:MF	GO:0016744	transketolase or transaldolase activity	0.03335487415846465	True	"""Catalysis of the transfer of an aldehyde or ketonic group from one compound (donor) to another (acceptor)."" [GOC:jl, ISBN:0198506732]"	11	190	2	22878	0.010526315789473684	0.18181818181818182	query_1	['GO:0016740']	16hr_Monosome_down	1.4768406935179934
GO:MF	GO:0009044	xylan 1,4-beta-xylosidase activity	0.0388820920704619	True	"""Catalysis of the hydrolysis of (1->4)-beta-D-xylans so as to remove successive D-xylose residues from the non-reducing termini."" [EC:3.2.1.37]"	12	190	2	22878	0.010526315789473684	0.16666666666666666	query_1	['GO:0097599']	16hr_Monosome_down	1.4102503756847096
GO:MF	GO:0046914	transition metal ion binding	0.04338037480206328	True	"""Binding to a transition metal ions; a transition metal is an element whose atom has an incomplete d-subshell of extranuclear electrons, or which gives rise to a cation or cations with an incomplete d-subshell. Transition metals often have more than one valency state. Biologically relevant transition metals include vanadium, manganese, iron, copper, cobalt, nickel, molybdenum and silver."" [ISBN:0198506732]"	1282	190	20	22878	0.10526315789473684	0.015600624024960999	query_1	['GO:0046872']	16hr_Monosome_down	1.3627067000450919
GO:MF	GO:0019842	vitamin binding	0.04338037480206328	True	"""Binding to a vitamin, one of a number of unrelated organic substances that occur in many foods in small amounts and that are necessary in trace amounts for the normal metabolic functioning of the body."" [GOC:ai]"	133	190	5	22878	0.02631578947368421	0.03759398496240601	query_1	['GO:0036094']	16hr_Monosome_down	1.3627067000450919
GO:MF	GO:0019187	beta-1,4-mannosyltransferase activity	0.04338037480206328	True	"""Catalysis of the transfer of a mannose residue to an oligosaccharide, forming a beta-(1->4) linkage."" [GOC:mcc, PMID:8166646]"	13	190	2	22878	0.010526315789473684	0.15384615384615385	query_1	['GO:0000030']	16hr_Monosome_down	1.3627067000450919
GO:MF	GO:0004635	phosphoribosyl-AMP cyclohydrolase activity	0.044984992860679265	True	"""Catalysis of the reaction: 1-(5-phosphonatoribosyl)-5'-AMP + H2O = 1-(5-phosphoribosyl)-5-[(5-phosphoribosylamino)methylideneamino]imidazole-4-carboxamide."" [EC:3.5.4.19, RHEA:20049]"	1	190	1	22878	0.005263157894736842	1.0	query_1	['GO:0019238']	16hr_Monosome_down	1.3469323441092742
GO:MF	GO:0004418	hydroxymethylbilane synthase activity	0.044984992860679265	True	"""Catalysis of the reaction: H2O + 4 porphobilinogen = hydroxymethylbilane + 4 NH4."" [EC:2.5.1.61, RHEA:13185]"	1	190	1	22878	0.005263157894736842	1.0	query_1	['GO:0016765']	16hr_Monosome_down	1.3469323441092742
GO:MF	GO:0003992	N2-acetyl-L-ornithine:2-oxoglutarate 5-aminotransferase activity	0.044984992860679265	True	"""Catalysis of the reaction: 2-oxoglutarate + N(2)-acetyl-L-ornithine = N-acetyl-L-glutamate 5-semialdehyde + L-glutamate."" [EC:2.6.1.11, RHEA:18049]"	1	190	1	22878	0.005263157894736842	1.0	query_1	['GO:0008483']	16hr_Monosome_down	1.3469323441092742
GO:MF	GO:0008685	2-C-methyl-D-erythritol 2,4-cyclodiphosphate synthase activity	0.044984992860679265	True	"""Catalysis of the reaction: 4-CDP-2-C-methyl-D-erythritol 2-phosphate = 2-C-methyl-D-erythritol 2,4-cyclic diphosphate + CMP."" [EC:4.6.1.12, RHEA:23864]"	1	190	1	22878	0.005263157894736842	1.0	query_1	['GO:0016849']	16hr_Monosome_down	1.3469323441092742
GO:MF	GO:0004636	phosphoribosyl-ATP diphosphatase activity	0.044984992860679265	True	"""Catalysis of the reaction: 1-(5-phospho-D-ribosyl)-ATP + H2O = 1-(5-phosphonatoribosyl)-5'-AMP + diphosphate + H+."" [EC:3.6.1.31, RHEA:22828]"	1	190	1	22878	0.005263157894736842	1.0	query_1	['GO:0016462']	16hr_Monosome_down	1.3469323441092742
GO:MF	GO:0008974	phosphoribulokinase activity	0.044984992860679265	True	"""Catalysis of the reaction: D-ribulose 5-phosphate + ATP = D-ribulose 1,5-bisphosphate + ADP + 2 H+."" [EC:2.7.1.19, RHEA:19365]"	1	190	1	22878	0.005263157894736842	1.0	query_1	['GO:0016301', 'GO:0016773']	16hr_Monosome_down	1.3469323441092742
GO:MF	GO:0004768	stearoyl-CoA 9-desaturase activity	0.044984992860679265	True	"""Catalysis of the reaction: 2 Fe(II)-[cytochrome b5] + 2 H+ + O2 + octadecanoyl-CoA = (9Z)-octadecenoyl-CoA + 2 Fe(III)-[cytochrome b5] + 2 H2O."" [RHEA:19721]"	1	190	1	22878	0.005263157894736842	1.0	query_1	['GO:0016215']	16hr_Monosome_down	1.3469323441092742
GO:MF	GO:0005227	calcium-activated cation channel activity	0.044984992860679265	True	"""Enables the transmembrane transfer of an inorganic cation by a channel that opens when a calcium cation has been bound by the channel complex or one of its constituent parts."" [GOC:dph, GOC:mtg_transport]"	15	190	2	22878	0.010526315789473684	0.13333333333333333	query_1	['GO:0022839', 'GO:0099094']	16hr_Monosome_down	1.3469323441092742
GO:MF	GO:0050278	sedoheptulose-bisphosphatase activity	0.044984992860679265	True	"""Catalysis of the reaction: sedoheptulose 1,7-bisphosphate + H2O = sedoheptulose 7-phosphate + phosphate."" [EC:3.1.3.37, MetaCyc:SEDOHEPTULOSE-BISPHOSPHATASE-RXN]"	1	190	1	22878	0.005263157894736842	1.0	query_1	['GO:0016791']	16hr_Monosome_down	1.3469323441092742
GO:MF	GO:0010291	beta-carotene 3-hydroxylase activity	0.044984992860679265	True	"""Catalysis of the reaction: all-trans-beta-carotene + 4 H+ + 2 O2 + 4 reduced [2Fe-2S]-[ferredoxin] = all-trans-zeaxanthin + 2 H2O + 4 oxidized [2Fe-2S]-[ferredoxin]."" [PMID:16492736, RHEA:30331]"	1	190	1	22878	0.005263157894736842	1.0	query_1	['GO:0004497']	16hr_Monosome_down	1.3469323441092742
GO:MF	GO:0102983	xylogalacturonan beta-1,3-xylosyltransferase activity	0.044984992860679265	True	"""Catalysis of the reaction: UDP-alpha-D-xylose + a homogalacturonan = UDP + 4 H+ + a xylogalacturonan."" [EC:2.4.2.41, GOC:pz]"	1	190	1	22878	0.005263157894736842	1.0	query_1	['GO:0016763']	16hr_Monosome_down	1.3469323441092742
GO:MF	GO:0102850	acyl-lipid (n+3)-(Z)-desaturase (ferredoxin) activity	0.044984992860679265	True	"""Catalysis of the reaction: a (9Z)-octadecenoyl-containing glycerolipid + 2 H+ + O2 + 2 reduced [2Fe-2S]-[ferredoxin] = a (9Z,12Z)-octadecadienoyl-containing glycerolipid + 2 H2O + 2 oxidized [2Fe-2S]-[ferredoxin]."" [RHEA:46376]"	1	190	1	22878	0.005263157894736842	1.0	query_1	['GO:0016717']	16hr_Monosome_down	1.3469323441092742
GO:MF	GO:0102215	thiocyanate methyltransferase activity	0.044984992860679265	True	"""Catalysis of the reaction: thiocyanate + S-adenosyl-L-methionine = methyl thiocyanate + S-adenosyl-L-homocysteine."" [RHEA:28014]"	1	190	1	22878	0.005263157894736842	1.0	query_1	['GO:0008168']	16hr_Monosome_down	1.3469323441092742
GO:MF	GO:0080004	thalian-diol desaturase activity	0.044984992860679265	True	"""Catalysis of the reaction: a thalian-diol = a desaturated thalian-diol. This reaction is the introduction of a double bond to a thalian-diol molecule at carbon 15."" [PMID:18356490]"	1	190	1	22878	0.005263157894736842	1.0	query_1	['GO:0016705']	16hr_Monosome_down	1.3469323441092742
GO:MF	GO:0051745	4-hydroxy-3-methylbut-2-enyl diphosphate reductase activity	0.044984992860679265	True	"""Catalyzes the conversion of (2E)-4-hydroxy-3-methylbut-2-enyl diphosphate + 2 H+ + 2 reduced [2Fe-2S]-[ferredoxin] to isopentenyl diphosphate (IPP) and dimethylallyl diphosphate (DMAPP) releasing H2O + 2 oxidized [2Fe-2S]-[ferredoxin]. Note that (E)-4-hydroxy-3-methylbut-2-en-1-yl diphosphate is an alternative name for 1-hydroxy-2-methyl-2-(E)-butenyl 4-diphosphate."" [EC:1.17.7.4, GOC:pg]"	1	190	1	22878	0.005263157894736842	1.0	query_1	['GO:0052592']	16hr_Monosome_down	1.3469323441092742
GO:MF	GO:0051743	red chlorophyll catabolite reductase activity	0.044984992860679265	True	"""Catalysis of the reaction: red chlorophyll catabolite + reduced ferredoxin + 2 H+ = primary fluorescent catabolite + oxidized ferredoxin. This reaction is the reduction of the C20/C1 double bond in the pyrrole system of red chlorophyll catabolite (RCC) to a colorless tetrapyrrole (pFCC) with a strong blue fluorescence."" [PMID:10743659]"	1	190	1	22878	0.005263157894736842	1.0	query_1	['GO:0016636']	16hr_Monosome_down	1.3469323441092742
GO:MF	GO:0046912	acyltransferase activity, acyl groups converted into alkyl on transfer	0.044984992860679265	True	"""Catalysis of the transfer of an acyl group from one compound (donor) to another (acceptor), with the acyl group being converted into alkyl on transfer."" [GOC:jl]"	16	190	2	22878	0.010526315789473684	0.125	query_1	['GO:0016746']	16hr_Monosome_down	1.3469323441092742
GO:MF	GO:0061770	translation elongation factor binding	0.044984992860679265	True	"""Binding to a translation elongation factor, any polypeptide factor involved in the peptide elongation in ribosome-mediated translation."" [GOC:dph]"	1	190	1	22878	0.005263157894736842	1.0	query_1	['GO:0005515']	16hr_Monosome_down	1.3469323441092742
GO:MF	GO:0046406	magnesium protoporphyrin IX methyltransferase activity	0.044984992860679265	True	"""Catalysis of the reaction: Mg-protoporphyrin IX + S-adenosyl-L-methionine = Mg-protoporphyrin IX 13-monomethyl ester + S-adenosyl-L-homocysteine."" [RHEA:17809]"	1	190	1	22878	0.005263157894736842	1.0	query_1	['GO:0008171', 'GO:0008757']	16hr_Monosome_down	1.3469323441092742
GO:MF	GO:0030604	1-deoxy-D-xylulose-5-phosphate reductoisomerase activity	0.044984992860679265	True	"""Catalysis of the reaction: 2-C-methyl-D-erythritol 4-phosphate + NADP+ = 1-deoxy-D-xylulose 5-phosphate + H+ + NADPH."" [EC:1.1.1.267, RHEA:13717]"	1	190	1	22878	0.005263157894736842	1.0	query_1	['GO:0016616']	16hr_Monosome_down	1.3469323441092742
GO:MF	GO:0022839	monoatomic ion-gated channel activity	0.044984992860679265	True	"""Enables the transmembrane transfer of a solute by a channel that opens in response to a specific ion stimulus."" [GOC:mtg_transport]"	15	190	2	22878	0.010526315789473684	0.13333333333333333	query_1	['GO:0022834']	16hr_Monosome_down	1.3469323441092742
GO:MF	GO:0017113	dihydropyrimidine dehydrogenase (NADP+) activity	0.044984992860679265	True	"""Catalysis of the reaction: 5,6-dihydrouracil + NADP+ = uracil + NADPH + H+."" [EC:1.3.1.2]"	1	190	1	22878	0.005263157894736842	1.0	query_1	['GO:0016628']	16hr_Monosome_down	1.3469323441092742
GO:MF	GO:0016210	naringenin-chalcone synthase activity	0.044984992860679265	True	"""Catalysis of the reaction: 3 malonyl-CoA + 4-coumaroyl-CoA = 4 CoA + naringenin chalcone + 3 CO2."" [EC:2.3.1.74]"	1	190	1	22878	0.005263157894736842	1.0	query_1	['GO:0016747']	16hr_Monosome_down	1.3469323441092742
GO:MF	GO:0010307	acetylglutamate kinase regulator activity	0.044984992860679265	True	"""Binds to and modulates the activity of acetylglutamate kinase."" [PMID:16377628]"	1	190	1	22878	0.005263157894736842	1.0	query_1	['GO:0003991', 'GO:0019207']	16hr_Monosome_down	1.3469323441092742
GO:MF	GO:0046905	15-cis-phytoene synthase activity	0.044984992860679265	True	"""Catalysis of the reaction: 2 geranylgeranyl diphosphate = 15-cis-phytoene + 2 diphosphate."" [PMID:12641468, RHEA:34475]"	1	190	1	22878	0.005263157894736842	1.0	query_1	['GO:0004659']	16hr_Monosome_down	1.3469323441092742
GO:MF	GO:0000287	magnesium ion binding	0.044984992860679265	True	"""Binding to a magnesium (Mg) ion."" [GOC:ai]"	141	190	5	22878	0.02631578947368421	0.03546099290780142	query_1	['GO:0046872']	16hr_Monosome_down	1.3469323441092742
GO:MF	GO:0005215	transporter activity	5.741970505341317e-09	True	"""Enables the directed movement of substances (such as macromolecules, small molecules, ions) into, out of or within a cell, accross or in between cells."" [GOC:ai, GOC:dgf]"	1183	93	24	22878	0.25806451612903225	0.02028740490278952	query_1	['GO:0003674']	4hr_Disome_down	8.240939042665081
GO:MF	GO:0022857	transmembrane transporter activity	5.741970505341317e-09	True	"""Enables the transfer of a substance, usually a specific substance or a group of related substances, from one side of a membrane to the other."" [GOC:jid, GOC:mtg_transport, ISBN:0815340729]"	1157	93	24	22878	0.25806451612903225	0.020743301642178046	query_1	['GO:0005215']	4hr_Disome_down	8.240939042665081
GO:MF	GO:0015293	symporter activity	1.4239087552928644e-05	True	"""Enables the active transport of a solute across a membrane by a mechanism whereby two or more species are transported together in the same direction in a tightly coupled process not directly linked to a form of energy other than chemiosmotic energy."" [GOC:mtg_transport, ISBN:0815340729, PMID:10839820]"	97	93	7	22878	0.07526881720430108	0.07216494845360824	query_1	['GO:0015291']	4hr_Disome_down	4.846517839591328
GO:MF	GO:0022804	active transmembrane transporter activity	1.4381516381291586e-05	True	"""Enables the transfer of a specific substance or related group of substances from one side of a membrane to the other, up the solute's concentration gradient. The transporter binds the solute and undergoes a series of conformational changes. Transport works equally well in either direction."" [GOC:mtg_transport, ISBN:0815340729]"	527	93	13	22878	0.13978494623655913	0.024667931688804556	query_1	['GO:0022857']	4hr_Disome_down	4.842195319703676
GO:MF	GO:0015291	secondary active transmembrane transporter activity	1.4381516381291586e-05	True	"""Enables the transfer of a solute from one side of a membrane to the other, up its concentration gradient. The transporter binds the solute and undergoes a series of conformational changes. Transport works equally well in either direction and is driven by a chemiosmotic source of energy, not direct ATP coupling. Secondary active transporters include symporters and antiporters."" [GOC:mtg_transport, ISBN:0198506732, ISBN:0815340729, PMID:10839820]"	283	93	10	22878	0.10752688172043011	0.0353356890459364	query_1	['GO:0022804']	4hr_Disome_down	4.842195319703676
GO:MF	GO:0015318	inorganic molecular entity transmembrane transporter activity	0.0001337163941281843	True	"""Enables the transfer of an inorganic molecular entity from the outside of a cell to the inside of the cell across a membrane. An inorganic molecular entity is a molecular entity that contains no carbon."" [GOC:mtg_transport, ISBN:0815340729]"	459	93	11	22878	0.11827956989247312	0.023965141612200435	query_1	['GO:0022857']	4hr_Disome_down	3.87381534335188
GO:MF	GO:0016717	oxidoreductase activity, acting on paired donors, with oxidation of a pair of donors resulting in the reduction of molecular oxygen to two molecules of water	0.0002835997047477904	True	"""Catalysis of an oxidation-reduction (redox) reaction in which hydrogen or electrons are transferred from each of two donors, and molecular oxygen is reduced to two molecules of water."" [EC:1.14.19.-]"	30	93	4	22878	0.043010752688172046	0.13333333333333333	query_1	['GO:0016705']	4hr_Disome_down	3.5472942256274482
GO:MF	GO:0005402	carbohydrate:monoatomic cation symporter activity	0.0004276936144745352	True	"""Enables the transfer of a solute or solutes from one side of a membrane to the other according to the reaction: sugar(out) + cation(out) = sugar(in) + cation(in)."" [GOC:ai]"	12	93	3	22878	0.03225806451612903	0.25	query_1	['GO:0015144', 'GO:0015294']	4hr_Disome_down	3.3688672337721237
GO:MF	GO:0005351	carbohydrate:proton symporter activity	0.0004276936144745352	True	"""Enables the transfer of a solute or solutes from one side of a membrane to the other according to the reaction: carbohydrate(out) + H+(out) = carbohydrate(in) + H+(in)."" [TC:2.A.1.1]"	12	93	3	22878	0.03225806451612903	0.25	query_1	['GO:0005402', 'GO:0015295']	4hr_Disome_down	3.3688672337721237
GO:MF	GO:0035673	oligopeptide transmembrane transporter activity	0.0004276936144745352	True	"""Enables the transfer of oligopeptides from one side of a membrane to the other. Oligopeptides are molecules that contain a small number (2 to 20) of amino-acid residues connected by peptide linkages."" [GOC:vw, ISBN:0198506732]"	35	93	4	22878	0.043010752688172046	0.11428571428571428	query_1	['GO:0042887']	4hr_Disome_down	3.3688672337721237
GO:MF	GO:0015078	proton transmembrane transporter activity	0.0012342205075744454	True	"""Enables the transfer of a proton from one side of a membrane to the other."" [GOC:ai]"	157	93	6	22878	0.06451612903225806	0.03821656050955414	query_1	['GO:0008324', 'GO:0022890']	4hr_Disome_down	2.9086072417067355
GO:MF	GO:0015075	monoatomic ion transmembrane transporter activity	0.0014121918767520383	True	"""Enables the transfer of an ion from one side of a membrane to the other."" [GOC:dgf, GOC:mtg_transport, ISBN:0815340729]"	426	93	9	22878	0.0967741935483871	0.02112676056338028	query_1	['GO:0022857']	4hr_Disome_down	2.850106290994413
GO:MF	GO:0042887	amide transmembrane transporter activity	0.0014121918767520383	True	"""Enables the transfer of an amide, any compound containing one, two, or three acyl groups attached to a nitrogen atom, from one side of a membrane to the other."" [GOC:jl, ISBN:0198506732]"	51	93	4	22878	0.043010752688172046	0.0784313725490196	query_1	['GO:0022857']	4hr_Disome_down	2.850106290994413
GO:MF	GO:0015295	solute:proton symporter activity	0.001546110537751232	True	"""Enables the transfer of a solute or solutes from one side of a membrane to the other according to the reaction: solute(out) + H+(out) = solute(in) + H+(in)."" [GOC:ai]"	20	93	3	22878	0.03225806451612903	0.15	query_1	['GO:0015078', 'GO:0015294']	4hr_Disome_down	2.8107594598230685
GO:MF	GO:0022890	inorganic cation transmembrane transporter activity	0.0018283202391948309	True	"""Enables the transfer of inorganic cations from one side of a membrane to the other. Inorganic cations are atoms or small molecules with a positive charge that do not contain carbon in covalent linkage."" [GOC:ai, GOC:mtg_transport, ISBN:0815340729]"	349	93	8	22878	0.08602150537634409	0.022922636103151862	query_1	['GO:0015318']	4hr_Disome_down	2.7379477331457385
GO:MF	GO:0015294	solute:monoatomic cation symporter activity	0.0023737564145622494	True	"""Enables the transfer of a solute or solutes from one side of a membrane to the other according to the reaction: solute(out) + cation(out) = solute(in) + cation(in)."" [GOC:ai]"	24	93	3	22878	0.03225806451612903	0.125	query_1	['GO:0008324', 'GO:0015293']	4hr_Disome_down	2.624563848666627
GO:MF	GO:0015144	carbohydrate transmembrane transporter activity	0.0034508398960029474	True	"""Enables the transfer of carbohydrate from one side of a membrane to the other."" [GOC:jl, GOC:mtg_transport, ISBN:0815340729]"	70	93	4	22878	0.043010752688172046	0.05714285714285714	query_1	['GO:0022857']	4hr_Disome_down	2.4620751896205455
GO:MF	GO:0016705	oxidoreductase activity, acting on paired donors, with incorporation or reduction of molecular oxygen	0.00488283488988495	True	"""Catalysis of an oxidation-reduction (redox) reaction in which hydrogen or electrons are transferred from each of two donors, and molecular oxygen is reduced or incorporated into a donor."" [EC:1.14.-.-]"	414	93	8	22878	0.08602150537634409	0.01932367149758454	query_1	['GO:0016491']	4hr_Disome_down	2.311327960873405
GO:MF	GO:0008324	monoatomic cation transmembrane transporter activity	0.013324931988017213	True	"""Enables the transfer of cation from one side of a membrane to the other."" [GOC:dgf, GOC:mtg_transport, ISBN:0815340729]"	373	93	7	22878	0.07526881720430108	0.01876675603217158	query_1	['GO:0015075']	4hr_Disome_down	1.8753349989846329
GO:MF	GO:0004768	stearoyl-CoA 9-desaturase activity	0.041598915989159546	True	"""Catalysis of the reaction: 2 Fe(II)-[cytochrome b5] + 2 H+ + O2 + octadecanoyl-CoA = (9Z)-octadecenoyl-CoA + 2 Fe(III)-[cytochrome b5] + 2 H2O."" [RHEA:19721]"	1	93	1	22878	0.010752688172043012	1.0	query_1	['GO:0016215']	4hr_Disome_down	1.3809179863458587
GO:MF	GO:0045435	lycopene epsilon cyclase activity	0.041598915989159546	True	"""Catalysis of the cyclization of an epsilon ring at one end of the lycopene molecule (psi, psi-carotene) to form delta-carotene (epsilon, psi-carotene)."" [PMID:8837512]"	1	93	1	22878	0.010752688172043012	1.0	query_1	['GO:0009975', 'GO:0016860']	4hr_Disome_down	1.3809179863458587
GO:MF	GO:0010290	chlorophyll catabolite transmembrane transporter activity	0.041598915989159546	True	"""Enables the directed movement of chlorophyll catabolites such as non-fluorescent chlorophyll catabolites (NCCs), from one side of a membrane to the other."" [PMID:9681016]"	1	93	1	22878	0.010752688172043012	1.0	query_1	['GO:0022857']	4hr_Disome_down	1.3809179863458587
GO:MF	GO:0015148	D-xylose transmembrane transporter activity	0.041598915989159546	True	"""Enables the transfer of D-xylose from one side of a membrane to the other. D-xylose (the naturally occurring enantiomer is always D-) is a constituent of plant polysaccharides."" [GOC:mtg_transport, ISBN:0198506732, ISBN:0815340729]"	1	93	1	22878	0.010752688172043012	1.0	query_1	['GO:0015146']	4hr_Disome_down	1.3809179863458587
GO:MF	GO:0015194	L-serine transmembrane transporter activity	0.041598915989159546	True	"""Enables the transfer of L-serine from one side of a membrane to the other. L-serine is the L-enantiomer of 2-amino-3-hydroxypropanoic acid."" [GOC:ai, GOC:jsg, GOC:mah, GOC:mtg_transport]"	1	93	1	22878	0.010752688172043012	1.0	query_1	['GO:0015101', 'GO:0015179']	4hr_Disome_down	1.3809179863458587
GO:MF	GO:0015431	ABC-type glutathione S-conjugate transporter activity	0.041598915989159546	True	"""Catalysis of the reaction: ATP + H2O + glutathione S-conjugate(in) -> ADP + phosphate + glutathione S-conjugate(out)."" [GOC:jl, PMID:1455517, RHEA:19121]"	1	93	1	22878	0.010752688172043012	1.0	query_1	['GO:0140359', 'GO:1901682']	4hr_Disome_down	1.3809179863458587
GO:MF	GO:0015575	mannitol transmembrane transporter activity	0.041598915989159546	True	"""Enables the transfer of mannitol from one side of a membrane to the other. Mannitol is the alditol derived from D-mannose by reduction of the aldehyde group."" [GOC:ai, GOC:mtg_transport, ISBN:0815340729]"	1	93	1	22878	0.010752688172043012	1.0	query_1	['GO:0015144', 'GO:0015166']	4hr_Disome_down	1.3809179863458587
GO:MF	GO:0015576	sorbitol transmembrane transporter activity	0.041598915989159546	True	"""Enables the transfer of sorbitol from one side of a membrane to the other. Sorbitol, also known as glucitol, is the hexitol derived by the reduction of the aldehyde group of glucose."" [GOC:ai, ISBN:0198506732]"	1	93	1	22878	0.010752688172043012	1.0	query_1	['GO:0015144', 'GO:0015166', 'GO:0022804']	4hr_Disome_down	1.3809179863458587
GO:MF	GO:0015591	D-ribose transmembrane transporter activity	0.041598915989159546	True	"""Enables the transfer of D-ribose from one side of a membrane to the other. As beta-D-ribofuranose, D-ribose forms the glycose group of all ribonucleosides, ribonucleotides and ribonucleic acids, and also of ribose phosphates, various glycosides, some coenzymes and some forms of vitamin B12."" [GOC:mtg_transport, ISBN:0198506732, ISBN:0815340729]"	1	93	1	22878	0.010752688172043012	1.0	query_1	['GO:0015146']	4hr_Disome_down	1.3809179863458587
GO:MF	GO:1901682	sulfur compound transmembrane transporter activity	0.041598915989159546	True	"""Enables the transfer of a sulfur compound from one side of a membrane to the other."" [GOC:pr, GOC:TermGenie]"	22	93	2	22878	0.021505376344086023	0.09090909090909091	query_1	['GO:0022857']	4hr_Disome_down	1.3809179863458587
GO:MF	GO:0016040	glutamate synthase (NADH) activity	0.041598915989159546	True	"""Catalysis of the reaction: 2 L-glutamate + NAD+ = 2-oxoglutarate + L-glutamine + H+ + NADH."" [EC:1.4.1.14, RHEA:13753]"	1	93	1	22878	0.010752688172043012	1.0	query_1	['GO:0015930']	4hr_Disome_down	1.3809179863458587
GO:MF	GO:0003735	structural constituent of ribosome	3.039113254001364e-05	True	"""The action of a molecule that contributes to the structural integrity of the ribosome."" [GOC:mah]"	419	62	10	22878	0.16129032258064516	0.02386634844868735	query_1	['GO:0005198']	Bulked_Disome_down	4.517253115427996
GO:MF	GO:0005198	structural molecule activity	3.039113254001364e-05	True	"""The action of a molecule that contributes to the structural integrity of a complex."" [GOC:mah, GOC:vw]"	572	62	11	22878	0.1774193548387097	0.019230769230769232	query_1	['GO:0003674']	Bulked_Disome_down	4.517253115427996
GO:MF	GO:0051753	mannan synthase activity	0.01167941329745144	True	"""Catalysis of the reaction: mannan(n) + GDP-mannose = mannan(n+1) + GDP. This reaction is the formation of the beta-(1->4)-linked mannan backbone in substrates such as galactomannan."" [PMID:14726589]"	8	62	2	22878	0.03225806451612903	0.25	query_1	['GO:0019187']	Bulked_Disome_down	1.9325789729838156
GO:MF	GO:0019187	beta-1,4-mannosyltransferase activity	0.02418935407985562	True	"""Catalysis of the transfer of a mannose residue to an oligosaccharide, forming a beta-(1->4) linkage."" [GOC:mcc, PMID:8166646]"	13	62	2	22878	0.03225806451612903	0.15384615384615385	query_1	['GO:0000030']	Bulked_Disome_down	1.61637572830202
GO:MF	GO:0003729	mRNA binding	0.04165609020464786	True	"""Binding to messenger RNA (mRNA), an intermediate molecule between DNA and protein. mRNA includes UTR and coding sequences, but does not contain introns."" [GOC:kmv, GOC:pr, SO:0000234]"	1619	62	12	22878	0.1935483870967742	0.0074119827053736875	query_1	['GO:0003723']	Bulked_Disome_down	1.3803214948834877
GO:MF	GO:0022857	transmembrane transporter activity	4.026498123851455e-08	True	"""Enables the transfer of a substance, usually a specific substance or a group of related substances, from one side of a membrane to the other."" [GOC:jid, GOC:mtg_transport, ISBN:0815340729]"	1157	187	33	22878	0.17647058823529413	0.028522039757994815	query_1	['GO:0005215']	16hr_Disome_down	7.395072498931209
GO:MF	GO:0005215	transporter activity	4.026498123851455e-08	True	"""Enables the directed movement of substances (such as macromolecules, small molecules, ions) into, out of or within a cell, accross or in between cells."" [GOC:ai, GOC:dgf]"	1183	187	34	22878	0.18181818181818182	0.028740490278951817	query_1	['GO:0003674']	16hr_Disome_down	7.395072498931209
GO:MF	GO:0016705	oxidoreductase activity, acting on paired donors, with incorporation or reduction of molecular oxygen	4.026498123851455e-08	True	"""Catalysis of an oxidation-reduction (redox) reaction in which hydrogen or electrons are transferred from each of two donors, and molecular oxygen is reduced or incorporated into a donor."" [EC:1.14.-.-]"	414	187	20	22878	0.10695187165775401	0.04830917874396135	query_1	['GO:0016491']	16hr_Disome_down	7.395072498931209
GO:MF	GO:0016717	oxidoreductase activity, acting on paired donors, with oxidation of a pair of donors resulting in the reduction of molecular oxygen to two molecules of water	3.640686237994821e-07	True	"""Catalysis of an oxidation-reduction (redox) reaction in which hydrogen or electrons are transferred from each of two donors, and molecular oxygen is reduced to two molecules of water."" [EC:1.14.19.-]"	30	187	7	22878	0.0374331550802139	0.23333333333333334	query_1	['GO:0016705']	16hr_Disome_down	6.438816747866143
GO:MF	GO:0016491	oxidoreductase activity	8.879310679301039e-05	True	"""Catalysis of an oxidation-reduction (redox) reaction, a reversible chemical reaction in which the oxidation state of an atom or atoms within a molecule is altered. One substrate acts as a hydrogen or electron donor and becomes oxidized, while the other acts as hydrogen or electron acceptor and becomes reduced."" [EC:1.-.-.-]"	1475	187	31	22878	0.1657754010695187	0.021016949152542375	query_1	['GO:0003824']	16hr_Disome_down	4.051620748162371
GO:MF	GO:0004497	monooxygenase activity	0.00032044274087879835	True	"""Catalysis of the incorporation of one atom from molecular oxygen into a compound and the reduction of the other atom of oxygen to water."" [ISBN:0198506732]"	341	187	13	22878	0.06951871657754011	0.03812316715542522	query_1	['GO:0016491']	16hr_Disome_down	3.4942495622199976
GO:MF	GO:0015075	monoatomic ion transmembrane transporter activity	0.0006421403112371761	True	"""Enables the transfer of an ion from one side of a membrane to the other."" [GOC:dgf, GOC:mtg_transport, ISBN:0815340729]"	426	187	14	22878	0.0748663101604278	0.03286384976525822	query_1	['GO:0022857']	16hr_Disome_down	3.1923700657970366
GO:MF	GO:0015293	symporter activity	0.0007244028910555903	True	"""Enables the active transport of a solute across a membrane by a mechanism whereby two or more species are transported together in the same direction in a tightly coupled process not directly linked to a form of energy other than chemiosmotic energy."" [GOC:mtg_transport, ISBN:0815340729, PMID:10839820]"	97	187	7	22878	0.0374331550802139	0.07216494845360824	query_1	['GO:0015291']	16hr_Disome_down	3.140019825107035
GO:MF	GO:0015291	secondary active transmembrane transporter activity	0.0009706023019159011	True	"""Enables the transfer of a solute from one side of a membrane to the other, up its concentration gradient. The transporter binds the solute and undergoes a series of conformational changes. Transport works equally well in either direction and is driven by a chemiosmotic source of energy, not direct ATP coupling. Secondary active transporters include symporters and antiporters."" [GOC:mtg_transport, ISBN:0198506732, ISBN:0815340729, PMID:10839820]"	283	187	11	22878	0.058823529411764705	0.038869257950530034	query_1	['GO:0022804']	16hr_Disome_down	3.0129586830308424
GO:MF	GO:0022804	active transmembrane transporter activity	0.0011734081343002143	True	"""Enables the transfer of a specific substance or related group of substances from one side of a membrane to the other, up the solute's concentration gradient. The transporter binds the solute and undergoes a series of conformational changes. Transport works equally well in either direction."" [GOC:mtg_transport, ISBN:0815340729]"	527	187	15	22878	0.08021390374331551	0.028462998102466792	query_1	['GO:0022857']	16hr_Disome_down	2.9305509054929164
GO:MF	GO:0005506	iron ion binding	0.0012942405616150842	True	"""Binding to an iron (Fe) ion."" [GOC:ai]"	354	187	12	22878	0.06417112299465241	0.03389830508474576	query_1	['GO:0046914']	16hr_Disome_down	2.887984993472576
GO:MF	GO:0048529	magnesium-protoporphyrin IX monomethyl ester (oxidative) cyclase activity	0.0019681346170726827	True	"""Catalysis of the reaction: magnesium protoporphyrin IX 13-monomethyl ester + 3 NADPH + 3 H+ + 3 O2 = divinylprotochlorophyllide + 3 NADP+ + 5 H2O."" [EC:1.14.13.81, RHEA:33235]"	2	187	2	22878	0.0106951871657754	1.0	query_1	['GO:0016709']	16hr_Disome_down	2.7059451998821213
GO:MF	GO:0016716	oxidoreductase activity, acting on paired donors, with incorporation or reduction of molecular oxygen, another compound as one donor, and incorporation of one atom of oxygen	0.0019681346170726827	True	"""Catalysis of an oxidation-reduction (redox) reaction in which hydrogen or electrons are transferred from each of two donors, and one atom of oxygen is incorporated into one donor."" [EC:1.14.18.-]"	10	187	3	22878	0.016042780748663103	0.3	query_1	['GO:0004497', 'GO:0016705']	16hr_Disome_down	2.7059451998821213
GO:MF	GO:0051119	sugar transmembrane transporter activity	0.0021738074837578908	True	"""Enables the transfer of a sugar from one side of a membrane to the other. A sugar is any member of a class of sweet, water-soluble, crystallizable carbohydrates, which are the monosaccharides and smaller oligosaccharides."" [GOC:ai, GOC:mtg_transport, ISBN:0815340729]"	54	187	5	22878	0.026737967914438502	0.09259259259259259	query_1	['GO:0015144']	16hr_Disome_down	2.662778920435458
GO:MF	GO:0015318	inorganic molecular entity transmembrane transporter activity	0.002810553981629854	True	"""Enables the transfer of an inorganic molecular entity from the outside of a cell to the inside of the cell across a membrane. An inorganic molecular entity is a molecular entity that contains no carbon."" [GOC:mtg_transport, ISBN:0815340729]"	459	187	13	22878	0.06951871657754011	0.02832244008714597	query_1	['GO:0022857']	16hr_Disome_down	2.551208068901971
GO:MF	GO:0019904	protein domain specific binding	0.0035332178273789787	True	"""Binding to a specific domain of a protein."" [GOC:go_curators]"	97	187	6	22878	0.03208556149732621	0.061855670103092786	query_1	['GO:0005515']	16hr_Disome_down	2.4518295869318414
GO:MF	GO:0016763	pentosyltransferase activity	0.004040517323388615	True	"""Catalysis of the transfer of a pentosyl group from one compound (donor) to another (acceptor)."" [GOC:jl]"	64	187	5	22878	0.026737967914438502	0.078125	query_1	['GO:0016757']	16hr_Disome_down	2.3935630268919486
GO:MF	GO:0022839	monoatomic ion-gated channel activity	0.004378250218365708	True	"""Enables the transmembrane transfer of a solute by a channel that opens in response to a specific ion stimulus."" [GOC:mtg_transport]"	15	187	3	22878	0.016042780748663103	0.2	query_1	['GO:0022834']	16hr_Disome_down	2.3586994219937107
GO:MF	GO:0005227	calcium-activated cation channel activity	0.004378250218365708	True	"""Enables the transmembrane transfer of an inorganic cation by a channel that opens when a calcium cation has been bound by the channel complex or one of its constituent parts."" [GOC:dph, GOC:mtg_transport]"	15	187	3	22878	0.016042780748663103	0.2	query_1	['GO:0022839', 'GO:0099094']	16hr_Disome_down	2.3586994219937107
GO:MF	GO:0016709	oxidoreductase activity, acting on paired donors, with incorporation or reduction of molecular oxygen, NAD(P)H as one donor, and incorporation of one atom of oxygen	0.004378250218365708	True	"""Catalysis of an oxidation-reduction (redox) reaction in which hydrogen or electrons are transferred from NADH or NADPH and one other donor, and one atom of oxygen is incorporated into one donor."" [EC:1.14.13.-]"	66	187	5	22878	0.026737967914438502	0.07575757575757576	query_1	['GO:0004497', 'GO:0016705']	16hr_Disome_down	2.3586994219937107
GO:MF	GO:0008324	monoatomic cation transmembrane transporter activity	0.004764116451382299	True	"""Enables the transfer of cation from one side of a membrane to the other."" [GOC:dgf, GOC:mtg_transport, ISBN:0815340729]"	373	187	11	22878	0.058823529411764705	0.029490616621983913	query_1	['GO:0015075']	16hr_Disome_down	2.32201763140953
GO:MF	GO:0015144	carbohydrate transmembrane transporter activity	0.004764116451382299	True	"""Enables the transfer of carbohydrate from one side of a membrane to the other."" [GOC:jl, GOC:mtg_transport, ISBN:0815340729]"	70	187	5	22878	0.026737967914438502	0.07142857142857142	query_1	['GO:0022857']	16hr_Disome_down	2.32201763140953
GO:MF	GO:0046423	allene-oxide cyclase activity	0.006602790500921228	True	"""Catalysis of the reaction: (9Z,13S,15Z)-12,13-epoxyoctadeca-9,11,15-trienoate = (15Z)-12-oxophyto-10,15-dienoate."" [EC:5.3.99.6, RHEA:22592]"	4	187	2	22878	0.0106951871657754	0.5	query_1	['GO:0009975', 'GO:0016860']	16hr_Disome_down	2.18027248218137
GO:MF	GO:0016667	oxidoreductase activity, acting on a sulfur group of donors	0.007226963620589458	True	"""Catalysis of an oxidation-reduction (redox) reaction in which a sulfur-containing group acts as a hydrogen or electron donor and reduces a hydrogen or electron acceptor."" [EC:1.8.-.-, GOC:ai]"	78	187	5	22878	0.026737967914438502	0.0641025641025641	query_1	['GO:0016491']	16hr_Disome_down	2.141044131447349
GO:MF	GO:0003824	catalytic activity	0.008981997385472982	True	"""Catalysis of a biochemical reaction at physiological temperatures. In biologically catalyzed reactions, the reactants are known as substrates, and the catalysts are naturally occurring macromolecular substances known as enzymes. Enzymes possess specific binding sites for substrates, and are usually composed wholly or largely of protein, but RNA that has catalytic activity (ribozyme) is often also regarded as enzymatic."" [GOC:vw, ISBN:0198506732]"	9606	187	101	22878	0.5401069518716578	0.010514261919633562	query_1	['GO:0003674']	16hr_Disome_down	2.0466270756900067
GO:MF	GO:0099094	ligand-gated monoatomic cation channel activity	0.009323856781842473	True	"""Enables the transmembrane transfer of an inorganic cation by a channel that opens when a specific ligand has been bound by the channel complex or one of its constituent parts."" [GOC:mtg_transport, ISBN:0815340729]"	21	187	3	22878	0.016042780748663103	0.14285714285714285	query_1	['GO:0005261', 'GO:0015276']	16hr_Disome_down	2.0304044060366198
GO:MF	GO:0000254	C-4 methylsterol oxidase activity	0.009323856781842473	True	"""Catalysis of the reaction: 4,4-dimethyl-5alpha-cholest-7-en-3beta-ol + 6 Fe(II)-[cytochrome b5] + 5 H+ + 3 O2 = 4alpha-carboxy-4beta-methyl-5alpha-cholest-7-ene-3beta-ol + 6 Fe(III)-[cytochrome b5] + 4 H2O."" [PMID:9811880, RHEA:55220]"	5	187	2	22878	0.0106951871657754	0.4	query_1	['GO:0016716']	16hr_Disome_down	2.0304044060366198
GO:MF	GO:1901682	sulfur compound transmembrane transporter activity	0.010148218681658215	True	"""Enables the transfer of a sulfur compound from one side of a membrane to the other."" [GOC:pr, GOC:TermGenie]"	22	187	3	22878	0.016042780748663103	0.13636363636363635	query_1	['GO:0022857']	16hr_Disome_down	1.993610182836375
GO:MF	GO:0015079	potassium ion transmembrane transporter activity	0.011436142479195468	True	"""Enables the transfer of potassium ions (K+) from one side of a membrane to the other."" [GOC:ai]"	52	187	4	22878	0.0213903743315508	0.07692307692307693	query_1	['GO:0046873']	16hr_Disome_down	1.9417204425460426
GO:MF	GO:0003729	mRNA binding	0.02056948842469432	True	"""Binding to messenger RNA (mRNA), an intermediate molecule between DNA and protein. mRNA includes UTR and coding sequences, but does not contain introns."" [GOC:kmv, GOC:pr, SO:0000234]"	1619	187	25	22878	0.13368983957219252	0.015441630636195183	query_1	['GO:0003723']	16hr_Disome_down	1.6867765093308043
GO:MF	GO:0051753	mannan synthase activity	0.02167416200610122	True	"""Catalysis of the reaction: mannan(n) + GDP-mannose = mannan(n+1) + GDP. This reaction is the formation of the beta-(1->4)-linked mannan backbone in substrates such as galactomannan."" [PMID:14726589]"	8	187	2	22878	0.0106951871657754	0.25	query_1	['GO:0019187']	16hr_Disome_down	1.664057684770391
GO:MF	GO:0046873	metal ion transmembrane transporter activity	0.02167416200610122	True	"""Enables the transfer of metal ions from one side of a membrane to the other."" [GOC:ai]"	211	187	7	22878	0.0374331550802139	0.03317535545023697	query_1	['GO:0008324', 'GO:0022890']	16hr_Disome_down	1.664057684770391
GO:MF	GO:0015386	potassium:proton antiporter activity	0.026877209569516877	True	"""Enables the transfer of a solute or solutes from one side of a membrane to the other according to the reaction: K+(in) + H+(out) = K+(out) + H+(in)."" [TC:2.A.37.-.-]"	9	187	2	22878	0.0106951871657754	0.2222222222222222	query_1	['GO:0022821', 'GO:0051139']	16hr_Disome_down	1.5706158223543636
GO:MF	GO:0022890	inorganic cation transmembrane transporter activity	0.02701335401925395	True	"""Enables the transfer of inorganic cations from one side of a membrane to the other. Inorganic cations are atoms or small molecules with a positive charge that do not contain carbon in covalent linkage."" [GOC:ai, GOC:mtg_transport, ISBN:0815340729]"	349	187	9	22878	0.0481283422459893	0.025787965616045846	query_1	['GO:0015318']	16hr_Disome_down	1.5684214897991609
GO:MF	GO:0022821	solute:potassium antiporter activity	0.03150670383404901	True	"""Catalysis of the active transport of a potassium ion across a membrane by a mechanism whereby two or more species are transported in opposite directions in a tightly coupled process not directly linked to a form of energy other than chemiosmotic energy."" [GOC:mtg_transport, ISBN:0815340729]"	10	187	2	22878	0.0106951871657754	0.2	query_1	['GO:0015079', 'GO:0140828']	16hr_Disome_down	1.5015970294366627
GO:MF	GO:0016671	oxidoreductase activity, acting on a sulfur group of donors, disulfide as acceptor	0.03527784194804325	True	"""Catalysis of an oxidation-reduction (redox) reaction in which a sulfur-containing group acts as a hydrogen or electron donor and reduces disulfide."" [GOC:jl]"	37	187	3	22878	0.016042780748663103	0.08108108108108109	query_1	['GO:0016667']	16hr_Disome_down	1.4524979898305377
GO:MF	GO:0016744	transketolase or transaldolase activity	0.03527784194804325	True	"""Catalysis of the transfer of an aldehyde or ketonic group from one compound (donor) to another (acceptor)."" [GOC:jl, ISBN:0198506732]"	11	187	2	22878	0.0106951871657754	0.18181818181818182	query_1	['GO:0016740']	16hr_Disome_down	1.4524979898305377
GO:MF	GO:0010329	auxin efflux transmembrane transporter activity	0.03527784194804325	True	"""Enables the transfer of auxin, from one side of a membrane to the other, out of a cell."" [PMID:16839804]"	11	187	2	22878	0.0106951871657754	0.18181818181818182	query_1	['GO:0080161']	16hr_Disome_down	1.4524979898305377
GO:MF	GO:0015116	sulfate transmembrane transporter activity	0.04000118078662797	True	"""Enables the transfer of sulfate ions, SO4(2-), from one side of a membrane to the other."" [GOC:ai]"	12	187	2	22878	0.0106951871657754	0.16666666666666666	query_1	['GO:0015103', 'GO:1901682']	16hr_Disome_down	1.3979271886333375
GO:MF	GO:0008271	secondary active sulfate transmembrane transporter activity	0.04000118078662797	True	"""Enables the secondary active transfer of sulfate from one side of a membrane to the other. Secondary active transport is the transfer of a solute across a membrane, up its concentration gradient. The transporter binds the solute and undergoes a series of conformational changes. Transport works equally well in either direction and is driven by a chemiosmotic source of energy. Secondary active transporters include symporters and antiporters."" [GOC:mtg_transport]"	12	187	2	22878	0.0106951871657754	0.16666666666666666	query_1	['GO:0015116', 'GO:0015291']	16hr_Disome_down	1.3979271886333375
GO:MF	GO:0008509	monoatomic anion transmembrane transporter activity	0.040823997951419534	True	"""Enables the transfer of a negatively charged ion from one side of a membrane to the other."" [GOC:dgf, GOC:mtg_transport, ISBN:0815340729]"	41	187	3	22878	0.016042780748663103	0.07317073170731707	query_1	['GO:0015075']	16hr_Disome_down	1.3890844664690647
GO:MF	GO:0022834	ligand-gated channel activity	0.040823997951419534	True	"""Enables the transmembrane transfer of a solute by a channel that opens when a specific ligand has been bound by the channel complex or one of its constituent parts."" [GOC:mtg_transport, ISBN:0815340729]"	41	187	3	22878	0.016042780748663103	0.07317073170731707	query_1	['GO:0022836']	16hr_Disome_down	1.3890844664690647
GO:MF	GO:0015276	ligand-gated monoatomic ion channel activity	0.040823997951419534	True	"""Enables the transmembrane transfer of an ion by a channel that opens when a specific ligand has been bound by the channel complex or one of its constituent parts."" [GOC:mtg_transport, ISBN:0815340729]"	41	187	3	22878	0.016042780748663103	0.07317073170731707	query_1	['GO:0005216', 'GO:0022834']	16hr_Disome_down	1.3890844664690647
GO:MF	GO:0019187	beta-1,4-mannosyltransferase activity	0.041796358112205126	True	"""Catalysis of the transfer of a mannose residue to an oligosaccharide, forming a beta-(1->4) linkage."" [GOC:mcc, PMID:8166646]"	13	187	2	22878	0.0106951871657754	0.15384615384615385	query_1	['GO:0000030']	16hr_Disome_down	1.3788615584325945
GO:MF	GO:0016774	phosphotransferase activity, carboxyl group as acceptor	0.041796358112205126	True	"""Catalysis of the transfer of a phosphorus-containing group from one compound (donor) to a carboxyl group (acceptor)."" [EC:2.7.2.-]"	13	187	2	22878	0.0106951871657754	0.15384615384615385	query_1	['GO:0016772']	16hr_Disome_down	1.3788615584325945
GO:MF	GO:0022836	gated channel activity	0.04377240571050645	True	"""Enables the transmembrane transfer of a solute by a channel that opens in response to a specific stimulus."" [GOC:mtg_transport]"	85	187	4	22878	0.0213903743315508	0.047058823529411764	query_1	['GO:0015267']	16hr_Disome_down	1.3587995841137082
GO:MF	GO:0102850	acyl-lipid (n+3)-(Z)-desaturase (ferredoxin) activity	0.04995094753814902	True	"""Catalysis of the reaction: a (9Z)-octadecenoyl-containing glycerolipid + 2 H+ + O2 + 2 reduced [2Fe-2S]-[ferredoxin] = a (9Z,12Z)-octadecadienoyl-containing glycerolipid + 2 H2O + 2 oxidized [2Fe-2S]-[ferredoxin]."" [RHEA:46376]"	1	187	1	22878	0.0053475935828877	1.0	query_1	['GO:0016717']	16hr_Disome_down	1.301456269065898
GO:MF	GO:0080161	auxin transmembrane transporter activity	0.04995094753814902	True	"""Enables the transfer of auxins from one side of a membrane to the other. Auxins are plant hormones that regulate aspects of plant growth."" [PMID:19506555]"	15	187	2	22878	0.0106951871657754	0.13333333333333333	query_1	['GO:0022857']	16hr_Disome_down	1.301456269065898
GO:MF	GO:0080014	thalianol hydroxylase activity	0.04995094753814902	True	"""Catalysis of the reaction: a thalianol = a thalian-diol. This reaction is the addition of a hydroxyl group to thalianol ((13R,14R,17E)-podioda-8,17,21-trien-3beta-ol) to create a thalian-diol ((13R,14R,17E)-podioda-8,17,21-trien-3beta,X-diol), where the hydroxyl group may be attached at one of several different available carbons in ring B or C of thalianol, indicated by the X."" [MetaCyc:RXN-9631, PMID:17474751, PMID:18356490]"	1	187	1	22878	0.0053475935828877	1.0	query_1	['GO:0016712']	16hr_Disome_down	1.301456269065898
GO:MF	GO:0080004	thalian-diol desaturase activity	0.04995094753814902	True	"""Catalysis of the reaction: a thalian-diol = a desaturated thalian-diol. This reaction is the introduction of a double bond to a thalian-diol molecule at carbon 15."" [PMID:18356490]"	1	187	1	22878	0.0053475935828877	1.0	query_1	['GO:0016705']	16hr_Disome_down	1.301456269065898
GO:MF	GO:0102843	palmitoyl-[glycerolipid] 7-desaturase activity	0.04995094753814902	True	"""Catalysis of the reaction: a 1-acyl-2-hexadecanoyl-glycerolipid + 2 H+ + O2 + 2 reduced [2Fe-2S]-[ferredoxin] = a 1-acyl-2-[(7Z)-hexadecenoyl]-glycerolipid + 2 H2O + 2 oxidized [2Fe-2S]-[ferredoxin]."" [RHEA:46756]"	1	187	1	22878	0.0053475935828877	1.0	query_1	['GO:0016717']	16hr_Disome_down	1.301456269065898
GO:MF	GO:0046872	metal ion binding	0.04995094753814902	True	"""Binding to a metal ion."" [GOC:ai]"	3948	187	46	22878	0.24598930481283424	0.01165146909827761	query_1	['GO:0043169']	16hr_Disome_down	1.301456269065898
GO:MF	GO:0015103	inorganic anion transmembrane transporter activity	0.04995094753814902	True	"""Enables the transfer of inorganic anions from one side of a membrane to the other. Inorganic anions are atoms or small molecules with a negative charge which do not contain carbon in covalent linkage."" [GOC:ai]"	93	187	4	22878	0.0213903743315508	0.043010752688172046	query_1	['GO:0015318']	16hr_Disome_down	1.301456269065898
GO:MF	GO:0043874	acireductone synthase activity	0.04995094753814902	True	"""Catalysis of the reactions:5-methylsulfanyl-2,3-dioxopentyl phosphate + H2O = 1,2-dihydroxy-5-(methylsulfanyl)pent-1-en-3-one + phosphate."" [RHEA:21700]"	1	187	1	22878	0.0053475935828877	1.0	query_1	['GO:0016791']	16hr_Disome_down	1.301456269065898
GO:MF	GO:0043716	2-hydroxy-3-keto-5-methylthiopentenyl-1-phosphate phosphatase activity	0.04995094753814902	True	"""Catalysis of the reaction: 2-hydroxy-5-methylsulfanyl-3-oxopent-1-enyl phosphate + H2O = 1,2-dihydroxy-5-(methylsulfanyl)pent-1-en-3-one + phosphate."" [RHEA:14481]"	1	187	1	22878	0.0053475935828877	1.0	query_1	['GO:0016791']	16hr_Disome_down	1.301456269065898
GO:MF	GO:0043715	2,3-diketo-5-methylthiopentyl-1-phosphate enolase activity	0.04995094753814902	True	"""Catalysis of the reaction: 2,3-diketo-5-methylthiopentyl-1-phosphate = H+ + 2-hydroxy 3-keto-5-methylthiopentenyl-1-phosphate. 2,3-diketo-5-methylthiopentyl-1-phosphate is also known as DK-MTP-1-P, and 2-hydroxy 3-keto-5-methylthiopentenyl-1-phosphate as HK-MTPenyl-1-P."" [MetaCyc:R82-RXN]"	1	187	1	22878	0.0053475935828877	1.0	query_1	['GO:0016862']	16hr_Disome_down	1.301456269065898
GO:MF	GO:0043682	P-type divalent copper transporter activity	0.04995094753814902	True	"""Enables the transfer of a solute or solutes from one side of a membrane to the other according to the reaction: ATP + H2O + Cu2+(in) = ADP + phosphate + Cu2+(out)."" [RHEA:10376]"	1	187	1	22878	0.0053475935828877	1.0	query_1	['GO:0005375', 'GO:0015662', 'GO:0019829']	16hr_Disome_down	1.301456269065898
GO:MF	GO:0043169	cation binding	0.04995094753814902	True	"""Binding to a cation, a charged atom or group of atoms with a net positive charge."" [GOC:jl]"	3961	187	46	22878	0.24598930481283424	0.011613228982580156	query_1	['GO:0043167']	16hr_Disome_down	1.301456269065898
GO:MF	GO:0010307	acetylglutamate kinase regulator activity	0.04995094753814902	True	"""Binds to and modulates the activity of acetylglutamate kinase."" [PMID:16377628]"	1	187	1	22878	0.0053475935828877	1.0	query_1	['GO:0003991', 'GO:0019207']	16hr_Disome_down	1.301456269065898
GO:MF	GO:0016862	intramolecular oxidoreductase activity, interconverting keto- and enol-groups	0.04995094753814902	True	"""Catalysis of an oxidation-reduction (redox) reaction in which the hydrogen donor and acceptor, which is a keto- or an enol-group, are the same molecule, and no oxidized product appears."" [EC:5.3.2.-, GOC:jl]"	1	187	1	22878	0.0053475935828877	1.0	query_1	['GO:0016860']	16hr_Disome_down	1.301456269065898
GO:MF	GO:0015229	L-ascorbic acid transmembrane transporter activity	0.04995094753814902	True	"""Enables the transfer of L-ascorbate from one side of a membrane to the other. L-ascorbate, (2R)-2-[(1S)-1,2-dihydroxyethyl]-4-hydroxy-5-oxo-2,5-dihydrofuran-3-olate, is vitamin C and has co-factor and anti-oxidant activities in many species."" [ISBN:0198506732]"	1	187	1	22878	0.0053475935828877	1.0	query_1	['GO:0015145', 'GO:0046943', 'GO:0090482']	16hr_Disome_down	1.301456269065898
GO:MF	GO:0046570	methylthioribulose 1-phosphate dehydratase activity	0.04995094753814902	True	"""Catalysis of the reaction: S-methyl-5-thio-D-ribulose 1-phosphate = 5-(methylthio)-2,3-dioxopentyl phosphate + H2O."" [EC:4.2.1.109, RHEA:15549]"	1	187	1	22878	0.0053475935828877	1.0	query_1	['GO:0016836']	16hr_Disome_down	1.301456269065898
GO:MF	GO:0000107	imidazoleglycerol-phosphate synthase activity	0.04995094753814902	True	"""Catalysis of the reaction: phosphoribulosylformimino-AICAR-P + L-glutamine = D-erythro-imidazole-glycerol-phosphate + aminoimidazole carboxamide ribonucleotide + L-glutamate + 2 H+."" [RHEA:24793]"	1	187	1	22878	0.0053475935828877	1.0	query_1	['GO:0016763']	16hr_Disome_down	1.301456269065898
