source	native	name	p_value	significant	description	term_size	query_size	intersection_size	effective_domain_size	precision	recall	query	parents	Cluster	-log10(p_value)
GO:CC	GO:0005737	cytoplasm	0.0009645345816240794	True	"""The contents of a cell excluding the plasma membrane and nucleus, but including other subcellular structures."" [ISBN:0198547684]"	9524	104	72	20029	0.6923076923076923	0.007559848803023939	query_1	['GO:0005622', 'GO:0110165']	4hr_60S_down	3.015682196906279
GO:CC	GO:0005730	nucleolus	0.02003392051391527	True	"""A small, dense body one or more of which are present in the nucleus of eukaryotic cells. It is rich in RNA and protein, is not bounded by a limiting membrane, and is not seen during mitosis. Its prime function is the transcription of the nucleolar DNA into 45S ribosomal-precursor RNA, the processing of this RNA into 5.8S, 18S, and 28S components of ribosomal RNA, and the association of these components with 5S RNA and proteins synthesized outside the nucleolus. This association results in the formation of ribonucleoprotein precursors; these pass into the cytoplasm and mature into the 40S and 60S subunits of the ribosome."" [ISBN:0198506732]"	701	27	6	20029	0.2222222222222222	0.008559201141226819	query_1	['GO:0031981', 'GO:0043232']	Bulked_60S_down	1.6982340536545515
GO:CC	GO:0031974	membrane-enclosed lumen	0.02003392051391527	True	"""The enclosed volume within a sealed membrane or between two sealed membranes. Encompasses the volume enclosed by the membranes of a particular organelle, e.g. endoplasmic reticulum lumen, or the space between the two lipid bilayers of a double membrane surrounding an organelle, e.g. nuclear envelope lumen."" [GOC:add, GOC:mah]"	1245	27	7	20029	0.25925925925925924	0.005622489959839358	query_1	['GO:0110165']	Bulked_60S_down	1.6982340536545515
GO:CC	GO:0043233	organelle lumen	0.02003392051391527	True	"""The internal volume enclosed by the membranes of a particular organelle; includes the volume enclosed by a single organelle membrane, e.g. endoplasmic reticulum lumen, or the volume enclosed by the innermost of the two lipid bilayers of an organelle envelope, e.g. nuclear lumen."" [GOC:jl, GOC:mah]"	1245	27	7	20029	0.25925925925925924	0.005622489959839358	query_1	['GO:0031974', 'GO:0043226']	Bulked_60S_down	1.6982340536545515
GO:CC	GO:0070013	intracellular organelle lumen	0.02003392051391527	True	"""An organelle lumen that is part of an intracellular organelle."" [GOC:mah]"	1245	27	7	20029	0.25925925925925924	0.005622489959839358	query_1	['GO:0043229', 'GO:0043233']	Bulked_60S_down	1.6982340536545515
GO:CC	GO:0005840	ribosome	0.034342821066972166	True	"""An intracellular organelle, about 200 A in diameter, consisting of RNA and protein. It is the site of protein biosynthesis resulting from translation of messenger RNA (mRNA). It consists of two subunits, one large and one small, each containing only protein and RNA. Both the ribosome and its subunits are characterized by their sedimentation coefficients, expressed in Svedberg units (symbol: S). Hence, the prokaryotic ribosome (70S) comprises a large (50S) subunit and a small (30S) subunit, while the eukaryotic ribosome (80S) comprises a large (60S) subunit and a small (40S) subunit. Two sites on the ribosomal large subunit are involved in translation, namely the aminoacyl site (A site) and peptidyl site (P site). Ribosomes from prokaryotes, eukaryotes, mitochondria, and chloroplasts have characteristically distinct ribosomal proteins."" [ISBN:0198506732]"	533	27	4	20029	0.14814814814814814	0.0075046904315197	query_1	['GO:0043232']	Bulked_60S_down	1.4641640328938794
GO:CC	GO:0009532	plastid stroma	0.034342821066972166	True	"""The proteinaceous ground substance of plastids."" [ISBN:0943088399]"	769	27	5	20029	0.18518518518518517	0.006501950585175552	query_1	['GO:0009536', 'GO:0110165']	Bulked_60S_down	1.4641640328938794
GO:CC	GO:0009570	chloroplast stroma	0.034342821066972166	True	"""The space enclosed by the double membrane of a chloroplast but excluding the thylakoid space. It contains DNA, ribosomes and some temporary products of photosynthesis."" [ISBN:0198547684]"	762	27	5	20029	0.18518518518518517	0.006561679790026247	query_1	['GO:0009507', 'GO:0009532']	Bulked_60S_down	1.4641640328938794
GO:CC	GO:0031981	nuclear lumen	0.034342821066972166	True	"""The volume enclosed by the nuclear inner membrane."" [GOC:mah, GOC:pz]"	1054	27	6	20029	0.2222222222222222	0.0056925996204933585	query_1	['GO:0005634', 'GO:0070013']	Bulked_60S_down	1.4641640328938794
GO:CC	GO:0043228	membraneless organelle	0.034342821066972166	True	"""Organized structure of distinctive morphology and function, not bounded by a lipid bilayer membrane. Includes ribosomes, the cytoskeleton and chromosomes."" [GOC:go_curators]"	2568	27	9	20029	0.3333333333333333	0.0035046728971962616	query_1	['GO:0043226']	Bulked_60S_down	1.4641640328938794
GO:CC	GO:0043232	intracellular membraneless organelle	0.034342821066972166	True	"""Organized structure of distinctive morphology and function, not bounded by a lipid bilayer membrane and occurring within the cell. Includes ribosomes, the cytoskeleton and chromosomes."" [GOC:go_curators]"	2568	27	9	20029	0.3333333333333333	0.0035046728971962616	query_1	['GO:0043228', 'GO:0043229']	Bulked_60S_down	1.4641640328938794
GO:CC	GO:0044391	ribosomal subunit	0.034342821066972166	True	"""Either of the two subunits of a ribosome: the ribosomal large subunit or the ribosomal small subunit."" [GOC:jl]"	262	27	3	20029	0.1111111111111111	0.011450381679389313	query_1	['GO:0005840', 'GO:1990904']	Bulked_60S_down	1.4641640328938794
GO:CC	GO:1990904	ribonucleoprotein complex	0.034342821066972166	True	"""A macromolecular complex that contains both RNA and protein molecules."" [GOC:krc, GOC:vesicles]"	831	27	5	20029	0.18518518518518517	0.006016847172081829	query_1	['GO:0032991']	Bulked_60S_down	1.4641640328938794
GO:CC	GO:0022626	cytosolic ribosome	0.037017442374373946	True	"""A ribosome located in the cytosol."" [GOC:mtg_sensu]"	289	27	3	20029	0.1111111111111111	0.010380622837370242	query_1	['GO:0005829', 'GO:0005840']	Bulked_60S_down	1.4315935910144475
GO:CC	GO:0022627	cytosolic small ribosomal subunit	0.037017442374373946	True	"""The small subunit of a ribosome located in the cytosol."" [GOC:mtg_sensu]"	91	27	2	20029	0.07407407407407407	0.02197802197802198	query_1	['GO:0015935', 'GO:0022626']	Bulked_60S_down	1.4315935910144475
GO:CC	GO:0005737	cytoplasm	5e-324	True	"""The contents of a cell excluding the plasma membrane and nucleus, but including other subcellular structures."" [ISBN:0198547684]"	9524	1869	1647	20029	0.8812199036918138	0.1729315413691726	query_1	['GO:0005622', 'GO:0110165']	16hr_60S_down	323.3062153431158
GO:CC	GO:0009536	plastid	5.7567338025353997e-266	True	"""Any member of a family of organelles found in the cytoplasm of plants and some protists, which are membrane-bounded and contain DNA. Plant plastids develop from a common type, the proplastid."" [GOC:jl, ISBN:0198547684]"	2856	1869	853	20029	0.45639379347244513	0.29866946778711484	query_1	['GO:0005737', 'GO:0043231']	16hr_60S_down	265.2398238523171
GO:CC	GO:0009507	chloroplast	3.2231002229967443e-252	True	"""A chlorophyll-containing plastid with thylakoids organized into grana and frets, or stroma thylakoids, and embedded in a stroma."" [ISBN:0471245208]"	2351	1869	756	20029	0.4044943820224719	0.3215652913653764	query_1	['GO:0009536']	16hr_60S_down	251.4917261897971
GO:CC	GO:0009570	chloroplast stroma	2.857735876905544e-232	True	"""The space enclosed by the double membrane of a chloroplast but excluding the thylakoid space. It contains DNA, ribosomes and some temporary products of photosynthesis."" [ISBN:0198547684]"	762	1869	416	20029	0.2225789192081327	0.5459317585301837	query_1	['GO:0009507', 'GO:0009532']	16hr_60S_down	231.54397791287994
GO:CC	GO:0009532	plastid stroma	3.1806777505681903e-230	True	"""The proteinaceous ground substance of plastids."" [ISBN:0943088399]"	769	1869	416	20029	0.2225789192081327	0.540962288686606	query_1	['GO:0009536', 'GO:0110165']	16hr_60S_down	229.49748032908167
GO:CC	GO:0005829	cytosol	1.2730598344282977e-189	True	"""The part of the cytoplasm that does not contain organelles but which does contain other particulate matter, such as protein complexes."" [GOC:hjd, GOC:jl]"	2420	1869	688	20029	0.3681112894596041	0.28429752066115704	query_1	['GO:0005737', 'GO:0110165']	16hr_60S_down	188.8951511838158
GO:CC	GO:0005622	intracellular anatomical structure	1.3684544804294539e-163	True	"""A component of a cell contained within (but not including) the plasma membrane. In eukaryotes it includes the nucleus and cytoplasm."" [ISBN:0198506732]"	13505	1869	1733	20029	0.9272338148742643	0.12832284339133654	query_1	['GO:0110165']	16hr_60S_down	162.8637696441633
GO:CC	GO:0043231	intracellular membrane-bounded organelle	4.060175086952522e-103	True	"""Organized structure of distinctive morphology and function, bounded by a single or double lipid bilayer membrane and occurring within the cell. Includes the nucleus, mitochondria, plastids, vacuoles, and vesicles. Excludes the plasma membrane."" [GOC:go_curators]"	11808	1869	1522	20029	0.8143392188336008	0.12889566395663957	query_1	['GO:0043227', 'GO:0043229']	16hr_60S_down	102.39145523793566
GO:CC	GO:0043227	membrane-bounded organelle	1.496654220696437e-102	True	"""Organized structure of distinctive morphology and function, bounded by a single or double lipid bilayer membrane. Includes the nucleus, mitochondria, plastids, vacuoles, and vesicles. Excludes the plasma membrane."" [GOC:go_curators]"	11823	1869	1522	20029	0.8143392188336008	0.12873213228453015	query_1	['GO:0043226']	16hr_60S_down	101.82487852523438
GO:CC	GO:0043229	intracellular organelle	8.706025929106048e-94	True	"""Organized structure of distinctive morphology and function, occurring within the cell. Includes the nucleus, mitochondria, plastids, vacuoles, vesicles, ribosomes and the cytoskeleton. Excludes the plasma membrane."" [GOC:go_curators]"	12312	1869	1543	20029	0.8255751738897806	0.12532488628979857	query_1	['GO:0005622', 'GO:0043226']	16hr_60S_down	93.06018004371998
GO:CC	GO:0043226	organelle	2.8183611612264816e-93	True	"""Organized structure of distinctive morphology and function. Includes the nucleus, mitochondria, plastids, vacuoles, vesicles, ribosomes and the cytoskeleton, and prokaryotic structures such as anammoxosomes and pirellulosomes. Excludes the plasma membrane."" [GOC:go_curators]"	12326	1869	1543	20029	0.8255751738897806	0.12518254097030668	query_1	['GO:0110165']	16hr_60S_down	92.55000335463424
GO:CC	GO:0009526	plastid envelope	1.516903367901776e-69	True	"""The double lipid bilayer enclosing a plastid and separating its contents from the rest of the cytoplasm; includes the intermembrane space."" [GOC:jy]"	988	1869	282	20029	0.1508828250401284	0.2854251012145749	query_1	['GO:0009536', 'GO:0031967']	16hr_60S_down	68.81904208442337
GO:CC	GO:0009579	thylakoid	7.714517894528658e-68	True	"""A membranous cellular structure that bears the photosynthetic pigments in plants, algae, and cyanobacteria. In cyanobacteria thylakoids are of various shapes and are attached to, or continuous with, the plasma membrane. In eukaryotes they are flattened, membrane-bounded disk-like structures located in the chloroplasts; in the chloroplasts of higher plants the thylakoids form dense stacks called grana. Isolated thylakoid preparations can carry out photosynthetic electron transport and the associated phosphorylation."" [GOC:ds, GOC:mtg_sensu, ISBN:0198506732]"	596	1869	209	20029	0.11182450508293205	0.35067114093959734	query_1	['GO:0043232']	16hr_60S_down	67.11269120923636
GO:CC	GO:0009941	chloroplast envelope	3.0662620568803036e-66	True	"""The double lipid bilayer enclosing the chloroplast and separating its contents from the rest of the cytoplasm; includes the intermembrane space."" [GOC:tb]"	692	1869	225	20029	0.12038523274478331	0.32514450867052025	query_1	['GO:0009507', 'GO:0009526']	16hr_60S_down	65.51339073108844
GO:CC	GO:0031967	organelle envelope	3.000584045029658e-51	True	"""A double membrane structure enclosing an organelle, including two lipid bilayers and the region between them. In some cases, an organelle envelope may have more than two membranes."" [GOC:mah, GOC:pz]"	1452	1869	321	20029	0.17174959871589085	0.22107438016528927	query_1	['GO:0043227', 'GO:0043229', 'GO:0110165']	16hr_60S_down	50.522794204331504
GO:CC	GO:0110165	cellular anatomical structure	5.270280852142694e-48	True	"""A part of a cellular organism consisting of a material entity with granularity above the level of a protein complex but below that of an anatomical system. Note that cellular organisms exclude viruses."" [GOC:kmv]"	18497	1869	1856	20029	0.9930444087747459	0.10034059577228739	query_1	['GO:0005575']	16hr_60S_down	47.278166240710455
GO:CC	GO:0031976	plastid thylakoid	7.089938008623676e-46	True	"""Any thylakoid within a plastid."" [GOC:pz]"	519	1869	164	20029	0.08774745853397539	0.3159922928709056	query_1	['GO:0009536', 'GO:0009579']	16hr_60S_down	45.149357562084965
GO:CC	GO:0009534	chloroplast thylakoid	1.8190887669188245e-45	True	"""Sac-like membranous structures (cisternae) in a chloroplast combined into stacks (grana) and present singly in the stroma (stroma thylakoids or frets) as interconnections between grana. An example of this component is found in Arabidopsis thaliana."" [GOC:mtg_sensu, ISBN:0943088399]"	517	1869	163	20029	0.08721241305510968	0.3152804642166344	query_1	['GO:0009507', 'GO:0031976']	16hr_60S_down	44.74014610795003
GO:CC	GO:0005739	mitochondrion	4.0604310512720095e-37	True	"""A semiautonomous, self replicating organelle that occurs in varying numbers, shapes, and sizes in the cytoplasm of virtually all eukaryotic cells. It is notably the site of tissue respiration."" [GOC:giardia, ISBN:0198506732]"	1720	1869	326	20029	0.17442482611021937	0.18953488372093022	query_1	['GO:0005737', 'GO:0043231']	16hr_60S_down	36.391427859710525
GO:CC	GO:0042651	thylakoid membrane	2.329314864703731e-31	True	"""The pigmented membrane of any thylakoid."" [GOC:jl, GOC:pr]"	442	1869	128	20029	0.06848582129481005	0.2895927601809955	query_1	['GO:0034357']	16hr_60S_down	30.632771801821356
GO:CC	GO:0034357	photosynthetic membrane	2.845377768415138e-31	True	"""A membrane enriched in complexes formed of reaction centers, accessory pigments and electron carriers, in which photosynthetic reactions take place."" [GOC:ds, GOC:mah]"	443	1869	128	20029	0.06848582129481005	0.28893905191873587	query_1	['GO:0009579', 'GO:0016020']	16hr_60S_down	30.5458600660539
GO:CC	GO:0055035	plastid thylakoid membrane	2.1212903525446985e-29	True	"""The lipid bilayer membrane of any thylakoid within a plastid."" [GOC:jid, GOC:rph]"	426	1869	122	20029	0.06527554842161584	0.2863849765258216	query_1	['GO:0031976', 'GO:0042170', 'GO:0042651']	16hr_60S_down	28.6733998831677
GO:CC	GO:0009535	chloroplast thylakoid membrane	4.912989465845251e-29	True	"""The pigmented membrane of a chloroplast thylakoid. An example of this component is found in Arabidopsis thaliana."" [GOC:lr, GOC:mtg_sensu]"	424	1869	121	20029	0.06474050294275013	0.28537735849056606	query_1	['GO:0009534', 'GO:0031968', 'GO:0055035']	16hr_60S_down	28.3086541670539
GO:CC	GO:0048046	apoplast	4.912989465845251e-29	True	"""The cell membranes and intracellular regions in a plant are connected through plasmodesmata, and plants may be described as having two major compartments: the living symplast and the non-living apoplast. The apoplast is external to the plasma membrane and includes cell walls, intercellular spaces and the lumen of dead structures such as xylem vessels. Water and solutes pass freely through it."" [GOC:jid]"	489	1869	132	20029	0.07062600321027288	0.26993865030674846	query_1	['GO:0005576']	16hr_60S_down	28.3086541670539
GO:CC	GO:0010319	stromule	1.1011360149670441e-25	True	"""Thin filamentous structure extending from the surface of all plastid types examined so far, including chloroplast, proplastid, etioplast, leucoplast, amyloplast, and chromoplast. In general, stromules are more abundant in tissues containing non-green plastids, and in cells containing smaller plastids. The primary function of stromules is still unresolved, although the presence of stromules markedly increases the plastid surface area, potentially increasing transport to and from the cytosol. Other functions of stromules, such as transfer of macromolecules between plastids and starch granule formation in cereal endosperm, may be restricted to particular tissues and cell types."" [PMID:15272881, PMID:15699062, PMID:16582010]"	39	1869	32	20029	0.017121455323702513	0.8205128205128205	query_1	['GO:0009526', 'GO:0110165']	16hr_60S_down	24.9581590326166
GO:CC	GO:0031968	organelle outer membrane	3.9791269215174406e-25	True	"""The outer, i.e. cytoplasm-facing in a cellular organelle, lipid bilayer of an organelle envelope."" [GOC:mah]"	546	1869	134	20029	0.07169609416800428	0.2454212454212454	query_1	['GO:0019867', 'GO:0031967', 'GO:0098588']	16hr_60S_down	24.400212208017333
GO:CC	GO:0019867	outer membrane	3.9791269215174406e-25	True	"""The external membrane of Gram-negative bacteria or certain organelles such as mitochondria and chloroplasts; freely permeable to most ions and metabolites."" [GOC:go_curators]"	546	1869	134	20029	0.07169609416800428	0.2454212454212454	query_1	['GO:0016020']	16hr_60S_down	24.400212208017333
GO:CC	GO:0042170	plastid membrane	6.929961037680837e-25	True	"""Either of the lipid bilayers that surround a plastid and form the plastid envelope."" [GOC:mah]"	674	1869	153	20029	0.08186195826645265	0.22700296735905046	query_1	['GO:0009526', 'GO:0031090']	16hr_60S_down	24.159269207115145
GO:CC	GO:0099503	secretory vesicle	3.0992664312457245e-20	True	"""A cytoplasmic, membrane bound vesicle that is capable of fusing to the plasma membrane to release its contents into the extracellular space."" [GOC:dos]"	170	1869	61	20029	0.03263777421080792	0.3588235294117647	query_1	['GO:0031410']	16hr_60S_down	19.508741087637407
GO:CC	GO:0005777	peroxisome	8.844623528649246e-18	True	"""A small organelle enclosed by a single membrane, and found in most eukaryotic cells. Contains peroxidases and other enzymes involved in a variety of metabolic processes including free radical detoxification, lipid catabolism and biosynthesis, and hydrogen peroxide metabolism."" [GOC:pm, PMID:9302272, UniProtKB-KW:KW-0576]"	350	1869	89	20029	0.047619047619047616	0.2542857142857143	query_1	['GO:0042579']	16hr_60S_down	17.053320648103025
GO:CC	GO:0042579	microbody	8.844623528649246e-18	True	"""Cytoplasmic organelles, spherical or oval in shape, that are bounded by a single membrane and contain oxidative enzymes, especially those utilizing hydrogen peroxide (H2O2)."" [ISBN:0198506732]"	350	1869	89	20029	0.047619047619047616	0.2542857142857143	query_1	['GO:0005737', 'GO:0043231']	16hr_60S_down	17.053320648103025
GO:CC	GO:0071944	cell periphery	1.4405796622249386e-16	True	"""The broad region around and including the plasma membrane of a cell, encompassing the cell cortex (inside the cell), the plasma membrane, and any external encapsulating structures."" [GOC:pdt]"	2917	1869	402	20029	0.21508828250401285	0.13781282139184092	query_1	['GO:0110165']	16hr_60S_down	15.841462720786478
GO:CC	GO:0009506	plasmodesma	2.332378250140569e-15	True	"""A fine cytoplasmic channel, found in all higher plants, that connects the cytoplasm of one cell to that of an adjacent cell."" [PMID:29880547]"	900	1869	161	20029	0.08614232209737828	0.17888888888888888	query_1	['GO:0005911', 'GO:0055044']	16hr_60S_down	14.63220101710864
GO:CC	GO:0030054	cell junction	2.332378250140569e-15	True	"""A cellular component that forms a specialized region of connection between two or more cells, or between a cell and the extracellular matrix, or between two membrane-bound components of a cell, such as flagella."" [GOC:aruk, GOC:bc, GOC:mah, ISBN:0198506732, PMID:26820516, PMID:28096264]"	900	1869	161	20029	0.08614232209737828	0.17888888888888888	query_1	['GO:0110165']	16hr_60S_down	14.63220101710864
GO:CC	GO:0070161	anchoring junction	2.332378250140569e-15	True	"""A cell junction that mechanically attaches a cell (and its cytoskeleton) to neighboring cells or to the extracellular matrix."" [ISBN:0815332181]"	900	1869	161	20029	0.08614232209737828	0.17888888888888888	query_1	['GO:0030054']	16hr_60S_down	14.63220101710864
GO:CC	GO:0005911	cell-cell junction	2.332378250140569e-15	True	"""A cell junction that forms a connection between two or more cells of an organism; excludes direct cytoplasmic intercellular bridges, such as ring canals in insects."" [GOC:aruk, GOC:bc, GOC:dgh, GOC:hb, GOC:mah, PMID:21422226, PMID:28096264]"	900	1869	161	20029	0.08614232209737828	0.17888888888888888	query_1	['GO:0070161']	16hr_60S_down	14.63220101710864
GO:CC	GO:0031977	thylakoid lumen	2.5091410212422104e-15	True	"""The volume enclosed by a thylakoid membrane."" [GOC:mah, GOC:pz]"	74	1869	34	20029	0.01819154628143392	0.4594594594594595	query_1	['GO:0009579', 'GO:0110165']	16hr_60S_down	14.600474929348513
GO:CC	GO:0055044	symplast	2.5091410212422104e-15	True	"""The interconnected cell membranes and intracellular regions of a plant. The interconnections occur via the plasmodesmata."" [GOC:mtg_sensu]"	901	1869	161	20029	0.08614232209737828	0.17869034406215317	query_1	['GO:0110165']	16hr_60S_down	14.600474929348513
GO:CC	GO:0043232	intracellular membraneless organelle	3.732165365853221e-15	True	"""Organized structure of distinctive morphology and function, not bounded by a lipid bilayer membrane and occurring within the cell. Includes ribosomes, the cytoskeleton and chromosomes."" [GOC:go_curators]"	2568	1869	357	20029	0.19101123595505617	0.13901869158878505	query_1	['GO:0043228', 'GO:0043229']	16hr_60S_down	14.428039121654779
GO:CC	GO:0043228	membraneless organelle	3.732165365853221e-15	True	"""Organized structure of distinctive morphology and function, not bounded by a lipid bilayer membrane. Includes ribosomes, the cytoskeleton and chromosomes."" [GOC:go_curators]"	2568	1869	357	20029	0.19101123595505617	0.13901869158878505	query_1	['GO:0043226']	16hr_60S_down	14.428039121654779
GO:CC	GO:0031410	cytoplasmic vesicle	1.9016343807333585e-14	True	"""A vesicle found in the cytoplasm of a cell."" [GOC:ai, GOC:mah, GOC:vesicles]"	745	1869	138	20029	0.0738362760834671	0.18523489932885906	query_1	['GO:0005737', 'GO:0097708']	16hr_60S_down	13.720872979351077
GO:CC	GO:0097708	intracellular vesicle	2.320611235745963e-14	True	"""Any vesicle that is part of the intracellular region."" [GOC:vesicles]"	747	1869	138	20029	0.0738362760834671	0.18473895582329317	query_1	['GO:0031982', 'GO:0043231']	16hr_60S_down	13.634397609355348
GO:CC	GO:0009505	plant-type cell wall	4.197762609959744e-14	True	"""A more or less rigid structure lying outside the cell membrane of a cell and composed of cellulose and pectin and other organic and inorganic substances."" [ISBN:0471245208]"	366	1869	84	20029	0.0449438202247191	0.22950819672131148	query_1	['GO:0005618']	16hr_60S_down	13.376982125091313
GO:CC	GO:0005618	cell wall	5.2787059713878005e-14	True	"""The rigid or semi-rigid envelope lying outside the cell membrane of plant, fungal, most prokaryotic cells and some protozoan parasites, maintaining their shape and protecting them from osmotic lysis. In plants it is made of cellulose and, often, lignin; in fungi it is composed largely of polysaccharides; in bacteria it is composed of peptidoglycan; in protozoan parasites such as Giardia species, it's made of carbohydrates and proteins."" [GOC:giardia, ISBN:0198547684, PMID:15134259, Wikipedia:Microbial_cyst]"	401	1869	89	20029	0.047619047619047616	0.22194513715710723	query_1	['GO:0030312']	16hr_60S_down	13.277472527913817
GO:CC	GO:0031982	vesicle	5.6726053363723044e-14	True	"""Any small, fluid-filled, spherical organelle enclosed by membrane."" [GOC:mah, GOC:pz, GOC:vesicles]"	771	1869	140	20029	0.0749063670411985	0.1815823605706874	query_1	['GO:0043227']	16hr_60S_down	13.246217430818877
GO:CC	GO:0005773	vacuole	1.1758937293025287e-13	True	"""A closed structure, found only in eukaryotic cells, that is completely surrounded by unit membrane and contains liquid material. Cells contain one or several vacuoles, that may have different functions from each other. Vacuoles have a diverse array of functions. They can act as a storage organelle for nutrients or waste products, as a degradative compartment, as a cost-effective way of increasing cell size, and as a homeostatic regulator controlling both turgor pressure and pH of the cytosol."" [GOC:mtg_sensu, ISBN:0198506732]"	1094	1869	180	20029	0.09630818619582665	0.16453382084095064	query_1	['GO:0005737', 'GO:0043231']	16hr_60S_down	12.929631925592322
GO:CC	GO:0000325	plant-type vacuole	5.961873471178901e-13	True	"""A closed structure that is completely surrounded by a unit membrane, contains liquid, and retains the same shape regardless of cell cycle phase. An example of this structure is found in Arabidopsis thaliana."" [GOC:mtg_sensu, ISBN:0815316208]"	794	1869	140	20029	0.0749063670411985	0.17632241813602015	query_1	['GO:0005773']	16hr_60S_down	12.224617245235946
GO:CC	GO:0005886	plasma membrane	6.10004730455912e-13	True	"""The membrane surrounding a cell that separates the cell from its external environment. It consists of a phospholipid bilayer and associated proteins."" [ISBN:0716731363]"	2524	1869	342	20029	0.18298555377207062	0.13549920760697307	query_1	['GO:0016020', 'GO:0071944']	16hr_60S_down	12.214666797115571
GO:CC	GO:0030312	external encapsulating structure	3.4100991239547653e-12	True	"""A structure that lies outside the plasma membrane and surrounds the entire cell or cells. This does not include the periplasmic space."" [GOC:go_curators]"	430	1869	89	20029	0.047619047619047616	0.2069767441860465	query_1	['GO:0071944', 'GO:0110165']	16hr_60S_down	11.467232996854744
GO:CC	GO:0098588	bounding membrane of organelle	2.4119120175703982e-11	True	"""The lipid bilayer that forms the outer-most layer of an organelle."" [GOC:dos]"	1406	1869	209	20029	0.11182450508293205	0.14864864864864866	query_1	['GO:0031090']	16hr_60S_down	10.617638538563643
GO:CC	GO:0012505	endomembrane system	2.2738991656731324e-09	True	"""A collection of membranous structures involved in transport within the cell. The main components of the endomembrane system are endoplasmic reticulum, Golgi bodies, vesicles, cell membrane and nuclear envelope. Members of the endomembrane system pass materials through each other or though the use of vesicles."" [GOC:lh]"	2364	1869	307	20029	0.164258962011771	0.12986463620981387	query_1	['GO:0110165']	16hr_60S_down	8.643228797679368
GO:CC	GO:0005794	Golgi apparatus	8.740225637666789e-09	True	"""A membrane-bound cytoplasmic organelle of the endomembrane system that further processes the core oligosaccharides (e.g. N-glycans) added to proteins in the endoplasmic reticulum and packages them into membrane-bound vesicles. The Golgi apparatus operates at the intersection of the secretory, lysosomal, and endocytic pathways."" [ISBN:0198506732]"	1108	1869	164	20029	0.08774745853397539	0.148014440433213	query_1	['GO:0005737', 'GO:0012505', 'GO:0043231']	16hr_60S_down	8.058477355474443
GO:CC	GO:0010287	plastoglobule	2.2189731273922768e-08	True	"""A lipoprotein particle present in chloroplasts. They are rich in non-polar lipids (triglycerides, esters) as well as in prenylquinones, plastoquinone and tocopherols. Plastoglobules are often associated with thylakoid membranes, suggesting an exchange of lipids with thylakoids."" [GOC:tair_curators, PMID:16461379]"	62	1869	23	20029	0.012306046013911182	0.3709677419354839	query_1	['GO:0009570', 'GO:0110165']	16hr_60S_down	7.653847957207341
GO:CC	GO:0009543	chloroplast thylakoid lumen	7.357138937799883e-08	True	"""The cavity enclosed within the chloroplast thylakoid membrane. An example of this component is found in Arabidopsis thaliana."" [GOC:mtg_sensu, ISBN:0943088399]"	51	1869	20	20029	0.010700909577314071	0.39215686274509803	query_1	['GO:0009534', 'GO:0031978']	16hr_60S_down	7.133291042333189
GO:CC	GO:0031978	plastid thylakoid lumen	7.357138937799883e-08	True	"""The volume enclosed by a plastid thylakoid membrane."" [GOC:mah]"	51	1869	20	20029	0.010700909577314071	0.39215686274509803	query_1	['GO:0031976', 'GO:0031977']	16hr_60S_down	7.133291042333189
GO:CC	GO:0098791	Golgi apparatus subcompartment	7.357138937799883e-08	True	"""A compartment that consists of a lumen and an enclosing membrane, and is part of the Golgi apparatus."" [GOC:dos]"	365	1869	69	20029	0.03691813804173355	0.18904109589041096	query_1	['GO:0005794', 'GO:0031984']	16hr_60S_down	7.133291042333189
GO:CC	GO:0005576	extracellular region	9.364460798666588e-08	True	"""The space external to the outermost structure of a cell. For cells without external protective or external encapsulating structures this refers to space outside of the plasma membrane. This term covers the host cell environment outside an intracellular parasite."" [GOC:go_curators]"	1772	1869	234	20029	0.12520064205457465	0.13205417607223477	query_1	['GO:0110165']	16hr_60S_down	7.02851722404479
GO:CC	GO:0005802	trans-Golgi network	1.1920366984750284e-07	True	"""The network of interconnected tubular and cisternal structures located within the Golgi apparatus on the side distal to the endoplasmic reticulum, from which secretory vesicles emerge. The trans-Golgi network is important in the later stages of protein secretion where it is thought to play a key role in the sorting and targeting of secreted proteins to the correct destination."" [GOC:vw, ISBN:0815316194]"	268	1869	55	20029	0.029427501337613696	0.20522388059701493	query_1	['GO:0098791']	16hr_60S_down	6.923710374042208
GO:CC	GO:0031985	Golgi cisterna	4.410255913065129e-06	True	"""Any of the thin, flattened membrane-bounded compartments that form the central portion of the Golgi complex."" [GOC:mah]"	203	1869	42	20029	0.02247191011235955	0.20689655172413793	query_1	['GO:0005795', 'GO:0098791']	16hr_60S_down	5.355536209079243
GO:CC	GO:0005795	Golgi stack	6.439095076498072e-06	True	"""The set of thin, flattened membrane-bounded compartments, called cisternae, that form the central portion of the Golgi complex. The stack usually comprises cis, medial, and trans cisternae; the cis- and trans-Golgi networks are not considered part of the stack."" [GOC:mah, ISBN:0815316194]"	213	1869	43	20029	0.023006955591225255	0.20187793427230047	query_1	['GO:0098791']	16hr_60S_down	5.191175162282681
GO:CC	GO:0005759	mitochondrial matrix	7.748148230189653e-06	True	"""The gel-like material, with considerable fine structure, that lies in the matrix space, or lumen, of a mitochondrion. It contains the enzymes of the tricarboxylic acid cycle and, in some organisms, the enzymes concerned with fatty acid oxidation."" [GOC:as, ISBN:0198506732]"	113	1869	28	20029	0.0149812734082397	0.24778761061946902	query_1	['GO:0005739', 'GO:0070013']	16hr_60S_down	5.11080207936521
GO:CC	GO:0031090	organelle membrane	1.4977838582868926e-05	True	"""A membrane that is one of the two lipid bilayers of an organelle envelope or the outermost membrane of single membrane bound organelle."" [GOC:dos, GOC:mah]"	2413	1869	289	20029	0.15462814339218833	0.11976792374637381	query_1	['GO:0016020', 'GO:0043227']	16hr_60S_down	4.824550854143899
GO:CC	GO:0005783	endoplasmic reticulum	2.1271581960648064e-05	True	"""The irregular network of unit membranes, visible only by electron microscopy, that occurs in the cytoplasm of many eukaryotic cells. The membranes form a complex meshwork of tubular channels, which are often expanded into slitlike cavities called cisternae. The ER takes two forms, rough (or granular), with ribosomes adhering to the outer surface, and smooth (with no ribosomes attached)."" [ISBN:0198506732]"	1149	1869	153	20029	0.08186195826645265	0.13315926892950392	query_1	['GO:0005737', 'GO:0012505', 'GO:0043231']	16hr_60S_down	4.672200210556507
GO:CC	GO:0005768	endosome	4.1696347001649794e-05	True	"""A vacuole to which materials ingested by endocytosis are delivered."" [ISBN:0198506732, PMID:19696797]"	424	1869	68	20029	0.03638309256286784	0.16037735849056603	query_1	['GO:0012505', 'GO:0031410']	16hr_60S_down	4.379901991705358
GO:CC	GO:0005797	Golgi medial cisterna	5.0301408154258037e-05	True	"""The middle Golgi cisterna (or cisternae)."" [ISBN:0815316194]"	56	1869	17	20029	0.00909577314071696	0.30357142857142855	query_1	['GO:0031985']	16hr_60S_down	4.298419856990517
GO:CC	GO:0031969	chloroplast membrane	8.283459226883742e-05	True	"""Either of the lipid bilayers that surround a chloroplast and form the chloroplast envelope."" [GOC:mah, GOC:pz]"	281	1869	49	20029	0.026217228464419477	0.17437722419928825	query_1	['GO:0009941', 'GO:0042170']	16hr_60S_down	4.081788261112029
GO:CC	GO:0009501	amyloplast	0.00011968827819996512	True	"""A plastid whose main function is to synthesize and store starch."" [ISBN:0140514031]"	15	1869	8	20029	0.004280363830925628	0.5333333333333333	query_1	['GO:0009536']	16hr_60S_down	3.9219483806073505
GO:CC	GO:0009509	chromoplast	0.0002298052402159572	True	"""A plastid containing pigments other than chlorophyll, usually yellow and orange carotenoid pigments."" [ISBN:0471245208]"	6	1869	5	20029	0.002675227394328518	0.8333333333333334	query_1	['GO:0009536']	16hr_60S_down	3.6386400723799937
GO:CC	GO:0005788	endoplasmic reticulum lumen	0.0002447666349090181	True	"""The volume enclosed by the membranes of the endoplasmic reticulum."" [ISBN:0198547684]"	40	1869	13	20029	0.006955591225254147	0.325	query_1	['GO:0005783', 'GO:0070013']	16hr_60S_down	3.611247782860094
GO:CC	GO:0010007	magnesium chelatase complex	0.00043309333900355164	True	"""A heterotrimeric enzyme complex composed of three subunits, all of which are required for enzyme activity, which catalyzes the chelation of Mg by proto IX in an ATP-dependent manner."" [PMID:11842180]"	4	1869	4	20029	0.002140181915462814	1.0	query_1	['GO:0009507', 'GO:1902494']	16hr_60S_down	3.363418495688877
GO:CC	GO:0009654	photosystem II oxygen evolving complex	0.001060047071133132	True	"""A complex, composed of a cluster of manganese, calcium and chloride ions bound to extrinsic proteins, that catalyzes the splitting of water to O2 and 4 H+. In cyanobacteria there are five extrinsic proteins in OEC (PsbO, PsbP-like, PsbQ-like, PsbU and PsbV), while in plants there are only three (PsbO, PsbP and PsbQ)."" [GOC:cjm, InterPro:IPR002683]"	24	1869	9	20029	0.004815409309791332	0.375	query_1	['GO:0009523', 'GO:0042651', 'GO:0098796', 'GO:1990204']	16hr_60S_down	2.9746748495658974
GO:CC	GO:0098807	chloroplast thylakoid membrane protein complex	0.0028428744275388134	True	"""A protein complex that is part of a chloroplast thylakoid membrane."" [GOC:dos]"	17	1869	7	20029	0.003745318352059925	0.4117647058823529	query_1	['GO:0009535', 'GO:0098796']	16hr_60S_down	2.546242323085286
GO:CC	GO:0010494	cytoplasmic stress granule	0.0030067714742968107	True	"""A dense aggregation in the cytosol composed of proteins and RNAs that appear when the cell is under stress."" [GOC:ans, PMID:17284590, PMID:17601829, PMID:17967451, PMID:20368989]"	22	1869	8	20029	0.004280363830925628	0.36363636363636365	query_1	['GO:0036464']	16hr_60S_down	2.521899578624909
GO:CC	GO:1903293	phosphatase complex	0.007679597405896116	True	"""A protein complex which is capable of phosphatase activity."" [GO_REF:0000088, GOC:bhm, GOC:TermGenie, PMID:24766807]"	25	1869	8	20029	0.004280363830925628	0.32	query_1	['GO:1902494']	16hr_60S_down	2.114661546762849
GO:CC	GO:0008287	protein serine/threonine phosphatase complex	0.007679597405896116	True	"""A complex, normally consisting of a catalytic and a regulatory subunit, which catalyzes the removal of a phosphate group from a serine or threonine residue of a protein."" [GOC:bf]"	25	1869	8	20029	0.004280363830925628	0.32	query_1	['GO:1903293']	16hr_60S_down	2.114661546762849
GO:CC	GO:0035770	ribonucleoprotein granule	0.008836344154070605	True	"""A non-membranous macromolecular complex containing proteins and translationally silenced mRNAs. RNA granules contain proteins that control the localization, stability, and translation of their RNA cargo. Different types of RNA granules (RGs) exist, depending on the cell type and cellular conditions."" [GOC:go_curators, GOC:sp, PMID:16520386, PMID:20368989, PMID:21436445]"	63	1869	14	20029	0.00749063670411985	0.2222222222222222	query_1	['GO:0043232', 'GO:0099080']	16hr_60S_down	2.0537273777595075
GO:CC	GO:0036464	cytoplasmic ribonucleoprotein granule	0.008836344154070605	True	"""A ribonucleoprotein granule located in the cytoplasm."" [GOC:bf, GOC:PARL, PMID:15121898]"	63	1869	14	20029	0.00749063670411985	0.2222222222222222	query_1	['GO:0005737', 'GO:0035770']	16hr_60S_down	2.0537273777595075
GO:CC	GO:0000138	Golgi trans cisterna	0.010123980433516429	True	"""The Golgi cisterna farthest from the endoplasmic reticulum; the final processing compartment through which proteins pass before exiting the Golgi apparatus; the compartment in which N-linked protein glycosylation is completed."" [ISBN:0815316194]"	85	1869	17	20029	0.00909577314071696	0.2	query_1	['GO:0031985']	16hr_60S_down	1.9946487028681943
GO:CC	GO:0042644	chloroplast nucleoid	0.012871359052388821	True	"""The region of a chloroplast to which the DNA is confined."" [GOC:jl]"	52	1869	12	20029	0.006420545746388443	0.23076923076923078	query_1	['GO:0009570', 'GO:0042646']	16hr_60S_down	1.8903755946813448
GO:CC	GO:0043529	GET complex	0.015131053470698689	True	"""An endoplasmic reticulum protein-containing complex that is conserved in eukaryotics and that mediates the insertion of tail-anchored proteins into the ER membrane. In yeast, includes Get1p, Get2p and Get3p proteins."" [GOC:krc, GOC:vw, PMID:16269340, PMID:18724936, PMID:32910895]"	4	1869	3	20029	0.0016051364365971107	0.75	query_1	['GO:0140534']	16hr_60S_down	1.8201308340003386
GO:CC	GO:0019898	extrinsic component of membrane	0.015360200434786498	True	"""The component of a membrane consisting of gene products and protein complexes that are loosely bound to one of its surfaces, but not integrated into the hydrophobic region."" [GOC:dos, GOC:jl, GOC:mah]"	60	1869	13	20029	0.006955591225254147	0.21666666666666667	query_1	['GO:0016020', 'GO:0110165']	16hr_60S_down	1.813603117172097
GO:CC	GO:0009295	nucleoid	0.02048533436205455	True	"""The region of a virus, bacterial cell, mitochondrion or chloroplast to which the nucleic acid is confined."" [GOC:bm, GOC:ma, ISBN:3540076689]"	62	1869	13	20029	0.006955591225254147	0.20967741935483872	query_1	['GO:0110165']	16hr_60S_down	1.6885569430894003
GO:CC	GO:0042646	plastid nucleoid	0.023412160282679433	True	"""The region of a plastid to which the DNA is confined."" [GOC:jl]"	56	1869	12	20029	0.006420545746388443	0.21428571428571427	query_1	['GO:0009295', 'GO:0009532', 'GO:0043232']	16hr_60S_down	1.6305585113114474
GO:CC	GO:0098572	stromal side of plastid thylakoid membrane	0.03352116209082578	True	"""The side (leaflet) of the plastid thylakoid membrane that faces the stroma, and any proteins embedded in it or loosely bound to its surface."" [GOC:dos]"	5	1869	3	20029	0.0016051364365971107	0.6	query_1	['GO:0055035', 'GO:0098552']	16hr_60S_down	1.474680933929444
GO:CC	GO:0005840	ribosome	0.034678777691864296	True	"""An intracellular organelle, about 200 A in diameter, consisting of RNA and protein. It is the site of protein biosynthesis resulting from translation of messenger RNA (mRNA). It consists of two subunits, one large and one small, each containing only protein and RNA. Both the ribosome and its subunits are characterized by their sedimentation coefficients, expressed in Svedberg units (symbol: S). Hence, the prokaryotic ribosome (70S) comprises a large (50S) subunit and a small (30S) subunit, while the eukaryotic ribosome (80S) comprises a large (60S) subunit and a small (40S) subunit. Two sites on the ribosomal large subunit are involved in translation, namely the aminoacyl site (A site) and peptidyl site (P site). Ribosomes from prokaryotes, eukaryotes, mitochondria, and chloroplasts have characteristically distinct ribosomal proteins."" [ISBN:0198506732]"	533	1869	67	20029	0.03584804708400214	0.12570356472795496	query_1	['GO:0043232']	16hr_60S_down	1.4599362183190565
GO:CC	GO:0031984	organelle subcompartment	0.036459229146075314	True	"""A compartment that consists of a lumen and an enclosing membrane, and is part of an organelle."" [GOC:mah, GOC:pz]"	884	1869	104	20029	0.05564472980203317	0.11764705882352941	query_1	['GO:0043227', 'GO:0043229', 'GO:0110165']	16hr_60S_down	1.4381925178298332
GO:CC	GO:1990204	oxidoreductase complex	0.03843692654000086	True	"""Any protein complex that possesses oxidoreductase activity."" [GOC:bhm, PMID:18982432]"	82	1869	15	20029	0.008025682182985553	0.18292682926829268	query_1	['GO:1902494']	16hr_60S_down	1.4152513462917877
GO:CC	GO:0000312	plastid small ribosomal subunit	0.03921422984006925	True	"""The smaller of the two subunits of a plastid ribosome."" [GOC:mcc]"	2	1869	2	20029	0.001070090957731407	1.0	query_1	['GO:0000314', 'GO:0009547']	16hr_60S_down	1.4065563100302163
GO:CC	GO:0005950	anthranilate synthase complex	0.03921422984006925	True	"""A heterotetrameric enzyme complex made up of two components I and two components II. Catalyzes the formation of anthranilate, pyruvate and L-glutamate from chorismate and L-glutamine."" [PMID:4886290]"	2	1869	2	20029	0.001070090957731407	1.0	query_1	['GO:0005737', 'GO:1902494']	16hr_60S_down	1.4065563100302163
GO:CC	GO:0015935	small ribosomal subunit	0.0404779249493544	True	"""The smaller of the two subunits of a ribosome."" [GOC:mah]"	114	1869	19	20029	0.010165864098448368	0.16666666666666666	query_1	['GO:0044391']	16hr_60S_down	1.3927817591658778
GO:CC	GO:0070013	intracellular organelle lumen	0.02084964189574564	True	"""An organelle lumen that is part of an intracellular organelle."" [GOC:mah]"	1245	58	11	20029	0.1896551724137931	0.008835341365461847	query_1	['GO:0043229', 'GO:0043233']	Bulked_Monosome_down	1.6809013998766602
GO:CC	GO:0043233	organelle lumen	0.02084964189574564	True	"""The internal volume enclosed by the membranes of a particular organelle; includes the volume enclosed by a single organelle membrane, e.g. endoplasmic reticulum lumen, or the volume enclosed by the innermost of the two lipid bilayers of an organelle envelope, e.g. nuclear lumen."" [GOC:jl, GOC:mah]"	1245	58	11	20029	0.1896551724137931	0.008835341365461847	query_1	['GO:0031974', 'GO:0043226']	Bulked_Monosome_down	1.6809013998766602
GO:CC	GO:0005730	nucleolus	0.02084964189574564	True	"""A small, dense body one or more of which are present in the nucleus of eukaryotic cells. It is rich in RNA and protein, is not bounded by a limiting membrane, and is not seen during mitosis. Its prime function is the transcription of the nucleolar DNA into 45S ribosomal-precursor RNA, the processing of this RNA into 5.8S, 18S, and 28S components of ribosomal RNA, and the association of these components with 5S RNA and proteins synthesized outside the nucleolus. This association results in the formation of ribonucleoprotein precursors; these pass into the cytoplasm and mature into the 40S and 60S subunits of the ribosome."" [ISBN:0198506732]"	701	58	8	20029	0.13793103448275862	0.011412268188302425	query_1	['GO:0031981', 'GO:0043232']	Bulked_Monosome_down	1.6809013998766602
GO:CC	GO:0031981	nuclear lumen	0.02084964189574564	True	"""The volume enclosed by the nuclear inner membrane."" [GOC:mah, GOC:pz]"	1054	58	11	20029	0.1896551724137931	0.010436432637571158	query_1	['GO:0005634', 'GO:0070013']	Bulked_Monosome_down	1.6809013998766602
GO:CC	GO:0031974	membrane-enclosed lumen	0.02084964189574564	True	"""The enclosed volume within a sealed membrane or between two sealed membranes. Encompasses the volume enclosed by the membranes of a particular organelle, e.g. endoplasmic reticulum lumen, or the space between the two lipid bilayers of a double membrane surrounding an organelle, e.g. nuclear envelope lumen."" [GOC:add, GOC:mah]"	1245	58	11	20029	0.1896551724137931	0.008835341365461847	query_1	['GO:0110165']	Bulked_Monosome_down	1.6809013998766602
GO:CC	GO:0000151	ubiquitin ligase complex	0.026315775899805865	True	"""A protein complex that includes a ubiquitin-protein ligase and enables ubiquitin protein ligase activity. The complex also contains other proteins that may confer substrate specificity on the complex."" [GOC:jh2, PMID:9529603]"	171	58	4	20029	0.06896551724137931	0.023391812865497075	query_1	['GO:0140535', 'GO:1990234']	Bulked_Monosome_down	1.5797838206291654
GO:CC	GO:0005783	endoplasmic reticulum	0.026315775899805865	True	"""The irregular network of unit membranes, visible only by electron microscopy, that occurs in the cytoplasm of many eukaryotic cells. The membranes form a complex meshwork of tubular channels, which are often expanded into slitlike cavities called cisternae. The ER takes two forms, rough (or granular), with ribosomes adhering to the outer surface, and smooth (with no ribosomes attached)."" [ISBN:0198506732]"	1149	58	10	20029	0.1724137931034483	0.008703220191470844	query_1	['GO:0005737', 'GO:0012505', 'GO:0043231']	Bulked_Monosome_down	1.5797838206291654
GO:CC	GO:0080008	Cul4-RING E3 ubiquitin ligase complex	0.0313272900624205	True	"""A ubiquitin ligase complex in which a cullin from the Cul4 family and a RING domain protein form the catalytic core; substrate specificity is conferred by an adaptor protein."" [PMID:16792691, PMID:18223036, PMID:18552200]"	88	58	3	20029	0.05172413793103448	0.03409090909090909	query_1	['GO:0031461']	Bulked_Monosome_down	1.5040771717266381
GO:CC	GO:0012505	endomembrane system	0.03185776042106883	True	"""A collection of membranous structures involved in transport within the cell. The main components of the endomembrane system are endoplasmic reticulum, Golgi bodies, vesicles, cell membrane and nuclear envelope. Members of the endomembrane system pass materials through each other or though the use of vesicles."" [GOC:lh]"	2364	58	15	20029	0.25862068965517243	0.006345177664974619	query_1	['GO:0110165']	Bulked_Monosome_down	1.496784758069057
GO:CC	GO:1902494	catalytic complex	0.040207336501372634	True	"""A protein complex which is capable of catalytic activity."" [GOC:bhm, GOC:TermGenie, PMID:8077207]"	869	58	8	20029	0.13793103448275862	0.009205983889528193	query_1	['GO:0032991']	Bulked_Monosome_down	1.3956946953892366
GO:CC	GO:0005737	cytoplasm	0.04692788397037992	True	"""The contents of a cell excluding the plasma membrane and nucleus, but including other subcellular structures."" [ISBN:0198547684]"	9524	58	38	20029	0.6551724137931034	0.003989920201595968	query_1	['GO:0005622', 'GO:0110165']	Bulked_Monosome_down	1.3285690281592535
GO:CC	GO:0005950	anthranilate synthase complex	0.047402979231052994	True	"""A heterotetrameric enzyme complex made up of two components I and two components II. Catalyzes the formation of anthranilate, pyruvate and L-glutamate from chorismate and L-glutamine."" [PMID:4886290]"	2	58	1	20029	0.017241379310344827	0.5	query_1	['GO:0005737', 'GO:1902494']	Bulked_Monosome_down	1.3241943624831567
GO:CC	GO:0032991	protein-containing complex	0.047402979231052994	True	"""A stable assembly of two or more macromolecules, i.e. proteins, nucleic acids, carbohydrates or lipids, in which at least one component is a protein and the constituent parts function together."" [GOC:dos, GOC:mah]"	2580	58	15	20029	0.25862068965517243	0.005813953488372093	query_1	['GO:0005575']	Bulked_Monosome_down	1.3241943624831567
GO:CC	GO:0005618	cell wall	0.047402979231052994	True	"""The rigid or semi-rigid envelope lying outside the cell membrane of plant, fungal, most prokaryotic cells and some protozoan parasites, maintaining their shape and protecting them from osmotic lysis. In plants it is made of cellulose and, often, lignin; in fungi it is composed largely of polysaccharides; in bacteria it is composed of peptidoglycan; in protozoan parasites such as Giardia species, it's made of carbohydrates and proteins."" [GOC:giardia, ISBN:0198547684, PMID:15134259, Wikipedia:Microbial_cyst]"	401	58	5	20029	0.08620689655172414	0.012468827930174564	query_1	['GO:0030312']	Bulked_Monosome_down	1.3241943624831567
GO:CC	GO:0022625	cytosolic large ribosomal subunit	0.047402979231052994	True	"""The large subunit of a ribosome located in the cytosol."" [GOC:mtg_sensu]"	121	58	3	20029	0.05172413793103448	0.024793388429752067	query_1	['GO:0015934', 'GO:0022626']	Bulked_Monosome_down	1.3241943624831567
GO:CC	GO:0009570	chloroplast stroma	1.2794897795947578e-51	True	"""The space enclosed by the double membrane of a chloroplast but excluding the thylakoid space. It contains DNA, ribosomes and some temporary products of photosynthesis."" [ISBN:0198547684]"	762	210	76	20029	0.3619047619047619	0.09973753280839895	query_1	['GO:0009507', 'GO:0009532']	16hr_Monosome_down	50.89296317885325
GO:CC	GO:0009532	plastid stroma	1.2794897795947578e-51	True	"""The proteinaceous ground substance of plastids."" [ISBN:0943088399]"	769	210	76	20029	0.3619047619047619	0.0988296488946684	query_1	['GO:0009536', 'GO:0110165']	16hr_Monosome_down	50.89296317885325
GO:CC	GO:0009507	chloroplast	1.9784586935695383e-50	True	"""A chlorophyll-containing plastid with thylakoids organized into grana and frets, or stroma thylakoids, and embedded in a stroma."" [ISBN:0471245208]"	2351	210	115	20029	0.5476190476190477	0.04891535516801361	query_1	['GO:0009536']	16hr_Monosome_down	49.70367301254078
GO:CC	GO:0009536	plastid	4.22186480240461e-49	True	"""Any member of a family of organelles found in the cytoplasm of plants and some protists, which are membrane-bounded and contain DNA. Plant plastids develop from a common type, the proplastid."" [GOC:jl, ISBN:0198547684]"	2856	210	123	20029	0.5857142857142857	0.0430672268907563	query_1	['GO:0005737', 'GO:0043231']	16hr_Monosome_down	48.37449567830211
GO:CC	GO:0005737	cytoplasm	2.3926337500110617e-31	True	"""The contents of a cell excluding the plasma membrane and nucleus, but including other subcellular structures."" [ISBN:0198547684]"	9524	210	182	20029	0.8666666666666667	0.019109617807643847	query_1	['GO:0005622', 'GO:0110165']	16hr_Monosome_down	30.621123775487096
GO:CC	GO:0009941	chloroplast envelope	2.1358149468423704e-17	True	"""The double lipid bilayer enclosing the chloroplast and separating its contents from the rest of the cytoplasm; includes the intermembrane space."" [GOC:tb]"	692	210	40	20029	0.19047619047619047	0.057803468208092484	query_1	['GO:0009507', 'GO:0009526']	16hr_Monosome_down	16.670436378538028
GO:CC	GO:0009526	plastid envelope	4.710392831447328e-15	True	"""The double lipid bilayer enclosing a plastid and separating its contents from the rest of the cytoplasm; includes the intermembrane space."" [GOC:jy]"	988	210	44	20029	0.20952380952380953	0.044534412955465584	query_1	['GO:0009536', 'GO:0031967']	16hr_Monosome_down	14.32694287261298
GO:CC	GO:0005829	cytosol	9.131926156040672e-15	True	"""The part of the cytoplasm that does not contain organelles but which does contain other particulate matter, such as protein complexes."" [GOC:hjd, GOC:jl]"	2420	210	70	20029	0.3333333333333333	0.028925619834710745	query_1	['GO:0005737', 'GO:0110165']	16hr_Monosome_down	14.03943760902518
GO:CC	GO:0009579	thylakoid	1.185497047943937e-14	True	"""A membranous cellular structure that bears the photosynthetic pigments in plants, algae, and cyanobacteria. In cyanobacteria thylakoids are of various shapes and are attached to, or continuous with, the plasma membrane. In eukaryotes they are flattened, membrane-bounded disk-like structures located in the chloroplasts; in the chloroplasts of higher plants the thylakoids form dense stacks called grana. Isolated thylakoid preparations can carry out photosynthetic electron transport and the associated phosphorylation."" [GOC:ds, GOC:mtg_sensu, ISBN:0198506732]"	596	210	34	20029	0.1619047619047619	0.05704697986577181	query_1	['GO:0043232']	16hr_Monosome_down	13.926099523139403
GO:CC	GO:0005622	intracellular anatomical structure	7.087760391739489e-13	True	"""A component of a cell contained within (but not including) the plasma membrane. In eukaryotes it includes the nucleus and cytoplasm."" [ISBN:0198506732]"	13505	210	188	20029	0.8952380952380953	0.013920770085153647	query_1	['GO:0110165']	16hr_Monosome_down	12.149490972597341
GO:CC	GO:0043231	intracellular membrane-bounded organelle	3.211003520407927e-12	True	"""Organized structure of distinctive morphology and function, bounded by a single or double lipid bilayer membrane and occurring within the cell. Includes the nucleus, mitochondria, plastids, vacuoles, and vesicles. Excludes the plasma membrane."" [GOC:go_curators]"	11808	210	173	20029	0.8238095238095238	0.014651084010840108	query_1	['GO:0043227', 'GO:0043229']	16hr_Monosome_down	11.493359218291205
GO:CC	GO:0043227	membrane-bounded organelle	3.436307497172811e-12	True	"""Organized structure of distinctive morphology and function, bounded by a single or double lipid bilayer membrane. Includes the nucleus, mitochondria, plastids, vacuoles, and vesicles. Excludes the plasma membrane."" [GOC:go_curators]"	11823	210	173	20029	0.8238095238095238	0.014632495982407172	query_1	['GO:0043226']	16hr_Monosome_down	11.463907980361725
GO:CC	GO:0043229	intracellular organelle	4.2026372688595886e-11	True	"""Organized structure of distinctive morphology and function, occurring within the cell. Includes the nucleus, mitochondria, plastids, vacuoles, vesicles, ribosomes and the cytoskeleton. Excludes the plasma membrane."" [GOC:go_curators]"	12312	210	175	20029	0.8333333333333334	0.014213775178687459	query_1	['GO:0005622', 'GO:0043226']	16hr_Monosome_down	10.376478092490595
GO:CC	GO:0043226	organelle	4.479522045655596e-11	True	"""Organized structure of distinctive morphology and function. Includes the nucleus, mitochondria, plastids, vacuoles, vesicles, ribosomes and the cytoskeleton, and prokaryotic structures such as anammoxosomes and pirellulosomes. Excludes the plasma membrane."" [GOC:go_curators]"	12326	210	175	20029	0.8333333333333334	0.01419763102385202	query_1	['GO:0110165']	16hr_Monosome_down	10.348768321717872
GO:CC	GO:0031967	organelle envelope	9.605859543741793e-11	True	"""A double membrane structure enclosing an organelle, including two lipid bilayers and the region between them. In some cases, an organelle envelope may have more than two membranes."" [GOC:mah, GOC:pz]"	1452	210	46	20029	0.21904761904761905	0.03168044077134986	query_1	['GO:0043227', 'GO:0043229', 'GO:0110165']	16hr_Monosome_down	10.017463767876512
GO:CC	GO:0009534	chloroplast thylakoid	5.775633366970186e-08	True	"""Sac-like membranous structures (cisternae) in a chloroplast combined into stacks (grana) and present singly in the stroma (stroma thylakoids or frets) as interconnections between grana. An example of this component is found in Arabidopsis thaliana."" [GOC:mtg_sensu, ISBN:0943088399]"	517	210	23	20029	0.10952380952380952	0.04448742746615087	query_1	['GO:0009507', 'GO:0031976']	16hr_Monosome_down	7.23840038326311
GO:CC	GO:0031976	plastid thylakoid	5.844573277079746e-08	True	"""Any thylakoid within a plastid."" [GOC:pz]"	519	210	23	20029	0.10952380952380952	0.04431599229287091	query_1	['GO:0009536', 'GO:0009579']	16hr_Monosome_down	7.233247191974306
GO:CC	GO:0048046	apoplast	2.0688896654420346e-06	True	"""The cell membranes and intracellular regions in a plant are connected through plasmodesmata, and plants may be described as having two major compartments: the living symplast and the non-living apoplast. The apoplast is external to the plasma membrane and includes cell walls, intercellular spaces and the lumen of dead structures such as xylem vessels. Water and solutes pass freely through it."" [GOC:jid]"	489	210	20	20029	0.09523809523809523	0.0408997955010225	query_1	['GO:0005576']	16hr_Monosome_down	5.6842626697825
GO:CC	GO:0110165	cellular anatomical structure	7.705850875530996e-06	True	"""A part of a cellular organism consisting of a material entity with granularity above the level of a protein complex but below that of an anatomical system. Note that cellular organisms exclude viruses."" [GOC:kmv]"	18497	210	209	20029	0.9952380952380953	0.011299129588581933	query_1	['GO:0005575']	16hr_Monosome_down	5.113179399756013
GO:CC	GO:0010319	stromule	2.3584971854629633e-05	True	"""Thin filamentous structure extending from the surface of all plastid types examined so far, including chloroplast, proplastid, etioplast, leucoplast, amyloplast, and chromoplast. In general, stromules are more abundant in tissues containing non-green plastids, and in cells containing smaller plastids. The primary function of stromules is still unresolved, although the presence of stromules markedly increases the plastid surface area, potentially increasing transport to and from the cytosol. Other functions of stromules, such as transfer of macromolecules between plastids and starch granule formation in cereal endosperm, may be restricted to particular tissues and cell types."" [PMID:15272881, PMID:15699062, PMID:16582010]"	39	210	6	20029	0.02857142857142857	0.15384615384615385	query_1	['GO:0009526', 'GO:0110165']	16hr_Monosome_down	4.627364637687787
GO:CC	GO:0034357	photosynthetic membrane	0.0001340927788152016	True	"""A membrane enriched in complexes formed of reaction centers, accessory pigments and electron carriers, in which photosynthetic reactions take place."" [GOC:ds, GOC:mah]"	443	210	16	20029	0.0761904761904762	0.03611738148984198	query_1	['GO:0009579', 'GO:0016020']	16hr_Monosome_down	3.8725946092114336
GO:CC	GO:0042651	thylakoid membrane	0.0001340927788152016	True	"""The pigmented membrane of any thylakoid."" [GOC:jl, GOC:pr]"	442	210	16	20029	0.0761904761904762	0.03619909502262444	query_1	['GO:0034357']	16hr_Monosome_down	3.8725946092114336
GO:CC	GO:0042170	plastid membrane	0.0002020066740074454	True	"""Either of the lipid bilayers that surround a plastid and form the plastid envelope."" [GOC:mah]"	674	210	20	20029	0.09523809523809523	0.02967359050445104	query_1	['GO:0009526', 'GO:0031090']	16hr_Monosome_down	3.6946342818567213
GO:CC	GO:0009535	chloroplast thylakoid membrane	0.0002851220818655356	True	"""The pigmented membrane of a chloroplast thylakoid. An example of this component is found in Arabidopsis thaliana."" [GOC:lr, GOC:mtg_sensu]"	424	210	15	20029	0.07142857142857142	0.03537735849056604	query_1	['GO:0009534', 'GO:0031968', 'GO:0055035']	16hr_Monosome_down	3.5449691465594184
GO:CC	GO:0055035	plastid thylakoid membrane	0.00028873699539680214	True	"""The lipid bilayer membrane of any thylakoid within a plastid."" [GOC:jid, GOC:rph]"	426	210	15	20029	0.07142857142857142	0.035211267605633804	query_1	['GO:0031976', 'GO:0042170', 'GO:0042651']	16hr_Monosome_down	3.5394975671157103
GO:CC	GO:0097708	intracellular vesicle	0.0007069914613598441	True	"""Any vesicle that is part of the intracellular region."" [GOC:vesicles]"	747	210	20	20029	0.09523809523809523	0.02677376171352075	query_1	['GO:0031982', 'GO:0043231']	16hr_Monosome_down	3.1505858313327977
GO:CC	GO:0031410	cytoplasmic vesicle	0.0007069914613598441	True	"""A vesicle found in the cytoplasm of a cell."" [GOC:ai, GOC:mah, GOC:vesicles]"	745	210	20	20029	0.09523809523809523	0.026845637583892617	query_1	['GO:0005737', 'GO:0097708']	16hr_Monosome_down	3.1505858313327977
GO:CC	GO:0031982	vesicle	0.0010371942033987579	True	"""Any small, fluid-filled, spherical organelle enclosed by membrane."" [GOC:mah, GOC:pz, GOC:vesicles]"	771	210	20	20029	0.09523809523809523	0.02594033722438392	query_1	['GO:0043227']	16hr_Monosome_down	2.98413991905171
GO:CC	GO:0005960	glycine cleavage complex	0.0017534729845187112	True	"""A protein complex that catalyzes the reversible oxidation of glycine. In E. coli, it has four components: dihydrolipoamide dehydrogenase, glycine dehydrogenase (decarboxylating), lipoyl-GcvH-protein and aminomethyltransferase, also known as L, P, H, and T."" [GOC:mah]"	3	210	2	20029	0.009523809523809525	0.6666666666666666	query_1	['GO:1990204']	16hr_Monosome_down	2.756100920837415
GO:CC	GO:0005576	extracellular region	0.0021489785047215416	True	"""The space external to the outermost structure of a cell. For cells without external protective or external encapsulating structures this refers to space outside of the plasma membrane. This term covers the host cell environment outside an intracellular parasite."" [GOC:go_curators]"	1772	210	34	20029	0.1619047619047619	0.019187358916478554	query_1	['GO:0110165']	16hr_Monosome_down	2.6677679285418323
GO:CC	GO:0099503	secretory vesicle	0.0022076473853106047	True	"""A cytoplasmic, membrane bound vesicle that is capable of fusing to the plasma membrane to release its contents into the extracellular space."" [GOC:dos]"	170	210	8	20029	0.0380952380952381	0.047058823529411764	query_1	['GO:0031410']	16hr_Monosome_down	2.656070292737749
GO:CC	GO:0031968	organelle outer membrane	0.0031826037402970285	True	"""The outer, i.e. cytoplasm-facing in a cellular organelle, lipid bilayer of an organelle envelope."" [GOC:mah]"	546	210	15	20029	0.07142857142857142	0.027472527472527472	query_1	['GO:0019867', 'GO:0031967', 'GO:0098588']	16hr_Monosome_down	2.497217431160794
GO:CC	GO:0019867	outer membrane	0.0031826037402970285	True	"""The external membrane of Gram-negative bacteria or certain organelles such as mitochondria and chloroplasts; freely permeable to most ions and metabolites."" [GOC:go_curators]"	546	210	15	20029	0.07142857142857142	0.027472527472527472	query_1	['GO:0016020']	16hr_Monosome_down	2.497217431160794
GO:CC	GO:0005768	endosome	0.008244747737106881	True	"""A vacuole to which materials ingested by endocytosis are delivered."" [ISBN:0198506732, PMID:19696797]"	424	210	12	20029	0.05714285714285714	0.02830188679245283	query_1	['GO:0012505', 'GO:0031410']	16hr_Monosome_down	2.083822627837351
GO:CC	GO:0043232	intracellular membraneless organelle	0.009052294773469612	True	"""Organized structure of distinctive morphology and function, not bounded by a lipid bilayer membrane and occurring within the cell. Includes ribosomes, the cytoskeleton and chromosomes."" [GOC:go_curators]"	2568	210	42	20029	0.2	0.016355140186915886	query_1	['GO:0043228', 'GO:0043229']	16hr_Monosome_down	2.043241312383363
GO:CC	GO:0043228	membraneless organelle	0.009052294773469612	True	"""Organized structure of distinctive morphology and function, not bounded by a lipid bilayer membrane. Includes ribosomes, the cytoskeleton and chromosomes."" [GOC:go_curators]"	2568	210	42	20029	0.2	0.016355140186915886	query_1	['GO:0043226']	16hr_Monosome_down	2.043241312383363
GO:CC	GO:0005802	trans-Golgi network	0.009052294773469612	True	"""The network of interconnected tubular and cisternal structures located within the Golgi apparatus on the side distal to the endoplasmic reticulum, from which secretory vesicles emerge. The trans-Golgi network is important in the later stages of protein secretion where it is thought to play a key role in the sorting and targeting of secreted proteins to the correct destination."" [GOC:vw, ISBN:0815316194]"	268	210	9	20029	0.04285714285714286	0.033582089552238806	query_1	['GO:0098791']	16hr_Monosome_down	2.043241312383363
GO:CC	GO:0098791	Golgi apparatus subcompartment	0.021850019611817713	True	"""A compartment that consists of a lumen and an enclosing membrane, and is part of the Golgi apparatus."" [GOC:dos]"	365	210	10	20029	0.047619047619047616	0.0273972602739726	query_1	['GO:0005794', 'GO:0031984']	16hr_Monosome_down	1.660548168885761
GO:CC	GO:0005739	mitochondrion	0.029387556449552585	True	"""A semiautonomous, self replicating organelle that occurs in varying numbers, shapes, and sizes in the cytoplasm of virtually all eukaryotic cells. It is notably the site of tissue respiration."" [GOC:giardia, ISBN:0198506732]"	1720	210	29	20029	0.1380952380952381	0.01686046511627907	query_1	['GO:0005737', 'GO:0043231']	16hr_Monosome_down	1.5318365236447788
GO:CC	GO:0031977	thylakoid lumen	0.029747660066425177	True	"""The volume enclosed by a thylakoid membrane."" [GOC:mah, GOC:pz]"	74	210	4	20029	0.01904761904761905	0.05405405405405406	query_1	['GO:0009579', 'GO:0110165']	16hr_Monosome_down	1.5265471899423615
GO:CC	GO:0005788	endoplasmic reticulum lumen	0.032112126876807624	True	"""The volume enclosed by the membranes of the endoplasmic reticulum."" [ISBN:0198547684]"	40	210	3	20029	0.014285714285714285	0.075	query_1	['GO:0005783', 'GO:0070013']	16hr_Monosome_down	1.4933309289314347
GO:CC	GO:0009501	amyloplast	0.03809647286927193	True	"""A plastid whose main function is to synthesize and store starch."" [ISBN:0140514031]"	15	210	2	20029	0.009523809523809525	0.13333333333333333	query_1	['GO:0009536']	16hr_Monosome_down	1.4191152312619346
GO:CC	GO:0009930	longitudinal side of cell surface	0.03809647286927193	True	"""The side of the cell parallel to the zygotic axis."" [GOC:mtg_sensu, GOC:sm]"	1	210	1	20029	0.004761904761904762	1.0	query_1	['GO:0009986', 'GO:0110165']	16hr_Monosome_down	1.4191152312619346
GO:CC	GO:0042579	microbody	0.041009745532184116	True	"""Cytoplasmic organelles, spherical or oval in shape, that are bounded by a single membrane and contain oxidative enzymes, especially those utilizing hydrogen peroxide (H2O2)."" [ISBN:0198506732]"	350	210	9	20029	0.04285714285714286	0.025714285714285714	query_1	['GO:0005737', 'GO:0043231']	16hr_Monosome_down	1.3871129255262469
GO:CC	GO:0005777	peroxisome	0.041009745532184116	True	"""A small organelle enclosed by a single membrane, and found in most eukaryotic cells. Contains peroxidases and other enzymes involved in a variety of metabolic processes including free radical detoxification, lipid catabolism and biosynthesis, and hydrogen peroxide metabolism."" [GOC:pm, PMID:9302272, UniProtKB-KW:KW-0576]"	350	210	9	20029	0.04285714285714286	0.025714285714285714	query_1	['GO:0042579']	16hr_Monosome_down	1.3871129255262469
GO:CC	GO:0009706	chloroplast inner membrane	0.04683399213693597	True	"""The inner, i.e. lumen-facing, lipid bilayer of the chloroplast envelope; also faces the chloroplast stroma."" [GOC:tb]"	88	210	4	20029	0.01904761904761905	0.045454545454545456	query_1	['GO:0009528', 'GO:0031969']	16hr_Monosome_down	1.3294388213093769
GO:CC	GO:1990904	ribonucleoprotein complex	0.04793187347796349	True	"""A macromolecular complex that contains both RNA and protein molecules."" [GOC:krc, GOC:vesicles]"	831	210	16	20029	0.0761904761904762	0.019253910950661854	query_1	['GO:0032991']	16hr_Monosome_down	1.3193755957267557
GO:CC	GO:0009941	chloroplast envelope	0.0001693876706892952	True	"""The double lipid bilayer enclosing the chloroplast and separating its contents from the rest of the cytoplasm; includes the intermembrane space."" [GOC:tb]"	692	99	15	20029	0.15151515151515152	0.02167630057803468	query_1	['GO:0009507', 'GO:0009526']	4hr_Disome_down	3.7711182040789386
GO:CC	GO:0005737	cytoplasm	0.0001693876706892952	True	"""The contents of a cell excluding the plasma membrane and nucleus, but including other subcellular structures."" [ISBN:0198547684]"	9524	99	70	20029	0.7070707070707071	0.007349853002939942	query_1	['GO:0005622', 'GO:0110165']	4hr_Disome_down	3.7711182040789386
GO:CC	GO:0009536	plastid	0.0005203688036132343	True	"""Any member of a family of organelles found in the cytoplasm of plants and some protists, which are membrane-bounded and contain DNA. Plant plastids develop from a common type, the proplastid."" [GOC:jl, ISBN:0198547684]"	2856	99	31	20029	0.31313131313131315	0.010854341736694677	query_1	['GO:0005737', 'GO:0043231']	4hr_Disome_down	3.283688747515403
GO:CC	GO:0016020	membrane	0.0007194295924663931	True	"""A lipid bilayer along with all the proteins and protein complexes embedded in it and attached to it."" [GOC:dos, GOC:mah, ISBN:0815316194]"	8169	99	61	20029	0.6161616161616161	0.007467254253886645	query_1	['GO:0110165']	4hr_Disome_down	3.143011702213174
GO:CC	GO:0009526	plastid envelope	0.0007194295924663931	True	"""The double lipid bilayer enclosing a plastid and separating its contents from the rest of the cytoplasm; includes the intermembrane space."" [GOC:jy]"	988	99	16	20029	0.16161616161616163	0.016194331983805668	query_1	['GO:0009536', 'GO:0031967']	4hr_Disome_down	3.143011702213174
GO:CC	GO:0042170	plastid membrane	0.002800721390339983	True	"""Either of the lipid bilayers that surround a plastid and form the plastid envelope."" [GOC:mah]"	674	99	12	20029	0.12121212121212122	0.017804154302670624	query_1	['GO:0009526', 'GO:0031090']	4hr_Disome_down	2.5527300916962785
GO:CC	GO:0009579	thylakoid	0.0034329288067831763	True	"""A membranous cellular structure that bears the photosynthetic pigments in plants, algae, and cyanobacteria. In cyanobacteria thylakoids are of various shapes and are attached to, or continuous with, the plasma membrane. In eukaryotes they are flattened, membrane-bounded disk-like structures located in the chloroplasts; in the chloroplasts of higher plants the thylakoids form dense stacks called grana. Isolated thylakoid preparations can carry out photosynthetic electron transport and the associated phosphorylation."" [GOC:ds, GOC:mtg_sensu, ISBN:0198506732]"	596	99	11	20029	0.1111111111111111	0.018456375838926176	query_1	['GO:0043232']	4hr_Disome_down	2.4643352030239485
GO:CC	GO:0005829	cytosol	0.003768849415866769	True	"""The part of the cytoplasm that does not contain organelles but which does contain other particulate matter, such as protein complexes."" [GOC:hjd, GOC:jl]"	2420	99	25	20029	0.25252525252525254	0.010330578512396695	query_1	['GO:0005737', 'GO:0110165']	4hr_Disome_down	2.423791214411523
GO:CC	GO:0031967	organelle envelope	0.003768849415866769	True	"""A double membrane structure enclosing an organelle, including two lipid bilayers and the region between them. In some cases, an organelle envelope may have more than two membranes."" [GOC:mah, GOC:pz]"	1452	99	18	20029	0.18181818181818182	0.012396694214876033	query_1	['GO:0043227', 'GO:0043229', 'GO:0110165']	4hr_Disome_down	2.423791214411523
GO:CC	GO:0009507	chloroplast	0.004327377123372075	True	"""A chlorophyll-containing plastid with thylakoids organized into grana and frets, or stroma thylakoids, and embedded in a stroma."" [ISBN:0471245208]"	2351	99	24	20029	0.24242424242424243	0.010208421948107189	query_1	['GO:0009536']	4hr_Disome_down	2.3637752551450246
GO:CC	GO:0009532	plastid stroma	0.004327377123372075	True	"""The proteinaceous ground substance of plastids."" [ISBN:0943088399]"	769	99	12	20029	0.12121212121212122	0.015604681404421327	query_1	['GO:0009536', 'GO:0110165']	4hr_Disome_down	2.3637752551450246
GO:CC	GO:0110165	cellular anatomical structure	0.004327377123372075	True	"""A part of a cellular organism consisting of a material entity with granularity above the level of a protein complex but below that of an anatomical system. Note that cellular organisms exclude viruses."" [GOC:kmv]"	18497	99	99	20029	1.0	0.005352219278801968	query_1	['GO:0005575']	4hr_Disome_down	2.3637752551450246
GO:CC	GO:0009570	chloroplast stroma	0.004327377123372075	True	"""The space enclosed by the double membrane of a chloroplast but excluding the thylakoid space. It contains DNA, ribosomes and some temporary products of photosynthesis."" [ISBN:0198547684]"	762	99	12	20029	0.12121212121212122	0.015748031496062992	query_1	['GO:0009507', 'GO:0009532']	4hr_Disome_down	2.3637752551450246
GO:CC	GO:0031969	chloroplast membrane	0.004851556571557258	True	"""Either of the lipid bilayers that surround a chloroplast and form the chloroplast envelope."" [GOC:mah, GOC:pz]"	281	99	7	20029	0.0707070707070707	0.02491103202846975	query_1	['GO:0009941', 'GO:0042170']	4hr_Disome_down	2.314118900164553
GO:CC	GO:0010319	stromule	0.008655551287612806	True	"""Thin filamentous structure extending from the surface of all plastid types examined so far, including chloroplast, proplastid, etioplast, leucoplast, amyloplast, and chromoplast. In general, stromules are more abundant in tissues containing non-green plastids, and in cells containing smaller plastids. The primary function of stromules is still unresolved, although the presence of stromules markedly increases the plastid surface area, potentially increasing transport to and from the cytosol. Other functions of stromules, such as transfer of macromolecules between plastids and starch granule formation in cereal endosperm, may be restricted to particular tissues and cell types."" [PMID:15272881, PMID:15699062, PMID:16582010]"	39	99	3	20029	0.030303030303030304	0.07692307692307693	query_1	['GO:0009526', 'GO:0110165']	4hr_Disome_down	2.062705265911818
GO:CC	GO:0031090	organelle membrane	0.011607176904427668	True	"""A membrane that is one of the two lipid bilayers of an organelle envelope or the outermost membrane of single membrane bound organelle."" [GOC:dos, GOC:mah]"	2413	99	23	20029	0.23232323232323232	0.009531703273932863	query_1	['GO:0016020', 'GO:0043227']	4hr_Disome_down	1.9352733964472388
GO:CC	GO:0005622	intracellular anatomical structure	0.017799199644085714	True	"""A component of a cell contained within (but not including) the plasma membrane. In eukaryotes it includes the nucleus and cytoplasm."" [ISBN:0198506732]"	13505	99	80	20029	0.8080808080808081	0.005923731951129212	query_1	['GO:0110165']	4hr_Disome_down	1.7495995256670531
GO:CC	GO:0005886	plasma membrane	0.018688904159444658	True	"""The membrane surrounding a cell that separates the cell from its external environment. It consists of a phospholipid bilayer and associated proteins."" [ISBN:0716731363]"	2524	99	23	20029	0.23232323232323232	0.009112519809825673	query_1	['GO:0016020', 'GO:0071944']	4hr_Disome_down	1.7284161631187005
GO:CC	GO:0031985	Golgi cisterna	0.02448646197873514	True	"""Any of the thin, flattened membrane-bounded compartments that form the central portion of the Golgi complex."" [GOC:mah]"	203	99	5	20029	0.050505050505050504	0.024630541871921183	query_1	['GO:0005795', 'GO:0098791']	4hr_Disome_down	1.6110739610620368
GO:CC	GO:0005795	Golgi stack	0.028532778108978914	True	"""The set of thin, flattened membrane-bounded compartments, called cisternae, that form the central portion of the Golgi complex. The stack usually comprises cis, medial, and trans cisternae; the cis- and trans-Golgi networks are not considered part of the stack."" [GOC:mah, ISBN:0815316194]"	213	99	5	20029	0.050505050505050504	0.023474178403755867	query_1	['GO:0098791']	4hr_Disome_down	1.5446559409730967
GO:CC	GO:0000325	plant-type vacuole	0.03861434404527196	True	"""A closed structure that is completely surrounded by a unit membrane, contains liquid, and retains the same shape regardless of cell cycle phase. An example of this structure is found in Arabidopsis thaliana."" [GOC:mtg_sensu, ISBN:0815316208]"	794	99	10	20029	0.10101010101010101	0.012594458438287154	query_1	['GO:0005773']	4hr_Disome_down	1.413251338268013
GO:CC	GO:0043232	intracellular membraneless organelle	0.0389191704880049	True	"""Organized structure of distinctive morphology and function, not bounded by a lipid bilayer membrane and occurring within the cell. Includes ribosomes, the cytoskeleton and chromosomes."" [GOC:go_curators]"	2568	99	22	20029	0.2222222222222222	0.008566978193146417	query_1	['GO:0043228', 'GO:0043229']	4hr_Disome_down	1.4098364247325983
GO:CC	GO:0043228	membraneless organelle	0.0389191704880049	True	"""Organized structure of distinctive morphology and function, not bounded by a lipid bilayer membrane. Includes ribosomes, the cytoskeleton and chromosomes."" [GOC:go_curators]"	2568	99	22	20029	0.2222222222222222	0.008566978193146417	query_1	['GO:0043226']	4hr_Disome_down	1.4098364247325983
GO:CC	GO:0043229	intracellular organelle	0.039678253501640656	True	"""Organized structure of distinctive morphology and function, occurring within the cell. Includes the nucleus, mitochondria, plastids, vacuoles, vesicles, ribosomes and the cytoskeleton. Excludes the plasma membrane."" [GOC:go_curators]"	12312	99	73	20029	0.7373737373737373	0.005929174788823911	query_1	['GO:0005622', 'GO:0043226']	4hr_Disome_down	1.4014474522258482
GO:CC	GO:0043226	organelle	0.039678253501640656	True	"""Organized structure of distinctive morphology and function. Includes the nucleus, mitochondria, plastids, vacuoles, vesicles, ribosomes and the cytoskeleton, and prokaryotic structures such as anammoxosomes and pirellulosomes. Excludes the plasma membrane."" [GOC:go_curators]"	12326	99	73	20029	0.7373737373737373	0.0059224403699496995	query_1	['GO:0110165']	4hr_Disome_down	1.4014474522258482
GO:CC	GO:0061617	MICOS complex	0.044710460870792154	True	"""Mitochondrial inner membrane complex involved in maintenance of crista junctions, inner membrane architecture, and formation of contact sites to the outer membrane. In Saccharomyces cerevisiae the complex has six subunits: MIC10, MIC12, MIC19, MIC26, MIC27, and MIC60."" [GOC:dph, PMID:21944719, PMID:21987634, PMID:22009199, PMID:24687277]"	2	99	1	20029	0.010101010101010102	0.5	query_1	['GO:0098800']	4hr_Disome_down	1.349590853446432
GO:CC	GO:0000138	Golgi trans cisterna	0.044710460870792154	True	"""The Golgi cisterna farthest from the endoplasmic reticulum; the final processing compartment through which proteins pass before exiting the Golgi apparatus; the compartment in which N-linked protein glycosylation is completed."" [ISBN:0815316194]"	85	99	3	20029	0.030303030303030304	0.03529411764705882	query_1	['GO:0031985']	4hr_Disome_down	1.349590853446432
GO:CC	GO:0005851	eukaryotic translation initiation factor 2B complex	0.044710460870792154	True	"""A multisubunit guanine nucleotide exchange factor which catalyzes the exchange of GDP bound to initiation factor eIF2 for GTP, generating active eIF2-GTP. In humans, it is composed of five subunits, alpha, beta, delta, gamma and epsilon."" [PMID:9438375]"	2	99	1	20029	0.010101010101010102	0.5	query_1	['GO:0005737', 'GO:0032045']	4hr_Disome_down	1.349590853446432
GO:CC	GO:0009528	plastid inner membrane	0.044710460870792154	True	"""The inner, i.e. lumen-facing, lipid bilayer of the plastid envelope; also faces the plastid stroma."" [GOC:lr]"	91	99	3	20029	0.030303030303030304	0.03296703296703297	query_1	['GO:0019866', 'GO:0042170']	4hr_Disome_down	1.349590853446432
GO:CC	GO:0009706	chloroplast inner membrane	0.044710460870792154	True	"""The inner, i.e. lumen-facing, lipid bilayer of the chloroplast envelope; also faces the chloroplast stroma."" [GOC:tb]"	88	99	3	20029	0.030303030303030304	0.03409090909090909	query_1	['GO:0009528', 'GO:0031969']	4hr_Disome_down	1.349590853446432
GO:CC	GO:0043227	membrane-bounded organelle	0.044710460870792154	True	"""Organized structure of distinctive morphology and function, bounded by a single or double lipid bilayer membrane. Includes the nucleus, mitochondria, plastids, vacuoles, and vesicles. Excludes the plasma membrane."" [GOC:go_curators]"	11823	99	70	20029	0.7070707070707071	0.005920663114268798	query_1	['GO:0043226']	4hr_Disome_down	1.349590853446432
GO:CC	GO:0043231	intracellular membrane-bounded organelle	0.044710460870792154	True	"""Organized structure of distinctive morphology and function, bounded by a single or double lipid bilayer membrane and occurring within the cell. Includes the nucleus, mitochondria, plastids, vacuoles, and vesicles. Excludes the plasma membrane."" [GOC:go_curators]"	11808	99	70	20029	0.7070707070707071	0.005928184281842819	query_1	['GO:0043227', 'GO:0043229']	4hr_Disome_down	1.349590853446432
GO:CC	GO:0110067	ammonium transmembrane transporter complex	0.044710460870792154	True	"""High affinity ammonium transporter complex that enables the transfer of ammonium from one side of a membrane to the other."" [GOC:bhm, PMID:17026539, PMID:23463773]"	2	99	1	20029	0.010101010101010102	0.5	query_1	['GO:1902495']	4hr_Disome_down	1.349590853446432
GO:CC	GO:0005737	cytoplasm	0.0003779702237282292	True	"""The contents of a cell excluding the plasma membrane and nucleus, but including other subcellular structures."" [ISBN:0198547684]"	9524	66	50	20029	0.7575757575757576	0.005249895002099958	query_1	['GO:0005622', 'GO:0110165']	Bulked_Disome_down	3.4225424122788675
GO:CC	GO:0043228	membraneless organelle	0.0004782602379546114	True	"""Organized structure of distinctive morphology and function, not bounded by a lipid bilayer membrane. Includes ribosomes, the cytoskeleton and chromosomes."" [GOC:go_curators]"	2568	66	22	20029	0.3333333333333333	0.008566978193146417	query_1	['GO:0043226']	Bulked_Disome_down	3.3203357244065668
GO:CC	GO:0043232	intracellular membraneless organelle	0.0004782602379546114	True	"""Organized structure of distinctive morphology and function, not bounded by a lipid bilayer membrane and occurring within the cell. Includes ribosomes, the cytoskeleton and chromosomes."" [GOC:go_curators]"	2568	66	22	20029	0.3333333333333333	0.008566978193146417	query_1	['GO:0043228', 'GO:0043229']	Bulked_Disome_down	3.3203357244065668
GO:CC	GO:0005840	ribosome	0.0004782602379546114	True	"""An intracellular organelle, about 200 A in diameter, consisting of RNA and protein. It is the site of protein biosynthesis resulting from translation of messenger RNA (mRNA). It consists of two subunits, one large and one small, each containing only protein and RNA. Both the ribosome and its subunits are characterized by their sedimentation coefficients, expressed in Svedberg units (symbol: S). Hence, the prokaryotic ribosome (70S) comprises a large (50S) subunit and a small (30S) subunit, while the eukaryotic ribosome (80S) comprises a large (60S) subunit and a small (40S) subunit. Two sites on the ribosomal large subunit are involved in translation, namely the aminoacyl site (A site) and peptidyl site (P site). Ribosomes from prokaryotes, eukaryotes, mitochondria, and chloroplasts have characteristically distinct ribosomal proteins."" [ISBN:0198506732]"	533	66	10	20029	0.15151515151515152	0.01876172607879925	query_1	['GO:0043232']	Bulked_Disome_down	3.3203357244065668
GO:CC	GO:0022625	cytosolic large ribosomal subunit	0.0013804778823957226	True	"""The large subunit of a ribosome located in the cytosol."" [GOC:mtg_sensu]"	121	66	5	20029	0.07575757575757576	0.04132231404958678	query_1	['GO:0015934', 'GO:0022626']	Bulked_Disome_down	2.8599705471054415
GO:CC	GO:0031090	organelle membrane	0.0014669624475819193	True	"""A membrane that is one of the two lipid bilayers of an organelle envelope or the outermost membrane of single membrane bound organelle."" [GOC:dos, GOC:mah]"	2413	66	20	20029	0.30303030303030304	0.008288437629506838	query_1	['GO:0016020', 'GO:0043227']	Bulked_Disome_down	2.8335810034141784
GO:CC	GO:1990904	ribonucleoprotein complex	0.001563044620015987	True	"""A macromolecular complex that contains both RNA and protein molecules."" [GOC:krc, GOC:vesicles]"	831	66	11	20029	0.16666666666666666	0.013237063778580024	query_1	['GO:0032991']	Bulked_Disome_down	2.806028624060065
GO:CC	GO:0015934	large ribosomal subunit	0.0022403335947103636	True	"""The larger of the two subunits of a ribosome. Two sites on the ribosomal large subunit are involved in translation, namely the aminoacyl site (A site) and peptidyl site (P site)."" [ISBN:0198506732]"	148	66	5	20029	0.07575757575757576	0.033783783783783786	query_1	['GO:0044391']	Bulked_Disome_down	2.6496873086502646
GO:CC	GO:0032991	protein-containing complex	0.0024958012463268883	True	"""A stable assembly of two or more macromolecules, i.e. proteins, nucleic acids, carbohydrates or lipids, in which at least one component is a protein and the constituent parts function together."" [GOC:dos, GOC:mah]"	2580	66	20	20029	0.30303030303030304	0.007751937984496124	query_1	['GO:0005575']	Bulked_Disome_down	2.602790002747771
GO:CC	GO:0009532	plastid stroma	0.0025164383622334114	True	"""The proteinaceous ground substance of plastids."" [ISBN:0943088399]"	769	66	10	20029	0.15151515151515152	0.013003901170351105	query_1	['GO:0009536', 'GO:0110165']	Bulked_Disome_down	2.5992137027672366
GO:CC	GO:0009570	chloroplast stroma	0.0025164383622334114	True	"""The space enclosed by the double membrane of a chloroplast but excluding the thylakoid space. It contains DNA, ribosomes and some temporary products of photosynthesis."" [ISBN:0198547684]"	762	66	10	20029	0.15151515151515152	0.013123359580052493	query_1	['GO:0009507', 'GO:0009532']	Bulked_Disome_down	2.5992137027672366
GO:CC	GO:0043226	organelle	0.0033097234178147447	True	"""Organized structure of distinctive morphology and function. Includes the nucleus, mitochondria, plastids, vacuoles, vesicles, ribosomes and the cytoskeleton, and prokaryotic structures such as anammoxosomes and pirellulosomes. Excludes the plasma membrane."" [GOC:go_curators]"	12326	66	54	20029	0.8181818181818182	0.004380983287360052	query_1	['GO:0110165']	Bulked_Disome_down	2.4802082972018153
GO:CC	GO:0005622	intracellular anatomical structure	0.0033097234178147447	True	"""A component of a cell contained within (but not including) the plasma membrane. In eukaryotes it includes the nucleus and cytoplasm."" [ISBN:0198506732]"	13505	66	57	20029	0.8636363636363636	0.004220659015179563	query_1	['GO:0110165']	Bulked_Disome_down	2.4802082972018153
GO:CC	GO:0009526	plastid envelope	0.0033097234178147447	True	"""The double lipid bilayer enclosing a plastid and separating its contents from the rest of the cytoplasm; includes the intermembrane space."" [GOC:jy]"	988	66	11	20029	0.16666666666666666	0.011133603238866396	query_1	['GO:0009536', 'GO:0031967']	Bulked_Disome_down	2.4802082972018153
GO:CC	GO:0022626	cytosolic ribosome	0.0033097234178147447	True	"""A ribosome located in the cytosol."" [GOC:mtg_sensu]"	289	66	6	20029	0.09090909090909091	0.020761245674740483	query_1	['GO:0005829', 'GO:0005840']	Bulked_Disome_down	2.4802082972018153
GO:CC	GO:0043229	intracellular organelle	0.0033097234178147447	True	"""Organized structure of distinctive morphology and function, occurring within the cell. Includes the nucleus, mitochondria, plastids, vacuoles, vesicles, ribosomes and the cytoskeleton. Excludes the plasma membrane."" [GOC:go_curators]"	12312	66	54	20029	0.8181818181818182	0.0043859649122807015	query_1	['GO:0005622', 'GO:0043226']	Bulked_Disome_down	2.4802082972018153
GO:CC	GO:0043227	membrane-bounded organelle	0.004316660608543449	True	"""Organized structure of distinctive morphology and function, bounded by a single or double lipid bilayer membrane. Includes the nucleus, mitochondria, plastids, vacuoles, and vesicles. Excludes the plasma membrane."" [GOC:go_curators]"	11823	66	52	20029	0.7878787878787878	0.004398206884885393	query_1	['GO:0043226']	Bulked_Disome_down	2.364852095803086
GO:CC	GO:0043231	intracellular membrane-bounded organelle	0.004316660608543449	True	"""Organized structure of distinctive morphology and function, bounded by a single or double lipid bilayer membrane and occurring within the cell. Includes the nucleus, mitochondria, plastids, vacuoles, and vesicles. Excludes the plasma membrane."" [GOC:go_curators]"	11808	66	52	20029	0.7878787878787878	0.004403794037940379	query_1	['GO:0043227', 'GO:0043229']	Bulked_Disome_down	2.364852095803086
GO:CC	GO:0098588	bounding membrane of organelle	0.004316660608543449	True	"""The lipid bilayer that forms the outer-most layer of an organelle."" [GOC:dos]"	1406	66	13	20029	0.19696969696969696	0.009246088193456615	query_1	['GO:0031090']	Bulked_Disome_down	2.364852095803086
GO:CC	GO:0031967	organelle envelope	0.005547202416338581	True	"""A double membrane structure enclosing an organelle, including two lipid bilayers and the region between them. In some cases, an organelle envelope may have more than two membranes."" [GOC:mah, GOC:pz]"	1452	66	13	20029	0.19696969696969696	0.008953168044077135	query_1	['GO:0043227', 'GO:0043229', 'GO:0110165']	Bulked_Disome_down	2.2559259865107455
GO:CC	GO:0044391	ribosomal subunit	0.011138666561653665	True	"""Either of the two subunits of a ribosome: the ribosomal large subunit or the ribosomal small subunit."" [GOC:jl]"	262	66	5	20029	0.07575757575757576	0.019083969465648856	query_1	['GO:0005840', 'GO:1990904']	Bulked_Disome_down	1.9531667965570345
GO:CC	GO:0005829	cytosol	0.011138666561653665	True	"""The part of the cytoplasm that does not contain organelles but which does contain other particulate matter, such as protein complexes."" [GOC:hjd, GOC:jl]"	2420	66	17	20029	0.25757575757575757	0.0070247933884297524	query_1	['GO:0005737', 'GO:0110165']	Bulked_Disome_down	1.9531667965570345
GO:CC	GO:0000138	Golgi trans cisterna	0.01694485373138035	True	"""The Golgi cisterna farthest from the endoplasmic reticulum; the final processing compartment through which proteins pass before exiting the Golgi apparatus; the compartment in which N-linked protein glycosylation is completed."" [ISBN:0815316194]"	85	66	3	20029	0.045454545454545456	0.03529411764705882	query_1	['GO:0031985']	Bulked_Disome_down	1.7709621756568512
GO:CC	GO:0009579	thylakoid	0.019838407229697468	True	"""A membranous cellular structure that bears the photosynthetic pigments in plants, algae, and cyanobacteria. In cyanobacteria thylakoids are of various shapes and are attached to, or continuous with, the plasma membrane. In eukaryotes they are flattened, membrane-bounded disk-like structures located in the chloroplasts; in the chloroplasts of higher plants the thylakoids form dense stacks called grana. Isolated thylakoid preparations can carry out photosynthetic electron transport and the associated phosphorylation."" [GOC:ds, GOC:mtg_sensu, ISBN:0198506732]"	596	66	7	20029	0.10606060606060606	0.01174496644295302	query_1	['GO:0043232']	Bulked_Disome_down	1.7024931990730283
GO:CC	GO:0031985	Golgi cisterna	0.025328535980218708	True	"""Any of the thin, flattened membrane-bounded compartments that form the central portion of the Golgi complex."" [GOC:mah]"	203	66	4	20029	0.06060606060606061	0.019704433497536946	query_1	['GO:0005795', 'GO:0098791']	Bulked_Disome_down	1.5963899122263299
GO:CC	GO:0032580	Golgi cisterna membrane	0.02777873315015096	True	"""The lipid bilayer surrounding any of the thin, flattened compartments that form the central portion of the Golgi complex."" [GOC:ecd, GOC:mah]"	33	66	2	20029	0.030303030303030304	0.06060606060606061	query_1	['GO:0031090', 'GO:0031985']	Bulked_Disome_down	1.556287564157952
GO:CC	GO:0005795	Golgi stack	0.02777873315015096	True	"""The set of thin, flattened membrane-bounded compartments, called cisternae, that form the central portion of the Golgi complex. The stack usually comprises cis, medial, and trans cisternae; the cis- and trans-Golgi networks are not considered part of the stack."" [GOC:mah, ISBN:0815316194]"	213	66	4	20029	0.06060606060606061	0.018779342723004695	query_1	['GO:0098791']	Bulked_Disome_down	1.556287564157952
GO:CC	GO:0042170	plastid membrane	0.031903949785067366	True	"""Either of the lipid bilayers that surround a plastid and form the plastid envelope."" [GOC:mah]"	674	66	7	20029	0.10606060606060606	0.010385756676557863	query_1	['GO:0009526', 'GO:0031090']	Bulked_Disome_down	1.4961555469217644
GO:CC	GO:0045252	oxoglutarate dehydrogenase complex	0.031903949785067366	True	"""A multi-enzyme complex that catalyzes the oxidative decarboxylation of alpha-ketoglutarate (also known as 2-oxoglutarate) to form succinyl-CoA. The complex comprises multiple copies of three enzymes referred to as E1, E2 and E3: oxoglutarate dehydrogenase (lipoamide) (E1), dihydrolipoamide S-succinyltransferase (E2) and dihydrolipoamide dehydrogenase (E3). Additional proteins may also be present."" [PMID:10672230]"	2	66	1	20029	0.015151515151515152	0.5	query_1	['GO:0045239', 'GO:0045240']	Bulked_Disome_down	1.4961555469217644
GO:CC	GO:0009941	chloroplast envelope	0.03221881799594519	True	"""The double lipid bilayer enclosing the chloroplast and separating its contents from the rest of the cytoplasm; includes the intermembrane space."" [GOC:tb]"	692	66	7	20029	0.10606060606060606	0.010115606936416185	query_1	['GO:0009507', 'GO:0009526']	Bulked_Disome_down	1.4918903964821275
GO:CC	GO:0009534	chloroplast thylakoid	0.03221881799594519	True	"""Sac-like membranous structures (cisternae) in a chloroplast combined into stacks (grana) and present singly in the stroma (stroma thylakoids or frets) as interconnections between grana. An example of this component is found in Arabidopsis thaliana."" [GOC:mtg_sensu, ISBN:0943088399]"	517	66	6	20029	0.09090909090909091	0.01160541586073501	query_1	['GO:0009507', 'GO:0031976']	Bulked_Disome_down	1.4918903964821275
GO:CC	GO:0031981	nuclear lumen	0.03221881799594519	True	"""The volume enclosed by the nuclear inner membrane."" [GOC:mah, GOC:pz]"	1054	66	9	20029	0.13636363636363635	0.008538899430740038	query_1	['GO:0005634', 'GO:0070013']	Bulked_Disome_down	1.4918903964821275
GO:CC	GO:0031976	plastid thylakoid	0.03221881799594519	True	"""Any thylakoid within a plastid."" [GOC:pz]"	519	66	6	20029	0.09090909090909091	0.011560693641618497	query_1	['GO:0009536', 'GO:0009579']	Bulked_Disome_down	1.4918903964821275
GO:CC	GO:0005730	nucleolus	0.033462049108422175	True	"""A small, dense body one or more of which are present in the nucleus of eukaryotic cells. It is rich in RNA and protein, is not bounded by a limiting membrane, and is not seen during mitosis. Its prime function is the transcription of the nucleolar DNA into 45S ribosomal-precursor RNA, the processing of this RNA into 5.8S, 18S, and 28S components of ribosomal RNA, and the association of these components with 5S RNA and proteins synthesized outside the nucleolus. This association results in the formation of ribonucleoprotein precursors; these pass into the cytoplasm and mature into the 40S and 60S subunits of the ribosome."" [ISBN:0198506732]"	701	66	7	20029	0.10606060606060606	0.009985734664764621	query_1	['GO:0031981', 'GO:0043232']	Bulked_Disome_down	1.47544746775999
GO:CC	GO:0009507	chloroplast	0.03379528083949364	True	"""A chlorophyll-containing plastid with thylakoids organized into grana and frets, or stroma thylakoids, and embedded in a stroma."" [ISBN:0471245208]"	2351	66	15	20029	0.22727272727272727	0.0063802637175669925	query_1	['GO:0009536']	Bulked_Disome_down	1.4711439402092255
GO:CC	GO:0005774	vacuolar membrane	0.03627714172230907	True	"""The lipid bilayer surrounding the vacuole and separating its contents from the cytoplasm of the cell."" [GOC:ai]"	250	66	4	20029	0.06060606060606061	0.016	query_1	['GO:0005773', 'GO:0098588']	Bulked_Disome_down	1.4403669383465074
GO:CC	GO:0055035	plastid thylakoid membrane	0.04280455635723385	True	"""The lipid bilayer membrane of any thylakoid within a plastid."" [GOC:jid, GOC:rph]"	426	66	5	20029	0.07575757575757576	0.011737089201877934	query_1	['GO:0031976', 'GO:0042170', 'GO:0042651']	Bulked_Disome_down	1.36850999978395
GO:CC	GO:0009535	chloroplast thylakoid membrane	0.04280455635723385	True	"""The pigmented membrane of a chloroplast thylakoid. An example of this component is found in Arabidopsis thaliana."" [GOC:lr, GOC:mtg_sensu]"	424	66	5	20029	0.07575757575757576	0.01179245283018868	query_1	['GO:0009534', 'GO:0031968', 'GO:0055035']	Bulked_Disome_down	1.36850999978395
GO:CC	GO:0009542	granum	0.04280455635723385	True	"""Distinct stack of lamellae seen within chloroplasts. Grana contain the pigments, electron transfer compounds, and enzymes essential to the light-dependent reactions of photosynthesis."" [ISBN:0140514031]"	4	66	1	20029	0.015151515151515152	0.25	query_1	['GO:0009507', 'GO:0110165']	Bulked_Disome_down	1.36850999978395
GO:CC	GO:0045239	tricarboxylic acid cycle heteromeric enzyme complex	0.04280455635723385	True	"""Any of the heteromeric enzymes that act in the TCA cycle."" [GOC:mah]"	4	66	1	20029	0.015151515151515152	0.25	query_1	['GO:0005737', 'GO:1902494']	Bulked_Disome_down	1.36850999978395
GO:CC	GO:0010007	magnesium chelatase complex	0.04280455635723385	True	"""A heterotrimeric enzyme complex composed of three subunits, all of which are required for enzyme activity, which catalyzes the chelation of Mg by proto IX in an ATP-dependent manner."" [PMID:11842180]"	4	66	1	20029	0.015151515151515152	0.25	query_1	['GO:0009507', 'GO:1902494']	Bulked_Disome_down	1.36850999978395
GO:CC	GO:0009515	granal stacked thylakoid	0.04280455635723385	True	"""Appressed thylakoid membranes that are part of a granum (stacked regions). A characteristic of these appressed regions is the preferential localization of photosystem II."" [GOC:lr]"	4	66	1	20029	0.015151515151515152	0.25	query_1	['GO:0009534', 'GO:0009542']	Bulked_Disome_down	1.36850999978395
GO:CC	GO:0005768	endosome	0.04280455635723385	True	"""A vacuole to which materials ingested by endocytosis are delivered."" [ISBN:0198506732, PMID:19696797]"	424	66	5	20029	0.07575757575757576	0.01179245283018868	query_1	['GO:0012505', 'GO:0031410']	Bulked_Disome_down	1.36850999978395
GO:CC	GO:0034357	photosynthetic membrane	0.047717682173433695	True	"""A membrane enriched in complexes formed of reaction centers, accessory pigments and electron carriers, in which photosynthetic reactions take place."" [GOC:ds, GOC:mah]"	443	66	5	20029	0.07575757575757576	0.011286681715575621	query_1	['GO:0009579', 'GO:0016020']	Bulked_Disome_down	1.32132065979916
GO:CC	GO:0042651	thylakoid membrane	0.047717682173433695	True	"""The pigmented membrane of any thylakoid."" [GOC:jl, GOC:pr]"	442	66	5	20029	0.07575757575757576	0.011312217194570135	query_1	['GO:0034357']	Bulked_Disome_down	1.32132065979916
GO:CC	GO:0009507	chloroplast	4.493203298862286e-17	True	"""A chlorophyll-containing plastid with thylakoids organized into grana and frets, or stroma thylakoids, and embedded in a stroma."" [ISBN:0471245208]"	2351	209	74	20029	0.35406698564593303	0.031475967673330496	query_1	['GO:0009536']	16hr_Disome_down	16.347443930933654
GO:CC	GO:0009570	chloroplast stroma	2.3016806385088654e-16	True	"""The space enclosed by the double membrane of a chloroplast but excluding the thylakoid space. It contains DNA, ribosomes and some temporary products of photosynthesis."" [ISBN:0198547684]"	762	209	41	20029	0.19617224880382775	0.05380577427821522	query_1	['GO:0009507', 'GO:0009532']	16hr_Disome_down	15.63795493550861
GO:CC	GO:0009532	plastid stroma	2.3016806385088654e-16	True	"""The proteinaceous ground substance of plastids."" [ISBN:0943088399]"	769	209	41	20029	0.19617224880382775	0.053315994798439535	query_1	['GO:0009536', 'GO:0110165']	16hr_Disome_down	15.63795493550861
GO:CC	GO:0009536	plastid	1.2285947077456935e-14	True	"""Any member of a family of organelles found in the cytoplasm of plants and some protists, which are membrane-bounded and contain DNA. Plant plastids develop from a common type, the proplastid."" [GOC:jl, ISBN:0198547684]"	2856	209	77	20029	0.3684210526315789	0.02696078431372549	query_1	['GO:0005737', 'GO:0043231']	16hr_Disome_down	13.910591359765107
GO:CC	GO:0016020	membrane	3.938843835856783e-12	True	"""A lipid bilayer along with all the proteins and protein complexes embedded in it and attached to it."" [GOC:dos, GOC:mah, ISBN:0815316194]"	8169	209	138	20029	0.6602870813397129	0.016893132574366507	query_1	['GO:0110165']	16hr_Disome_down	11.404631237411248
GO:CC	GO:0005737	cytoplasm	9.761218933887843e-10	True	"""The contents of a cell excluding the plasma membrane and nucleus, but including other subcellular structures."" [ISBN:0198547684]"	9524	209	146	20029	0.6985645933014354	0.015329693406131877	query_1	['GO:0005622', 'GO:0110165']	16hr_Disome_down	9.01049594634899
GO:CC	GO:0009526	plastid envelope	9.761218933887843e-10	True	"""The double lipid bilayer enclosing a plastid and separating its contents from the rest of the cytoplasm; includes the intermembrane space."" [GOC:jy]"	988	209	36	20029	0.1722488038277512	0.03643724696356275	query_1	['GO:0009536', 'GO:0031967']	16hr_Disome_down	9.01049594634899
GO:CC	GO:0009941	chloroplast envelope	9.761218933887843e-10	True	"""The double lipid bilayer enclosing the chloroplast and separating its contents from the rest of the cytoplasm; includes the intermembrane space."" [GOC:tb]"	692	209	30	20029	0.14354066985645933	0.04335260115606936	query_1	['GO:0009507', 'GO:0009526']	16hr_Disome_down	9.01049594634899
GO:CC	GO:0031090	organelle membrane	2.8528922860990318e-08	True	"""A membrane that is one of the two lipid bilayers of an organelle envelope or the outermost membrane of single membrane bound organelle."" [GOC:dos, GOC:mah]"	2413	209	57	20029	0.2727272727272727	0.023622047244094488	query_1	['GO:0016020', 'GO:0043227']	16hr_Disome_down	7.5447146252710375
GO:CC	GO:0042170	plastid membrane	1.5923712380812984e-07	True	"""Either of the lipid bilayers that surround a plastid and form the plastid envelope."" [GOC:mah]"	674	209	26	20029	0.12440191387559808	0.03857566765578635	query_1	['GO:0009526', 'GO:0031090']	16hr_Disome_down	6.797955675382959
GO:CC	GO:0009579	thylakoid	2.486196689341752e-07	True	"""A membranous cellular structure that bears the photosynthetic pigments in plants, algae, and cyanobacteria. In cyanobacteria thylakoids are of various shapes and are attached to, or continuous with, the plasma membrane. In eukaryotes they are flattened, membrane-bounded disk-like structures located in the chloroplasts; in the chloroplasts of higher plants the thylakoids form dense stacks called grana. Isolated thylakoid preparations can carry out photosynthetic electron transport and the associated phosphorylation."" [GOC:ds, GOC:mtg_sensu, ISBN:0198506732]"	596	209	24	20029	0.11483253588516747	0.040268456375838924	query_1	['GO:0043232']	16hr_Disome_down	6.6044645161944775
GO:CC	GO:0110165	cellular anatomical structure	7.385805827297065e-07	True	"""A part of a cellular organism consisting of a material entity with granularity above the level of a protein complex but below that of an anatomical system. Note that cellular organisms exclude viruses."" [GOC:kmv]"	18497	209	209	20029	1.0	0.011299129588581933	query_1	['GO:0005575']	16hr_Disome_down	6.131602114129111
GO:CC	GO:0031967	organelle envelope	1.5257899134303821e-06	True	"""A double membrane structure enclosing an organelle, including two lipid bilayers and the region between them. In some cases, an organelle envelope may have more than two membranes."" [GOC:mah, GOC:pz]"	1452	209	38	20029	0.18181818181818182	0.026170798898071626	query_1	['GO:0043227', 'GO:0043229', 'GO:0110165']	16hr_Disome_down	5.816505260430296
GO:CC	GO:0009706	chloroplast inner membrane	4.002662631937917e-06	True	"""The inner, i.e. lumen-facing, lipid bilayer of the chloroplast envelope; also faces the chloroplast stroma."" [GOC:tb]"	88	209	9	20029	0.0430622009569378	0.10227272727272728	query_1	['GO:0009528', 'GO:0031969']	16hr_Disome_down	5.397651013257928
GO:CC	GO:0009528	plastid inner membrane	4.988304013751972e-06	True	"""The inner, i.e. lumen-facing, lipid bilayer of the plastid envelope; also faces the plastid stroma."" [GOC:lr]"	91	209	9	20029	0.0430622009569378	0.0989010989010989	query_1	['GO:0019866', 'GO:0042170']	16hr_Disome_down	5.302047086173553
GO:CC	GO:0031969	chloroplast membrane	1.629336842155009e-05	True	"""Either of the lipid bilayers that surround a chloroplast and form the chloroplast envelope."" [GOC:mah, GOC:pz]"	281	209	14	20029	0.06698564593301436	0.0498220640569395	query_1	['GO:0009941', 'GO:0042170']	16hr_Disome_down	4.787989122219053
GO:CC	GO:0031976	plastid thylakoid	2.104940591042092e-05	True	"""Any thylakoid within a plastid."" [GOC:pz]"	519	209	19	20029	0.09090909090909091	0.036608863198458574	query_1	['GO:0009536', 'GO:0009579']	16hr_Disome_down	4.676760157000137
GO:CC	GO:0009534	chloroplast thylakoid	2.104940591042092e-05	True	"""Sac-like membranous structures (cisternae) in a chloroplast combined into stacks (grana) and present singly in the stroma (stroma thylakoids or frets) as interconnections between grana. An example of this component is found in Arabidopsis thaliana."" [GOC:mtg_sensu, ISBN:0943088399]"	517	209	19	20029	0.09090909090909091	0.0367504835589942	query_1	['GO:0009507', 'GO:0031976']	16hr_Disome_down	4.676760157000137
GO:CC	GO:0000138	Golgi trans cisterna	2.5339921010417863e-05	True	"""The Golgi cisterna farthest from the endoplasmic reticulum; the final processing compartment through which proteins pass before exiting the Golgi apparatus; the compartment in which N-linked protein glycosylation is completed."" [ISBN:0815316194]"	85	209	8	20029	0.03827751196172249	0.09411764705882353	query_1	['GO:0031985']	16hr_Disome_down	4.59619474323289
GO:CC	GO:0031984	organelle subcompartment	4.8976188536630054e-05	True	"""A compartment that consists of a lumen and an enclosing membrane, and is part of an organelle."" [GOC:mah, GOC:pz]"	884	209	25	20029	0.11961722488038277	0.02828054298642534	query_1	['GO:0043227', 'GO:0043229', 'GO:0110165']	16hr_Disome_down	4.310015015902154
GO:CC	GO:0031985	Golgi cisterna	7.57549175752371e-05	True	"""Any of the thin, flattened membrane-bounded compartments that form the central portion of the Golgi complex."" [GOC:mah]"	203	209	11	20029	0.05263157894736842	0.054187192118226604	query_1	['GO:0005795', 'GO:0098791']	16hr_Disome_down	4.120589170000966
GO:CC	GO:0005795	Golgi stack	0.00011358034247244875	True	"""The set of thin, flattened membrane-bounded compartments, called cisternae, that form the central portion of the Golgi complex. The stack usually comprises cis, medial, and trans cisternae; the cis- and trans-Golgi networks are not considered part of the stack."" [GOC:mah, ISBN:0815316194]"	213	209	11	20029	0.05263157894736842	0.051643192488262914	query_1	['GO:0098791']	16hr_Disome_down	3.9446968261467448
GO:CC	GO:0005829	cytosol	0.00025081367082419037	True	"""The part of the cytoplasm that does not contain organelles but which does contain other particulate matter, such as protein complexes."" [GOC:hjd, GOC:jl]"	2420	209	46	20029	0.22009569377990432	0.019008264462809916	query_1	['GO:0005737', 'GO:0110165']	16hr_Disome_down	3.600648795585736
GO:CC	GO:0012505	endomembrane system	0.0006083149996708435	True	"""A collection of membranous structures involved in transport within the cell. The main components of the endomembrane system are endoplasmic reticulum, Golgi bodies, vesicles, cell membrane and nuclear envelope. Members of the endomembrane system pass materials through each other or though the use of vesicles."" [GOC:lh]"	2364	209	44	20029	0.21052631578947367	0.018612521150592216	query_1	['GO:0110165']	16hr_Disome_down	3.215871474686241
GO:CC	GO:0098791	Golgi apparatus subcompartment	0.0030780045980953446	True	"""A compartment that consists of a lumen and an enclosing membrane, and is part of the Golgi apparatus."" [GOC:dos]"	365	209	12	20029	0.05741626794258373	0.03287671232876712	query_1	['GO:0005794', 'GO:0031984']	16hr_Disome_down	2.511730735730679
GO:CC	GO:0009535	chloroplast thylakoid membrane	0.0033482387218409892	True	"""The pigmented membrane of a chloroplast thylakoid. An example of this component is found in Arabidopsis thaliana."" [GOC:lr, GOC:mtg_sensu]"	424	209	13	20029	0.06220095693779904	0.030660377358490566	query_1	['GO:0009534', 'GO:0031968', 'GO:0055035']	16hr_Disome_down	2.4751835853614996
GO:CC	GO:0055035	plastid thylakoid membrane	0.0033689463632105517	True	"""The lipid bilayer membrane of any thylakoid within a plastid."" [GOC:jid, GOC:rph]"	426	209	13	20029	0.06220095693779904	0.03051643192488263	query_1	['GO:0031976', 'GO:0042170', 'GO:0042651']	16hr_Disome_down	2.4725059033397807
GO:CC	GO:0010319	stromule	0.004118134151444293	True	"""Thin filamentous structure extending from the surface of all plastid types examined so far, including chloroplast, proplastid, etioplast, leucoplast, amyloplast, and chromoplast. In general, stromules are more abundant in tissues containing non-green plastids, and in cells containing smaller plastids. The primary function of stromules is still unresolved, although the presence of stromules markedly increases the plastid surface area, potentially increasing transport to and from the cytosol. Other functions of stromules, such as transfer of macromolecules between plastids and starch granule formation in cereal endosperm, may be restricted to particular tissues and cell types."" [PMID:15272881, PMID:15699062, PMID:16582010]"	39	209	4	20029	0.019138755980861243	0.10256410256410256	query_1	['GO:0009526', 'GO:0110165']	16hr_Disome_down	2.3852995100047694
GO:CC	GO:0098588	bounding membrane of organelle	0.004134211243486609	True	"""The lipid bilayer that forms the outer-most layer of an organelle."" [GOC:dos]"	1406	209	28	20029	0.1339712918660287	0.01991465149359886	query_1	['GO:0031090']	16hr_Disome_down	2.3836073362388004
GO:CC	GO:0042651	thylakoid membrane	0.004212566811055383	True	"""The pigmented membrane of any thylakoid."" [GOC:jl, GOC:pr]"	442	209	13	20029	0.06220095693779904	0.029411764705882353	query_1	['GO:0034357']	16hr_Disome_down	2.3754531981817117
GO:CC	GO:0034357	photosynthetic membrane	0.004212566811055383	True	"""A membrane enriched in complexes formed of reaction centers, accessory pigments and electron carriers, in which photosynthetic reactions take place."" [GOC:ds, GOC:mah]"	443	209	13	20029	0.06220095693779904	0.029345372460496615	query_1	['GO:0009579', 'GO:0016020']	16hr_Disome_down	2.3754531981817117
GO:CC	GO:0098827	endoplasmic reticulum subcompartment	0.008557253679159285	True	"""A distinct region of the endoplasmic reticulum."" [GOC:dos]"	544	209	14	20029	0.06698564593301436	0.025735294117647058	query_1	['GO:0005783', 'GO:0031984']	16hr_Disome_down	2.0676655931917254
GO:CC	GO:0005789	endoplasmic reticulum membrane	0.008557253679159285	True	"""The lipid bilayer surrounding the endoplasmic reticulum."" [GOC:mah]"	542	209	14	20029	0.06698564593301436	0.025830258302583026	query_1	['GO:0031090', 'GO:0042175', 'GO:0098827']	16hr_Disome_down	2.0676655931917254
GO:CC	GO:0031968	organelle outer membrane	0.008557253679159285	True	"""The outer, i.e. cytoplasm-facing in a cellular organelle, lipid bilayer of an organelle envelope."" [GOC:mah]"	546	209	14	20029	0.06698564593301436	0.02564102564102564	query_1	['GO:0019867', 'GO:0031967', 'GO:0098588']	16hr_Disome_down	2.0676655931917254
GO:CC	GO:0019867	outer membrane	0.008557253679159285	True	"""The external membrane of Gram-negative bacteria or certain organelles such as mitochondria and chloroplasts; freely permeable to most ions and metabolites."" [GOC:go_curators]"	546	209	14	20029	0.06698564593301436	0.02564102564102564	query_1	['GO:0016020']	16hr_Disome_down	2.0676655931917254
GO:CC	GO:0042175	nuclear outer membrane-endoplasmic reticulum membrane network	0.008604247372473482	True	"""The continuous network of membranes encompassing the nuclear outer membrane and the endoplasmic reticulum membrane."" [GOC:bf, GOC:jl, GOC:mah, GOC:mcc, GOC:pr, GOC:vw]"	548	209	14	20029	0.06698564593301436	0.025547445255474453	query_1	['GO:0012505', 'GO:0016020']	16hr_Disome_down	2.0652871121204828
GO:CC	GO:0005768	endosome	0.022385286860137334	True	"""A vacuole to which materials ingested by endocytosis are delivered."" [ISBN:0198506732, PMID:19696797]"	424	209	11	20029	0.05263157894736842	0.025943396226415096	query_1	['GO:0012505', 'GO:0031410']	16hr_Disome_down	1.650037335902985
GO:CC	GO:0031977	thylakoid lumen	0.030386882151180267	True	"""The volume enclosed by a thylakoid membrane."" [GOC:mah, GOC:pz]"	74	209	4	20029	0.019138755980861243	0.05405405405405406	query_1	['GO:0009579', 'GO:0110165']	16hr_Disome_down	1.5173138584591292
GO:CC	GO:0005886	plasma membrane	0.030386882151180267	True	"""The membrane surrounding a cell that separates the cell from its external environment. It consists of a phospholipid bilayer and associated proteins."" [ISBN:0716731363]"	2524	209	39	20029	0.18660287081339713	0.015451664025356577	query_1	['GO:0016020', 'GO:0071944']	16hr_Disome_down	1.5173138584591292
GO:CC	GO:0005802	trans-Golgi network	0.030386882151180267	True	"""The network of interconnected tubular and cisternal structures located within the Golgi apparatus on the side distal to the endoplasmic reticulum, from which secretory vesicles emerge. The trans-Golgi network is important in the later stages of protein secretion where it is thought to play a key role in the sorting and targeting of secreted proteins to the correct destination."" [GOC:vw, ISBN:0815316194]"	268	209	8	20029	0.03827751196172249	0.029850746268656716	query_1	['GO:0098791']	16hr_Disome_down	1.5173138584591292
GO:CC	GO:0019866	organelle inner membrane	0.032899063762947996	True	"""The inner, i.e. lumen-facing, lipid bilayer of an organelle envelope; usually highly selective to most ions and metabolites."" [GOC:mah]"	332	209	9	20029	0.0430622009569378	0.02710843373493976	query_1	['GO:0031090', 'GO:0031967']	16hr_Disome_down	1.4828164609670744
GO:CC	GO:0005783	endoplasmic reticulum	0.034762603792111324	True	"""The irregular network of unit membranes, visible only by electron microscopy, that occurs in the cytoplasm of many eukaryotic cells. The membranes form a complex meshwork of tubular channels, which are often expanded into slitlike cavities called cisternae. The ER takes two forms, rough (or granular), with ribosomes adhering to the outer surface, and smooth (with no ribosomes attached)."" [ISBN:0198506732]"	1149	209	21	20029	0.10047846889952153	0.018276762402088774	query_1	['GO:0005737', 'GO:0012505', 'GO:0043231']	16hr_Disome_down	1.4588877014352586
GO:CC	GO:0043231	intracellular membrane-bounded organelle	0.03786931169110231	True	"""Organized structure of distinctive morphology and function, bounded by a single or double lipid bilayer membrane and occurring within the cell. Includes the nucleus, mitochondria, plastids, vacuoles, and vesicles. Excludes the plasma membrane."" [GOC:go_curators]"	11808	209	140	20029	0.6698564593301436	0.011856368563685637	query_1	['GO:0043227', 'GO:0043229']	16hr_Disome_down	1.4217125885013746
GO:CC	GO:0043190	ATP-binding cassette (ABC) transporter complex	0.03835021791008587	True	"""A complex for the transport of metabolites into and out of the cell, typically comprised of four domains; two membrane-associated domains and two ATP-binding domains at the intracellular face of the membrane, that form a central pore through the plasma membrane. Each of the four core domains may be encoded as a separate polypeptide or the domains can be fused in any one of a number of ways into multidomain polypeptides. In Bacteria and Archaebacteria, ABC transporters also include substrate binding proteins to bind substrate external to the cytoplasm and deliver it to the transporter."" [GOC:jl, GOC:mtg_sensu, PMID:11421269, PMID:15111107]"	1	209	1	20029	0.004784688995215311	1.0	query_1	['GO:0098533', 'GO:0098797']	16hr_Disome_down	1.4162321639997728
GO:CC	GO:0043227	membrane-bounded organelle	0.03835021791008587	True	"""Organized structure of distinctive morphology and function, bounded by a single or double lipid bilayer membrane. Includes the nucleus, mitochondria, plastids, vacuoles, and vesicles. Excludes the plasma membrane."" [GOC:go_curators]"	11823	209	140	20029	0.6698564593301436	0.011841326228537596	query_1	['GO:0043226']	16hr_Disome_down	1.4162321639997728
GO:CC	GO:0005794	Golgi apparatus	0.0428311096855789	True	"""A membrane-bound cytoplasmic organelle of the endomembrane system that further processes the core oligosaccharides (e.g. N-glycans) added to proteins in the endoplasmic reticulum and packages them into membrane-bound vesicles. The Golgi apparatus operates at the intersection of the secretory, lysosomal, and endocytic pathways."" [ISBN:0198506732]"	1108	209	20	20029	0.09569377990430622	0.018050541516245487	query_1	['GO:0005737', 'GO:0012505', 'GO:0043231']	16hr_Disome_down	1.368240673581939
