source	native	name	p_value	significant	description	term_size	query_size	intersection_size	effective_domain_size	precision	recall	query	parents	Cluster	-log10(p_value)
GO:BP	GO:0071569	protein ufmylation	0.00027818955690182894	True	"""Covalent attachment of the ubiquitin-like protein UFM1 to another protein."" [GOC:vw, PMID:20018847]"	3	14	2	21925	0.14285714285714285	0.6666666666666666	query_1	['GO:0032446']	Bulked_60S_up	3.5556591772377057
GO:BP	GO:0097305	response to alcohol	0.023734016490820253	True	"""Any process that results in a change in state or activity of a cell or an organism (in terms of movement, secretion, enzyme production, gene expression, etc.) as a result of an alcohol stimulus."" [GOC:pr, PMID:24014527]"	613	14	4	21925	0.2857142857142857	0.0065252854812398045	query_1	['GO:1901700']	Bulked_60S_up	1.624628760215243
GO:BP	GO:0033993	response to lipid	0.023734016490820253	True	"""Any process that results in a change in state or activity of a cell or an organism (in terms of movement, secretion, enzyme production, gene expression, etc.) as a result of a lipid stimulus."" [GOC:sl]"	1022	14	5	21925	0.35714285714285715	0.004892367906066536	query_1	['GO:0042221']	Bulked_60S_up	1.624628760215243
GO:BP	GO:0009765	photosynthesis, light harvesting	0.023734016490820253	True	"""Absorption and transfer of the energy absorbed from light photons between photosystem reaction centers."" [GOC:sm]"	37	14	2	21925	0.14285714285714285	0.05405405405405406	query_1	['GO:0006091', 'GO:0019684']	Bulked_60S_up	1.624628760215243
GO:BP	GO:0009737	response to abscisic acid	0.023734016490820253	True	"""Any process that results in a change in state or activity of a cell or an organism (in terms of movement, secretion, enzyme production, gene expression, etc.) as a result of an abscisic acid stimulus."" [GOC:jl]"	604	14	4	21925	0.2857142857142857	0.006622516556291391	query_1	['GO:0009725', 'GO:0033993', 'GO:0097305']	Bulked_60S_up	1.624628760215243
GO:BP	GO:0009644	response to high light intensity	0.02777853298818262	True	"""Any process that results in a change in state or activity of a cell or an organism (in terms of movement, secretion, enzyme production, gene expression, etc.) as a result of a high light intensity stimulus."" [GOC:go_curators]"	64	14	2	21925	0.14285714285714285	0.03125	query_1	['GO:0009642']	Bulked_60S_up	1.5562906935141778
GO:BP	GO:0006950	response to stress	0.02777853298818262	True	"""Any process that results in a change in state or activity of a cell or an organism (in terms of movement, secretion, enzyme production, gene expression, etc.) as a result of a disturbance in organismal or cellular homeostasis, usually, but not necessarily, exogenous (e.g. temperature, humidity, ionizing radiation)."" [GOC:mah]"	3733	14	8	21925	0.5714285714285714	0.0021430484864720066	query_1	['GO:0050896']	Bulked_60S_up	1.5562906935141778
GO:BP	GO:0042430	indole-containing compound metabolic process	0.034377124495628936	True	"""The chemical reactions and pathways involving compounds that contain an indole (2,3-benzopyrrole) skeleton."" [GOC:jl, GOC:mah]"	83	14	2	21925	0.14285714285714285	0.024096385542168676	query_1	['GO:0008152']	Bulked_60S_up	1.4637304530680681
GO:BP	GO:0009628	response to abiotic stimulus	0.034377124495628936	True	"""Any process that results in a change in state or activity of a cell or an organism (in terms of movement, secretion, enzyme production, gene expression, etc.) as a result of an abiotic (not derived from living organisms) stimulus."" [GOC:hb]"	2131	14	6	21925	0.42857142857142855	0.0028155795401220087	query_1	['GO:0050896']	Bulked_60S_up	1.4637304530680681
GO:BP	GO:0009719	response to endogenous stimulus	0.04752828955786316	True	"""Any process that results in a change in state or activity of a cell or an organism (in terms of movement, secretion, enzyme production, gene expression, etc.) as a result of a stimulus arising within the organism."" [GOC:sm]"	1636	14	5	21925	0.35714285714285715	0.003056234718826406	query_1	['GO:0050896']	Bulked_60S_up	1.3230478147594813
GO:BP	GO:1901700	response to oxygen-containing compound	0.04752828955786316	True	"""Any process that results in a change in state or activity of a cell or an organism (in terms of movement, secretion, enzyme production, gene expression, etc.) as a result of an oxygen-containing compound stimulus."" [GOC:pr, GOC:TermGenie]"	1659	14	5	21925	0.35714285714285715	0.0030138637733574444	query_1	['GO:0042221']	Bulked_60S_up	1.3230478147594813
GO:BP	GO:0080024	indolebutyric acid metabolic process	0.04752828955786316	True	"""The chemical reactions and pathways involving indolebutyric acid, a compound that serves as an active or storage form of the hormone indole-3-acetic acid (an auxin) in many plants."" [PMID:18725356]"	6	14	1	21925	0.07142857142857142	0.16666666666666666	query_1	['GO:0009850', 'GO:0032787', 'GO:0042430']	Bulked_60S_up	1.3230478147594813
GO:BP	GO:0071475	cellular hyperosmotic salinity response	0.04752828955786316	True	"""Any process that results in a change in state or activity of a cell (in terms of movement, secretion, enzyme production, gene expression, etc.) as a result of detection of, or exposure to, an increase in the concentration of salt (particularly but not exclusively sodium and chloride ions) in the environment."" [GOC:mah]"	6	14	1	21925	0.07142857142857142	0.16666666666666666	query_1	['GO:0042538', 'GO:0071472', 'GO:0071474']	Bulked_60S_up	1.3230478147594813
GO:BP	GO:0071474	cellular hyperosmotic response	0.04752828955786316	True	"""Any process that results in a change in state or activity of a cell (in terms of movement, secretion, enzyme production, gene expression, etc.) as a result of detection of, or exposure to, a hyperosmotic environment, i.e. an environment with a higher concentration of solutes than the organism or cell."" [GOC:mah]"	7	14	1	21925	0.07142857142857142	0.14285714285714285	query_1	['GO:0006972', 'GO:0071470']	Bulked_60S_up	1.3230478147594813
GO:BP	GO:0050896	response to stimulus	0.04752828955786316	True	"""Any process that results in a change in state or activity of a cell or an organism (in terms of movement, secretion, enzyme production, gene expression, etc.) as a result of a stimulus. The process begins with detection of the stimulus and ends with a change in state or activity or the cell or organism."" [GOC:ai, GOC:bf]"	6001	14	9	21925	0.6428571428571429	0.0014997500416597234	query_1	['GO:0008150']	Bulked_60S_up	1.3230478147594813
GO:BP	GO:0070301	cellular response to hydrogen peroxide	0.04752828955786316	True	"""Any process that results in a change in state or activity of a cell (in terms of movement, secretion, enzyme production, gene expression, etc.) as a result of a hydrogen peroxide (H2O2) stimulus."" [CHEBI:16240, GOC:mah]"	7	14	1	21925	0.07142857142857142	0.14285714285714285	query_1	['GO:0034614', 'GO:0042542']	Bulked_60S_up	1.3230478147594813
GO:BP	GO:0009642	response to light intensity	0.04752828955786316	True	"""Any process that results in a change in state or activity of a cell or an organism (in terms of movement, secretion, enzyme production, gene expression, etc.) as a result of a light intensity stimulus."" [GOC:go_curators]"	154	14	2	21925	0.14285714285714285	0.012987012987012988	query_1	['GO:0009416']	Bulked_60S_up	1.3230478147594813
GO:BP	GO:0032434	regulation of proteasomal ubiquitin-dependent protein catabolic process	0.04752828955786316	True	"""Any process that modulates the frequency, rate or extent of the breakdown of a protein or peptide by hydrolysis of its peptide bonds, initiated by the covalent attachment of ubiquitin, and mediated by the proteasome."" [GOC:mah]"	5	14	1	21925	0.07142857142857142	0.2	query_1	['GO:0043161', 'GO:0061136', 'GO:2000058']	Bulked_60S_up	1.3230478147594813
GO:BP	GO:0019684	photosynthesis, light reaction	0.04752828955786316	True	"""The light reactions of photosynthesis, which take place in photosystems II and I. Light energy is harvested and used to power the transfer of electrons among a series of electron donors and acceptors. The final electron acceptor is NADP+, which is reduced to NADPH. NADPH generated from light reactions is used in sugar synthesis in dark reactions. Light reactions also generate a proton motive force across the thylakoid membrane, and the proton gradient is used to synthesize ATP. There are two chemical reactions involved in the light reactions: water oxidation in photosystem II, and NADP reduction in photosystem I."" [PMID:15746074]"	146	14	2	21925	0.14285714285714285	0.0136986301369863	query_1	['GO:0006091', 'GO:0015979']	Bulked_60S_up	1.3230478147594813
GO:BP	GO:0009769	photosynthesis, light harvesting in photosystem II	0.04752828955786316	True	"""After a photon of light is absorbed by one of the many chlorophyll molecules, in one of the light-harvesting complexes of an antenna on photosystem II, some of the absorbed energy is transferred to the pair of chlorophyll molecules in the reaction center."" [GOC:jid, ISBN:0716731363, ISBN:0816017360]"	4	14	1	21925	0.07142857142857142	0.25	query_1	['GO:0009765']	Bulked_60S_up	1.3230478147594813
GO:BP	GO:0009725	response to hormone	0.04752828955786316	True	"""Any process that results in a change in state or activity of a cell or an organism (in terms of movement, secretion, enzyme production, gene expression, etc.) as a result of a hormone stimulus."" [GOC:jl]"	1635	14	5	21925	0.35714285714285715	0.0030581039755351682	query_1	['GO:0009719', 'GO:0042221']	Bulked_60S_up	1.3230478147594813
GO:BP	GO:0071108	protein K48-linked deubiquitination	0.04752828955786316	True	"""A protein deubiquitination process in which a K48-linked ubiquitin chain, i.e. a polymer of ubiquitin formed by linkages between lysine residues at position 48 of the ubiquitin monomers, is removed from a protein."" [GOC:mah]"	4	14	1	21925	0.07142857142857142	0.25	query_1	['GO:0016579']	Bulked_60S_up	1.3230478147594813
GO:BP	GO:2000058	regulation of ubiquitin-dependent protein catabolic process	0.04752828955786316	True	"""Any process that modulates the frequency, rate or extent of ubiquitin-dependent protein catabolic process."" [GOC:BHF]"	6	14	1	21925	0.07142857142857142	0.16666666666666666	query_1	['GO:0006511', 'GO:0009894', 'GO:1903050']	Bulked_60S_up	1.3230478147594813
GO:BP	GO:0006412	translation	4.24233467287326e-09	True	"""The cellular metabolic process in which a protein is formed, using the sequence of a mature mRNA or circRNA molecule to specify the sequence of amino acids in a polypeptide chain. Translation is mediated by the ribosome, and begins with the formation of a ternary complex between aminoacylated initiator methionine tRNA, GTP, and initiation factor 2, which subsequently associates with the small subunit of the ribosome and an mRNA or circRNA. Translation ends with the release of a polypeptide chain from the ribosome."" [GOC:go_curators]"	1401	67	23	21925	0.34328358208955223	0.01641684511063526	query_1	['GO:0009059', 'GO:0010467', 'GO:0019538']	16hr_60S_up	8.372395073478854
GO:BP	GO:0002182	cytoplasmic translational elongation	8.60004565516852e-08	True	"""The successive addition of amino acid residues to a nascent polypeptide chain during protein biosynthesis in the cytoplasm."" [GOC:hjd]"	5	67	4	21925	0.05970149253731343	0.8	query_1	['GO:0002181', 'GO:0006414']	16hr_60S_up	7.065499243205836
GO:BP	GO:0006414	translational elongation	2.5350071114757606e-05	True	"""The successive addition of amino acid residues to a nascent polypeptide chain during protein biosynthesis."" [GOC:ems]"	81	67	6	21925	0.08955223880597014	0.07407407407407407	query_1	['GO:0006412', 'GO:0009059']	16hr_60S_up	4.596020817999147
GO:BP	GO:0002181	cytoplasmic translation	0.00047172885190262254	True	"""The chemical reactions and pathways resulting in the formation of a protein in the cytoplasm. This is a ribosome-mediated process in which the information in messenger RNA (mRNA) is used to specify the sequence of amino acids in the protein."" [GOC:hjd]"	36	67	4	21925	0.05970149253731343	0.1111111111111111	query_1	['GO:0006412']	16hr_60S_up	3.326307560602069
GO:BP	GO:0006950	response to stress	0.00150544530034039	True	"""Any process that results in a change in state or activity of a cell or an organism (in terms of movement, secretion, enzyme production, gene expression, etc.) as a result of a disturbance in organismal or cellular homeostasis, usually, but not necessarily, exogenous (e.g. temperature, humidity, ionizing radiation)."" [GOC:mah]"	3733	67	26	21925	0.3880597014925373	0.006964907581034021	query_1	['GO:0050896']	16hr_60S_up	2.822335019753947
GO:BP	GO:0033554	cellular response to stress	0.00150544530034039	True	"""Any process that results in a change in state or activity of a cell (in terms of movement, secretion, enzyme production, gene expression, etc.) as a result of a stimulus indicating the organism is under stress. The stress is usually, but not necessarily, exogenous (e.g. temperature, humidity, ionizing radiation)."" [GOC:mah]"	1085	67	13	21925	0.19402985074626866	0.011981566820276499	query_1	['GO:0006950', 'GO:0051716']	16hr_60S_up	2.822335019753947
GO:BP	GO:0019538	protein metabolic process	0.002565983034263293	True	"""The chemical reactions and pathways involving a protein. Includes protein modification."" [GOC:ma]"	4407	67	28	21925	0.417910447761194	0.006353528477422283	query_1	['GO:0043170', 'GO:0044238']	16hr_60S_up	2.590746219414789
GO:BP	GO:0042908	xenobiotic transport	0.004003443137861093	True	"""The directed movement of a xenobiotic into, out of or within a cell, or between cells, by means of some agent such as a transporter or pore. A xenobiotic is a compound foreign to the organism exposed to it. It may be synthesized by another organism (like ampicilin) or it can be a synthetic chemical."" [GOC:go_curators, GOC:krc]"	73	67	4	21925	0.05970149253731343	0.0547945205479452	query_1	['GO:0006810']	16hr_60S_up	2.3975663355316157
GO:BP	GO:0034050	symbiont-induced defense-related programmed cell death	0.00754673278638065	True	"""Cell death resulting from activation of endogenous cellular processes after interaction with a symbiont (defined as the smaller of two, or more, organisms engaged in symbiosis, a close interaction encompassing mutualism through parasitism). This can be triggered by direct interaction with the organism, for example, contact with penetrating hyphae of a fungus; or an indirect interaction such as symbiont-secreted molecules."" [GOC:pamgo_curators]"	91	67	4	21925	0.05970149253731343	0.04395604395604396	query_1	['GO:0012501', 'GO:0140546']	16hr_60S_up	2.1222410271723597
GO:BP	GO:0009626	plant-type hypersensitive response	0.00754673278638065	True	"""The rapid, localized death of plant cells in response to invasion by a pathogen."" [ISBN:0582227089]"	90	67	4	21925	0.05970149253731343	0.044444444444444446	query_1	['GO:0033554', 'GO:0034050', 'GO:0045087']	16hr_60S_up	2.1222410271723597
GO:BP	GO:0006979	response to oxidative stress	0.012482296175046922	True	"""Any process that results in a change in state or activity of a cell or an organism (in terms of movement, secretion, enzyme production, gene expression, etc.) as a result of oxidative stress, a state often resulting from exposure to high levels of reactive oxygen species, e.g. superoxide anions, hydrogen peroxide (H2O2), and hydroxyl radicals."" [GOC:jl, PMID:12115731]"	426	67	7	21925	0.1044776119402985	0.01643192488262911	query_1	['GO:0006950']	16hr_60S_up	1.9037055168630885
GO:BP	GO:0010467	gene expression	0.01537557041731951	True	"""The process in which a gene's sequence is converted into a mature gene product (protein or RNA). This includes the production of an RNA transcript and its processing, as well as translation and maturation for protein-coding genes."" [GOC:txnOH-2018, PMID:25934543, PMID:31580950]"	5284	67	29	21925	0.43283582089552236	0.005488266464799395	query_1	['GO:0009059']	16hr_60S_up	1.8131687633900126
GO:BP	GO:0009605	response to external stimulus	0.016027303205682124	True	"""Any process that results in a change in state or activity of a cell or an organism (in terms of movement, secretion, enzyme production, gene expression, etc.) as a result of an external stimulus."" [GOC:hb]"	1684	67	14	21925	0.208955223880597	0.00831353919239905	query_1	['GO:0050896']	16hr_60S_up	1.7951395469796247
GO:BP	GO:0009628	response to abiotic stimulus	0.017059993653005395	True	"""Any process that results in a change in state or activity of a cell or an organism (in terms of movement, secretion, enzyme production, gene expression, etc.) as a result of an abiotic (not derived from living organisms) stimulus."" [GOC:hb]"	2131	67	16	21925	0.23880597014925373	0.007508212106992022	query_1	['GO:0050896']	16hr_60S_up	1.7680211347432464
GO:BP	GO:0071456	cellular response to hypoxia	0.02036775606023163	True	"""Any process that results in a change in state or activity of a cell (in terms of movement, secretion, enzyme production, gene expression, etc.) as a result of a stimulus indicating lowered oxygen tension. Hypoxia, defined as a decline in O2 levels below normoxic levels of 20.8 - 20.95%, results in metabolic adaptation at both the cellular and organismal level."" [GOC:mah]"	239	67	5	21925	0.07462686567164178	0.02092050209205021	query_1	['GO:0001666', 'GO:0033554', 'GO:0036294']	16hr_60S_up	1.6910568151009528
GO:BP	GO:0050896	response to stimulus	0.02036775606023163	True	"""Any process that results in a change in state or activity of a cell or an organism (in terms of movement, secretion, enzyme production, gene expression, etc.) as a result of a stimulus. The process begins with detection of the stimulus and ends with a change in state or activity or the cell or organism."" [GOC:ai, GOC:bf]"	6001	67	31	21925	0.4626865671641791	0.005165805699050158	query_1	['GO:0008150']	16hr_60S_up	1.6910568151009528
GO:BP	GO:0000302	response to reactive oxygen species	0.02036775606023163	True	"""Any process that results in a change in state or activity of a cell or an organism (in terms of movement, secretion, enzyme production, gene expression, etc.) as a result of a reactive oxygen species stimulus. Reactive oxygen species include singlet oxygen, superoxide, and oxygen free radicals."" [GOC:krc]"	140	67	4	21925	0.05970149253731343	0.02857142857142857	query_1	['GO:0006979', 'GO:1901700']	16hr_60S_up	1.6910568151009528
GO:BP	GO:0036294	cellular response to decreased oxygen levels	0.02036775606023163	True	"""Any process that results in a change in state or activity of a cell (in terms of movement, secretion, enzyme production, gene expression, etc.) as a result of a stimulus reflecting a decline in the level of oxygen."" [GOC:al]"	241	67	5	21925	0.07462686567164178	0.02074688796680498	query_1	['GO:0036293', 'GO:0071453']	16hr_60S_up	1.6910568151009528
GO:BP	GO:0071453	cellular response to oxygen levels	0.02036775606023163	True	"""Any process that results in a change in state or activity of a cell (in terms of movement, secretion, enzyme production, gene expression, etc.) as a result of a stimulus reflecting the presence, absence, or concentration of oxygen."" [GOC:mah]"	241	67	5	21925	0.07462686567164178	0.02074688796680498	query_1	['GO:0070482', 'GO:0070887']	16hr_60S_up	1.6910568151009528
GO:BP	GO:0036293	response to decreased oxygen levels	0.025937880299761296	True	"""Any process that results in a change in state or activity of a cell or an organism (in terms of movement, secretion, enzyme production, gene expression, etc.) as a result of a stimulus reflecting a decline in the level of oxygen."" [GOC:al]"	270	67	5	21925	0.07462686567164178	0.018518518518518517	query_1	['GO:0070482']	16hr_60S_up	1.5860655182955623
GO:BP	GO:0043207	response to external biotic stimulus	0.025937880299761296	True	"""Any process that results in a change in state or activity of a cell or an organism (in terms of movement, secretion, enzyme production, gene expression, etc.) as a result of an external biotic stimulus, an external stimulus caused by, or produced by living things."" [GOC:go_curators]"	1461	67	12	21925	0.1791044776119403	0.008213552361396304	query_1	['GO:0009605', 'GO:0009607']	16hr_60S_up	1.5860655182955623
GO:BP	GO:0051707	response to other organism	0.025937880299761296	True	"""Any process that results in a change in state or activity of a cell or an organism (in terms of movement, secretion, enzyme production, gene expression, etc.) as a result of a stimulus from another living organism."" [GOC:ai]"	1461	67	12	21925	0.1791044776119403	0.008213552361396304	query_1	['GO:0043207', 'GO:0044419']	16hr_60S_up	1.5860655182955623
GO:BP	GO:0001666	response to hypoxia	0.025937880299761296	True	"""Any process that results in a change in state or activity of a cell or an organism (in terms of movement, secretion, enzyme production, gene expression, etc.) as a result of a stimulus indicating lowered oxygen tension. Hypoxia, defined as a decline in O2 levels below normoxic levels of 20.8 - 20.95%, results in metabolic adaptation at both the cellular and organismal level."" [GOC:hjd]"	266	67	5	21925	0.07462686567164178	0.018796992481203006	query_1	['GO:0006950', 'GO:0036293']	16hr_60S_up	1.5860655182955623
GO:BP	GO:0070482	response to oxygen levels	0.025937880299761296	True	"""Any process that results in a change in state or activity of a cell or an organism (in terms of movement, secretion, enzyme production, gene expression, etc.) as a result of a stimulus reflecting the presence, absence, or concentration of oxygen."" [GOC:BHF, GOC:mah]"	271	67	5	21925	0.07462686567164178	0.01845018450184502	query_1	['GO:0009628']	16hr_60S_up	1.5860655182955623
GO:BP	GO:0012501	programmed cell death	0.026390363231552662	True	"""A process which begins when a cell receives an internal or external signal and activates a series of biochemical events (signaling pathway). The process ends with the death of the cell."" [GOC:lr, GOC:mtg_apoptosis]"	166	67	4	21925	0.05970149253731343	0.024096385542168676	query_1	['GO:0008219']	16hr_60S_up	1.5785546321985424
GO:BP	GO:0009059	macromolecule biosynthetic process	0.026390363231552662	True	"""The chemical reactions and pathways resulting in the formation of a macromolecule, any molecule of high relative molecular mass, the structure of which essentially comprises the multiple repetition of units derived, actually or conceptually, from molecules of low relative molecular mass."" [GOC:mah]"	5728	67	29	21925	0.43283582089552236	0.005062849162011173	query_1	['GO:0009058', 'GO:0043170']	16hr_60S_up	1.5785546321985424
GO:BP	GO:0044419	biological process involved in interspecies interaction between organisms	0.026390363231552662	True	"""Any process evolved to enable an interaction with an organism of a different species."" [GOC:cc]"	1477	67	12	21925	0.1791044776119403	0.008124576844955992	query_1	['GO:0008150']	16hr_60S_up	1.5785546321985424
GO:BP	GO:0009607	response to biotic stimulus	0.026390363231552662	True	"""Any process that results in a change in state or activity of a cell or an organism (in terms of movement, secretion, enzyme production, gene expression, etc.) as a result of a biotic stimulus, a stimulus caused or produced by a living organism."" [GOC:hb]"	1488	67	12	21925	0.1791044776119403	0.008064516129032258	query_1	['GO:0050896']	16hr_60S_up	1.5785546321985424
GO:BP	GO:0098657	import into cell	0.03477438292157611	True	"""The directed movement of some substance from outside of a cell into a cell. This may occur via transport across the plasma membrane or via endocytosis."" [GOC:dos]"	86	67	3	21925	0.04477611940298507	0.03488372093023256	query_1	['GO:0006810']	16hr_60S_up	1.4587405679105294
GO:BP	GO:0009751	response to salicylic acid	0.03564420176594627	True	"""Any process that results in a change in state or activity of a cell or an organism (in terms of movement, secretion, enzyme production, gene expression, etc.) as a result of a salicylic acid stimulus."" [GOC:jl]"	185	67	4	21925	0.05970149253731343	0.021621621621621623	query_1	['GO:1901700']	16hr_60S_up	1.4480111066495889
GO:BP	GO:0009058	biosynthetic process	0.03564420176594627	True	"""A cellular process consisting of the biochemical pathways by which a living organism synthesizes chemical substances. This typically represents the energy-requiring part of metabolism in which simpler substances are transformed into more complex ones."" [GOC:curators, ISBN:0198547684]"	7344	67	34	21925	0.5074626865671642	0.004629629629629629	query_1	['GO:0008152']	16hr_60S_up	1.4480111066495889
GO:BP	GO:0008219	cell death	0.03564420176594627	True	"""Any biological process that results in permanent cessation of all vital functions of a cell. A cell should be considered dead when any one of the following molecular or morphological criteria is met: (1) the cell has lost the integrity of its plasma membrane; (2) the cell, including its nucleus, has undergone complete fragmentation into discrete bodies (frequently referred to as apoptotic bodies). The cell corpse (or its fragments) may be engulfed by an adjacent cell in vivo, but engulfment of whole cells should not be considered a strict criteria to define cell death as, under some circumstances, live engulfed cells can be released from phagosomes (see PMID:18045538)."" [GOC:mah, GOC:mtg_apoptosis, PMID:25236395]"	188	67	4	21925	0.05970149253731343	0.02127659574468085	query_1	['GO:0009987']	16hr_60S_up	1.4480111066495889
GO:BP	GO:0010324	membrane invagination	0.0359687958263007	True	"""The infolding of a membrane."" [GOC:tb]"	1	67	1	21925	0.014925373134328358	1.0	query_1	['GO:0061024']	16hr_60S_up	1.4440741013737814
GO:BP	GO:0140115	export across plasma membrane	0.0359687958263007	True	"""The directed movement of some substance from inside of a cell, across the plasma membrane and into the extracellular region."" [GOC:pg]"	93	67	3	21925	0.04477611940298507	0.03225806451612903	query_1	['GO:0055085', 'GO:0140352']	16hr_60S_up	1.4440741013737814
GO:BP	GO:0098739	import across plasma membrane	0.0359687958263007	True	"""The directed movement of some substance from outside of a cell, across the plasma membrane and into the cytosol."" [GOC:dos]"	27	67	2	21925	0.029850746268656716	0.07407407407407407	query_1	['GO:0055085', 'GO:0098657']	16hr_60S_up	1.4440741013737814
GO:BP	GO:0009617	response to bacterium	0.0359687958263007	True	"""Any process that results in a change in state or activity of a cell or an organism (in terms of movement, secretion, enzyme production, gene expression, etc.) as a result of a stimulus from a bacterium."" [GOC:hb]"	463	67	6	21925	0.08955223880597014	0.012958963282937365	query_1	['GO:0051707']	16hr_60S_up	1.4440741013737814
GO:BP	GO:0010016	shoot system morphogenesis	0.0359687958263007	True	"""The process in which the anatomical structures of the shoot are generated and organized. The shoot is the part of a seed plant body that is usually above ground."" [GOC:sm, ISBN:0877797099]"	195	67	4	21925	0.05970149253731343	0.020512820512820513	query_1	['GO:0009653', 'GO:0048367']	16hr_60S_up	1.4440741013737814
GO:BP	GO:0140546	defense response to symbiont	0.036045215204547336	True	"""Reactions triggered in response to the presence of a symbiont that act to protect or prevent damage to the host."" [GOC:pg]"	325	67	5	21925	0.07462686567164178	0.015384615384615385	query_1	['GO:0098542']	16hr_60S_up	1.4431523772185604
GO:BP	GO:0006879	intracellular iron ion homeostasis	0.0383334067033311	True	"""A homeostatic process involved in the maintenance of a steady state level of iron ions within a cell."" [GOC:ai, GOC:mah]"	29	67	2	21925	0.029850746268656716	0.06896551724137931	query_1	['GO:0030003', 'GO:0098771']	16hr_60S_up	1.4164225831272332
GO:BP	GO:0009987	cellular process	0.0383334067033311	True	"""Any process that is carried out at the cellular level, but not necessarily restricted to a single cell. For example, cell communication occurs among more than one cell, but occurs at the cellular level."" [GOC:go_curators, GOC:isa_complete]"	16591	67	60	21925	0.8955223880597015	0.0036164185401723827	query_1	['GO:0008150']	16hr_60S_up	1.4164225831272332
GO:BP	GO:0006952	defense response	0.03885512604270528	True	"""Reactions, triggered in response to the presence of a foreign body or the occurrence of an injury, which result in restriction of damage to the organism attacked or prevention/recovery from the infection caused by the attack."" [GOC:go_curators]"	1636	67	12	21925	0.1791044776119403	0.007334963325183374	query_1	['GO:0006950']	16hr_60S_up	1.410551677887375
GO:BP	GO:0009628	response to abiotic stimulus	1.134060145547597e-05	True	"""Any process that results in a change in state or activity of a cell or an organism (in terms of movement, secretion, enzyme production, gene expression, etc.) as a result of an abiotic (not derived from living organisms) stimulus."" [GOC:hb]"	2131	118	33	21925	0.2796610169491525	0.015485687470671047	query_1	['GO:0050896']	4hr_Monosome_up	4.945363911768728
GO:BP	GO:0006950	response to stress	1.322409813809522e-05	True	"""Any process that results in a change in state or activity of a cell or an organism (in terms of movement, secretion, enzyme production, gene expression, etc.) as a result of a disturbance in organismal or cellular homeostasis, usually, but not necessarily, exogenous (e.g. temperature, humidity, ionizing radiation)."" [GOC:mah]"	3733	118	45	21925	0.3813559322033898	0.012054647736405036	query_1	['GO:0050896']	4hr_Monosome_up	4.87863393645755
GO:BP	GO:0042254	ribosome biogenesis	3.2397960120427656e-05	True	"""A cellular process that results in the biosynthesis of constituent macromolecules, assembly, and arrangement of constituent parts of ribosome subunits; includes transport to the sites of protein synthesis."" [GOC:ma, PMID:26404467, Wikipedia:Ribosome_biogenesis]"	254	118	11	21925	0.09322033898305085	0.04330708661417323	query_1	['GO:0022613']	4hr_Monosome_up	4.489482333507316
GO:BP	GO:0071453	cellular response to oxygen levels	7.848393753122757e-05	True	"""Any process that results in a change in state or activity of a cell (in terms of movement, secretion, enzyme production, gene expression, etc.) as a result of a stimulus reflecting the presence, absence, or concentration of oxygen."" [GOC:mah]"	241	118	10	21925	0.0847457627118644	0.04149377593360996	query_1	['GO:0070482', 'GO:0070887']	4hr_Monosome_up	4.105219216571186
GO:BP	GO:0036294	cellular response to decreased oxygen levels	7.848393753122757e-05	True	"""Any process that results in a change in state or activity of a cell (in terms of movement, secretion, enzyme production, gene expression, etc.) as a result of a stimulus reflecting a decline in the level of oxygen."" [GOC:al]"	241	118	10	21925	0.0847457627118644	0.04149377593360996	query_1	['GO:0036293', 'GO:0071453']	4hr_Monosome_up	4.105219216571186
GO:BP	GO:0009751	response to salicylic acid	7.848393753122757e-05	True	"""Any process that results in a change in state or activity of a cell or an organism (in terms of movement, secretion, enzyme production, gene expression, etc.) as a result of a salicylic acid stimulus."" [GOC:jl]"	185	118	9	21925	0.07627118644067797	0.04864864864864865	query_1	['GO:1901700']	4hr_Monosome_up	4.105219216571186
GO:BP	GO:0071456	cellular response to hypoxia	7.848393753122757e-05	True	"""Any process that results in a change in state or activity of a cell (in terms of movement, secretion, enzyme production, gene expression, etc.) as a result of a stimulus indicating lowered oxygen tension. Hypoxia, defined as a decline in O2 levels below normoxic levels of 20.8 - 20.95%, results in metabolic adaptation at both the cellular and organismal level."" [GOC:mah]"	239	118	10	21925	0.0847457627118644	0.04184100418410042	query_1	['GO:0001666', 'GO:0033554', 'GO:0036294']	4hr_Monosome_up	4.105219216571186
GO:BP	GO:0033554	cellular response to stress	0.00012215173825810068	True	"""Any process that results in a change in state or activity of a cell (in terms of movement, secretion, enzyme production, gene expression, etc.) as a result of a stimulus indicating the organism is under stress. The stress is usually, but not necessarily, exogenous (e.g. temperature, humidity, ionizing radiation)."" [GOC:mah]"	1085	118	20	21925	0.1694915254237288	0.018433179723502304	query_1	['GO:0006950', 'GO:0051716']	4hr_Monosome_up	3.9131003484979137
GO:BP	GO:0036293	response to decreased oxygen levels	0.00013210435912056761	True	"""Any process that results in a change in state or activity of a cell or an organism (in terms of movement, secretion, enzyme production, gene expression, etc.) as a result of a stimulus reflecting a decline in the level of oxygen."" [GOC:al]"	270	118	10	21925	0.0847457627118644	0.037037037037037035	query_1	['GO:0070482']	4hr_Monosome_up	3.879082851493924
GO:BP	GO:0001666	response to hypoxia	0.00013210435912056761	True	"""Any process that results in a change in state or activity of a cell or an organism (in terms of movement, secretion, enzyme production, gene expression, etc.) as a result of a stimulus indicating lowered oxygen tension. Hypoxia, defined as a decline in O2 levels below normoxic levels of 20.8 - 20.95%, results in metabolic adaptation at both the cellular and organismal level."" [GOC:hjd]"	266	118	10	21925	0.0847457627118644	0.03759398496240601	query_1	['GO:0006950', 'GO:0036293']	4hr_Monosome_up	3.879082851493924
GO:BP	GO:0070482	response to oxygen levels	0.00013210435912056761	True	"""Any process that results in a change in state or activity of a cell or an organism (in terms of movement, secretion, enzyme production, gene expression, etc.) as a result of a stimulus reflecting the presence, absence, or concentration of oxygen."" [GOC:BHF, GOC:mah]"	271	118	10	21925	0.0847457627118644	0.03690036900369004	query_1	['GO:0009628']	4hr_Monosome_up	3.879082851493924
GO:BP	GO:1901700	response to oxygen-containing compound	0.00013210435912056761	True	"""Any process that results in a change in state or activity of a cell or an organism (in terms of movement, secretion, enzyme production, gene expression, etc.) as a result of an oxygen-containing compound stimulus."" [GOC:pr, GOC:TermGenie]"	1659	118	25	21925	0.211864406779661	0.015069318866787222	query_1	['GO:0042221']	4hr_Monosome_up	3.879082851493924
GO:BP	GO:0022613	ribonucleoprotein complex biogenesis	0.00026201853683869593	True	"""A cellular process that results in the biosynthesis of constituent macromolecules, assembly, and arrangement of constituent parts of a complex containing RNA and proteins. Includes the biosynthesis of the constituent RNA and protein molecules, and those macromolecular modifications that are involved in synthesis or assembly of the ribonucleoprotein complex."" [GOC:isa_complete, GOC:mah]"	365	118	11	21925	0.09322033898305085	0.030136986301369864	query_1	['GO:0044085']	4hr_Monosome_up	3.5816679828711657
GO:BP	GO:0051716	cellular response to stimulus	0.00032657691908513403	True	"""Any process that results in a change in state or activity of a cell (in terms of movement, secretion, enzyme production, gene expression, etc.) as a result of a stimulus. The process begins with detection of the stimulus by a cell and ends with a change in state or activity or the cell."" [GOC:bf, GOC:jl]"	2897	118	34	21925	0.288135593220339	0.01173627890921643	query_1	['GO:0009987', 'GO:0050896']	4hr_Monosome_up	3.486014512398422
GO:BP	GO:0070887	cellular response to chemical stimulus	0.0003872714799494689	True	"""Any process that results in a change in state or activity of a cell (in terms of movement, secretion, enzyme production, gene expression, etc.) as a result of a chemical stimulus."" [GOC:mah]"	1669	118	24	21925	0.2033898305084746	0.014379868184541641	query_1	['GO:0042221', 'GO:0051716']	4hr_Monosome_up	3.4119844848281087
GO:BP	GO:0042221	response to chemical	0.0003945637618307467	True	"""Any process that results in a change in state or activity of a cell or an organism (in terms of movement, secretion, enzyme production, gene expression, etc.) as a result of a chemical stimulus."" [GOC:jl]"	2940	118	34	21925	0.288135593220339	0.011564625850340135	query_1	['GO:0050896']	4hr_Monosome_up	3.403882804435166
GO:BP	GO:0006364	rRNA processing	0.0004542611892612768	True	"""Any process involved in the conversion of a primary ribosomal RNA (rRNA) transcript into one or more mature rRNA molecules."" [GOC:curators]"	194	118	8	21925	0.06779661016949153	0.041237113402061855	query_1	['GO:0006396', 'GO:0016072', 'GO:0042254']	4hr_Monosome_up	3.342694366442426
GO:BP	GO:0016072	rRNA metabolic process	0.0005162215547139229	True	"""The chemical reactions and pathways involving rRNA, ribosomal RNA, a structural constituent of ribosomes."" [ISBN:0198506732]"	199	118	8	21925	0.06779661016949153	0.04020100502512563	query_1	['GO:0016070']	4hr_Monosome_up	3.2871638655459705
GO:BP	GO:0050896	response to stimulus	0.0005509347283399795	True	"""Any process that results in a change in state or activity of a cell or an organism (in terms of movement, secretion, enzyme production, gene expression, etc.) as a result of a stimulus. The process begins with detection of the stimulus and ends with a change in state or activity or the cell or organism."" [GOC:ai, GOC:bf]"	6001	118	54	21925	0.4576271186440678	0.00899850024995834	query_1	['GO:0008150']	4hr_Monosome_up	3.2588998508776332
GO:BP	GO:0051246	regulation of protein metabolic process	0.0007093594153545328	True	"""Any process that modulates the frequency, rate or extent of the chemical reactions and pathways involving a protein."" [GOC:ai]"	211	118	8	21925	0.06779661016949153	0.037914691943127965	query_1	['GO:0019538', 'GO:0060255', 'GO:0080090']	4hr_Monosome_up	3.14913366248344
GO:BP	GO:0009611	response to wounding	0.0018457482946361975	True	"""Any process that results in a change in state or activity of a cell or an organism (in terms of movement, secretion, enzyme production, gene expression, etc.) as a result of a stimulus indicating damage to the organism."" [GOC:go_curators]"	243	118	8	21925	0.06779661016949153	0.03292181069958848	query_1	['GO:0006950']	4hr_Monosome_up	2.7338275241680905
GO:BP	GO:0009409	response to cold	0.0025691589122655138	True	"""Any process that results in a change in state or activity of a cell or an organism (in terms of movement, secretion, enzyme production, gene expression, etc.) as a result of a cold stimulus, a temperature stimulus below the optimal temperature for that organism."" [GOC:lr]"	410	118	10	21925	0.0847457627118644	0.024390243902439025	query_1	['GO:0006950', 'GO:0009266']	4hr_Monosome_up	2.5902090321347577
GO:BP	GO:0042256	cytosolic ribosome assembly	0.0026652630481442904	True	"""The aggregation, arrangement and bonding together of the large and small ribosomal subunits into a functional cytosolic ribosome. Distinct stages of this process take place first in the nucleolus, then in the nucleus and finally in the cytosol."" [GOC:ma, PMID:30467428]"	3	118	2	21925	0.01694915254237288	0.6666666666666666	query_1	['GO:0042255']	4hr_Monosome_up	2.5742599218269477
GO:BP	GO:0071569	protein ufmylation	0.0026652630481442904	True	"""Covalent attachment of the ubiquitin-like protein UFM1 to another protein."" [GOC:vw, PMID:20018847]"	3	118	2	21925	0.01694915254237288	0.6666666666666666	query_1	['GO:0032446']	4hr_Monosome_up	2.5742599218269477
GO:BP	GO:0044085	cellular component biogenesis	0.002916711177850673	True	"""A process that results in the biosynthesis of constituent macromolecules, assembly, and arrangement of constituent parts of a cellular component. Includes biosynthesis of constituent macromolecules, and those macromolecular modifications that are involved in synthesis or assembly of the cellular component."" [GOC:jl, GOC:mah]"	1115	118	17	21925	0.1440677966101695	0.015246636771300448	query_1	['GO:0071840']	4hr_Monosome_up	2.5351065739896597
GO:BP	GO:0009737	response to abscisic acid	0.002940163764326259	True	"""Any process that results in a change in state or activity of a cell or an organism (in terms of movement, secretion, enzyme production, gene expression, etc.) as a result of an abscisic acid stimulus."" [GOC:jl]"	604	118	12	21925	0.1016949152542373	0.019867549668874173	query_1	['GO:0009725', 'GO:0033993', 'GO:0097305']	4hr_Monosome_up	2.531628479124415
GO:BP	GO:0097305	response to alcohol	0.0032522210264059118	True	"""Any process that results in a change in state or activity of a cell or an organism (in terms of movement, secretion, enzyme production, gene expression, etc.) as a result of an alcohol stimulus."" [GOC:pr, PMID:24014527]"	613	118	12	21925	0.1016949152542373	0.01957585644371941	query_1	['GO:1901700']	4hr_Monosome_up	2.487819946692198
GO:BP	GO:0009626	plant-type hypersensitive response	0.003366977269000974	True	"""The rapid, localized death of plant cells in response to invasion by a pathogen."" [ISBN:0582227089]"	90	118	5	21925	0.0423728813559322	0.05555555555555555	query_1	['GO:0033554', 'GO:0034050', 'GO:0045087']	4hr_Monosome_up	2.4727598155931316
GO:BP	GO:0034050	symbiont-induced defense-related programmed cell death	0.0033753279958046757	True	"""Cell death resulting from activation of endogenous cellular processes after interaction with a symbiont (defined as the smaller of two, or more, organisms engaged in symbiosis, a close interaction encompassing mutualism through parasitism). This can be triggered by direct interaction with the organism, for example, contact with penetrating hyphae of a fungus; or an indirect interaction such as symbiont-secreted molecules."" [GOC:pamgo_curators]"	91	118	5	21925	0.0423728813559322	0.054945054945054944	query_1	['GO:0012501', 'GO:0140546']	4hr_Monosome_up	2.471684018433923
GO:BP	GO:0002376	immune system process	0.0033753279958046757	True	"""Any process involved in the development or functioning of the immune system, an organismal system for calibrated responses to potential internal or invasive threats."" [GO_REF:0000022, GOC:add]"	279	118	8	21925	0.06779661016949153	0.02867383512544803	query_1	['GO:0008150']	4hr_Monosome_up	2.471684018433923
GO:BP	GO:0006970	response to osmotic stress	0.0036067215745113988	True	"""Any process that results in a change in state or activity of a cell or an organism (in terms of movement, secretion, enzyme production, gene expression, etc.) as a result of a stimulus indicating an increase or decrease in the concentration of solutes outside the organism or cell."" [GOC:jl]"	537	118	11	21925	0.09322033898305085	0.020484171322160148	query_1	['GO:0006950', 'GO:0009628']	4hr_Monosome_up	2.442887382306099
GO:BP	GO:0009651	response to salt stress	0.0036067215745113988	True	"""Any process that results in a change in state or activity of a cell or an organism (in terms of movement, secretion, enzyme production, gene expression, etc.) as a result of a stimulus indicating an increase or decrease in the concentration of salt (particularly but not exclusively sodium and chloride ions) in the environment."" [GOC:jl]"	446	118	10	21925	0.0847457627118644	0.02242152466367713	query_1	['GO:0006970']	4hr_Monosome_up	2.442887382306099
GO:BP	GO:0009617	response to bacterium	0.004612918137233088	True	"""Any process that results in a change in state or activity of a cell or an organism (in terms of movement, secretion, enzyme production, gene expression, etc.) as a result of a stimulus from a bacterium."" [GOC:hb]"	463	118	10	21925	0.0847457627118644	0.02159827213822894	query_1	['GO:0051707']	4hr_Monosome_up	2.336024252494141
GO:BP	GO:0051707	response to other organism	0.005571685042010826	True	"""Any process that results in a change in state or activity of a cell or an organism (in terms of movement, secretion, enzyme production, gene expression, etc.) as a result of a stimulus from another living organism."" [GOC:ai]"	1461	118	19	21925	0.16101694915254236	0.013004791238877482	query_1	['GO:0043207', 'GO:0044419']	4hr_Monosome_up	2.2540134414912107
GO:BP	GO:1901701	cellular response to oxygen-containing compound	0.005571685042010826	True	"""Any process that results in a change in state or activity of a cell (in terms of movement, secretion, enzyme production, gene expression, etc.) as a result of an oxygen-containing compound stimulus."" [GOC:pr, GOC:TermGenie]"	772	118	13	21925	0.11016949152542373	0.01683937823834197	query_1	['GO:0070887', 'GO:1901700']	4hr_Monosome_up	2.2540134414912107
GO:BP	GO:0043207	response to external biotic stimulus	0.005571685042010826	True	"""Any process that results in a change in state or activity of a cell or an organism (in terms of movement, secretion, enzyme production, gene expression, etc.) as a result of an external biotic stimulus, an external stimulus caused by, or produced by living things."" [GOC:go_curators]"	1461	118	19	21925	0.16101694915254236	0.013004791238877482	query_1	['GO:0009605', 'GO:0009607']	4hr_Monosome_up	2.2540134414912107
GO:BP	GO:0065007	biological regulation	0.005571685042010826	True	"""Any process that modulates a measurable attribute of any biological process, quality or function."" [GOC:dph, GOC:isa_complete, GOC:mah, GOC:pr, GOC:vw]"	5330	118	46	21925	0.3898305084745763	0.008630393996247656	query_1	['GO:0008150']	4hr_Monosome_up	2.2540134414912107
GO:BP	GO:0012501	programmed cell death	0.005571685042010826	True	"""A process which begins when a cell receives an internal or external signal and activates a series of biochemical events (signaling pathway). The process ends with the death of the cell."" [GOC:lr, GOC:mtg_apoptosis]"	166	118	6	21925	0.05084745762711865	0.03614457831325301	query_1	['GO:0008219']	4hr_Monosome_up	2.2540134414912107
GO:BP	GO:0000462	maturation of SSU-rRNA from tricistronic rRNA transcript (SSU-rRNA, 5.8S rRNA, LSU-rRNA)	0.005571685042010826	True	"""Any process involved in the maturation of a precursor Small SubUnit (SSU) ribosomal RNA (rRNA) molecule into a mature SSU-rRNA molecule from the pre-rRNA molecule originally produced as a tricistronic rRNA transcript that contains the Small Subunit (SSU) rRNA, 5.8S rRNA, and the Large Subunit (LSU) in that order from 5' to 3' along the primary transcript."" [GOC:curators]"	5	118	2	21925	0.01694915254237288	0.4	query_1	['GO:0030490']	4hr_Monosome_up	2.2540134414912107
GO:BP	GO:0050826	response to freezing	0.005970571606985031	True	"""Any process that results in a change in state or activity of a cell or an organism (in terms of movement, secretion, enzyme production, gene expression, etc.) as a result of a freezing stimulus, temperatures below 0 degrees Celsius."" [GOC:jl]"	25	118	3	21925	0.025423728813559324	0.12	query_1	['GO:0009409']	4hr_Monosome_up	2.2239840886569233
GO:BP	GO:0044419	biological process involved in interspecies interaction between organisms	0.0060752187058199705	True	"""Any process evolved to enable an interaction with an organism of a different species."" [GOC:cc]"	1477	118	19	21925	0.16101694915254236	0.012863913337846988	query_1	['GO:0008150']	4hr_Monosome_up	2.21643808299367
GO:BP	GO:0097306	cellular response to alcohol	0.006209865885883953	True	"""Any process that results in a change in state or activity of a cell (in terms of movement, secretion, enzyme production, gene expression, etc.) as a result of an alcohol stimulus."" [GOC:pr]"	323	118	8	21925	0.06779661016949153	0.02476780185758514	query_1	['GO:0097305', 'GO:1901701']	4hr_Monosome_up	2.206917779155062
GO:BP	GO:0009607	response to biotic stimulus	0.006209865885883953	True	"""Any process that results in a change in state or activity of a cell or an organism (in terms of movement, secretion, enzyme production, gene expression, etc.) as a result of a biotic stimulus, a stimulus caused or produced by a living organism."" [GOC:hb]"	1488	118	19	21925	0.16101694915254236	0.012768817204301076	query_1	['GO:0050896']	4hr_Monosome_up	2.206917779155062
GO:BP	GO:0071215	cellular response to abscisic acid stimulus	0.006209865885883953	True	"""Any process that results in a change in state or activity of a cell (in terms of movement, secretion, enzyme production, gene expression, etc.) as a result of an abscisic acid stimulus."" [GOC:mah]"	323	118	8	21925	0.06779661016949153	0.02476780185758514	query_1	['GO:0009737', 'GO:0032870', 'GO:0071396', 'GO:0097306']	4hr_Monosome_up	2.206917779155062
GO:BP	GO:0033993	response to lipid	0.0064465010433153004	True	"""Any process that results in a change in state or activity of a cell or an organism (in terms of movement, secretion, enzyme production, gene expression, etc.) as a result of a lipid stimulus."" [GOC:sl]"	1022	118	15	21925	0.1271186440677966	0.014677103718199608	query_1	['GO:0042221']	4hr_Monosome_up	2.19067594271284
GO:BP	GO:0050789	regulation of biological process	0.006827450891607488	True	"""Any process that modulates the frequency, rate or extent of a biological process. Biological processes are regulated by many means; examples include the control of gene expression, protein modification or interaction with a protein or substrate molecule."" [GOC:ai, GOC:go_curators]"	5102	118	44	21925	0.3728813559322034	0.00862406899255194	query_1	['GO:0008150', 'GO:0065007']	4hr_Monosome_up	2.165741414964221
GO:BP	GO:0009863	salicylic acid mediated signaling pathway	0.007457119733608609	True	"""The series of molecular signals mediated by salicylic acid."" [GOC:jy]"	67	118	4	21925	0.03389830508474576	0.05970149253731343	query_1	['GO:0007165', 'GO:0071446']	4hr_Monosome_up	2.127428883699203
GO:BP	GO:0006417	regulation of translation	0.007783444511936148	True	"""Any process that modulates the frequency, rate or extent of the chemical reactions and pathways resulting in the formation of proteins by the translation of mRNA or circRNA."" [GOC:isa_complete]"	121	118	5	21925	0.0423728813559322	0.04132231404958678	query_1	['GO:0006412', 'GO:0010608', 'GO:0051246']	4hr_Monosome_up	2.1088281663174637
GO:BP	GO:0008219	cell death	0.008304464831259602	True	"""Any biological process that results in permanent cessation of all vital functions of a cell. A cell should be considered dead when any one of the following molecular or morphological criteria is met: (1) the cell has lost the integrity of its plasma membrane; (2) the cell, including its nucleus, has undergone complete fragmentation into discrete bodies (frequently referred to as apoptotic bodies). The cell corpse (or its fragments) may be engulfed by an adjacent cell in vivo, but engulfment of whole cells should not be considered a strict criteria to define cell death as, under some circumstances, live engulfed cells can be released from phagosomes (see PMID:18045538)."" [GOC:mah, GOC:mtg_apoptosis, PMID:25236395]"	188	118	6	21925	0.05084745762711865	0.031914893617021274	query_1	['GO:0009987']	4hr_Monosome_up	2.080688349765228
GO:BP	GO:0050794	regulation of cellular process	0.008442960188265554	True	"""Any process that modulates the frequency, rate or extent of a cellular process, any of those that are carried out at the cellular level, but are not necessarily restricted to a single cell. For example, cell communication occurs among more than one cell, but occurs at the cellular level."" [GOC:go_curators]"	4693	118	41	21925	0.3474576271186441	0.008736415938632005	query_1	['GO:0009987', 'GO:0050789']	4hr_Monosome_up	2.0735052585838623
GO:BP	GO:0009605	response to external stimulus	0.009339910671174952	True	"""Any process that results in a change in state or activity of a cell or an organism (in terms of movement, secretion, enzyme production, gene expression, etc.) as a result of an external stimulus."" [GOC:hb]"	1684	118	20	21925	0.1694915254237288	0.011876484560570071	query_1	['GO:0050896']	4hr_Monosome_up	2.0296572774317174
GO:BP	GO:0071446	cellular response to salicylic acid stimulus	0.0096443170355037	True	"""Any process that results in a change in state or activity of a cell (in terms of movement, secretion, enzyme production, gene expression, etc.) as a result of a salicylic acid stimulus."" [GOC:mah]"	74	118	4	21925	0.03389830508474576	0.05405405405405406	query_1	['GO:0009751', 'GO:1901701']	4hr_Monosome_up	2.0157285215933474
GO:BP	GO:0009743	response to carbohydrate	0.0096443170355037	True	"""Any process that results in a change in state or activity of a cell or an organism (in terms of movement, secretion, enzyme production, gene expression, etc.) as a result of a carbohydrate stimulus."" [GOC:jl]"	196	118	6	21925	0.05084745762711865	0.030612244897959183	query_1	['GO:1901700']	4hr_Monosome_up	2.0157285215933474
GO:BP	GO:0006955	immune response	0.009649042079655938	True	"""Any immune system process that functions in the calibrated response of an organism to a potential internal or invasive threat."" [GO_REF:0000022, GOC:add]"	273	118	7	21925	0.059322033898305086	0.02564102564102564	query_1	['GO:0002376', 'GO:0050896']	4hr_Monosome_up	2.015515799627116
GO:BP	GO:0006396	RNA processing	0.009799858779385075	True	"""Any process involved in the conversion of one or more primary RNA transcripts into one or more mature RNA molecules."" [GOC:mah]"	1085	118	15	21925	0.1271186440677966	0.013824884792626729	query_1	['GO:0010467', 'GO:0032774', 'GO:0044238']	4hr_Monosome_up	2.008780182651964
GO:BP	GO:0009696	salicylic acid metabolic process	0.009804343393832562	True	"""The chemical reactions and pathways involving of salicylic acid (2-hydroxybenzoic acid), a derivative of benzoic acid."" [ISBN:0943088399]"	33	118	3	21925	0.025423728813559324	0.09090909090909091	query_1	['GO:0018958', 'GO:0032787', 'GO:0042537']	4hr_Monosome_up	2.0085814861352915
GO:BP	GO:0030490	maturation of SSU-rRNA	0.010290802975631718	True	"""Any process involved in the maturation of a precursor Small SubUnit (SSU) ribosomal RNA (rRNA) molecule into a mature SSU-rRNA molecule."" [GOC:curators]"	8	118	2	21925	0.01694915254237288	0.25	query_1	['GO:0006364', 'GO:0042274']	4hr_Monosome_up	1.987550736580594
GO:BP	GO:0009765	photosynthesis, light harvesting	0.013271711032226569	True	"""Absorption and transfer of the energy absorbed from light photons between photosystem reaction centers."" [GOC:sm]"	37	118	3	21925	0.025423728813559324	0.08108108108108109	query_1	['GO:0006091', 'GO:0019684']	4hr_Monosome_up	1.8770730828664322
GO:BP	GO:0048583	regulation of response to stimulus	0.014590350255207671	True	"""Any process that modulates the frequency, rate or extent of a response to a stimulus. Response to stimulus is a change in state or activity of a cell or an organism (in terms of movement, secretion, enzyme production, gene expression, etc.) as a result of a stimulus."" [GOC:jid]"	791	118	12	21925	0.1016949152542373	0.015170670037926675	query_1	['GO:0050789', 'GO:0050896']	4hr_Monosome_up	1.8359342823301184
GO:BP	GO:0010344	seed oilbody biogenesis	0.015601493378226309	True	"""A cellular process that results in the biosynthesis of constituent macromolecules, assembly, and arrangement of constituent parts of a seed oilbody. Seed oilbodies are simple organelles comprising a matrix of triglyceride surrounded by a phospholipid monolayer embedded and covered with unique proteins called oleosins. Seed oilbodies supply the energy requirements for the growth of the seedling after germination."" [GOC:jl, PMID:16877495]"	10	118	2	21925	0.01694915254237288	0.2	query_1	['GO:0044085', 'GO:0048316']	4hr_Monosome_up	1.8068338288967143
GO:BP	GO:0009987	cellular process	0.01575449717844608	True	"""Any process that is carried out at the cellular level, but not necessarily restricted to a single cell. For example, cell communication occurs among more than one cell, but occurs at the cellular level."" [GOC:go_curators, GOC:isa_complete]"	16591	118	103	21925	0.8728813559322034	0.006208185160629257	query_1	['GO:0008150']	4hr_Monosome_up	1.8025954532396489
GO:BP	GO:0071396	cellular response to lipid	0.019304023600001864	True	"""Any process that results in a change in state or activity of a cell (in terms of movement, secretion, enzyme production, gene expression, etc.) as a result of a lipid stimulus."" [GOC:mah]"	605	118	10	21925	0.0847457627118644	0.01652892561983471	query_1	['GO:0033993', 'GO:0070887']	4hr_Monosome_up	1.7143521601552012
GO:BP	GO:0030162	regulation of proteolysis	0.02163962055689812	True	"""Any process that modulates the frequency, rate or extent of the hydrolysis of a peptide bond or bonds within a protein."" [GOC:mah]"	12	118	2	21925	0.01694915254237288	0.16666666666666666	query_1	['GO:0006508', 'GO:0051246']	4hr_Monosome_up	1.6647503586990218
GO:BP	GO:0048316	seed development	0.02345505422856749	True	"""The process whose specific outcome is the progression of the seed over time, from its formation to the mature structure. A seed is a propagating organ formed in the sexual reproductive cycle of gymnosperms and angiosperms, consisting of a protective coat enclosing an embryo and food reserves."" [GOC:jid, PO:0009010]"	624	118	10	21925	0.0847457627118644	0.016025641025641024	query_1	['GO:0009791', 'GO:0010154', 'GO:0048608']	4hr_Monosome_up	1.6297635586178931
GO:BP	GO:0009266	response to temperature stimulus	0.02901761724747882	True	"""Any process that results in a change in state or activity of a cell or an organism (in terms of movement, secretion, enzyme production, gene expression, etc.) as a result of a temperature stimulus."" [GOC:hb]"	644	118	10	21925	0.0847457627118644	0.015527950310559006	query_1	['GO:0009628']	4hr_Monosome_up	1.5373382520897707
GO:BP	GO:0045087	innate immune response	0.03050145124556968	True	"""Innate immune responses are defense responses mediated by germline encoded components that directly recognize components of potential pathogens."" [GO_REF:0000022, GOC:add, GOC:ebc, GOC:mtg_sensu]"	257	118	6	21925	0.05084745762711865	0.023346303501945526	query_1	['GO:0006955', 'GO:0140546']	4hr_Monosome_up	1.5156794966221117
GO:BP	GO:0018958	phenol-containing compound metabolic process	0.03081880060142277	True	"""The chemical reactions and pathways involving a phenol, any compound containing one or more hydroxyl groups directly attached to an aromatic carbon ring."" [ISBN:0198506732]"	52	118	3	21925	0.025423728813559324	0.057692307692307696	query_1	['GO:0008152']	4hr_Monosome_up	1.5111842670556117
GO:BP	GO:0170062	nutrient storage	0.031103068305835632	True	"""The accumulation and maintenance in cells or tissues of a nutrient, a substance that is used by an organism to survive, to grow, and to reproduce; such as proteins, vitamins, and minerals. Nutrient reserves can be accumulated for mobilization and utilization when needed."" [GOC:ew]"	15	118	2	21925	0.01694915254237288	0.13333333333333333	query_1	['GO:0009987']	4hr_Monosome_up	1.5071967658746623
GO:BP	GO:0019915	lipid storage	0.031103068305835632	True	"""The accumulation and maintenance in cells or tissues of lipids, compounds soluble in organic solvents but insoluble or sparingly soluble in aqueous solvents. Lipid reserves can be accumulated during early developmental stages for mobilization and utilization at later stages of development."" [GOC:dph, GOC:mah, GOC:tb, PMID:11102830]"	15	118	2	21925	0.01694915254237288	0.13333333333333333	query_1	['GO:0170062']	4hr_Monosome_up	1.5071967658746623
GO:BP	GO:0010154	fruit development	0.03258791194331905	True	"""The process whose specific outcome is the progression of the fruit over time, from its formation to the mature structure. The fruit is a reproductive body of a seed plant."" [GOC:sm]"	664	118	10	21925	0.0847457627118644	0.015060240963855422	query_1	['GO:0048608']	4hr_Monosome_up	1.4869434658787108
GO:BP	GO:0046164	alcohol catabolic process	0.03258791194331905	True	"""The chemical reactions and pathways resulting in the breakdown of alcohols, any of a class of compounds containing one or more hydroxyl groups attached to a saturated carbon atom."" [GOC:ai]"	16	118	2	21925	0.01694915254237288	0.125	query_1	['GO:0006066', 'GO:0044282']	4hr_Monosome_up	1.4869434658787108
GO:BP	GO:0042255	ribosome assembly	0.03258791194331905	True	"""The aggregation, arrangement and bonding together of the mature ribosome and of its subunits."" [GOC:ma, PMID:30467428]"	16	118	2	21925	0.01694915254237288	0.125	query_1	['GO:0042254', 'GO:0140694']	4hr_Monosome_up	1.4869434658787108
GO:BP	GO:0042537	benzene-containing compound metabolic process	0.03258791194331905	True	"""The chemical reactions and pathways involving benzene, C6H6, a volatile, very inflammable liquid, contained in the naphtha produced by the destructive distillation of coal, from which it is separated by fractional distillation, or any of its derivatives."" [GOC:jl]"	55	118	3	21925	0.025423728813559324	0.05454545454545454	query_1	['GO:0008152']	4hr_Monosome_up	1.4869434658787108
GO:BP	GO:0010337	regulation of salicylic acid metabolic process	0.03258791194331905	True	"""Any process that modulates the frequency, rate or extent of the chemical reactions and pathways involving salicylic acid."" [PMID:14765119]"	16	118	2	21925	0.01694915254237288	0.125	query_1	['GO:0009696', 'GO:0010565', 'GO:0062012']	4hr_Monosome_up	1.4869434658787108
GO:BP	GO:0042274	ribosomal small subunit biogenesis	0.03258791194331905	True	"""A cellular process that results in the biosynthesis of constituent macromolecules, assembly, and arrangement of constituent parts of a small ribosomal subunit; includes transport to the sites of protein synthesis."" [GOC:jl]"	16	118	2	21925	0.01694915254237288	0.125	query_1	['GO:0022613', 'GO:0042254']	4hr_Monosome_up	1.4869434658787108
GO:BP	GO:0006127	glycerol-3-phosphate shuttle	0.04717150714333636	True	"""The process of transferring reducing equivalents from NADH in the cytosol into the mitochondria via glycerol-3-phosphate. Cytosolic glycerol-3-phosphate dehydrogenase uses NADH to convert dihydroxyacetone phosphate (DHAP) to glycerol-3-phosphate (G3P) in the cytosol; G3P then diffuses into the mitochondria where mitochondrial glycerol-3-phosphate dehydrogenase uses FAD to convert G3P back to DHAP; the electrons on the reduced FADH2 are then available for use in the electron transport chain, and DHAP returns to the cytosol to complete the cycle."" [GOC:sjm, PMID:16368075]"	1	118	1	21925	0.00847457627118644	1.0	query_1	['GO:0006734', 'GO:0019674']	4hr_Monosome_up	1.3263202476979516
GO:BP	GO:0006356	regulation of transcription by RNA polymerase I	0.04717150714333636	True	"""Any process that modulates the frequency, rate or extent of transcription mediated by RNA polymerase I."" [GOC:go_curators]"	1	118	1	21925	0.00847457627118644	1.0	query_1	['GO:0006355', 'GO:0006360']	4hr_Monosome_up	1.3263202476979516
GO:BP	GO:0010466	negative regulation of peptidase activity	0.04717150714333636	True	"""Any process that stops or reduces the rate of peptidase activity, the hydrolysis of peptide bonds within proteins."" [GOC:dph, GOC:tb]"	1	118	1	21925	0.00847457627118644	1.0	query_1	['GO:0045861', 'GO:0051346', 'GO:0052547']	4hr_Monosome_up	1.3263202476979516
GO:BP	GO:0045943	positive regulation of transcription by RNA polymerase I	0.04717150714333636	True	"""Any process that activates or increases the frequency, rate or extent of transcription mediated by RNA polymerase I."" [GOC:go_curators, GOC:txnOH]"	1	118	1	21925	0.00847457627118644	1.0	query_1	['GO:0006356', 'GO:0006360', 'GO:0045893']	4hr_Monosome_up	1.3263202476979516
GO:BP	GO:1900039	positive regulation of cellular response to hypoxia	0.04717150714333636	True	"""Any process that activates or increases the frequency, rate or extent of cellular response to hypoxia."" [GOC:TermGenie, GOC:yaf]"	1	118	1	21925	0.00847457627118644	1.0	query_1	['GO:0048522', 'GO:0048584', 'GO:0071456', 'GO:1900037']	4hr_Monosome_up	1.3263202476979516
GO:BP	GO:0030301	cholesterol transport	0.04717150714333636	True	"""The directed movement of cholesterol, cholest-5-en-3-beta-ol, into, out of or within a cell, or between cells, by means of some agent such as a transporter or pore."" [GOC:mah, ISBN:0198506732]"	1	118	1	21925	0.00847457627118644	1.0	query_1	['GO:0015918']	4hr_Monosome_up	1.3263202476979516
GO:BP	GO:0032355	response to estradiol	0.04717150714333636	True	"""Any process that results in a change in state or activity of a cell or an organism (in terms of movement, secretion, enzyme production, gene expression, etc.) as a result of stimulus by estradiol, a C18 steroid hormone hydroxylated at C3 and C17 that acts as a potent estrogen."" [GOC:mah, ISBN:0911910123]"	1	118	1	21925	0.00847457627118644	1.0	query_1	['GO:0033993', 'GO:1901700']	4hr_Monosome_up	1.3263202476979516
GO:BP	GO:0032367	intracellular cholesterol transport	0.04717150714333636	True	"""The directed movement of cholesterol, cholest-5-en-3-beta-ol, within cells."" [GOC:mah]"	1	118	1	21925	0.00847457627118644	1.0	query_1	['GO:0030301', 'GO:0032366']	4hr_Monosome_up	1.3263202476979516
GO:BP	GO:0000479	endonucleolytic cleavage of tricistronic rRNA transcript (SSU-rRNA, 5.8S rRNA, LSU-rRNA)	0.04717150714333636	True	"""Endonucleolytic cleavage of a pre-rRNA molecule originally produced as a tricistronic rRNA transcript that contains the Small SubUnit (SSU) rRNA, the 5.8S rRNA, and the Large SubUnit (LSU) rRNA, in that order, from 5' to 3' along the primary transcript. Primary ribosomal RNA transcripts with three genes, in this order, are produced in the nuclei of many eukaryotic species, including S. cerevisiae."" [GOC:curators, PMID:10690410]"	1	118	1	21925	0.00847457627118644	1.0	query_1	['GO:0006364']	4hr_Monosome_up	1.3263202476979516
GO:BP	GO:0052547	regulation of peptidase activity	0.04717150714333636	True	"""Any process that modulates the frequency, rate or extent of peptidase activity, the hydrolysis of peptide bonds within proteins."" [GOC:ai]"	1	118	1	21925	0.00847457627118644	1.0	query_1	['GO:0030162', 'GO:0051336']	4hr_Monosome_up	1.3263202476979516
GO:BP	GO:0007165	signal transduction	0.04984051973363928	True	"""The cellular process in which a signal is conveyed to trigger a change in the activity or state of a cell. Signal transduction begins with reception of a signal (e.g. a ligand binding to a receptor or receptor activation by a stimulus such as light), or for signal transduction in the absence of ligand, signal-withdrawal or the activity of a constitutively active receptor. Signal transduction ends with regulation of a downstream cellular process, e.g. regulation of transcription or regulation of a metabolic process. Signal transduction covers signaling from receptors located on the surface of the cell and signaling via molecules located within the cell. For signaling between cells, signal transduction is restricted to events at and within the receiving cell."" [GOC:go_curators, GOC:mtg_signaling_feb11]"	1750	118	18	21925	0.15254237288135594	0.010285714285714285	query_1	['GO:0007154', 'GO:0009987', 'GO:0023052', 'GO:0050794', 'GO:0051716']	4hr_Monosome_up	1.302417437531176
GO:BP	GO:0071569	protein ufmylation	0.0036816547172365756	True	"""Covalent attachment of the ubiquitin-like protein UFM1 to another protein."" [GOC:vw, PMID:20018847]"	3	58	2	21925	0.034482758620689655	0.6666666666666666	query_1	['GO:0032446']	Bulked_Monosome_up	2.433956944085764
GO:BP	GO:0009628	response to abiotic stimulus	0.0036816547172365756	True	"""Any process that results in a change in state or activity of a cell or an organism (in terms of movement, secretion, enzyme production, gene expression, etc.) as a result of an abiotic (not derived from living organisms) stimulus."" [GOC:hb]"	2131	58	17	21925	0.29310344827586204	0.007977475363679024	query_1	['GO:0050896']	Bulked_Monosome_up	2.433956944085764
GO:BP	GO:0015979	photosynthesis	0.0036816547172365756	True	"""The synthesis by organisms of organic chemical compounds, especially carbohydrates, from carbon dioxide (CO2) using energy obtained from light rather than from the oxidation of chemical compounds."" [ISBN:0198547684]"	281	58	7	21925	0.1206896551724138	0.02491103202846975	query_1	['GO:0008152']	Bulked_Monosome_up	2.433956944085764
GO:BP	GO:0006950	response to stress	0.041446156308124094	True	"""Any process that results in a change in state or activity of a cell or an organism (in terms of movement, secretion, enzyme production, gene expression, etc.) as a result of a disturbance in organismal or cellular homeostasis, usually, but not necessarily, exogenous (e.g. temperature, humidity, ionizing radiation)."" [GOC:mah]"	3733	58	21	21925	0.3620689655172414	0.005625502276989017	query_1	['GO:0050896']	Bulked_Monosome_up	1.3825157394580774
GO:BP	GO:0042254	ribosome biogenesis	1.7955421910113907e-09	True	"""A cellular process that results in the biosynthesis of constituent macromolecules, assembly, and arrangement of constituent parts of ribosome subunits; includes transport to the sites of protein synthesis."" [GOC:ma, PMID:26404467, Wikipedia:Ribosome_biogenesis]"	254	130	16	21925	0.12307692307692308	0.06299212598425197	query_1	['GO:0022613']	16hr_Monosome_up	8.745804385520836
GO:BP	GO:0015979	photosynthesis	2.764544998257877e-09	True	"""The synthesis by organisms of organic chemical compounds, especially carbohydrates, from carbon dioxide (CO2) using energy obtained from light rather than from the oxidation of chemical compounds."" [ISBN:0198547684]"	281	130	16	21925	0.12307692307692308	0.05693950177935943	query_1	['GO:0008152']	16hr_Monosome_up	8.558376336694302
GO:BP	GO:0006950	response to stress	2.764544998257877e-09	True	"""Any process that results in a change in state or activity of a cell or an organism (in terms of movement, secretion, enzyme production, gene expression, etc.) as a result of a disturbance in organismal or cellular homeostasis, usually, but not necessarily, exogenous (e.g. temperature, humidity, ionizing radiation)."" [GOC:mah]"	3733	130	55	21925	0.4230769230769231	0.014733458344495045	query_1	['GO:0050896']	16hr_Monosome_up	8.558376336694302
GO:BP	GO:0022613	ribonucleoprotein complex biogenesis	9.948357147537236e-08	True	"""A cellular process that results in the biosynthesis of constituent macromolecules, assembly, and arrangement of constituent parts of a complex containing RNA and proteins. Includes the biosynthesis of the constituent RNA and protein molecules, and those macromolecular modifications that are involved in synthesis or assembly of the ribonucleoprotein complex."" [GOC:isa_complete, GOC:mah]"	365	130	16	21925	0.12307692307692308	0.043835616438356165	query_1	['GO:0044085']	16hr_Monosome_up	7.002248631884165
GO:BP	GO:0006364	rRNA processing	2.771169739287119e-07	True	"""Any process involved in the conversion of a primary ribosomal RNA (rRNA) transcript into one or more mature rRNA molecules."" [GOC:curators]"	194	130	12	21925	0.09230769230769231	0.061855670103092786	query_1	['GO:0006396', 'GO:0016072', 'GO:0042254']	16hr_Monosome_up	6.557336872060401
GO:BP	GO:0016072	rRNA metabolic process	3.0840415443656577e-07	True	"""The chemical reactions and pathways involving rRNA, ribosomal RNA, a structural constituent of ribosomes."" [ISBN:0198506732]"	199	130	12	21925	0.09230769230769231	0.06030150753768844	query_1	['GO:0016070']	16hr_Monosome_up	6.510879780307451
GO:BP	GO:0050896	response to stimulus	4.484022205187891e-07	True	"""Any process that results in a change in state or activity of a cell or an organism (in terms of movement, secretion, enzyme production, gene expression, etc.) as a result of a stimulus. The process begins with detection of the stimulus and ends with a change in state or activity or the cell or organism."" [GOC:ai, GOC:bf]"	6001	130	67	21925	0.5153846153846153	0.011164805865689052	query_1	['GO:0008150']	16hr_Monosome_up	6.348332245415447
GO:BP	GO:0019684	photosynthesis, light reaction	2.0371875865698127e-05	True	"""The light reactions of photosynthesis, which take place in photosystems II and I. Light energy is harvested and used to power the transfer of electrons among a series of electron donors and acceptors. The final electron acceptor is NADP+, which is reduced to NADPH. NADPH generated from light reactions is used in sugar synthesis in dark reactions. Light reactions also generate a proton motive force across the thylakoid membrane, and the proton gradient is used to synthesize ATP. There are two chemical reactions involved in the light reactions: water oxidation in photosystem II, and NADP reduction in photosystem I."" [PMID:15746074]"	146	130	9	21925	0.06923076923076923	0.06164383561643835	query_1	['GO:0006091', 'GO:0015979']	16hr_Monosome_up	4.6909689788244755
GO:BP	GO:0042221	response to chemical	4.3767433398668356e-05	True	"""Any process that results in a change in state or activity of a cell or an organism (in terms of movement, secretion, enzyme production, gene expression, etc.) as a result of a chemical stimulus."" [GOC:jl]"	2940	130	39	21925	0.3	0.013265306122448979	query_1	['GO:0050896']	16hr_Monosome_up	4.358848920452862
GO:BP	GO:0009767	photosynthetic electron transport chain	4.3767433398668356e-05	True	"""A process, occurring as part of photosynthesis, in which light provides the energy for a series of electron carriers to operate together to transfer electrons and generate a transmembrane electrochemical gradient."" [GOC:mtg_electron_transport, ISBN:0198547684]"	52	130	6	21925	0.046153846153846156	0.11538461538461539	query_1	['GO:0019684', 'GO:0022900']	16hr_Monosome_up	4.358848920452862
GO:BP	GO:0006091	generation of precursor metabolites and energy	4.3767433398668356e-05	True	"""The chemical reactions and pathways resulting in the formation of precursor metabolites, substances from which energy is derived, and any process involved in the liberation of energy from these substances."" [GOC:jl]"	462	130	14	21925	0.1076923076923077	0.030303030303030304	query_1	['GO:0008152']	16hr_Monosome_up	4.358848920452862
GO:BP	GO:0009628	response to abiotic stimulus	0.00034443085886336623	True	"""Any process that results in a change in state or activity of a cell or an organism (in terms of movement, secretion, enzyme production, gene expression, etc.) as a result of an abiotic (not derived from living organisms) stimulus."" [GOC:hb]"	2131	130	30	21925	0.23076923076923078	0.014077897700610043	query_1	['GO:0050896']	16hr_Monosome_up	3.4628979453899875
GO:BP	GO:0044085	cellular component biogenesis	0.0005136105781160485	True	"""A process that results in the biosynthesis of constituent macromolecules, assembly, and arrangement of constituent parts of a cellular component. Includes biosynthesis of constituent macromolecules, and those macromolecular modifications that are involved in synthesis or assembly of the cellular component."" [GOC:jl, GOC:mah]"	1115	130	20	21925	0.15384615384615385	0.017937219730941704	query_1	['GO:0071840']	16hr_Monosome_up	3.2893660402933307
GO:BP	GO:0006952	defense response	0.000527400709820345	True	"""Reactions, triggered in response to the presence of a foreign body or the occurrence of an injury, which result in restriction of damage to the organism attacked or prevention/recovery from the infection caused by the attack."" [GOC:go_curators]"	1636	130	25	21925	0.19230769230769232	0.015281173594132029	query_1	['GO:0006950']	16hr_Monosome_up	3.2778592900320582
GO:BP	GO:0009772	photosynthetic electron transport in photosystem II	0.0005431910605131124	True	"""A photosynthetic electron transport chain in which electrons move from the primary electron acceptor (Quinone, Q) through a chain of electron transport molecules in the thylakoid membrane until they reach the ultimate electron acceptor of Photosystem II, which is plastocyanin (PC). The electron is then passed to the P700 chlorophyll a molecules of the reaction centre of photosystem I."" [GOC:jid, ISBN:0716731363, ISBN:0816017360]"	8	130	3	21925	0.023076923076923078	0.375	query_1	['GO:0009767']	16hr_Monosome_up	3.2650473860062235
GO:BP	GO:0009636	response to toxic substance	0.0008700697488897106	True	"""Any process that results in a change in state or activity of a cell or an organism (in terms of movement, secretion, enzyme production, gene expression, etc.) as a result of a toxic stimulus."" [GOC:lr]"	316	130	10	21925	0.07692307692307693	0.03164556962025317	query_1	['GO:0042221']	16hr_Monosome_up	3.0604459308943346
GO:BP	GO:0022900	electron transport chain	0.0008700697488897106	True	"""A process in which a series of electron carriers operate together to transfer electrons from donors to any of several different terminal electron acceptors."" [GOC:mtg_electron_transport]"	193	130	8	21925	0.06153846153846154	0.04145077720207254	query_1	['GO:0006091']	16hr_Monosome_up	3.0604459308943346
GO:BP	GO:0051707	response to other organism	0.0017598486919768014	True	"""Any process that results in a change in state or activity of a cell or an organism (in terms of movement, secretion, enzyme production, gene expression, etc.) as a result of a stimulus from another living organism."" [GOC:ai]"	1461	130	22	21925	0.16923076923076924	0.015058179329226557	query_1	['GO:0043207', 'GO:0044419']	16hr_Monosome_up	2.7545246702906008
GO:BP	GO:0009605	response to external stimulus	0.0017598486919768014	True	"""Any process that results in a change in state or activity of a cell or an organism (in terms of movement, secretion, enzyme production, gene expression, etc.) as a result of an external stimulus."" [GOC:hb]"	1684	130	24	21925	0.18461538461538463	0.014251781472684086	query_1	['GO:0050896']	16hr_Monosome_up	2.7545246702906008
GO:BP	GO:0043207	response to external biotic stimulus	0.0017598486919768014	True	"""Any process that results in a change in state or activity of a cell or an organism (in terms of movement, secretion, enzyme production, gene expression, etc.) as a result of an external biotic stimulus, an external stimulus caused by, or produced by living things."" [GOC:go_curators]"	1461	130	22	21925	0.16923076923076924	0.015058179329226557	query_1	['GO:0009605', 'GO:0009607']	16hr_Monosome_up	2.7545246702906008
GO:BP	GO:0098542	defense response to other organism	0.0017598486919768014	True	"""Reactions triggered in response to the presence of another organism that act to protect the cell or organism from damage caused by that organism."" [GOC:dos]"	1154	130	19	21925	0.14615384615384616	0.016464471403812825	query_1	['GO:0006952', 'GO:0051707']	16hr_Monosome_up	2.7545246702906008
GO:BP	GO:0044419	biological process involved in interspecies interaction between organisms	0.0018243761558385176	True	"""Any process evolved to enable an interaction with an organism of a different species."" [GOC:cc]"	1477	130	22	21925	0.16923076923076924	0.014895057549085985	query_1	['GO:0008150']	16hr_Monosome_up	2.738885612519363
GO:BP	GO:0009607	response to biotic stimulus	0.0019479193097516171	True	"""Any process that results in a change in state or activity of a cell or an organism (in terms of movement, secretion, enzyme production, gene expression, etc.) as a result of a biotic stimulus, a stimulus caused or produced by a living organism."" [GOC:hb]"	1488	130	22	21925	0.16923076923076924	0.01478494623655914	query_1	['GO:0050896']	16hr_Monosome_up	2.710429037218913
GO:BP	GO:0009635	response to herbicide	0.0021499145237777136	True	"""Any process that results in a change in state or activity of a cell or an organism (in terms of movement, secretion, enzyme production, gene expression, etc.) as a result of a herbicide stimulus. Herbicides are chemicals used to kill or control the growth of plants."" [GOC:curators]"	14	130	3	21925	0.023076923076923078	0.21428571428571427	query_1	['GO:0006950', 'GO:0009636']	16hr_Monosome_up	2.6675788064051424
GO:BP	GO:0042908	xenobiotic transport	0.002154178004015388	True	"""The directed movement of a xenobiotic into, out of or within a cell, or between cells, by means of some agent such as a transporter or pore. A xenobiotic is a compound foreign to the organism exposed to it. It may be synthesized by another organism (like ampicilin) or it can be a synthetic chemical."" [GOC:go_curators, GOC:krc]"	73	130	5	21925	0.038461538461538464	0.0684931506849315	query_1	['GO:0006810']	16hr_Monosome_up	2.666718412937958
GO:BP	GO:0071569	protein ufmylation	0.0028187740622596506	True	"""Covalent attachment of the ubiquitin-like protein UFM1 to another protein."" [GOC:vw, PMID:20018847]"	3	130	2	21925	0.015384615384615385	0.6666666666666666	query_1	['GO:0032446']	16hr_Monosome_up	2.549939733438901
GO:BP	GO:0009617	response to bacterium	0.0028187740622596506	True	"""Any process that results in a change in state or activity of a cell or an organism (in terms of movement, secretion, enzyme production, gene expression, etc.) as a result of a stimulus from a bacterium."" [GOC:hb]"	463	130	11	21925	0.08461538461538462	0.023758099352051837	query_1	['GO:0051707']	16hr_Monosome_up	2.549939733438901
GO:BP	GO:1901700	response to oxygen-containing compound	0.0028263529408642223	True	"""Any process that results in a change in state or activity of a cell or an organism (in terms of movement, secretion, enzyme production, gene expression, etc.) as a result of an oxygen-containing compound stimulus."" [GOC:pr, GOC:TermGenie]"	1659	130	23	21925	0.17692307692307693	0.013863773357444244	query_1	['GO:0042221']	16hr_Monosome_up	2.548773606571348
GO:BP	GO:0000302	response to reactive oxygen species	0.004776100711313915	True	"""Any process that results in a change in state or activity of a cell or an organism (in terms of movement, secretion, enzyme production, gene expression, etc.) as a result of a reactive oxygen species stimulus. Reactive oxygen species include singlet oxygen, superoxide, and oxygen free radicals."" [GOC:krc]"	140	130	6	21925	0.046153846153846156	0.04285714285714286	query_1	['GO:0006979', 'GO:1901700']	16hr_Monosome_up	2.320926524025515
GO:BP	GO:0010039	response to iron ion	0.006057753234135721	True	"""Any process that results in a change in state or activity of a cell or an organism (in terms of movement, secretion, enzyme production, gene expression, etc.) as a result of an iron ion stimulus."" [GOC:sm]"	21	130	3	21925	0.023076923076923078	0.14285714285714285	query_1	['GO:0010038']	16hr_Monosome_up	2.217688421864164
GO:BP	GO:0009737	response to abscisic acid	0.006057753234135721	True	"""Any process that results in a change in state or activity of a cell or an organism (in terms of movement, secretion, enzyme production, gene expression, etc.) as a result of an abscisic acid stimulus."" [GOC:jl]"	604	130	12	21925	0.09230769230769231	0.019867549668874173	query_1	['GO:0009725', 'GO:0033993', 'GO:0097305']	16hr_Monosome_up	2.217688421864164
GO:BP	GO:0097305	response to alcohol	0.006710899380660866	True	"""Any process that results in a change in state or activity of a cell or an organism (in terms of movement, secretion, enzyme production, gene expression, etc.) as a result of an alcohol stimulus."" [GOC:pr, PMID:24014527]"	613	130	12	21925	0.09230769230769231	0.01957585644371941	query_1	['GO:1901700']	16hr_Monosome_up	2.1732192726948614
GO:BP	GO:0009651	response to salt stress	0.007366774159725653	True	"""Any process that results in a change in state or activity of a cell or an organism (in terms of movement, secretion, enzyme production, gene expression, etc.) as a result of a stimulus indicating an increase or decrease in the concentration of salt (particularly but not exclusively sodium and chloride ions) in the environment."" [GOC:jl]"	446	130	10	21925	0.07692307692307693	0.02242152466367713	query_1	['GO:0006970']	16hr_Monosome_up	2.132722643934765
GO:BP	GO:0071840	cellular component organization or biogenesis	0.0075242547750718515	True	"""A process that results in the biosynthesis of constituent macromolecules, assembly, arrangement of constituent parts, or disassembly of a cellular component."" [GOC:mah]"	2788	130	31	21925	0.23846153846153847	0.011119081779053085	query_1	['GO:0009987']	16hr_Monosome_up	2.123536507441898
GO:BP	GO:0033993	response to lipid	0.007629143314355484	True	"""Any process that results in a change in state or activity of a cell or an organism (in terms of movement, secretion, enzyme production, gene expression, etc.) as a result of a lipid stimulus."" [GOC:sl]"	1022	130	16	21925	0.12307692307692308	0.015655577299412915	query_1	['GO:0042221']	16hr_Monosome_up	2.1175242267550205
GO:BP	GO:0006810	transport	0.01132051604860004	True	"""The directed movement of substances (such as macromolecules, small molecules, ions) or cellular components (such as complexes and organelles) into, out of or within a cell, or between cells, or within a multicellular organism by means of some agent such as a transporter or a transporter complex, a pore or a motor protein."" [GOC:dos, GOC:dph, GOC:jl, GOC:mah]"	2477	130	28	21925	0.2153846153846154	0.011303996770286637	query_1	['GO:0051234']	16hr_Monosome_up	1.9461337752722088
GO:BP	GO:0006879	intracellular iron ion homeostasis	0.01311786440786031	True	"""A homeostatic process involved in the maintenance of a steady state level of iron ions within a cell."" [GOC:ai, GOC:mah]"	29	130	3	21925	0.023076923076923078	0.10344827586206896	query_1	['GO:0030003', 'GO:0098771']	16hr_Monosome_up	1.882136862473654
GO:BP	GO:0033554	cellular response to stress	0.013440406790844394	True	"""Any process that results in a change in state or activity of a cell (in terms of movement, secretion, enzyme production, gene expression, etc.) as a result of a stimulus indicating the organism is under stress. The stress is usually, but not necessarily, exogenous (e.g. temperature, humidity, ionizing radiation)."" [GOC:mah]"	1085	130	16	21925	0.12307692307692308	0.014746543778801843	query_1	['GO:0006950', 'GO:0051716']	16hr_Monosome_up	1.8715875866136327
GO:BP	GO:0051234	establishment of localization	0.015156441365532127	True	"""Any process that localizes a substance or cellular component. This may occur via movement, tethering or selective degradation."" [GOC:ai, GOC:dos]"	2536	130	28	21925	0.2153846153846154	0.011041009463722398	query_1	['GO:0051179']	16hr_Monosome_up	1.8194027562722017
GO:BP	GO:0009751	response to salicylic acid	0.015251534027913696	True	"""Any process that results in a change in state or activity of a cell or an organism (in terms of movement, secretion, enzyme production, gene expression, etc.) as a result of a salicylic acid stimulus."" [GOC:jl]"	185	130	6	21925	0.046153846153846156	0.032432432432432434	query_1	['GO:1901700']	16hr_Monosome_up	1.8166864719662408
GO:BP	GO:0006979	response to oxidative stress	0.017954546520876212	True	"""Any process that results in a change in state or activity of a cell or an organism (in terms of movement, secretion, enzyme production, gene expression, etc.) as a result of oxidative stress, a state often resulting from exposure to high levels of reactive oxygen species, e.g. superoxide anions, hydrogen peroxide (H2O2), and hydroxyl radicals."" [GOC:jl, PMID:12115731]"	426	130	9	21925	0.06923076923076923	0.02112676056338028	query_1	['GO:0006950']	16hr_Monosome_up	1.7458255594027483
GO:BP	GO:0001666	response to hypoxia	0.018487557792761542	True	"""Any process that results in a change in state or activity of a cell or an organism (in terms of movement, secretion, enzyme production, gene expression, etc.) as a result of a stimulus indicating lowered oxygen tension. Hypoxia, defined as a decline in O2 levels below normoxic levels of 20.8 - 20.95%, results in metabolic adaptation at both the cellular and organismal level."" [GOC:hjd]"	266	130	7	21925	0.05384615384615385	0.02631578947368421	query_1	['GO:0006950', 'GO:0036293']	16hr_Monosome_up	1.7331204553729713
GO:BP	GO:0036293	response to decreased oxygen levels	0.019650858959871717	True	"""Any process that results in a change in state or activity of a cell or an organism (in terms of movement, secretion, enzyme production, gene expression, etc.) as a result of a stimulus reflecting a decline in the level of oxygen."" [GOC:al]"	270	130	7	21925	0.05384615384615385	0.025925925925925925	query_1	['GO:0070482']	16hr_Monosome_up	1.706618461401566
GO:BP	GO:0070482	response to oxygen levels	0.019650858959871717	True	"""Any process that results in a change in state or activity of a cell or an organism (in terms of movement, secretion, enzyme production, gene expression, etc.) as a result of a stimulus reflecting the presence, absence, or concentration of oxygen."" [GOC:BHF, GOC:mah]"	271	130	7	21925	0.05384615384615385	0.025830258302583026	query_1	['GO:0009628']	16hr_Monosome_up	1.706618461401566
GO:BP	GO:0006970	response to osmotic stress	0.021859769124033677	True	"""Any process that results in a change in state or activity of a cell or an organism (in terms of movement, secretion, enzyme production, gene expression, etc.) as a result of a stimulus indicating an increase or decrease in the concentration of solutes outside the organism or cell."" [GOC:jl]"	537	130	10	21925	0.07692307692307693	0.0186219739292365	query_1	['GO:0006950', 'GO:0009628']	16hr_Monosome_up	1.660354429243026
GO:BP	GO:0051716	cellular response to stimulus	0.021859769124033677	True	"""Any process that results in a change in state or activity of a cell (in terms of movement, secretion, enzyme production, gene expression, etc.) as a result of a stimulus. The process begins with detection of the stimulus by a cell and ends with a change in state or activity or the cell."" [GOC:bf, GOC:jl]"	2897	130	30	21925	0.23076923076923078	0.010355540214014497	query_1	['GO:0009987', 'GO:0050896']	16hr_Monosome_up	1.660354429243026
GO:BP	GO:0051179	localization	0.021859769124033677	True	"""Any process in which a cell, a substance, or a cellular entity, such as a protein complex or organelle, is transported, tethered to or otherwise maintained in a specific location. In the case of substances, localization may also be achieved via selective degradation."" [GOC:ai, GOC:dos]"	2636	130	28	21925	0.2153846153846154	0.010622154779969651	query_1	['GO:0008150']	16hr_Monosome_up	1.660354429243026
GO:BP	GO:0010817	regulation of hormone levels	0.021859769124033677	True	"""Any process that modulates the levels of hormone within an organism or a tissue. A hormone is any substance formed in very small amounts in one specialized organ or group of cells and carried (sometimes in the bloodstream) to another organ or group of cells in the same organism, upon which it has a specific regulatory action."" [GOC:BHF, GOC:dph, GOC:tb]"	280	130	7	21925	0.05384615384615385	0.025	query_1	['GO:0065008']	16hr_Monosome_up	1.660354429243026
GO:BP	GO:0009765	photosynthesis, light harvesting	0.021859769124033677	True	"""Absorption and transfer of the energy absorbed from light photons between photosystem reaction centers."" [GOC:sm]"	37	130	3	21925	0.023076923076923078	0.08108108108108109	query_1	['GO:0006091', 'GO:0019684']	16hr_Monosome_up	1.660354429243026
GO:BP	GO:0009610	response to symbiotic fungus	0.02221829134871833	True	"""Any process that results in a change in state or activity of a cell or an organism (in terms of movement, secretion, enzyme production, gene expression, etc.) as a result of a stimulus from a symbiotic fungus, a fungus living in close physical association with another organism."" [GOC:hb, ISBN:0198506732]"	10	130	2	21925	0.015384615384615385	0.2	query_1	['GO:0009608', 'GO:0009620']	16hr_Monosome_up	1.6532893426208757
GO:BP	GO:0009553	embryo sac development	0.026493577861946605	True	"""The process whose specific outcome is the progression of the embryo sac over time, from its formation to the mature structure. The process begins with the meiosis of the megasporocyte to form four haploid megaspores. Three of the megaspores disintegrate, and the fourth undergoes mitosis giving rise to a binucleate syncytial embryo sac. The two haploid nuclei migrate to the opposite poles of the embryo sac and then undergo two rounds of mitosis generating four haploid nuclei at each pole. One nucleus from each set of four migrates to the center of the cell. Cellularization occurs, resulting in an eight-nucleate seven-celled structure. This structure contains two synergid cells and an egg cell at the micropylar end, and three antipodal cells at the other end. A binucleate endosperm mother cell is formed at the center. The two polar nuclei fuse resulting in a mononucleate diploid endosperm mother cell. The three antipodal cells degenerate."" [GOC:mtg_plant, GOC:tb]"	147	130	5	21925	0.038461538461538464	0.034013605442176874	query_1	['GO:0048229']	16hr_Monosome_up	1.5768593878418753
GO:BP	GO:0009626	plant-type hypersensitive response	0.028555464507699035	True	"""The rapid, localized death of plant cells in response to invasion by a pathogen."" [ISBN:0582227089]"	90	130	4	21925	0.03076923076923077	0.044444444444444446	query_1	['GO:0033554', 'GO:0034050', 'GO:0045087']	16hr_Monosome_up	1.544310770834888
GO:BP	GO:0034050	symbiont-induced defense-related programmed cell death	0.029171956166247473	True	"""Cell death resulting from activation of endogenous cellular processes after interaction with a symbiont (defined as the smaller of two, or more, organisms engaged in symbiosis, a close interaction encompassing mutualism through parasitism). This can be triggered by direct interaction with the organism, for example, contact with penetrating hyphae of a fungus; or an indirect interaction such as symbiont-secreted molecules."" [GOC:pamgo_curators]"	91	130	4	21925	0.03076923076923077	0.04395604395604396	query_1	['GO:0012501', 'GO:0140546']	16hr_Monosome_up	1.5350344476790088
GO:BP	GO:0009608	response to symbiont	0.02993946099093936	True	"""Any process that results in a change in state or activity of a cell or an organism (in terms of movement, secretion, enzyme production, gene expression, etc.) as a result of a stimulus from a symbiont, an organism living with an organism of a different species in close physical association. The symbiont is defined as the smaller of the organisms involved in a symbiotic interaction."" [GOC:hb, ISBN:0198506732]"	12	130	2	21925	0.015384615384615385	0.16666666666666666	query_1	['GO:0051707']	16hr_Monosome_up	1.523756022655889
GO:BP	GO:0140115	export across plasma membrane	0.030432056328461656	True	"""The directed movement of some substance from inside of a cell, across the plasma membrane and into the extracellular region."" [GOC:pg]"	93	130	4	21925	0.03076923076923077	0.043010752688172046	query_1	['GO:0055085', 'GO:0140352']	16hr_Monosome_up	1.51666870088104
GO:BP	GO:0034204	lipid translocation	0.03281515078045525	True	"""The translocation, or flipping, of lipid molecules from one monolayer of a membrane bilayer to the opposite monolayer."" [GOC:mah]"	13	130	2	21925	0.015384615384615385	0.15384615384615385	query_1	['GO:0006869', 'GO:0097035']	16hr_Monosome_up	1.4839255958876538
GO:BP	GO:0009753	response to jasmonic acid	0.03281515078045525	True	"""Any process that results in a change in state or activity of a cell or an organism (in terms of movement, secretion, enzyme production, gene expression, etc.) as a result of a jasmonic acid stimulus."" [GOC:jl]"	231	130	6	21925	0.046153846153846156	0.025974025974025976	query_1	['GO:0009725', 'GO:0070542']	16hr_Monosome_up	1.4839255958876538
GO:BP	GO:0010310	regulation of hydrogen peroxide metabolic process	0.03281515078045525	True	"""Any process that modulates the frequency, rate or extent of the chemical reactions and pathways involving hydrogen peroxide."" [PMID:14765119]"	13	130	2	21925	0.015384615384615385	0.15384615384615385	query_1	['GO:0042743', 'GO:2000377']	16hr_Monosome_up	1.4839255958876538
GO:BP	GO:0070542	response to fatty acid	0.0347985016510892	True	"""Any process that results in a change in state or activity of a cell or an organism (in terms of movement, secretion, enzyme production, gene expression, etc.) as a result of a fatty acid stimulus."" [GOC:lp]"	235	130	6	21925	0.046153846153846156	0.02553191489361702	query_1	['GO:0033993', 'GO:1901700']	16hr_Monosome_up	1.458439455440578
GO:BP	GO:0036294	cellular response to decreased oxygen levels	0.036584671641535	True	"""Any process that results in a change in state or activity of a cell (in terms of movement, secretion, enzyme production, gene expression, etc.) as a result of a stimulus reflecting a decline in the level of oxygen."" [GOC:al]"	241	130	6	21925	0.046153846153846156	0.024896265560165973	query_1	['GO:0036293', 'GO:0071453']	16hr_Monosome_up	1.4367008385370905
GO:BP	GO:1990961	xenobiotic detoxification by transmembrane export across the plasma membrane	0.036584671641535	True	"""A process that reduces or removes the toxicity of a xenobiotic by exporting it outside the cell."" [PMID:28355133]"	50	130	3	21925	0.023076923076923078	0.06	query_1	['GO:0046618', 'GO:0098754', 'GO:0140115']	16hr_Monosome_up	1.4367008385370905
GO:BP	GO:0000041	transition metal ion transport	0.036584671641535	True	"""The directed movement of transition metal ions into, out of or within a cell, or between cells, by means of some agent such as a transporter or pore. A transition metal is an element whose atom has an incomplete d-subshell of extranuclear electrons, or which gives rise to a cation or cations with an incomplete d-subshell. Transition metals often have more than one valency state. Biologically relevant transition metals include vanadium, manganese, iron, copper, cobalt, nickel, molybdenum and silver."" [ISBN:0198506732]"	101	130	4	21925	0.03076923076923077	0.039603960396039604	query_1	['GO:0030001']	16hr_Monosome_up	1.4367008385370905
GO:BP	GO:0071453	cellular response to oxygen levels	0.036584671641535	True	"""Any process that results in a change in state or activity of a cell (in terms of movement, secretion, enzyme production, gene expression, etc.) as a result of a stimulus reflecting the presence, absence, or concentration of oxygen."" [GOC:mah]"	241	130	6	21925	0.046153846153846156	0.024896265560165973	query_1	['GO:0070482', 'GO:0070887']	16hr_Monosome_up	1.4367008385370905
GO:BP	GO:0071456	cellular response to hypoxia	0.036584671641535	True	"""Any process that results in a change in state or activity of a cell (in terms of movement, secretion, enzyme production, gene expression, etc.) as a result of a stimulus indicating lowered oxygen tension. Hypoxia, defined as a decline in O2 levels below normoxic levels of 20.8 - 20.95%, results in metabolic adaptation at both the cellular and organismal level."" [GOC:mah]"	239	130	6	21925	0.046153846153846156	0.02510460251046025	query_1	['GO:0001666', 'GO:0033554', 'GO:0036294']	16hr_Monosome_up	1.4367008385370905
GO:BP	GO:0046618	xenobiotic export from cell	0.036584671641535	True	"""The directed movement of a xenobiotic from a cell, into the extracellular region. A xenobiotic is a compound foreign to the organism exposed to it. It may be synthesized by another organism (like ampicilin) or it can be a synthetic chemical."" [GOC:go_curators, GOC:krc]"	50	130	3	21925	0.023076923076923078	0.06	query_1	['GO:0042908', 'GO:0055085', 'GO:0140352']	16hr_Monosome_up	1.4367008385370905
GO:BP	GO:0009697	salicylic acid biosynthetic process	0.03851975197716257	True	"""The chemical reactions and pathways resulting in the formation of salicylic acid (2-hydroxybenzoic acid), a derivative of benzoic acid."" [ISBN:0943088399]"	15	130	2	21925	0.015384615384615385	0.13333333333333333	query_1	['GO:0009696', 'GO:0046189', 'GO:0072330']	16hr_Monosome_up	1.4143165178947632
GO:BP	GO:0009725	response to hormone	0.0387499261255567	True	"""Any process that results in a change in state or activity of a cell or an organism (in terms of movement, secretion, enzyme production, gene expression, etc.) as a result of a hormone stimulus."" [GOC:jl]"	1635	130	19	21925	0.14615384615384616	0.011620795107033639	query_1	['GO:0009719', 'GO:0042221']	16hr_Monosome_up	1.4117291211136362
GO:BP	GO:0009719	response to endogenous stimulus	0.0387499261255567	True	"""Any process that results in a change in state or activity of a cell or an organism (in terms of movement, secretion, enzyme production, gene expression, etc.) as a result of a stimulus arising within the organism."" [GOC:sm]"	1636	130	19	21925	0.14615384615384616	0.011613691931540342	query_1	['GO:0050896']	16hr_Monosome_up	1.4117291211136362
GO:BP	GO:1901703	protein localization involved in auxin polar transport	0.04076405207067466	True	"""Any protein localization that is involved in auxin polar transport."" [GOC:TermGenie, PMID:23163883]"	16	130	2	21925	0.015384615384615385	0.125	query_1	['GO:0008104', 'GO:0009926']	16hr_Monosome_up	1.3897226523283428
GO:BP	GO:0042255	ribosome assembly	0.04076405207067466	True	"""The aggregation, arrangement and bonding together of the mature ribosome and of its subunits."" [GOC:ma, PMID:30467428]"	16	130	2	21925	0.015384615384615385	0.125	query_1	['GO:0042254', 'GO:0140694']	16hr_Monosome_up	1.3897226523283428
GO:BP	GO:0097035	regulation of membrane lipid distribution	0.04076405207067466	True	"""Any process that modulates the proportions or spatial arrangement of lipids in a cellular membrane."" [GOC:mah, PMID:18441123, PMID:20823909]"	16	130	2	21925	0.015384615384615385	0.125	query_1	['GO:0061024', 'GO:0065008']	16hr_Monosome_up	1.3897226523283428
GO:BP	GO:0007033	vacuole organization	0.04108447622367995	True	"""A process that is carried out at the cellular level which results in the assembly, arrangement of constituent parts, or disassembly of a vacuole."" [GOC:mah]"	54	130	3	21925	0.023076923076923078	0.05555555555555555	query_1	['GO:0006996']	16hr_Monosome_up	1.3863222453732231
GO:BP	GO:0070887	cellular response to chemical stimulus	0.04405600581142727	True	"""Any process that results in a change in state or activity of a cell (in terms of movement, secretion, enzyme production, gene expression, etc.) as a result of a chemical stimulus."" [GOC:mah]"	1669	130	19	21925	0.14615384615384616	0.011384062312762133	query_1	['GO:0042221', 'GO:0051716']	16hr_Monosome_up	1.3559948792389895
GO:BP	GO:0006826	iron ion transport	0.04405600581142727	True	"""The directed movement of iron (Fe) ions into, out of or within a cell, or between cells, by means of some agent such as a transporter or pore."" [GOC:ai]"	56	130	3	21925	0.023076923076923078	0.05357142857142857	query_1	['GO:0000041']	16hr_Monosome_up	1.3559948792389895
GO:BP	GO:0061024	membrane organization	0.04405600581142727	True	"""A process which results in the assembly, arrangement of constituent parts, or disassembly of a membrane. A membrane is a double layer of lipid molecules that encloses all cells, and, in eukaryotes, many organelles; may be a single or double lipid bilayer; also includes associated proteins."" [GOC:dph, GOC:tb]"	181	130	5	21925	0.038461538461538464	0.027624309392265192	query_1	['GO:0016043']	16hr_Monosome_up	1.3559948792389895
GO:BP	GO:0015914	phospholipid transport	0.04818005552647865	True	"""The directed movement of phospholipids into, out of or within a cell, or between cells, by means of some agent such as a transporter or pore. Phospholipids are any lipids containing phosphoric acid as a mono- or diester."" [GOC:ai]"	18	130	2	21925	0.015384615384615385	0.1111111111111111	query_1	['GO:0006869', 'GO:0015748']	16hr_Monosome_up	1.3171327038223293
GO:BP	GO:0071569	protein ufmylation	0.0012807171733582859	True	"""Covalent attachment of the ubiquitin-like protein UFM1 to another protein."" [GOC:vw, PMID:20018847]"	3	24	2	21925	0.08333333333333333	0.6666666666666666	query_1	['GO:0032446']	4hr_Disome_up	2.8925467669074565
GO:BP	GO:0071462	cellular response to water stimulus	0.03706215047734108	True	"""Any process that results in a change in state or activity of a cell (in terms of movement, secretion, enzyme production, gene expression, etc.) as a result of a stimulus reflecting the presence, absence, or concentration of water."" [GOC:mah]"	40	24	2	21925	0.08333333333333333	0.05	query_1	['GO:0009415', 'GO:0071214', 'GO:0071229', 'GO:1901701']	4hr_Disome_up	1.4310693849807776
GO:BP	GO:0048316	seed development	0.03706215047734108	True	"""The process whose specific outcome is the progression of the seed over time, from its formation to the mature structure. A seed is a propagating organ formed in the sexual reproductive cycle of gymnosperms and angiosperms, consisting of a protective coat enclosing an embryo and food reserves."" [GOC:jid, PO:0009010]"	624	24	5	21925	0.20833333333333334	0.008012820512820512	query_1	['GO:0009791', 'GO:0010154', 'GO:0048608']	4hr_Disome_up	1.4310693849807776
GO:BP	GO:0042631	cellular response to water deprivation	0.03706215047734108	True	"""Any process that results in a change in state or activity of a cell (in terms of movement, secretion, enzyme production, gene expression, etc.) as a result of deprivation of water."" [GOC:go_curators]"	39	24	2	21925	0.08333333333333333	0.05128205128205128	query_1	['GO:0009414', 'GO:0033554', 'GO:0071462']	4hr_Disome_up	1.4310693849807776
GO:BP	GO:0035494	SNARE complex disassembly	0.03706215047734108	True	"""The disaggregation of the SNARE protein complex into its constituent components. The SNARE complex is a protein complex involved in membrane fusion; a stable ternary complex consisting of a four-helix bundle, usually formed from one R-SNARE and three Q-SNAREs with an ionic layer sandwiched between hydrophobic layers."" [GOC:rb, PMID:11697877]"	1	24	1	21925	0.041666666666666664	1.0	query_1	['GO:0016192', 'GO:0032984']	4hr_Disome_up	1.4310693849807776
GO:BP	GO:0016072	rRNA metabolic process	0.03706215047734108	True	"""The chemical reactions and pathways involving rRNA, ribosomal RNA, a structural constituent of ribosomes."" [ISBN:0198506732]"	199	24	3	21925	0.125	0.01507537688442211	query_1	['GO:0016070']	4hr_Disome_up	1.4310693849807776
GO:BP	GO:0010888	negative regulation of lipid storage	0.03706215047734108	True	"""Any process that decreases the rate, frequency or extent of lipid storage. Lipid storage is the accumulation and maintenance in cells or tissues of lipids, compounds soluble in organic solvents but insoluble or sparingly soluble in aqueous solvents. Lipid reserves can be accumulated during early developmental stages for mobilization and utilization at later stages of development."" [GOC:BHF, GOC:dph, GOC:tb]"	1	24	1	21925	0.041666666666666664	1.0	query_1	['GO:0010883', 'GO:0019915', 'GO:0048523', 'GO:1905953']	4hr_Disome_up	1.4310693849807776
GO:BP	GO:0009790	embryo development	0.03706215047734108	True	"""The process whose specific outcome is the progression of an embryo from its formation until the end of its embryonic life stage. The end of the embryonic stage is organism-specific. For example, for mammals, the process would begin with zygote formation and end with birth. For insects, the process would begin at zygote formation and end with larval hatching. For plant zygotic embryos, this would be from zygote formation to the end of seed dormancy. For plant vegetative embryos, this would be from the initial determination of the cell or group of cells to form an embryo until the point when the embryo becomes independent of the parent plant."" [GOC:go_curators, GOC:isa_complete, GOC:mtg_sensu]"	441	24	4	21925	0.16666666666666666	0.009070294784580499	query_1	['GO:0007275']	4hr_Disome_up	1.4310693849807776
GO:BP	GO:0010154	fruit development	0.03706215047734108	True	"""The process whose specific outcome is the progression of the fruit over time, from its formation to the mature structure. The fruit is a reproductive body of a seed plant."" [GOC:sm]"	664	24	5	21925	0.20833333333333334	0.007530120481927711	query_1	['GO:0048608']	4hr_Disome_up	1.4310693849807776
GO:BP	GO:0009793	embryo development ending in seed dormancy	0.03706215047734108	True	"""The process whose specific outcome is the progression of the embryo over time, from zygote formation to the end of seed dormancy. An example of this process is found in Arabidopsis thaliana."" [GOC:go_curators, GOC:mtg_sensu]"	411	24	4	21925	0.16666666666666666	0.009732360097323601	query_1	['GO:0003006', 'GO:0009790', 'GO:0048316']	4hr_Disome_up	1.4310693849807776
GO:BP	GO:0006364	rRNA processing	0.03706215047734108	True	"""Any process involved in the conversion of a primary ribosomal RNA (rRNA) transcript into one or more mature rRNA molecules."" [GOC:curators]"	194	24	3	21925	0.125	0.015463917525773196	query_1	['GO:0006396', 'GO:0016072', 'GO:0042254']	4hr_Disome_up	1.4310693849807776
GO:BP	GO:0010883	regulation of lipid storage	0.03706215047734108	True	"""Any process that modulates the rate, frequency or extent of lipid storage. Lipid storage is the accumulation and maintenance in cells or tissues of lipids, compounds soluble in organic solvents but insoluble or sparingly soluble in aqueous solvents. Lipid reserves can be accumulated during early developmental stages for mobilization and utilization at later stages of development."" [GOC:BHF, GOC:dph, GOC:tb]"	1	24	1	21925	0.041666666666666664	1.0	query_1	['GO:0019915', 'GO:0050794']	4hr_Disome_up	1.4310693849807776
GO:BP	GO:1905953	negative regulation of lipid localization	0.03706215047734108	True	"""Any process that stops, prevents or reduces the frequency, rate or extent of lipid localization."" [GO_REF:0000058, GOC:TermGenie, PMID:17564681]"	1	24	1	21925	0.041666666666666664	1.0	query_1	['GO:0010876', 'GO:0048519', 'GO:1905952']	4hr_Disome_up	1.4310693849807776
GO:BP	GO:0071569	protein ufmylation	0.006387062762513901	True	"""Covalent attachment of the ubiquitin-like protein UFM1 to another protein."" [GOC:vw, PMID:20018847]"	3	47	2	21925	0.0425531914893617	0.6666666666666666	query_1	['GO:0032446']	Bulked_Disome_up	2.1946988162234877
GO:BP	GO:0010258	NADH dehydrogenase complex (plastoquinone) assembly	0.029602995248816093	True	"""The aggregation, arrangement and bonding together of a set of components to form NADH:plastoquinone dehydrogenase complex, which is involved in the non-photochemical reduction of plastoquinones, as well as the cyclic electron transport around photosystem I."" [PMID:15608332]"	8	47	2	21925	0.0425531914893617	0.25	query_1	['GO:0010257', 'GO:0010275']	Bulked_Disome_up	1.528664344541681
GO:BP	GO:0010275	NAD(P)H dehydrogenase complex assembly	0.03860705286702886	True	"""The aggregation, arrangement and bonding together of a set of components to form NAD(P)H dehydrogenase complex, which is involved in electron transport from an unidentified electron donor, possibly NAD(P)H or ferredoxin(Fd) to the plastoquinone pool."" [GOC:sm]"	11	47	2	21925	0.0425531914893617	0.18181818181818182	query_1	['GO:0065003']	Bulked_Disome_up	1.413333349695249
GO:BP	GO:0015979	photosynthesis	0.03905728061570436	True	"""The synthesis by organisms of organic chemical compounds, especially carbohydrates, from carbon dioxide (CO2) using energy obtained from light rather than from the oxidation of chemical compounds."" [ISBN:0198547684]"	281	47	5	21925	0.10638297872340426	0.017793594306049824	query_1	['GO:0008152']	Bulked_Disome_up	1.408297997983832
GO:BP	GO:0006952	defense response	3.44429776875293e-09	True	"""Reactions, triggered in response to the presence of a foreign body or the occurrence of an injury, which result in restriction of damage to the organism attacked or prevention/recovery from the infection caused by the attack."" [GOC:go_curators]"	1636	119	34	21925	0.2857142857142857	0.02078239608801956	query_1	['GO:0006950']	16hr_Disome_up	8.462899309675956
GO:BP	GO:0006950	response to stress	8.303083018895005e-09	True	"""Any process that results in a change in state or activity of a cell or an organism (in terms of movement, secretion, enzyme production, gene expression, etc.) as a result of a disturbance in organismal or cellular homeostasis, usually, but not necessarily, exogenous (e.g. temperature, humidity, ionizing radiation)."" [GOC:mah]"	3733	119	51	21925	0.42857142857142855	0.013661934101259042	query_1	['GO:0050896']	16hr_Disome_up	8.080760619734495
GO:BP	GO:0050896	response to stimulus	8.303083018895005e-09	True	"""Any process that results in a change in state or activity of a cell or an organism (in terms of movement, secretion, enzyme production, gene expression, etc.) as a result of a stimulus. The process begins with detection of the stimulus and ends with a change in state or activity or the cell or organism."" [GOC:ai, GOC:bf]"	6001	119	67	21925	0.5630252100840336	0.011164805865689052	query_1	['GO:0008150']	16hr_Disome_up	8.080760619734495
GO:BP	GO:0042221	response to chemical	1.332741479174264e-08	True	"""Any process that results in a change in state or activity of a cell or an organism (in terms of movement, secretion, enzyme production, gene expression, etc.) as a result of a chemical stimulus."" [GOC:jl]"	2940	119	44	21925	0.3697478991596639	0.014965986394557823	query_1	['GO:0050896']	16hr_Disome_up	7.875254085437347
GO:BP	GO:0098542	defense response to other organism	1.332741479174264e-08	True	"""Reactions triggered in response to the presence of another organism that act to protect the cell or organism from damage caused by that organism."" [GOC:dos]"	1154	119	27	21925	0.226890756302521	0.02339688041594454	query_1	['GO:0006952', 'GO:0051707']	16hr_Disome_up	7.875254085437347
GO:BP	GO:0051707	response to other organism	1.6606288600693193e-08	True	"""Any process that results in a change in state or activity of a cell or an organism (in terms of movement, secretion, enzyme production, gene expression, etc.) as a result of a stimulus from another living organism."" [GOC:ai]"	1461	119	30	21925	0.25210084033613445	0.02053388090349076	query_1	['GO:0043207', 'GO:0044419']	16hr_Disome_up	7.779727418743287
GO:BP	GO:0043207	response to external biotic stimulus	1.6606288600693193e-08	True	"""Any process that results in a change in state or activity of a cell or an organism (in terms of movement, secretion, enzyme production, gene expression, etc.) as a result of an external biotic stimulus, an external stimulus caused by, or produced by living things."" [GOC:go_curators]"	1461	119	30	21925	0.25210084033613445	0.02053388090349076	query_1	['GO:0009605', 'GO:0009607']	16hr_Disome_up	7.779727418743287
GO:BP	GO:0009607	response to biotic stimulus	1.8086535642875477e-08	True	"""Any process that results in a change in state or activity of a cell or an organism (in terms of movement, secretion, enzyme production, gene expression, etc.) as a result of a biotic stimulus, a stimulus caused or produced by a living organism."" [GOC:hb]"	1488	119	30	21925	0.25210084033613445	0.020161290322580645	query_1	['GO:0050896']	16hr_Disome_up	7.742644611430223
GO:BP	GO:0009605	response to external stimulus	1.8086535642875477e-08	True	"""Any process that results in a change in state or activity of a cell or an organism (in terms of movement, secretion, enzyme production, gene expression, etc.) as a result of an external stimulus."" [GOC:hb]"	1684	119	32	21925	0.2689075630252101	0.019002375296912115	query_1	['GO:0050896']	16hr_Disome_up	7.742644611430223
GO:BP	GO:0044419	biological process involved in interspecies interaction between organisms	1.8086535642875477e-08	True	"""Any process evolved to enable an interaction with an organism of a different species."" [GOC:cc]"	1477	119	30	21925	0.25210084033613445	0.020311442112389978	query_1	['GO:0008150']	16hr_Disome_up	7.742644611430223
GO:BP	GO:0009617	response to bacterium	2.8811694214620936e-07	True	"""Any process that results in a change in state or activity of a cell or an organism (in terms of movement, secretion, enzyme production, gene expression, etc.) as a result of a stimulus from a bacterium."" [GOC:hb]"	463	119	16	21925	0.13445378151260504	0.03455723542116631	query_1	['GO:0051707']	16hr_Disome_up	6.540431203141756
GO:BP	GO:0002376	immune system process	2.8811694214620936e-07	True	"""Any process involved in the development or functioning of the immune system, an organismal system for calibrated responses to potential internal or invasive threats."" [GO_REF:0000022, GOC:add]"	279	119	13	21925	0.1092436974789916	0.04659498207885305	query_1	['GO:0008150']	16hr_Disome_up	6.540431203141756
GO:BP	GO:0009751	response to salicylic acid	3.2862131982292105e-07	True	"""Any process that results in a change in state or activity of a cell or an organism (in terms of movement, secretion, enzyme production, gene expression, etc.) as a result of a salicylic acid stimulus."" [GOC:jl]"	185	119	11	21925	0.09243697478991597	0.05945945945945946	query_1	['GO:1901700']	16hr_Disome_up	6.4833042644521
GO:BP	GO:1901700	response to oxygen-containing compound	7.107763431298661e-07	True	"""Any process that results in a change in state or activity of a cell or an organism (in terms of movement, secretion, enzyme production, gene expression, etc.) as a result of an oxygen-containing compound stimulus."" [GOC:pr, GOC:TermGenie]"	1659	119	29	21925	0.24369747899159663	0.017480409885473176	query_1	['GO:0042221']	16hr_Disome_up	6.1482670353112105
GO:BP	GO:0140546	defense response to symbiont	1.2220848730412581e-06	True	"""Reactions triggered in response to the presence of a symbiont that act to protect or prevent damage to the host."" [GOC:pg]"	325	119	13	21925	0.1092436974789916	0.04	query_1	['GO:0098542']	16hr_Disome_up	5.912898631561957
GO:BP	GO:0012501	programmed cell death	1.2220848730412581e-06	True	"""A process which begins when a cell receives an internal or external signal and activates a series of biochemical events (signaling pathway). The process ends with the death of the cell."" [GOC:lr, GOC:mtg_apoptosis]"	166	119	10	21925	0.08403361344537816	0.060240963855421686	query_1	['GO:0008219']	16hr_Disome_up	5.912898631561957
GO:BP	GO:0009626	plant-type hypersensitive response	1.376095590330714e-06	True	"""The rapid, localized death of plant cells in response to invasion by a pathogen."" [ISBN:0582227089]"	90	119	8	21925	0.06722689075630252	0.08888888888888889	query_1	['GO:0033554', 'GO:0034050', 'GO:0045087']	16hr_Disome_up	5.86135139683363
GO:BP	GO:0006955	immune response	1.376095590330714e-06	True	"""Any immune system process that functions in the calibrated response of an organism to a potential internal or invasive threat."" [GO_REF:0000022, GOC:add]"	273	119	12	21925	0.10084033613445378	0.04395604395604396	query_1	['GO:0002376', 'GO:0050896']	16hr_Disome_up	5.86135139683363
GO:BP	GO:0034050	symbiont-induced defense-related programmed cell death	1.4228990869899255e-06	True	"""Cell death resulting from activation of endogenous cellular processes after interaction with a symbiont (defined as the smaller of two, or more, organisms engaged in symbiosis, a close interaction encompassing mutualism through parasitism). This can be triggered by direct interaction with the organism, for example, contact with penetrating hyphae of a fungus; or an indirect interaction such as symbiont-secreted molecules."" [GOC:pamgo_curators]"	91	119	8	21925	0.06722689075630252	0.08791208791208792	query_1	['GO:0012501', 'GO:0140546']	16hr_Disome_up	5.8468258992955295
GO:BP	GO:0008219	cell death	3.125454498503404e-06	True	"""Any biological process that results in permanent cessation of all vital functions of a cell. A cell should be considered dead when any one of the following molecular or morphological criteria is met: (1) the cell has lost the integrity of its plasma membrane; (2) the cell, including its nucleus, has undergone complete fragmentation into discrete bodies (frequently referred to as apoptotic bodies). The cell corpse (or its fragments) may be engulfed by an adjacent cell in vivo, but engulfment of whole cells should not be considered a strict criteria to define cell death as, under some circumstances, live engulfed cells can be released from phagosomes (see PMID:18045538)."" [GOC:mah, GOC:mtg_apoptosis, PMID:25236395]"	188	119	10	21925	0.08403361344537816	0.05319148936170213	query_1	['GO:0009987']	16hr_Disome_up	5.505086819331241
GO:BP	GO:0045087	innate immune response	5.948034673881219e-06	True	"""Innate immune responses are defense responses mediated by germline encoded components that directly recognize components of potential pathogens."" [GO_REF:0000022, GOC:add, GOC:ebc, GOC:mtg_sensu]"	257	119	11	21925	0.09243697478991597	0.042801556420233464	query_1	['GO:0006955', 'GO:0140546']	16hr_Disome_up	5.225626508436669
GO:BP	GO:0051716	cellular response to stimulus	1.1000035139863114e-05	True	"""Any process that results in a change in state or activity of a cell (in terms of movement, secretion, enzyme production, gene expression, etc.) as a result of a stimulus. The process begins with detection of the stimulus by a cell and ends with a change in state or activity or the cell."" [GOC:bf, GOC:jl]"	2897	119	37	21925	0.31092436974789917	0.01277183293061788	query_1	['GO:0009987', 'GO:0050896']	16hr_Disome_up	4.958605927475932
GO:BP	GO:0033554	cellular response to stress	1.2142393926394435e-05	True	"""Any process that results in a change in state or activity of a cell (in terms of movement, secretion, enzyme production, gene expression, etc.) as a result of a stimulus indicating the organism is under stress. The stress is usually, but not necessarily, exogenous (e.g. temperature, humidity, ionizing radiation)."" [GOC:mah]"	1085	119	21	21925	0.17647058823529413	0.01935483870967742	query_1	['GO:0006950', 'GO:0051716']	16hr_Disome_up	4.915695681750976
GO:BP	GO:0042742	defense response to bacterium	2.2282196460059695e-05	True	"""Reactions triggered in response to the presence of a bacterium that act to protect the cell or organism."" [GOC:jl]"	363	119	12	21925	0.10084033613445378	0.03305785123966942	query_1	['GO:0009617', 'GO:0098542']	16hr_Disome_up	4.652042000954934
GO:BP	GO:0048583	regulation of response to stimulus	4.069883533820334e-05	True	"""Any process that modulates the frequency, rate or extent of a response to a stimulus. Response to stimulus is a change in state or activity of a cell or an organism (in terms of movement, secretion, enzyme production, gene expression, etc.) as a result of a stimulus."" [GOC:jid]"	791	119	17	21925	0.14285714285714285	0.021491782553729456	query_1	['GO:0050789', 'GO:0050896']	16hr_Disome_up	4.390418018623151
GO:BP	GO:0070887	cellular response to chemical stimulus	8.265977215058195e-05	True	"""Any process that results in a change in state or activity of a cell (in terms of movement, secretion, enzyme production, gene expression, etc.) as a result of a chemical stimulus."" [GOC:mah]"	1669	119	25	21925	0.21008403361344538	0.014979029358897543	query_1	['GO:0042221', 'GO:0051716']	16hr_Disome_up	4.08270579617361
GO:BP	GO:0036294	cellular response to decreased oxygen levels	0.00018374249939877258	True	"""Any process that results in a change in state or activity of a cell (in terms of movement, secretion, enzyme production, gene expression, etc.) as a result of a stimulus reflecting a decline in the level of oxygen."" [GOC:al]"	241	119	9	21925	0.07563025210084033	0.03734439834024896	query_1	['GO:0036293', 'GO:0071453']	16hr_Disome_up	3.735790380331986
GO:BP	GO:0071453	cellular response to oxygen levels	0.00018374249939877258	True	"""Any process that results in a change in state or activity of a cell (in terms of movement, secretion, enzyme production, gene expression, etc.) as a result of a stimulus reflecting the presence, absence, or concentration of oxygen."" [GOC:mah]"	241	119	9	21925	0.07563025210084033	0.03734439834024896	query_1	['GO:0070482', 'GO:0070887']	16hr_Disome_up	3.735790380331986
GO:BP	GO:0071456	cellular response to hypoxia	0.00018374249939877258	True	"""Any process that results in a change in state or activity of a cell (in terms of movement, secretion, enzyme production, gene expression, etc.) as a result of a stimulus indicating lowered oxygen tension. Hypoxia, defined as a decline in O2 levels below normoxic levels of 20.8 - 20.95%, results in metabolic adaptation at both the cellular and organismal level."" [GOC:mah]"	239	119	9	21925	0.07563025210084033	0.03765690376569038	query_1	['GO:0001666', 'GO:0033554', 'GO:0036294']	16hr_Disome_up	3.735790380331986
GO:BP	GO:0001666	response to hypoxia	0.00039125624371144695	True	"""Any process that results in a change in state or activity of a cell or an organism (in terms of movement, secretion, enzyme production, gene expression, etc.) as a result of a stimulus indicating lowered oxygen tension. Hypoxia, defined as a decline in O2 levels below normoxic levels of 20.8 - 20.95%, results in metabolic adaptation at both the cellular and organismal level."" [GOC:hjd]"	266	119	9	21925	0.07563025210084033	0.03383458646616541	query_1	['GO:0006950', 'GO:0036293']	16hr_Disome_up	3.4075387188696693
GO:BP	GO:0070482	response to oxygen levels	0.00042513103906199553	True	"""Any process that results in a change in state or activity of a cell or an organism (in terms of movement, secretion, enzyme production, gene expression, etc.) as a result of a stimulus reflecting the presence, absence, or concentration of oxygen."" [GOC:BHF, GOC:mah]"	271	119	9	21925	0.07563025210084033	0.033210332103321034	query_1	['GO:0009628']	16hr_Disome_up	3.371477185785073
GO:BP	GO:0036293	response to decreased oxygen levels	0.00042513103906199553	True	"""Any process that results in a change in state or activity of a cell or an organism (in terms of movement, secretion, enzyme production, gene expression, etc.) as a result of a stimulus reflecting a decline in the level of oxygen."" [GOC:al]"	270	119	9	21925	0.07563025210084033	0.03333333333333333	query_1	['GO:0070482']	16hr_Disome_up	3.371477185785073
GO:BP	GO:0009628	response to abiotic stimulus	0.0005333842568349276	True	"""Any process that results in a change in state or activity of a cell or an organism (in terms of movement, secretion, enzyme production, gene expression, etc.) as a result of an abiotic (not derived from living organisms) stimulus."" [GOC:hb]"	2131	119	27	21925	0.226890756302521	0.012670107930549039	query_1	['GO:0050896']	16hr_Disome_up	3.2729598069262686
GO:BP	GO:0071569	protein ufmylation	0.002003358065405058	True	"""Covalent attachment of the ubiquitin-like protein UFM1 to another protein."" [GOC:vw, PMID:20018847]"	3	119	2	21925	0.01680672268907563	0.6666666666666666	query_1	['GO:0032446']	16hr_Disome_up	2.698241421184822
GO:BP	GO:0000302	response to reactive oxygen species	0.002605503909849303	True	"""Any process that results in a change in state or activity of a cell or an organism (in terms of movement, secretion, enzyme production, gene expression, etc.) as a result of a reactive oxygen species stimulus. Reactive oxygen species include singlet oxygen, superoxide, and oxygen free radicals."" [GOC:krc]"	140	119	6	21925	0.05042016806722689	0.04285714285714286	query_1	['GO:0006979', 'GO:1901700']	16hr_Disome_up	2.5841082707894083
GO:BP	GO:0002831	regulation of response to biotic stimulus	0.003099270408389189	True	"""Any process that modulates the frequency, rate, or extent of a response to biotic stimulus."" [GOC:add]"	209	119	7	21925	0.058823529411764705	0.03349282296650718	query_1	['GO:0009607', 'GO:0048583']	16hr_Disome_up	2.508740530327994
GO:BP	GO:0032101	regulation of response to external stimulus	0.003099270408389189	True	"""Any process that modulates the frequency, rate or extent of a response to an external stimulus."" [GOC:mah]"	209	119	7	21925	0.058823529411764705	0.03349282296650718	query_1	['GO:0009605', 'GO:0048583']	16hr_Disome_up	2.508740530327994
GO:BP	GO:0031347	regulation of defense response	0.0034217870613174935	True	"""Any process that modulates the frequency, rate or extent of a defense response."" [GOC:mah]"	285	119	8	21925	0.06722689075630252	0.028070175438596492	query_1	['GO:0006952', 'GO:0080134']	16hr_Disome_up	2.4657470202105247
GO:BP	GO:0042537	benzene-containing compound metabolic process	0.00454426438134263	True	"""The chemical reactions and pathways involving benzene, C6H6, a volatile, very inflammable liquid, contained in the naphtha produced by the destructive distillation of coal, from which it is separated by fractional distillation, or any of its derivatives."" [GOC:jl]"	55	119	4	21925	0.03361344537815126	0.07272727272727272	query_1	['GO:0008152']	16hr_Disome_up	2.3425364096874177
GO:BP	GO:0007154	cell communication	0.005541558254675626	True	"""Any process that mediates interactions between a cell and its surroundings. Encompasses interactions such as signaling or attachment between one cell and another cell, between a cell and an extracellular matrix, or between a cell and any other aspect of its environment."" [GOC:mah]"	1817	119	22	21925	0.18487394957983194	0.012107870115575124	query_1	['GO:0009987']	16hr_Disome_up	2.256368096959262
GO:BP	GO:1901701	cellular response to oxygen-containing compound	0.005541558254675626	True	"""Any process that results in a change in state or activity of a cell (in terms of movement, secretion, enzyme production, gene expression, etc.) as a result of an oxygen-containing compound stimulus."" [GOC:pr, GOC:TermGenie]"	772	119	13	21925	0.1092436974789916	0.01683937823834197	query_1	['GO:0070887', 'GO:1901700']	16hr_Disome_up	2.256368096959262
GO:BP	GO:0065007	biological regulation	0.006482313309901214	True	"""Any process that modulates a measurable attribute of any biological process, quality or function."" [GOC:dph, GOC:isa_complete, GOC:mah, GOC:pr, GOC:vw]"	5330	119	46	21925	0.3865546218487395	0.008630393996247656	query_1	['GO:0008150']	16hr_Disome_up	2.188269982024441
GO:BP	GO:0033993	response to lipid	0.007740553409423506	True	"""Any process that results in a change in state or activity of a cell or an organism (in terms of movement, secretion, enzyme production, gene expression, etc.) as a result of a lipid stimulus."" [GOC:sl]"	1022	119	15	21925	0.12605042016806722	0.014677103718199608	query_1	['GO:0042221']	16hr_Disome_up	2.1112279884040546
GO:BP	GO:0007165	signal transduction	0.007876555321311231	True	"""The cellular process in which a signal is conveyed to trigger a change in the activity or state of a cell. Signal transduction begins with reception of a signal (e.g. a ligand binding to a receptor or receptor activation by a stimulus such as light), or for signal transduction in the absence of ligand, signal-withdrawal or the activity of a constitutively active receptor. Signal transduction ends with regulation of a downstream cellular process, e.g. regulation of transcription or regulation of a metabolic process. Signal transduction covers signaling from receptors located on the surface of the cell and signaling via molecules located within the cell. For signaling between cells, signal transduction is restricted to events at and within the receiving cell."" [GOC:go_curators, GOC:mtg_signaling_feb11]"	1750	119	21	21925	0.17647058823529413	0.012	query_1	['GO:0007154', 'GO:0009987', 'GO:0023052', 'GO:0050794', 'GO:0051716']	16hr_Disome_up	2.10366367236134
GO:BP	GO:0009737	response to abscisic acid	0.007876555321311231	True	"""Any process that results in a change in state or activity of a cell or an organism (in terms of movement, secretion, enzyme production, gene expression, etc.) as a result of an abscisic acid stimulus."" [GOC:jl]"	604	119	11	21925	0.09243697478991597	0.018211920529801324	query_1	['GO:0009725', 'GO:0033993', 'GO:0097305']	16hr_Disome_up	2.10366367236134
GO:BP	GO:0009863	salicylic acid mediated signaling pathway	0.008235803282189147	True	"""The series of molecular signals mediated by salicylic acid."" [GOC:jy]"	67	119	4	21925	0.03361344537815126	0.05970149253731343	query_1	['GO:0007165', 'GO:0071446']	16hr_Disome_up	2.0842940353517303
GO:BP	GO:0097305	response to alcohol	0.008530558986157961	True	"""Any process that results in a change in state or activity of a cell or an organism (in terms of movement, secretion, enzyme production, gene expression, etc.) as a result of an alcohol stimulus."" [GOC:pr, PMID:24014527]"	613	119	11	21925	0.09243697478991597	0.01794453507340946	query_1	['GO:1901700']	16hr_Disome_up	2.069022509670717
GO:BP	GO:0023052	signaling	0.010074111400868708	True	"""The entirety of a process in which information is transmitted within a biological system. This process begins with an active signal and ends when a cellular response has been triggered."" [GOC:mtg_signal, GOC:mtg_signaling_feb11, GOC:signaling]"	1793	119	21	21925	0.17647058823529413	0.011712214166201896	query_1	['GO:0050789']	16hr_Disome_up	1.9967932509653974
GO:BP	GO:0042908	xenobiotic transport	0.010708083341384027	True	"""The directed movement of a xenobiotic into, out of or within a cell, or between cells, by means of some agent such as a transporter or pore. A xenobiotic is a compound foreign to the organism exposed to it. It may be synthesized by another organism (like ampicilin) or it can be a synthetic chemical."" [GOC:go_curators, GOC:krc]"	73	119	4	21925	0.03361344537815126	0.0547945205479452	query_1	['GO:0006810']	16hr_Disome_up	1.9702882573429361
GO:BP	GO:0071446	cellular response to salicylic acid stimulus	0.011047479067898294	True	"""Any process that results in a change in state or activity of a cell (in terms of movement, secretion, enzyme production, gene expression, etc.) as a result of a salicylic acid stimulus."" [GOC:mah]"	74	119	4	21925	0.03361344537815126	0.05405405405405406	query_1	['GO:0009751', 'GO:1901701']	16hr_Disome_up	1.956736812640064
GO:BP	GO:0009696	salicylic acid metabolic process	0.011328860859853842	True	"""The chemical reactions and pathways involving of salicylic acid (2-hydroxybenzoic acid), a derivative of benzoic acid."" [ISBN:0943088399]"	33	119	3	21925	0.025210084033613446	0.09090909090909091	query_1	['GO:0018958', 'GO:0032787', 'GO:0042537']	16hr_Disome_up	1.9458137571402592
GO:BP	GO:0010193	response to ozone	0.011328860859853842	True	"""Any process that results in a change in state or activity of a cell or an organism (in terms of movement, secretion, enzyme production, gene expression, etc.) as a result of a ozone stimulus."" [GOC:sm]"	33	119	3	21925	0.025210084033613446	0.09090909090909091	query_1	['GO:0000302']	16hr_Disome_up	1.9458137571402592
GO:BP	GO:0009620	response to fungus	0.014562096587918861	True	"""Any process that results in a change in state or activity of a cell or an organism (in terms of movement, secretion, enzyme production, gene expression, etc.) as a result of a stimulus from a fungus."" [GOC:hb]"	664	119	11	21925	0.09243697478991597	0.016566265060240965	query_1	['GO:0051707']	16hr_Disome_up	1.8367760926731689
GO:BP	GO:0080134	regulation of response to stress	0.026833950269560244	True	"""Any process that modulates the frequency, rate or extent of a response to stress. Response to stress is a change in state or activity of a cell or an organism (in terms of movement, secretion, enzyme production, gene expression, etc.) as a result of a disturbance in organismal or cellular homeostasis, usually, but not necessarily, exogenous (e.g. temperature, humidity, ionizing radiation)."" [GOC:dhl]"	412	119	8	21925	0.06722689075630252	0.019417475728155338	query_1	['GO:0006950', 'GO:0048583']	16hr_Disome_up	1.571315389423135
GO:BP	GO:0097306	cellular response to alcohol	0.02696460387089099	True	"""Any process that results in a change in state or activity of a cell (in terms of movement, secretion, enzyme production, gene expression, etc.) as a result of an alcohol stimulus."" [GOC:pr]"	323	119	7	21925	0.058823529411764705	0.021671826625386997	query_1	['GO:0097305', 'GO:1901701']	16hr_Disome_up	1.569205955422169
GO:BP	GO:0071215	cellular response to abscisic acid stimulus	0.02696460387089099	True	"""Any process that results in a change in state or activity of a cell (in terms of movement, secretion, enzyme production, gene expression, etc.) as a result of an abscisic acid stimulus."" [GOC:mah]"	323	119	7	21925	0.058823529411764705	0.021671826625386997	query_1	['GO:0009737', 'GO:0032870', 'GO:0071396', 'GO:0097306']	16hr_Disome_up	1.569205955422169
GO:BP	GO:0006979	response to oxidative stress	0.0312722261923351	True	"""Any process that results in a change in state or activity of a cell or an organism (in terms of movement, secretion, enzyme production, gene expression, etc.) as a result of oxidative stress, a state often resulting from exposure to high levels of reactive oxygen species, e.g. superoxide anions, hydrogen peroxide (H2O2), and hydroxyl radicals."" [GOC:jl, PMID:12115731]"	426	119	8	21925	0.06722689075630252	0.018779342723004695	query_1	['GO:0006950']	16hr_Disome_up	1.5048412013079748
GO:BP	GO:0002833	positive regulation of response to biotic stimulus	0.03303001404433548	True	"""Any process that activates or increases the frequency, rate, or extent of a response to biotic stimulus."" [GOC:add]"	104	119	4	21925	0.03361344537815126	0.038461538461538464	query_1	['GO:0002831', 'GO:0009607', 'GO:0048584']	16hr_Disome_up	1.481091241646881
GO:BP	GO:0032103	positive regulation of response to external stimulus	0.03303001404433548	True	"""Any process that activates, maintains or increases the rate of a response to an external stimulus."" [GOC:mah]"	104	119	4	21925	0.03361344537815126	0.038461538461538464	query_1	['GO:0009605', 'GO:0032101', 'GO:0048584']	16hr_Disome_up	1.481091241646881
GO:BP	GO:0042254	ribosome biogenesis	0.034570433431998795	True	"""A cellular process that results in the biosynthesis of constituent macromolecules, assembly, and arrangement of constituent parts of ribosome subunits; includes transport to the sites of protein synthesis."" [GOC:ma, PMID:26404467, Wikipedia:Ribosome_biogenesis]"	254	119	6	21925	0.05042016806722689	0.023622047244094488	query_1	['GO:0022613']	16hr_Disome_up	1.4612951753911967
GO:BP	GO:0018958	phenol-containing compound metabolic process	0.036296601047620836	True	"""The chemical reactions and pathways involving a phenol, any compound containing one or more hydroxyl groups directly attached to an aromatic carbon ring."" [ISBN:0198506732]"	52	119	3	21925	0.025210084033613446	0.057692307692307696	query_1	['GO:0008152']	16hr_Disome_up	1.440134042054145
GO:BP	GO:0006811	monoatomic ion transport	0.037106854143933846	True	"""The directed movement of a monoatomic ion into, out of or within a cell, or between cells, by means of some agent such as a transporter or pore. Monatomic ions (also called simple ions) are ions consisting of exactly one atom."" [GOC:ai]"	547	119	9	21925	0.07563025210084033	0.016453382084095063	query_1	['GO:0006810']	16hr_Disome_up	1.4305458628390908
GO:BP	GO:0002237	response to molecule of bacterial origin	0.037106854143933846	True	"""Any process that results in a change in state or activity of an organism (in terms of movement, secretion, enzyme production, gene expression, etc.) as a result of a stimulus by molecules of bacterial origin such as peptides derived from bacterial flagellin."" [GOC:rl, GOC:sm]"	53	119	3	21925	0.025210084033613446	0.05660377358490566	query_1	['GO:0009617', 'GO:0043207']	16hr_Disome_up	1.4305458628390908
GO:BP	GO:0009725	response to hormone	0.037483421084321566	True	"""Any process that results in a change in state or activity of a cell or an organism (in terms of movement, secretion, enzyme production, gene expression, etc.) as a result of a hormone stimulus."" [GOC:jl]"	1635	119	18	21925	0.15126050420168066	0.011009174311926606	query_1	['GO:0009719', 'GO:0042221']	16hr_Disome_up	1.4261607782367969
GO:BP	GO:0009719	response to endogenous stimulus	0.037483421084321566	True	"""Any process that results in a change in state or activity of a cell or an organism (in terms of movement, secretion, enzyme production, gene expression, etc.) as a result of a stimulus arising within the organism."" [GOC:sm]"	1636	119	18	21925	0.15126050420168066	0.011002444987775062	query_1	['GO:0050896']	16hr_Disome_up	1.4261607782367969
GO:BP	GO:0031349	positive regulation of defense response	0.03923921089008498	True	"""Any process that activates or increases the frequency, rate or extent of a defense response."" [GOC:mah]"	113	119	4	21925	0.03361344537815126	0.035398230088495575	query_1	['GO:0006952', 'GO:0031347', 'GO:0048584']	16hr_Disome_up	1.4062797349701635
GO:BP	GO:0010337	regulation of salicylic acid metabolic process	0.03923921089008498	True	"""Any process that modulates the frequency, rate or extent of the chemical reactions and pathways involving salicylic acid."" [PMID:14765119]"	16	119	2	21925	0.01680672268907563	0.125	query_1	['GO:0009696', 'GO:0010565', 'GO:0062012']	16hr_Disome_up	1.4062797349701635
GO:BP	GO:0050789	regulation of biological process	0.041657969951044	True	"""Any process that modulates the frequency, rate or extent of a biological process. Biological processes are regulated by many means; examples include the control of gene expression, protein modification or interaction with a protein or substrate molecule."" [GOC:ai, GOC:go_curators]"	5102	119	41	21925	0.3445378151260504	0.008036064288514309	query_1	['GO:0008150', 'GO:0065007']	16hr_Disome_up	1.3803018976273744
GO:BP	GO:1900424	regulation of defense response to bacterium	0.041657969951044	True	"""Any process that modulates the frequency, rate or extent of defense response to bacterium."" [GOC:TermGenie, PMID:22346749]"	57	119	3	21925	0.025210084033613446	0.05263157894736842	query_1	['GO:0002831', 'GO:0031347', 'GO:0032101', 'GO:0042742']	16hr_Disome_up	1.3803018976273744
GO:BP	GO:0048584	positive regulation of response to stimulus	0.0445336592535555	True	"""Any process that activates, maintains or increases the rate of a response to a stimulus. Response to stimulus is a change in state or activity of a cell or an organism (in terms of movement, secretion, enzyme production, gene expression, etc.) as a result of a stimulus."" [GOC:jid]"	276	119	6	21925	0.05042016806722689	0.021739130434782608	query_1	['GO:0048518', 'GO:0048583', 'GO:0050896']	16hr_Disome_up	1.351311618178128
GO:BP	GO:0006364	rRNA processing	0.045815535406726164	True	"""Any process involved in the conversion of a primary ribosomal RNA (rRNA) transcript into one or more mature rRNA molecules."" [GOC:curators]"	194	119	5	21925	0.04201680672268908	0.02577319587628866	query_1	['GO:0006396', 'GO:0016072', 'GO:0042254']	16hr_Disome_up	1.3389872338435262
GO:BP	GO:0009404	toxin metabolic process	0.04614313071910218	True	"""The chemical reactions and pathways involving a toxin, a poisonous compound (typically a protein) that is produced by cells or organisms and that can cause disease when introduced into the body or tissues of an organism."" [GOC:cab2]"	60	119	3	21925	0.025210084033613446	0.05	query_1	['GO:0019748']	16hr_Disome_up	1.3358929428035573
GO:BP	GO:0016072	rRNA metabolic process	0.04960465362293366	True	"""The chemical reactions and pathways involving rRNA, ribosomal RNA, a structural constituent of ribosomes."" [ISBN:0198506732]"	199	119	5	21925	0.04201680672268908	0.02512562814070352	query_1	['GO:0016070']	16hr_Disome_up	1.304477578591321
