source	native	name	p_value	significant	description	term_size	query_size	intersection_size	effective_domain_size	precision	recall	query	parents	Cluster	-log10(p_value)
GO:CC	GO:1990904	ribonucleoprotein complex	0.003359738225741031	True	"""A macromolecular complex that contains both RNA and protein molecules."" [GOC:krc, GOC:vesicles]"	831	37	8	20029	0.21621621621621623	0.009626955475330927	query_1	['GO:0032991']	4hr_60S_up	2.47369455937951
GO:CC	GO:0043232	intracellular membraneless organelle	0.003359738225741031	True	"""Organized structure of distinctive morphology and function, not bounded by a lipid bilayer membrane and occurring within the cell. Includes ribosomes, the cytoskeleton and chromosomes."" [GOC:go_curators]"	2568	37	14	20029	0.3783783783783784	0.005451713395638629	query_1	['GO:0043228', 'GO:0043229']	4hr_60S_up	2.47369455937951
GO:CC	GO:0043228	membraneless organelle	0.003359738225741031	True	"""Organized structure of distinctive morphology and function, not bounded by a lipid bilayer membrane. Includes ribosomes, the cytoskeleton and chromosomes."" [GOC:go_curators]"	2568	37	14	20029	0.3783783783783784	0.005451713395638629	query_1	['GO:0043226']	4hr_60S_up	2.47369455937951
GO:CC	GO:0005737	cytoplasm	0.003359738225741031	True	"""The contents of a cell excluding the plasma membrane and nucleus, but including other subcellular structures."" [ISBN:0198547684]"	9524	37	29	20029	0.7837837837837838	0.003044939101217976	query_1	['GO:0005622', 'GO:0110165']	4hr_60S_up	2.47369455937951
GO:CC	GO:0031967	organelle envelope	0.004821250031584613	True	"""A double membrane structure enclosing an organelle, including two lipid bilayers and the region between them. In some cases, an organelle envelope may have more than two membranes."" [GOC:mah, GOC:pz]"	1452	37	10	20029	0.2702702702702703	0.006887052341597796	query_1	['GO:0043227', 'GO:0043229', 'GO:0110165']	4hr_60S_up	2.316840345280784
GO:CC	GO:0019867	outer membrane	0.004928872969233858	True	"""The external membrane of Gram-negative bacteria or certain organelles such as mitochondria and chloroplasts; freely permeable to most ions and metabolites."" [GOC:go_curators]"	546	37	6	20029	0.16216216216216217	0.01098901098901099	query_1	['GO:0016020']	4hr_60S_up	2.3072523746778355
GO:CC	GO:0031966	mitochondrial membrane	0.004928872969233858	True	"""Either of the lipid bilayers that surround the mitochondrion and form the mitochondrial envelope."" [GOC:mah, NIF_Subcellular:sao1045389829]"	352	37	5	20029	0.13513513513513514	0.014204545454545454	query_1	['GO:0005740', 'GO:0031090']	4hr_60S_up	2.3072523746778355
GO:CC	GO:0005840	ribosome	0.004928872969233858	True	"""An intracellular organelle, about 200 A in diameter, consisting of RNA and protein. It is the site of protein biosynthesis resulting from translation of messenger RNA (mRNA). It consists of two subunits, one large and one small, each containing only protein and RNA. Both the ribosome and its subunits are characterized by their sedimentation coefficients, expressed in Svedberg units (symbol: S). Hence, the prokaryotic ribosome (70S) comprises a large (50S) subunit and a small (30S) subunit, while the eukaryotic ribosome (80S) comprises a large (60S) subunit and a small (40S) subunit. Two sites on the ribosomal large subunit are involved in translation, namely the aminoacyl site (A site) and peptidyl site (P site). Ribosomes from prokaryotes, eukaryotes, mitochondria, and chloroplasts have characteristically distinct ribosomal proteins."" [ISBN:0198506732]"	533	37	6	20029	0.16216216216216217	0.01125703564727955	query_1	['GO:0043232']	4hr_60S_up	2.3072523746778355
GO:CC	GO:0032040	small-subunit processome	0.004928872969233858	True	"""A large ribonucleoprotein complex that is an early preribosomal complex. In S. cerevisiae, it has a size of 80S and consists of the 35S pre-rRNA, early-associating ribosomal proteins most of which are part of the small ribosomal subunit, the U3 snoRNA and associated proteins."" [GOC:krc, GOC:vw, PMID:12068309, PMID:12957375, PMID:15120992, PMID:15590835]"	17	37	2	20029	0.05405405405405406	0.11764705882352941	query_1	['GO:0030684']	4hr_60S_up	2.3072523746778355
GO:CC	GO:0031968	organelle outer membrane	0.004928872969233858	True	"""The outer, i.e. cytoplasm-facing in a cellular organelle, lipid bilayer of an organelle envelope."" [GOC:mah]"	546	37	6	20029	0.16216216216216217	0.01098901098901099	query_1	['GO:0019867', 'GO:0031967', 'GO:0098588']	4hr_60S_up	2.3072523746778355
GO:CC	GO:0005740	mitochondrial envelope	0.005360089458710634	True	"""The double lipid bilayer enclosing the mitochondrion and separating its contents from the cell cytoplasm; includes the intermembrane space."" [GOC:ai, GOC:pz]"	367	37	5	20029	0.13513513513513514	0.013623978201634877	query_1	['GO:0005739', 'GO:0031967']	4hr_60S_up	2.2708279619676452
GO:CC	GO:0031090	organelle membrane	0.008415731350913393	True	"""A membrane that is one of the two lipid bilayers of an organelle envelope or the outermost membrane of single membrane bound organelle."" [GOC:dos, GOC:mah]"	2413	37	12	20029	0.32432432432432434	0.004973062577704103	query_1	['GO:0016020', 'GO:0043227']	4hr_60S_up	2.074908136626421
GO:CC	GO:0030684	preribosome	0.010210258340388887	True	"""Any complex of pre-rRNAs, ribosomal proteins, and associated proteins formed during ribosome biogenesis."" [PMID:10567516]"	28	37	2	20029	0.05405405405405406	0.07142857142857142	query_1	['GO:1990904']	4hr_60S_up	1.9909632692366996
GO:CC	GO:0022625	cytosolic large ribosomal subunit	0.011199582435317951	True	"""The large subunit of a ribosome located in the cytosol."" [GOC:mtg_sensu]"	121	37	3	20029	0.08108108108108109	0.024793388429752067	query_1	['GO:0015934', 'GO:0022626']	4hr_60S_up	1.950798169242127
GO:CC	GO:0022626	cytosolic ribosome	0.014005086246481982	True	"""A ribosome located in the cytosol."" [GOC:mtg_sensu]"	289	37	4	20029	0.10810810810810811	0.01384083044982699	query_1	['GO:0005829', 'GO:0005840']	4hr_60S_up	1.8537142123487402
GO:CC	GO:0005622	intracellular anatomical structure	0.014595304690458251	True	"""A component of a cell contained within (but not including) the plasma membrane. In eukaryotes it includes the nucleus and cytoplasm."" [ISBN:0198506732]"	13505	37	33	20029	0.8918918918918919	0.0024435394298408	query_1	['GO:0110165']	4hr_60S_up	1.8357868342831276
GO:CC	GO:0015934	large ribosomal subunit	0.01638519907421486	True	"""The larger of the two subunits of a ribosome. Two sites on the ribosomal large subunit are involved in translation, namely the aminoacyl site (A site) and peptidyl site (P site)."" [ISBN:0198506732]"	148	37	3	20029	0.08108108108108109	0.02027027027027027	query_1	['GO:0044391']	4hr_60S_up	1.7855482777294058
GO:CC	GO:0043226	organelle	0.017320861270826465	True	"""Organized structure of distinctive morphology and function. Includes the nucleus, mitochondria, plastids, vacuoles, vesicles, ribosomes and the cytoskeleton, and prokaryotic structures such as anammoxosomes and pirellulosomes. Excludes the plasma membrane."" [GOC:go_curators]"	12326	37	31	20029	0.8378378378378378	0.002515008924225215	query_1	['GO:0110165']	4hr_60S_up	1.7614305167143072
GO:CC	GO:0043229	intracellular organelle	0.017320861270826465	True	"""Organized structure of distinctive morphology and function, occurring within the cell. Includes the nucleus, mitochondria, plastids, vacuoles, vesicles, ribosomes and the cytoskeleton. Excludes the plasma membrane."" [GOC:go_curators]"	12312	37	31	20029	0.8378378378378378	0.0025178687459389212	query_1	['GO:0005622', 'GO:0043226']	4hr_60S_up	1.7614305167143072
GO:CC	GO:0043231	intracellular membrane-bounded organelle	0.01910795246191636	True	"""Organized structure of distinctive morphology and function, bounded by a single or double lipid bilayer membrane and occurring within the cell. Includes the nucleus, mitochondria, plastids, vacuoles, and vesicles. Excludes the plasma membrane."" [GOC:go_curators]"	11808	37	30	20029	0.8108108108108109	0.002540650406504065	query_1	['GO:0043227', 'GO:0043229']	4hr_60S_up	1.718785847855142
GO:CC	GO:0043227	membrane-bounded organelle	0.01910795246191636	True	"""Organized structure of distinctive morphology and function, bounded by a single or double lipid bilayer membrane. Includes the nucleus, mitochondria, plastids, vacuoles, and vesicles. Excludes the plasma membrane."" [GOC:go_curators]"	11823	37	30	20029	0.8108108108108109	0.002537427048972342	query_1	['GO:0043226']	4hr_60S_up	1.718785847855142
GO:CC	GO:0098588	bounding membrane of organelle	0.01910795246191636	True	"""The lipid bilayer that forms the outer-most layer of an organelle."" [GOC:dos]"	1406	37	8	20029	0.21621621621621623	0.005689900426742532	query_1	['GO:0031090']	4hr_60S_up	1.718785847855142
GO:CC	GO:0005783	endoplasmic reticulum	0.021529574771531383	True	"""The irregular network of unit membranes, visible only by electron microscopy, that occurs in the cytoplasm of many eukaryotic cells. The membranes form a complex meshwork of tubular channels, which are often expanded into slitlike cavities called cisternae. The ER takes two forms, rough (or granular), with ribosomes adhering to the outer surface, and smooth (with no ribosomes attached)."" [ISBN:0198506732]"	1149	37	7	20029	0.1891891891891892	0.006092254134029591	query_1	['GO:0005737', 'GO:0012505', 'GO:0043231']	4hr_60S_up	1.6669645477984913
GO:CC	GO:0032991	protein-containing complex	0.02473823974543644	True	"""A stable assembly of two or more macromolecules, i.e. proteins, nucleic acids, carbohydrates or lipids, in which at least one component is a protein and the constituent parts function together."" [GOC:dos, GOC:mah]"	2580	37	11	20029	0.2972972972972973	0.004263565891472868	query_1	['GO:0005575']	4hr_60S_up	1.6066312059211674
GO:CC	GO:0005741	mitochondrial outer membrane	0.02473823974543644	True	"""The outer, i.e. cytoplasm-facing, lipid bilayer of the mitochondrial envelope."" [GOC:ai]"	61	37	2	20029	0.05405405405405406	0.03278688524590164	query_1	['GO:0031966', 'GO:0031968']	4hr_60S_up	1.6066312059211674
GO:CC	GO:0005743	mitochondrial inner membrane	0.036855813234068724	True	"""The inner, i.e. lumen-facing, lipid bilayer of the mitochondrial envelope. It is highly folded to form cristae."" [GOC:ai]"	233	37	3	20029	0.08108108108108109	0.012875536480686695	query_1	['GO:0019866', 'GO:0031966']	4hr_60S_up	1.4334940015264555
GO:CC	GO:0009523	photosystem II	0.036855813234068724	True	"""A photosystem that contains a pheophytin-quinone reaction center with associated accessory pigments and electron carriers. In cyanobacteria and chloroplasts, in the presence of light, PSII functions as a water-plastoquinone oxidoreductase, transferring electrons from water to plastoquinone, whereas other photosynthetic bacteria carry out anoxygenic photosynthesis and oxidize other compounds to re-reduce the photoreaction center."" [GOC:ds, GOC:mah, ISBN:0943088399, PMID:9821949]"	78	37	2	20029	0.05405405405405406	0.02564102564102564	query_1	['GO:0009521']	4hr_60S_up	1.4334940015264555
GO:MF	GO:0016168	chlorophyll binding	0.039339103068453396	True	"""Binding to a chlorophyll; a compound of magnesium complexed in a porphyrin (tetrapyrrole) ring and which functions as a photosynthetic pigment."" [GOC:jl]"	34	40	2	22878	0.05	0.058823529411764705	query_1	['GO:0046906']	4hr_60S_up	1.4051755462179523
GO:MF	GO:0015431	ABC-type glutathione S-conjugate transporter activity	0.039339103068453396	True	"""Catalysis of the reaction: ATP + H2O + glutathione S-conjugate(in) -> ADP + phosphate + glutathione S-conjugate(out)."" [GOC:jl, PMID:1455517, RHEA:19121]"	1	40	1	22878	0.025	1.0	query_1	['GO:0140359', 'GO:1901682']	4hr_60S_up	1.4051755462179523
GO:MF	GO:0010298	dihydrocamalexic acid decarboxylase activity	0.039339103068453396	True	"""Catalysis of the reaction: dihydrocamalexic acid = camalexin + CO2 + H+."" [MetaCyc:RXN-8275, PMID:16766671]"	1	40	1	22878	0.025	1.0	query_1	['GO:0016831']	4hr_60S_up	1.4051755462179523
GO:MF	GO:0010290	chlorophyll catabolite transmembrane transporter activity	0.039339103068453396	True	"""Enables the directed movement of chlorophyll catabolites such as non-fluorescent chlorophyll catabolites (NCCs), from one side of a membrane to the other."" [PMID:9681016]"	1	40	1	22878	0.025	1.0	query_1	['GO:0022857']	4hr_60S_up	1.4051755462179523
GO:MF	GO:0061666	UFM1 ligase activity	0.039339103068453396	True	"""Catalysis of the transfer of UFM1 to a substrate protein via the reaction X-UFM1 + S = X + S-UFM1, where X is either an E2 or E3 enzyme, the X-UFM1 linkage is a thioester bond, and the S-UFM1 linkage is an isopeptide bond between the C-terminal amino acid of UFM1 and the epsilon-amino group of lysine residues in the substrate."" [GOC:dph]"	1	40	1	22878	0.025	1.0	query_1	['GO:0061659', 'GO:0071568']	4hr_60S_up	1.4051755462179523
GO:MF	GO:0102406	omega-hydroxypalmitate O-sinapoyl transferase activity	0.039339103068453396	True	"""Catalysis of the reaction: sinapoyl-CoA + 16-hydroxypalmitate = coenzyme A + 16-sinapoyloxypalmitate."" [EC:2.3.1.188, GOC:pz]"	1	40	1	22878	0.025	1.0	query_1	['GO:0016747']	4hr_60S_up	1.4051755462179523
GO:CC	GO:0009517	PSII associated light-harvesting complex II	0.042954705486979335	True	"""Protein-pigment complex associated with photosystem II."" [GOC:lr, ISBN:0582227089]"	6	37	1	20029	0.02702702702702703	0.16666666666666666	query_1	['GO:0009503']	4hr_60S_up	1.366989254298534
GO:MF	GO:0050403	trans-zeatin O-beta-D-glucosyltransferase activity	0.04418108563478011	True	"""Catalysis of the reaction: trans-zeatin + UDP-D-glucose = O-beta-D-glucosyl-trans-zeatin + H+ + UDP."" [EC:2.4.1.203, RHEA:23224]"	3	40	1	22878	0.025	0.3333333333333333	query_1	['GO:0035251']	4hr_60S_up	1.354763616680936
GO:MF	GO:0004648	O-phospho-L-serine:2-oxoglutarate aminotransferase activity	0.04418108563478011	True	"""Catalysis of the reaction: O-phospho-L-serine + 2-oxoglutarate = 3-phosphonooxypyruvate + L-glutamate."" [EC:2.6.1.52]"	2	40	1	22878	0.025	0.5	query_1	['GO:0008483']	4hr_60S_up	1.354763616680936
GO:MF	GO:0071568	UFM1 transferase activity	0.04418108563478011	True	"""Catalysis of the transfer of UFM1 from one protein to another via the reaction X-UFM1 + Y = Y-UFM1 + X, where both X-UFM1 and Y-UFM1 are covalent linkages."" [GOC:sp, PMID:20018847]"	2	40	1	22878	0.025	0.5	query_1	['GO:0019787']	4hr_60S_up	1.354763616680936
GO:MF	GO:0052638	indole-3-butyrate beta-glucosyltransferase activity	0.04418108563478011	True	"""Catalysis of the reaction: indole-3-butyrate + UDP-D-glucose = indole-3-butyryl-beta-1-D-glucose + UDP."" [MetaCyc:RXN-11655, RHEA:62708]"	2	40	1	22878	0.025	0.5	query_1	['GO:0035251']	4hr_60S_up	1.354763616680936
GO:MF	GO:0016462	pyrophosphatase activity	0.04418108563478011	True	"""Catalysis of the hydrolysis of a pyrophosphate bond (diphosphate bond) between two phosphate groups."" [GOC:curators, https://en.wikipedia.org/wiki/Pyrophosphatase]"	913	40	6	22878	0.15	0.0065717415115005475	query_1	['GO:0016818']	4hr_60S_up	1.354763616680936
GO:MF	GO:0050734	hydroxycinnamoyltransferase activity	0.04418108563478011	True	"""Catalysis of the transfer of a hydroxycinnamoyl group to an acceptor molecule."" [GOC:ai]"	3	40	1	22878	0.025	0.3333333333333333	query_1	['GO:0016747']	4hr_60S_up	1.354763616680936
GO:MF	GO:0050502	cis-zeatin O-beta-D-glucosyltransferase activity	0.04418108563478011	True	"""Catalysis of the reaction: cis-zeatin + UDP-D-glucose = O-beta-D-glucosyl-cis-zeatin + H+ + UDP."" [EC:2.4.1.215, RHEA:20681]"	3	40	1	22878	0.025	0.3333333333333333	query_1	['GO:0035251']	4hr_60S_up	1.354763616680936
GO:MF	GO:0016817	hydrolase activity, acting on acid anhydrides	0.04418108563478011	True	"""Catalysis of the hydrolysis of any acid anhydride."" [GOC:jl]"	927	40	6	22878	0.15	0.006472491909385114	query_1	['GO:0016787']	4hr_60S_up	1.354763616680936
GO:MF	GO:0017077	oxidative phosphorylation uncoupler activity	0.04418108563478011	True	"""Enables the transfer of protons from mitochondrial intermembrane space into mitochondrial matrix, dissipating the proton gradient across the mitochondrial inner membrane established by the electron transport chain during the oxidative phosphorylation (proton leak). Proton leak uncouples the processes of electron transport/proton generation and ATP synthesis."" [PMID:15738989, PMID:16179945]"	2	40	1	22878	0.025	0.5	query_1	['GO:0022857']	4hr_60S_up	1.354763616680936
GO:MF	GO:0016818	hydrolase activity, acting on acid anhydrides, in phosphorus-containing anhydrides	0.04418108563478011	True	"""Catalysis of the hydrolysis of any acid anhydride which contains phosphorus."" [GOC:jl]"	922	40	6	22878	0.15	0.006507592190889371	query_1	['GO:0016817']	4hr_60S_up	1.354763616680936
GO:CC	GO:0044391	ribosomal subunit	0.04656145789382305	True	"""Either of the two subunits of a ribosome: the ribosomal large subunit or the ribosomal small subunit."" [GOC:jl]"	262	37	3	20029	0.08108108108108109	0.011450381679389313	query_1	['GO:0005840', 'GO:1990904']	4hr_60S_up	1.3319734298759938
GO:MF	GO:0003735	structural constituent of ribosome	0.04782750851924992	True	"""The action of a molecule that contributes to the structural integrity of the ribosome."" [GOC:mah]"	419	40	4	22878	0.1	0.00954653937947494	query_1	['GO:0005198']	4hr_60S_up	1.3203222422625607
GO:CC	GO:0031976	plastid thylakoid	0.04799559145604122	True	"""Any thylakoid within a plastid."" [GOC:pz]"	519	37	4	20029	0.10810810810810811	0.007707129094412331	query_1	['GO:0009536', 'GO:0009579']	4hr_60S_up	1.3187986520878106
GO:CC	GO:0009503	thylakoid light-harvesting complex	0.04799559145604122	True	"""A thylakoid membrane complex of chlorophylls a and b together with chlorophyll a-b binding proteins. In addition, LHCs contain a number of other proteins, the function of which is speculative, together with accessory pigments. The LHCs capture and transfer energy to photosystems I and II. An example of this is found in Arabidopsis thaliana."" [GOC:mtg_sensu, ISBN:0198547684]"	8	37	1	20029	0.02702702702702703	0.125	query_1	['GO:0030076', 'GO:0098807']	4hr_60S_up	1.3187986520878106
GO:CC	GO:0009521	photosystem	0.04799559145604122	True	"""A complex located in a photosynthetic membrane that consists of a photoreaction center associated with accessory pigments and electron carriers. Examples of this component are found in Arabidopsis thaliana and in photosynthetic bacterial and archaeal species."" [GOC:ds, GOC:mah, ISBN:0140514031, PMID:9821949]"	97	37	2	20029	0.05405405405405406	0.020618556701030927	query_1	['GO:0034357', 'GO:0098796']	4hr_60S_up	1.3187986520878106
GO:CC	GO:0030076	light-harvesting complex	0.04799559145604122	True	"""A protein-pigment complex that may be closely or peripherally associated to photosynthetic reaction centers that participate in harvesting and transferring radiant energy to the reaction center."" [GOC:lr]"	8	37	1	20029	0.02702702702702703	0.125	query_1	['GO:0005622', 'GO:0032991']	4hr_60S_up	1.3187986520878106
GO:CC	GO:0009534	chloroplast thylakoid	0.04799559145604122	True	"""Sac-like membranous structures (cisternae) in a chloroplast combined into stacks (grana) and present singly in the stroma (stroma thylakoids or frets) as interconnections between grana. An example of this component is found in Arabidopsis thaliana."" [GOC:mtg_sensu, ISBN:0943088399]"	517	37	4	20029	0.10810810810810811	0.007736943907156673	query_1	['GO:0009507', 'GO:0031976']	4hr_60S_up	1.3187986520878106
GO:BP	GO:0071569	protein ufmylation	0.00027818955690182894	True	"""Covalent attachment of the ubiquitin-like protein UFM1 to another protein."" [GOC:vw, PMID:20018847]"	3	14	2	21925	0.14285714285714285	0.6666666666666666	query_1	['GO:0032446']	Bulked_60S_up	3.5556591772377057
KEGG	KEGG:00196	Photosynthesis - antenna proteins	0.0007856423839465713	True	Photosynthesis - antenna proteins	22	4	2	5300	0.5	0.09090909090909091	query_1	['KEGG:00000']	Bulked_60S_up	3.104775095208895
GO:MF	GO:0016168	chlorophyll binding	0.008561716884525982	True	"""Binding to a chlorophyll; a compound of magnesium complexed in a porphyrin (tetrapyrrole) ring and which functions as a photosynthetic pigment."" [GOC:jl]"	34	15	2	22878	0.13333333333333333	0.058823529411764705	query_1	['GO:0046906']	Bulked_60S_up	2.067439137342752
GO:MF	GO:0045735	nutrient reservoir activity	0.008561716884525982	True	"""Functions in the storage of nutritious substrates."" [GOC:ai]"	25	15	2	22878	0.13333333333333333	0.08	query_1	['GO:0003674']	Bulked_60S_up	2.067439137342752
GO:MF	GO:0004328	formamidase activity	0.010097036454234877	True	"""Catalysis of the reaction: formamide + H2O = formate + NH4."" [RHEA:21948]"	1	15	1	22878	0.06666666666666667	1.0	query_1	['GO:0004040']	Bulked_60S_up	1.9958060757651972
GO:MF	GO:0010298	dihydrocamalexic acid decarboxylase activity	0.010097036454234877	True	"""Catalysis of the reaction: dihydrocamalexic acid = camalexin + CO2 + H+."" [MetaCyc:RXN-8275, PMID:16766671]"	1	15	1	22878	0.06666666666666667	1.0	query_1	['GO:0016831']	Bulked_60S_up	1.9958060757651972
GO:MF	GO:0061666	UFM1 ligase activity	0.010097036454234877	True	"""Catalysis of the transfer of UFM1 to a substrate protein via the reaction X-UFM1 + S = X + S-UFM1, where X is either an E2 or E3 enzyme, the X-UFM1 linkage is a thioester bond, and the S-UFM1 linkage is an isopeptide bond between the C-terminal amino acid of UFM1 and the epsilon-amino group of lysine residues in the substrate."" [GOC:dph]"	1	15	1	22878	0.06666666666666667	1.0	query_1	['GO:0061659', 'GO:0071568']	Bulked_60S_up	1.9958060757651972
GO:MF	GO:0071568	UFM1 transferase activity	0.014419924172651033	True	"""Catalysis of the transfer of UFM1 from one protein to another via the reaction X-UFM1 + Y = Y-UFM1 + X, where both X-UFM1 and Y-UFM1 are covalent linkages."" [GOC:sp, PMID:20018847]"	2	15	1	22878	0.06666666666666667	0.5	query_1	['GO:0019787']	Bulked_60S_up	1.8410370233534703
GO:MF	GO:0052638	indole-3-butyrate beta-glucosyltransferase activity	0.014419924172651033	True	"""Catalysis of the reaction: indole-3-butyrate + UDP-D-glucose = indole-3-butyryl-beta-1-D-glucose + UDP."" [MetaCyc:RXN-11655, RHEA:62708]"	2	15	1	22878	0.06666666666666667	0.5	query_1	['GO:0035251']	Bulked_60S_up	1.8410370233534703
GO:MF	GO:0019904	protein domain specific binding	0.017345750166258573	True	"""Binding to a specific domain of a protein."" [GOC:go_curators]"	97	15	2	22878	0.13333333333333333	0.020618556701030927	query_1	['GO:0005515']	Bulked_60S_up	1.7608069131167277
GO:MF	GO:0046906	tetrapyrrole binding	0.02001814849780915	True	"""Binding to a tetrapyrrole, a compound containing four pyrrole nuclei variously substituted and linked to each other through carbons at the alpha position."" [GOC:curators, ISBN:0198506732]"	418	15	3	22878	0.2	0.007177033492822967	query_1	['GO:0005488']	Bulked_60S_up	1.6985760934086243
GO:MF	GO:1990380	K48-linked deubiquitinase activity	0.02017554273015311	True	"""Hydrolysis of a ubiquitin unit from a ubiquitinated protein linked via the Lys48 residue of ubiquitin."" [GOC:bf, GOC:PARL, PMID:22970133]"	4	15	1	22878	0.06666666666666667	0.25	query_1	['GO:0101005']	Bulked_60S_up	1.6951747737538299
GO:CC	GO:0009522	photosystem I	0.02297336936097098	True	"""A photosystem that contains an iron-sulfur reaction center associated with accessory pigments and electron carriers. In cyanobacteria and chloroplasts, photosystem I functions as a light-dependent plastocyanin-ferredoxin oxidoreductase, transferring electrons from plastocyanin to ferredoxin; in photosynthetic bacteria that have only a single type I photosystem, such as the green sulfur bacteria, electrons can go either to ferredoxin (Fd) -> NAD+ or to menaquinone (MK) -> Cytb/FeS -> Cytc555 -> photosystem I (cyclic photophosphorylation)."" [GOC:ds, GOC:mah, ISBN:0140514031, PMID:9821949]"	43	14	2	20029	0.14285714285714285	0.046511627906976744	query_1	['GO:0009521']	Bulked_60S_up	1.6387753048674112
GO:BP	GO:0097305	response to alcohol	0.023734016490820253	True	"""Any process that results in a change in state or activity of a cell or an organism (in terms of movement, secretion, enzyme production, gene expression, etc.) as a result of an alcohol stimulus."" [GOC:pr, PMID:24014527]"	613	14	4	21925	0.2857142857142857	0.0065252854812398045	query_1	['GO:1901700']	Bulked_60S_up	1.624628760215243
GO:BP	GO:0033993	response to lipid	0.023734016490820253	True	"""Any process that results in a change in state or activity of a cell or an organism (in terms of movement, secretion, enzyme production, gene expression, etc.) as a result of a lipid stimulus."" [GOC:sl]"	1022	14	5	21925	0.35714285714285715	0.004892367906066536	query_1	['GO:0042221']	Bulked_60S_up	1.624628760215243
GO:BP	GO:0009765	photosynthesis, light harvesting	0.023734016490820253	True	"""Absorption and transfer of the energy absorbed from light photons between photosystem reaction centers."" [GOC:sm]"	37	14	2	21925	0.14285714285714285	0.05405405405405406	query_1	['GO:0006091', 'GO:0019684']	Bulked_60S_up	1.624628760215243
GO:BP	GO:0009737	response to abscisic acid	0.023734016490820253	True	"""Any process that results in a change in state or activity of a cell or an organism (in terms of movement, secretion, enzyme production, gene expression, etc.) as a result of an abscisic acid stimulus."" [GOC:jl]"	604	14	4	21925	0.2857142857142857	0.006622516556291391	query_1	['GO:0009725', 'GO:0033993', 'GO:0097305']	Bulked_60S_up	1.624628760215243
GO:BP	GO:0009644	response to high light intensity	0.02777853298818262	True	"""Any process that results in a change in state or activity of a cell or an organism (in terms of movement, secretion, enzyme production, gene expression, etc.) as a result of a high light intensity stimulus."" [GOC:go_curators]"	64	14	2	21925	0.14285714285714285	0.03125	query_1	['GO:0009642']	Bulked_60S_up	1.5562906935141778
GO:BP	GO:0006950	response to stress	0.02777853298818262	True	"""Any process that results in a change in state or activity of a cell or an organism (in terms of movement, secretion, enzyme production, gene expression, etc.) as a result of a disturbance in organismal or cellular homeostasis, usually, but not necessarily, exogenous (e.g. temperature, humidity, ionizing radiation)."" [GOC:mah]"	3733	14	8	21925	0.5714285714285714	0.0021430484864720066	query_1	['GO:0050896']	Bulked_60S_up	1.5562906935141778
GO:BP	GO:0042430	indole-containing compound metabolic process	0.034377124495628936	True	"""The chemical reactions and pathways involving compounds that contain an indole (2,3-benzopyrrole) skeleton."" [GOC:jl, GOC:mah]"	83	14	2	21925	0.14285714285714285	0.024096385542168676	query_1	['GO:0008152']	Bulked_60S_up	1.4637304530680681
GO:BP	GO:0009628	response to abiotic stimulus	0.034377124495628936	True	"""Any process that results in a change in state or activity of a cell or an organism (in terms of movement, secretion, enzyme production, gene expression, etc.) as a result of an abiotic (not derived from living organisms) stimulus."" [GOC:hb]"	2131	14	6	21925	0.42857142857142855	0.0028155795401220087	query_1	['GO:0050896']	Bulked_60S_up	1.4637304530680681
GO:MF	GO:0004040	amidase activity	0.036637942853021466	True	"""Catalysis of the reaction: a monocarboxylic acid amide + H2O = a monocarboxylate + NH4+."" [RHEA:12020]"	8	15	1	22878	0.06666666666666667	0.125	query_1	['GO:0016811']	Bulked_60S_up	1.4360689190833984
GO:CC	GO:0009523	photosystem II	0.037669829391243546	True	"""A photosystem that contains a pheophytin-quinone reaction center with associated accessory pigments and electron carriers. In cyanobacteria and chloroplasts, in the presence of light, PSII functions as a water-plastoquinone oxidoreductase, transferring electrons from water to plastoquinone, whereas other photosynthetic bacteria carry out anoxygenic photosynthesis and oxidize other compounds to re-reduce the photoreaction center."" [GOC:ds, GOC:mah, ISBN:0943088399, PMID:9821949]"	78	14	2	20029	0.14285714285714285	0.02564102564102564	query_1	['GO:0009521']	Bulked_60S_up	1.4240063467361876
GO:CC	GO:0009521	photosystem	0.03864264200001456	True	"""A complex located in a photosynthetic membrane that consists of a photoreaction center associated with accessory pigments and electron carriers. Examples of this component are found in Arabidopsis thaliana and in photosynthetic bacterial and archaeal species."" [GOC:ds, GOC:mah, ISBN:0140514031, PMID:9821949]"	97	14	2	20029	0.14285714285714285	0.020618556701030927	query_1	['GO:0034357', 'GO:0098796']	Bulked_60S_up	1.4129331884987155
GO:CC	GO:0009534	chloroplast thylakoid	0.03975182281426902	True	"""Sac-like membranous structures (cisternae) in a chloroplast combined into stacks (grana) and present singly in the stroma (stroma thylakoids or frets) as interconnections between grana. An example of this component is found in Arabidopsis thaliana."" [GOC:mtg_sensu, ISBN:0943088399]"	517	14	3	20029	0.21428571428571427	0.005802707930367505	query_1	['GO:0009507', 'GO:0031976']	Bulked_60S_up	1.4006429520382515
GO:CC	GO:0009503	thylakoid light-harvesting complex	0.03975182281426902	True	"""A thylakoid membrane complex of chlorophylls a and b together with chlorophyll a-b binding proteins. In addition, LHCs contain a number of other proteins, the function of which is speculative, together with accessory pigments. The LHCs capture and transfer energy to photosystems I and II. An example of this is found in Arabidopsis thaliana."" [GOC:mtg_sensu, ISBN:0198547684]"	8	14	1	20029	0.07142857142857142	0.125	query_1	['GO:0030076', 'GO:0098807']	Bulked_60S_up	1.4006429520382515
GO:CC	GO:0009517	PSII associated light-harvesting complex II	0.03975182281426902	True	"""Protein-pigment complex associated with photosystem II."" [GOC:lr, ISBN:0582227089]"	6	14	1	20029	0.07142857142857142	0.16666666666666666	query_1	['GO:0009503']	Bulked_60S_up	1.4006429520382515
GO:CC	GO:0031976	plastid thylakoid	0.03975182281426902	True	"""Any thylakoid within a plastid."" [GOC:pz]"	519	14	3	20029	0.21428571428571427	0.005780346820809248	query_1	['GO:0009536', 'GO:0009579']	Bulked_60S_up	1.4006429520382515
GO:CC	GO:0030076	light-harvesting complex	0.03975182281426902	True	"""A protein-pigment complex that may be closely or peripherally associated to photosynthetic reaction centers that participate in harvesting and transferring radiant energy to the reaction center."" [GOC:lr]"	8	14	1	20029	0.07142857142857142	0.125	query_1	['GO:0005622', 'GO:0032991']	Bulked_60S_up	1.4006429520382515
GO:CC	GO:0009579	thylakoid	0.047303309117409584	True	"""A membranous cellular structure that bears the photosynthetic pigments in plants, algae, and cyanobacteria. In cyanobacteria thylakoids are of various shapes and are attached to, or continuous with, the plasma membrane. In eukaryotes they are flattened, membrane-bounded disk-like structures located in the chloroplasts; in the chloroplasts of higher plants the thylakoids form dense stacks called grana. Isolated thylakoid preparations can carry out photosynthetic electron transport and the associated phosphorylation."" [GOC:ds, GOC:mtg_sensu, ISBN:0198506732]"	596	14	3	20029	0.21428571428571427	0.0050335570469798654	query_1	['GO:0043232']	Bulked_60S_up	1.3251084769966008
GO:BP	GO:0009719	response to endogenous stimulus	0.04752828955786316	True	"""Any process that results in a change in state or activity of a cell or an organism (in terms of movement, secretion, enzyme production, gene expression, etc.) as a result of a stimulus arising within the organism."" [GOC:sm]"	1636	14	5	21925	0.35714285714285715	0.003056234718826406	query_1	['GO:0050896']	Bulked_60S_up	1.3230478147594813
GO:BP	GO:1901700	response to oxygen-containing compound	0.04752828955786316	True	"""Any process that results in a change in state or activity of a cell or an organism (in terms of movement, secretion, enzyme production, gene expression, etc.) as a result of an oxygen-containing compound stimulus."" [GOC:pr, GOC:TermGenie]"	1659	14	5	21925	0.35714285714285715	0.0030138637733574444	query_1	['GO:0042221']	Bulked_60S_up	1.3230478147594813
GO:BP	GO:0080024	indolebutyric acid metabolic process	0.04752828955786316	True	"""The chemical reactions and pathways involving indolebutyric acid, a compound that serves as an active or storage form of the hormone indole-3-acetic acid (an auxin) in many plants."" [PMID:18725356]"	6	14	1	21925	0.07142857142857142	0.16666666666666666	query_1	['GO:0009850', 'GO:0032787', 'GO:0042430']	Bulked_60S_up	1.3230478147594813
GO:BP	GO:0071475	cellular hyperosmotic salinity response	0.04752828955786316	True	"""Any process that results in a change in state or activity of a cell (in terms of movement, secretion, enzyme production, gene expression, etc.) as a result of detection of, or exposure to, an increase in the concentration of salt (particularly but not exclusively sodium and chloride ions) in the environment."" [GOC:mah]"	6	14	1	21925	0.07142857142857142	0.16666666666666666	query_1	['GO:0042538', 'GO:0071472', 'GO:0071474']	Bulked_60S_up	1.3230478147594813
GO:BP	GO:0071474	cellular hyperosmotic response	0.04752828955786316	True	"""Any process that results in a change in state or activity of a cell (in terms of movement, secretion, enzyme production, gene expression, etc.) as a result of detection of, or exposure to, a hyperosmotic environment, i.e. an environment with a higher concentration of solutes than the organism or cell."" [GOC:mah]"	7	14	1	21925	0.07142857142857142	0.14285714285714285	query_1	['GO:0006972', 'GO:0071470']	Bulked_60S_up	1.3230478147594813
GO:BP	GO:0050896	response to stimulus	0.04752828955786316	True	"""Any process that results in a change in state or activity of a cell or an organism (in terms of movement, secretion, enzyme production, gene expression, etc.) as a result of a stimulus. The process begins with detection of the stimulus and ends with a change in state or activity or the cell or organism."" [GOC:ai, GOC:bf]"	6001	14	9	21925	0.6428571428571429	0.0014997500416597234	query_1	['GO:0008150']	Bulked_60S_up	1.3230478147594813
GO:BP	GO:0070301	cellular response to hydrogen peroxide	0.04752828955786316	True	"""Any process that results in a change in state or activity of a cell (in terms of movement, secretion, enzyme production, gene expression, etc.) as a result of a hydrogen peroxide (H2O2) stimulus."" [CHEBI:16240, GOC:mah]"	7	14	1	21925	0.07142857142857142	0.14285714285714285	query_1	['GO:0034614', 'GO:0042542']	Bulked_60S_up	1.3230478147594813
GO:BP	GO:0009642	response to light intensity	0.04752828955786316	True	"""Any process that results in a change in state or activity of a cell or an organism (in terms of movement, secretion, enzyme production, gene expression, etc.) as a result of a light intensity stimulus."" [GOC:go_curators]"	154	14	2	21925	0.14285714285714285	0.012987012987012988	query_1	['GO:0009416']	Bulked_60S_up	1.3230478147594813
GO:BP	GO:0032434	regulation of proteasomal ubiquitin-dependent protein catabolic process	0.04752828955786316	True	"""Any process that modulates the frequency, rate or extent of the breakdown of a protein or peptide by hydrolysis of its peptide bonds, initiated by the covalent attachment of ubiquitin, and mediated by the proteasome."" [GOC:mah]"	5	14	1	21925	0.07142857142857142	0.2	query_1	['GO:0043161', 'GO:0061136', 'GO:2000058']	Bulked_60S_up	1.3230478147594813
GO:BP	GO:0019684	photosynthesis, light reaction	0.04752828955786316	True	"""The light reactions of photosynthesis, which take place in photosystems II and I. Light energy is harvested and used to power the transfer of electrons among a series of electron donors and acceptors. The final electron acceptor is NADP+, which is reduced to NADPH. NADPH generated from light reactions is used in sugar synthesis in dark reactions. Light reactions also generate a proton motive force across the thylakoid membrane, and the proton gradient is used to synthesize ATP. There are two chemical reactions involved in the light reactions: water oxidation in photosystem II, and NADP reduction in photosystem I."" [PMID:15746074]"	146	14	2	21925	0.14285714285714285	0.0136986301369863	query_1	['GO:0006091', 'GO:0015979']	Bulked_60S_up	1.3230478147594813
GO:BP	GO:0009769	photosynthesis, light harvesting in photosystem II	0.04752828955786316	True	"""After a photon of light is absorbed by one of the many chlorophyll molecules, in one of the light-harvesting complexes of an antenna on photosystem II, some of the absorbed energy is transferred to the pair of chlorophyll molecules in the reaction center."" [GOC:jid, ISBN:0716731363, ISBN:0816017360]"	4	14	1	21925	0.07142857142857142	0.25	query_1	['GO:0009765']	Bulked_60S_up	1.3230478147594813
GO:BP	GO:0009725	response to hormone	0.04752828955786316	True	"""Any process that results in a change in state or activity of a cell or an organism (in terms of movement, secretion, enzyme production, gene expression, etc.) as a result of a hormone stimulus."" [GOC:jl]"	1635	14	5	21925	0.35714285714285715	0.0030581039755351682	query_1	['GO:0009719', 'GO:0042221']	Bulked_60S_up	1.3230478147594813
GO:BP	GO:0071108	protein K48-linked deubiquitination	0.04752828955786316	True	"""A protein deubiquitination process in which a K48-linked ubiquitin chain, i.e. a polymer of ubiquitin formed by linkages between lysine residues at position 48 of the ubiquitin monomers, is removed from a protein."" [GOC:mah]"	4	14	1	21925	0.07142857142857142	0.25	query_1	['GO:0016579']	Bulked_60S_up	1.3230478147594813
GO:BP	GO:2000058	regulation of ubiquitin-dependent protein catabolic process	0.04752828955786316	True	"""Any process that modulates the frequency, rate or extent of ubiquitin-dependent protein catabolic process."" [GOC:BHF]"	6	14	1	21925	0.07142857142857142	0.16666666666666666	query_1	['GO:0006511', 'GO:0009894', 'GO:1903050']	Bulked_60S_up	1.3230478147594813
GO:CC	GO:0022625	cytosolic large ribosomal subunit	1.0400488273484484e-30	True	"""The large subunit of a ribosome located in the cytosol."" [GOC:mtg_sensu]"	121	69	22	20029	0.3188405797101449	0.18181818181818182	query_1	['GO:0015934', 'GO:0022626']	16hr_60S_up	29.982946271326007
GO:CC	GO:0015934	large ribosomal subunit	6.078687735029236e-29	True	"""The larger of the two subunits of a ribosome. Two sites on the ribosomal large subunit are involved in translation, namely the aminoacyl site (A site) and peptidyl site (P site)."" [ISBN:0198506732]"	148	69	22	20029	0.3188405797101449	0.14864864864864866	query_1	['GO:0044391']	16hr_60S_up	28.216190165948827
GO:CC	GO:0022626	cytosolic ribosome	6.494850975636408e-29	True	"""A ribosome located in the cytosol."" [GOC:mtg_sensu]"	289	69	26	20029	0.37681159420289856	0.08996539792387544	query_1	['GO:0005829', 'GO:0005840']	16hr_60S_up	28.187430809364052
GO:MF	GO:0003735	structural constituent of ribosome	2.455769089226112e-27	True	"""The action of a molecule that contributes to the structural integrity of the ribosome."" [GOC:mah]"	419	68	27	22878	0.39705882352941174	0.06443914081145585	query_1	['GO:0005198']	16hr_60S_up	26.609812471402808
GO:MF	GO:0005198	structural molecule activity	5.28246667732942e-24	True	"""The action of a molecule that contributes to the structural integrity of a complex."" [GOC:mah, GOC:vw]"	572	68	27	22878	0.39705882352941174	0.0472027972027972	query_1	['GO:0003674']	16hr_60S_up	23.27716323386819
GO:CC	GO:0005840	ribosome	1.3491911061858548e-23	True	"""An intracellular organelle, about 200 A in diameter, consisting of RNA and protein. It is the site of protein biosynthesis resulting from translation of messenger RNA (mRNA). It consists of two subunits, one large and one small, each containing only protein and RNA. Both the ribosome and its subunits are characterized by their sedimentation coefficients, expressed in Svedberg units (symbol: S). Hence, the prokaryotic ribosome (70S) comprises a large (50S) subunit and a small (30S) subunit, while the eukaryotic ribosome (80S) comprises a large (60S) subunit and a small (40S) subunit. Two sites on the ribosomal large subunit are involved in translation, namely the aminoacyl site (A site) and peptidyl site (P site). Ribosomes from prokaryotes, eukaryotes, mitochondria, and chloroplasts have characteristically distinct ribosomal proteins."" [ISBN:0198506732]"	533	69	27	20029	0.391304347826087	0.05065666041275797	query_1	['GO:0043232']	16hr_60S_up	22.869926530325362
GO:CC	GO:0044391	ribosomal subunit	1.3491911061858548e-23	True	"""Either of the two subunits of a ribosome: the ribosomal large subunit or the ribosomal small subunit."" [GOC:jl]"	262	69	22	20029	0.3188405797101449	0.08396946564885496	query_1	['GO:0005840', 'GO:1990904']	16hr_60S_up	22.869926530325362
KEGG	KEGG:03010	Ribosome	2.798905482368816e-22	True	Ribosome	323	42	27	5300	0.6428571428571429	0.08359133126934984	query_1	['KEGG:00000']	16hr_60S_up	21.553011767192555
GO:CC	GO:1990904	ribonucleoprotein complex	4.5925428723295985e-21	True	"""A macromolecular complex that contains both RNA and protein molecules."" [GOC:krc, GOC:vesicles]"	831	69	29	20029	0.42028985507246375	0.03489771359807461	query_1	['GO:0032991']	16hr_60S_up	20.337946780775173
GO:CC	GO:0005829	cytosol	2.770956097663898e-11	True	"""The part of the cytoplasm that does not contain organelles but which does contain other particulate matter, such as protein complexes."" [GOC:hjd, GOC:jl]"	2420	69	32	20029	0.463768115942029	0.013223140495867768	query_1	['GO:0005737', 'GO:0110165']	16hr_60S_up	10.557370355016525
GO:CC	GO:0032991	protein-containing complex	8.013711798618187e-10	True	"""A stable assembly of two or more macromolecules, i.e. proteins, nucleic acids, carbohydrates or lipids, in which at least one component is a protein and the constituent parts function together."" [GOC:dos, GOC:mah]"	2580	69	31	20029	0.4492753623188406	0.012015503875968992	query_1	['GO:0005575']	16hr_60S_up	9.09616628038603
GO:CC	GO:0043232	intracellular membraneless organelle	3.1398708606393853e-09	True	"""Organized structure of distinctive morphology and function, not bounded by a lipid bilayer membrane and occurring within the cell. Includes ribosomes, the cytoskeleton and chromosomes."" [GOC:go_curators]"	2568	69	30	20029	0.43478260869565216	0.011682242990654205	query_1	['GO:0043228', 'GO:0043229']	16hr_60S_up	8.50308821360355
GO:CC	GO:0043228	membraneless organelle	3.1398708606393853e-09	True	"""Organized structure of distinctive morphology and function, not bounded by a lipid bilayer membrane. Includes ribosomes, the cytoskeleton and chromosomes."" [GOC:go_curators]"	2568	69	30	20029	0.43478260869565216	0.011682242990654205	query_1	['GO:0043226']	16hr_60S_up	8.50308821360355
GO:BP	GO:0006412	translation	4.24233467287326e-09	True	"""The cellular metabolic process in which a protein is formed, using the sequence of a mature mRNA or circRNA molecule to specify the sequence of amino acids in a polypeptide chain. Translation is mediated by the ribosome, and begins with the formation of a ternary complex between aminoacylated initiator methionine tRNA, GTP, and initiation factor 2, which subsequently associates with the small subunit of the ribosome and an mRNA or circRNA. Translation ends with the release of a polypeptide chain from the ribosome."" [GOC:go_curators]"	1401	67	23	21925	0.34328358208955223	0.01641684511063526	query_1	['GO:0009059', 'GO:0010467', 'GO:0019538']	16hr_60S_up	8.372395073478854
GO:BP	GO:0002182	cytoplasmic translational elongation	8.60004565516852e-08	True	"""The successive addition of amino acid residues to a nascent polypeptide chain during protein biosynthesis in the cytoplasm."" [GOC:hjd]"	5	67	4	21925	0.05970149253731343	0.8	query_1	['GO:0002181', 'GO:0006414']	16hr_60S_up	7.065499243205836
GO:MF	GO:0003729	mRNA binding	2.0336625208567493e-07	True	"""Binding to messenger RNA (mRNA), an intermediate molecule between DNA and protein. mRNA includes UTR and coding sequences, but does not contain introns."" [GOC:kmv, GOC:pr, SO:0000234]"	1619	68	21	22878	0.3088235294117647	0.012970969734403953	query_1	['GO:0003723']	16hr_60S_up	6.691721115076008
GO:MF	GO:0016887	ATP hydrolysis activity	2.447416952717126e-06	True	"""Catalysis of the reaction: ATP + H2O = ADP + H+ phosphate. ATP hydrolysis is used in some reactions as an energy source, for example to catalyze a reaction or drive transport against a concentration gradient."" [RHEA:13065]"	552	68	12	22878	0.17647058823529413	0.021739130434782608	query_1	['GO:0017111', 'GO:0140657']	16hr_60S_up	5.611292036026809
GO:MF	GO:0003723	RNA binding	1.2433911360064183e-05	True	"""Binding to an RNA molecule or a portion thereof."" [GOC:jl, GOC:mah]"	2517	68	23	22878	0.3382352941176471	0.009137862534763607	query_1	['GO:0003676']	16hr_60S_up	4.905392232992651
GO:BP	GO:0006414	translational elongation	2.5350071114757606e-05	True	"""The successive addition of amino acid residues to a nascent polypeptide chain during protein biosynthesis."" [GOC:ems]"	81	67	6	21925	0.08955223880597014	0.07407407407407407	query_1	['GO:0006412', 'GO:0009059']	16hr_60S_up	4.596020817999147
GO:MF	GO:0017111	ribonucleoside triphosphate phosphatase activity	0.00015230569527488585	True	"""Catalysis of the reaction: a ribonucleoside triphosphate + H2O = a ribonucleoside diphosphate + H+ + phosphate."" [RHEA:23680]"	850	68	12	22878	0.17647058823529413	0.01411764705882353	query_1	['GO:0016462']	16hr_60S_up	3.8172838564787313
GO:MF	GO:0140657	ATP-dependent activity	0.00015943088598940135	True	"""A molecular function characterized by the coupling of ATP hydrolysis to other steps of a reaction mechanism to make the reaction energetically favorable, for example to catalyze a reaction or drive transport against a concentration gradient."" [PMID:24878343, PMID:25750732, PMID:32933017, PMID:33818025, PMID:33873056, PMID:33988324]"	867	68	12	22878	0.17647058823529413	0.01384083044982699	query_1	['GO:0003674']	16hr_60S_up	3.7974275404342928
GO:MF	GO:0016462	pyrophosphatase activity	0.00019809746403741613	True	"""Catalysis of the hydrolysis of a pyrophosphate bond (diphosphate bond) between two phosphate groups."" [GOC:curators, https://en.wikipedia.org/wiki/Pyrophosphatase]"	913	68	12	22878	0.17647058823529413	0.013143483023001095	query_1	['GO:0016818']	16hr_60S_up	3.7031210840859154
GO:MF	GO:0016818	hydrolase activity, acting on acid anhydrides, in phosphorus-containing anhydrides	0.00019809746403741613	True	"""Catalysis of the hydrolysis of any acid anhydride which contains phosphorus."" [GOC:jl]"	922	68	12	22878	0.17647058823529413	0.013015184381778741	query_1	['GO:0016817']	16hr_60S_up	3.7031210840859154
GO:MF	GO:0140359	ABC-type transporter activity	0.00019809746403741613	True	"""Primary active transporter characterized by two nucleotide-binding domains and two transmembrane domains. Uses the energy generated from ATP hydrolysis to drive the transport of a substance across a membrane."" [PMID:26517899]"	106	68	5	22878	0.07352941176470588	0.04716981132075472	query_1	['GO:0042626']	16hr_60S_up	3.7031210840859154
GO:MF	GO:0016817	hydrolase activity, acting on acid anhydrides	0.00019809746403741613	True	"""Catalysis of the hydrolysis of any acid anhydride."" [GOC:jl]"	927	68	12	22878	0.17647058823529413	0.012944983818770227	query_1	['GO:0016787']	16hr_60S_up	3.7031210840859154
GO:CC	GO:0005737	cytoplasm	0.00022553463028574623	True	"""The contents of a cell excluding the plasma membrane and nucleus, but including other subcellular structures."" [ISBN:0198547684]"	9524	69	50	20029	0.7246376811594203	0.005249895002099958	query_1	['GO:0005622', 'GO:0110165']	16hr_60S_up	3.6467867638202134
GO:CC	GO:0055044	symplast	0.0003593874079390575	True	"""The interconnected cell membranes and intracellular regions of a plant. The interconnections occur via the plasmodesmata."" [GOC:mtg_sensu]"	901	69	12	20029	0.17391304347826086	0.013318534961154272	query_1	['GO:0110165']	16hr_60S_up	3.4444371435831562
GO:CC	GO:0009506	plasmodesma	0.0003593874079390575	True	"""A fine cytoplasmic channel, found in all higher plants, that connects the cytoplasm of one cell to that of an adjacent cell."" [PMID:29880547]"	900	69	12	20029	0.17391304347826086	0.013333333333333334	query_1	['GO:0005911', 'GO:0055044']	16hr_60S_up	3.4444371435831562
GO:CC	GO:0030054	cell junction	0.0003593874079390575	True	"""A cellular component that forms a specialized region of connection between two or more cells, or between a cell and the extracellular matrix, or between two membrane-bound components of a cell, such as flagella."" [GOC:aruk, GOC:bc, GOC:mah, ISBN:0198506732, PMID:26820516, PMID:28096264]"	900	69	12	20029	0.17391304347826086	0.013333333333333334	query_1	['GO:0110165']	16hr_60S_up	3.4444371435831562
GO:CC	GO:0070161	anchoring junction	0.0003593874079390575	True	"""A cell junction that mechanically attaches a cell (and its cytoskeleton) to neighboring cells or to the extracellular matrix."" [ISBN:0815332181]"	900	69	12	20029	0.17391304347826086	0.013333333333333334	query_1	['GO:0030054']	16hr_60S_up	3.4444371435831562
GO:CC	GO:0005911	cell-cell junction	0.0003593874079390575	True	"""A cell junction that forms a connection between two or more cells of an organism; excludes direct cytoplasmic intercellular bridges, such as ring canals in insects."" [GOC:aruk, GOC:bc, GOC:dgh, GOC:hb, GOC:mah, PMID:21422226, PMID:28096264]"	900	69	12	20029	0.17391304347826086	0.013333333333333334	query_1	['GO:0070161']	16hr_60S_up	3.4444371435831562
GO:BP	GO:0002181	cytoplasmic translation	0.00047172885190262254	True	"""The chemical reactions and pathways resulting in the formation of a protein in the cytoplasm. This is a ribosome-mediated process in which the information in messenger RNA (mRNA) is used to specify the sequence of amino acids in the protein."" [GOC:hjd]"	36	67	4	21925	0.05970149253731343	0.1111111111111111	query_1	['GO:0006412']	16hr_60S_up	3.326307560602069
GO:MF	GO:0042910	xenobiotic transmembrane transporter activity	0.0007377968816980718	True	"""Enables the directed movement of a xenobiotic from one side of a membrane to the other. A xenobiotic is a compound foreign to the organism exposed to it. It may be synthesized by another organism (like ampicilin) or it can be a synthetic chemical."" [GOC:go_curators, GOC:krc]"	73	68	4	22878	0.058823529411764705	0.0547945205479452	query_1	['GO:0022857']	16hr_60S_up	3.13206318465297
GO:MF	GO:0016724	oxidoreductase activity, acting on metal ions, oxygen as acceptor	0.0008222091759340745	True	"""Catalysis of an oxidation-reduction in which the oxidation state of metal ion is altered and oxygen acts as an electron acceptor."" [GOC:mah]"	5	68	2	22878	0.029411764705882353	0.4	query_1	['GO:0016722']	16hr_60S_up	3.085017680760123
GO:MF	GO:0004322	ferroxidase activity	0.0008222091759340745	True	"""Catalysis of the reaction: 4 Fe2+ + 4 H+ + O2 = 4 Fe3+ + 2 H2O."" [RHEA:11148]"	5	68	2	22878	0.029411764705882353	0.4	query_1	['GO:0016724']	16hr_60S_up	3.085017680760123
GO:CC	GO:0005730	nucleolus	0.0008732841057294207	True	"""A small, dense body one or more of which are present in the nucleus of eukaryotic cells. It is rich in RNA and protein, is not bounded by a limiting membrane, and is not seen during mitosis. Its prime function is the transcription of the nucleolar DNA into 45S ribosomal-precursor RNA, the processing of this RNA into 5.8S, 18S, and 28S components of ribosomal RNA, and the association of these components with 5S RNA and proteins synthesized outside the nucleolus. This association results in the formation of ribonucleoprotein precursors; these pass into the cytoplasm and mature into the 40S and 60S subunits of the ribosome."" [ISBN:0198506732]"	701	69	10	20029	0.14492753623188406	0.014265335235378032	query_1	['GO:0031981', 'GO:0043232']	16hr_60S_up	3.05884444417775
GO:MF	GO:0008199	ferric iron binding	0.001148880202450385	True	"""Binding to a ferric iron ion, Fe(III)."" [GOC:ai]"	6	68	2	22878	0.029411764705882353	0.3333333333333333	query_1	['GO:0005506']	16hr_60S_up	2.9397252542770627
GO:CC	GO:0031981	nuclear lumen	0.001402583038881014	True	"""The volume enclosed by the nuclear inner membrane."" [GOC:mah, GOC:pz]"	1054	69	12	20029	0.17391304347826086	0.011385199240986717	query_1	['GO:0005634', 'GO:0070013']	16hr_60S_up	2.8530714172302782
GO:CC	GO:0043233	organelle lumen	0.001491532060949353	True	"""The internal volume enclosed by the membranes of a particular organelle; includes the volume enclosed by a single organelle membrane, e.g. endoplasmic reticulum lumen, or the volume enclosed by the innermost of the two lipid bilayers of an organelle envelope, e.g. nuclear lumen."" [GOC:jl, GOC:mah]"	1245	69	13	20029	0.18840579710144928	0.010441767068273093	query_1	['GO:0031974', 'GO:0043226']	16hr_60S_up	2.826367406905513
GO:CC	GO:0070013	intracellular organelle lumen	0.001491532060949353	True	"""An organelle lumen that is part of an intracellular organelle."" [GOC:mah]"	1245	69	13	20029	0.18840579710144928	0.010441767068273093	query_1	['GO:0043229', 'GO:0043233']	16hr_60S_up	2.826367406905513
GO:CC	GO:0031974	membrane-enclosed lumen	0.001491532060949353	True	"""The enclosed volume within a sealed membrane or between two sealed membranes. Encompasses the volume enclosed by the membranes of a particular organelle, e.g. endoplasmic reticulum lumen, or the space between the two lipid bilayers of a double membrane surrounding an organelle, e.g. nuclear envelope lumen."" [GOC:add, GOC:mah]"	1245	69	13	20029	0.18840579710144928	0.010441767068273093	query_1	['GO:0110165']	16hr_60S_up	2.826367406905513
GO:BP	GO:0006950	response to stress	0.00150544530034039	True	"""Any process that results in a change in state or activity of a cell or an organism (in terms of movement, secretion, enzyme production, gene expression, etc.) as a result of a disturbance in organismal or cellular homeostasis, usually, but not necessarily, exogenous (e.g. temperature, humidity, ionizing radiation)."" [GOC:mah]"	3733	67	26	21925	0.3880597014925373	0.006964907581034021	query_1	['GO:0050896']	16hr_60S_up	2.822335019753947
GO:BP	GO:0033554	cellular response to stress	0.00150544530034039	True	"""Any process that results in a change in state or activity of a cell (in terms of movement, secretion, enzyme production, gene expression, etc.) as a result of a stimulus indicating the organism is under stress. The stress is usually, but not necessarily, exogenous (e.g. temperature, humidity, ionizing radiation)."" [GOC:mah]"	1085	67	13	21925	0.19402985074626866	0.011981566820276499	query_1	['GO:0006950', 'GO:0051716']	16hr_60S_up	2.822335019753947
GO:BP	GO:0019538	protein metabolic process	0.002565983034263293	True	"""The chemical reactions and pathways involving a protein. Includes protein modification."" [GOC:ma]"	4407	67	28	21925	0.417910447761194	0.006353528477422283	query_1	['GO:0043170', 'GO:0044238']	16hr_60S_up	2.590746219414789
GO:MF	GO:0042626	ATPase-coupled transmembrane transporter activity	0.002630980217395439	True	"""Primary active transporter of a solute across a membrane, via the reaction: ATP + H2O = ADP + phosphate, to directly drive the transport of a substance across a membrane. The transport protein may be transiently phosphorylated (P-type transporters), or not (ABC-type transporters and other families of transporters). Primary active transport occurs up the solute's concentration gradient and is driven by a primary energy source."" [GOC:mtg_transport, ISBN:0815340729]"	199	68	5	22878	0.07352941176470588	0.02512562814070352	query_1	['GO:0015399', 'GO:0140657']	16hr_60S_up	2.5798824174058588
GO:BP	GO:0042908	xenobiotic transport	0.004003443137861093	True	"""The directed movement of a xenobiotic into, out of or within a cell, or between cells, by means of some agent such as a transporter or pore. A xenobiotic is a compound foreign to the organism exposed to it. It may be synthesized by another organism (like ampicilin) or it can be a synthetic chemical."" [GOC:go_curators, GOC:krc]"	73	67	4	21925	0.05970149253731343	0.0547945205479452	query_1	['GO:0006810']	16hr_60S_up	2.3975663355316157
GO:MF	GO:0015399	primary active transmembrane transporter activity	0.0061370711659313685	True	"""Enables the transfer of a solute from one side of a membrane to the other, up the solute's concentration gradient, by binding the solute and undergoing a series of conformational changes. Transport works equally well in either direction and is powered by a primary energy source. Primary energy sources known to be coupled to transport are chemical such as ATP hydrolysis, redox energy and photon energy."" [GOC:mtg_transport, PMID:31613498]"	243	68	5	22878	0.07352941176470588	0.0205761316872428	query_1	['GO:0022804']	16hr_60S_up	2.2120388405759193
GO:MF	GO:0032559	adenyl ribonucleotide binding	0.0063106381034341635	True	"""Binding to an adenyl ribonucleotide, any compound consisting of adenosine esterified with (ortho)phosphate or an oligophosphate at any hydroxyl group on the ribose moiety."" [GOC:mah]"	2521	68	17	22878	0.25	0.006743355811186037	query_1	['GO:0030554', 'GO:0032555']	16hr_60S_up	2.1999267246244774
GO:MF	GO:0008559	ABC-type xenobiotic transporter activity	0.0063106381034341635	True	"""Catalysis of the reaction: ATP + H2O + xenobiotic(in) = ADP + phosphate + xenobiotic(out)."" [EC:7.6.2.2]"	15	68	2	22878	0.029411764705882353	0.13333333333333333	query_1	['GO:0042910', 'GO:0140359']	16hr_60S_up	2.1999267246244774
GO:MF	GO:0022804	active transmembrane transporter activity	0.006334795143195348	True	"""Enables the transfer of a specific substance or related group of substances from one side of a membrane to the other, up the solute's concentration gradient. The transporter binds the solute and undergoes a series of conformational changes. Transport works equally well in either direction."" [GOC:mtg_transport, ISBN:0815340729]"	527	68	7	22878	0.10294117647058823	0.013282732447817837	query_1	['GO:0022857']	16hr_60S_up	2.198267424919193
GO:MF	GO:0005509	calcium ion binding	0.0064147497026027	True	"""Binding to a calcium ion (Ca2+)."" [GOC:ai]"	260	68	5	22878	0.07352941176470588	0.019230769230769232	query_1	['GO:0046872']	16hr_60S_up	2.192820284713713
GO:MF	GO:0016722	oxidoreductase activity, acting on metal ions	0.0064147497026027	True	"""Catalysis of an oxidation-reduction in which the oxidation state of metal ion is altered."" [GOC:mah]"	16	68	2	22878	0.029411764705882353	0.125	query_1	['GO:0016491']	16hr_60S_up	2.192820284713713
GO:BP	GO:0034050	symbiont-induced defense-related programmed cell death	0.00754673278638065	True	"""Cell death resulting from activation of endogenous cellular processes after interaction with a symbiont (defined as the smaller of two, or more, organisms engaged in symbiosis, a close interaction encompassing mutualism through parasitism). This can be triggered by direct interaction with the organism, for example, contact with penetrating hyphae of a fungus; or an indirect interaction such as symbiont-secreted molecules."" [GOC:pamgo_curators]"	91	67	4	21925	0.05970149253731343	0.04395604395604396	query_1	['GO:0012501', 'GO:0140546']	16hr_60S_up	2.1222410271723597
GO:BP	GO:0009626	plant-type hypersensitive response	0.00754673278638065	True	"""The rapid, localized death of plant cells in response to invasion by a pathogen."" [ISBN:0582227089]"	90	67	4	21925	0.05970149253731343	0.044444444444444446	query_1	['GO:0033554', 'GO:0034050', 'GO:0045087']	16hr_60S_up	2.1222410271723597
GO:CC	GO:0000325	plant-type vacuole	0.007709322920033349	True	"""A closed structure that is completely surrounded by a unit membrane, contains liquid, and retains the same shape regardless of cell cycle phase. An example of this structure is found in Arabidopsis thaliana."" [GOC:mtg_sensu, ISBN:0815316208]"	794	69	9	20029	0.13043478260869565	0.011335012594458438	query_1	['GO:0005773']	16hr_60S_up	2.1129837626761083
GO:MF	GO:0030554	adenyl nucleotide binding	0.009119047565303021	True	"""Binding to an adenyl nucleotide, an adenosine esterified with (ortho)phosphate."" [ISBN:0198506732]"	2651	68	17	22878	0.25	0.006412674462466994	query_1	['GO:0017076']	16hr_60S_up	2.0400505189888634
GO:CC	GO:0043226	organelle	0.010612089203704959	True	"""Organized structure of distinctive morphology and function. Includes the nucleus, mitochondria, plastids, vacuoles, vesicles, ribosomes and the cytoskeleton, and prokaryotic structures such as anammoxosomes and pirellulosomes. Excludes the plasma membrane."" [GOC:go_curators]"	12326	69	54	20029	0.782608695652174	0.004380983287360052	query_1	['GO:0110165']	16hr_60S_up	1.974199108057028
GO:CC	GO:0043229	intracellular organelle	0.010612089203704959	True	"""Organized structure of distinctive morphology and function, occurring within the cell. Includes the nucleus, mitochondria, plastids, vacuoles, vesicles, ribosomes and the cytoskeleton. Excludes the plasma membrane."" [GOC:go_curators]"	12312	69	54	20029	0.782608695652174	0.0043859649122807015	query_1	['GO:0005622', 'GO:0043226']	16hr_60S_up	1.974199108057028
GO:BP	GO:0006979	response to oxidative stress	0.012482296175046922	True	"""Any process that results in a change in state or activity of a cell or an organism (in terms of movement, secretion, enzyme production, gene expression, etc.) as a result of oxidative stress, a state often resulting from exposure to high levels of reactive oxygen species, e.g. superoxide anions, hydrogen peroxide (H2O2), and hydroxyl radicals."" [GOC:jl, PMID:12115731]"	426	67	7	21925	0.1044776119402985	0.01643192488262911	query_1	['GO:0006950']	16hr_60S_up	1.9037055168630885
GO:MF	GO:0015431	ABC-type glutathione S-conjugate transporter activity	0.014443886030838396	True	"""Catalysis of the reaction: ATP + H2O + glutathione S-conjugate(in) -> ADP + phosphate + glutathione S-conjugate(out)."" [GOC:jl, PMID:1455517, RHEA:19121]"	1	68	1	22878	0.014705882352941176	1.0	query_1	['GO:0140359', 'GO:1901682']	16hr_60S_up	1.8403159470226456
GO:MF	GO:0010298	dihydrocamalexic acid decarboxylase activity	0.014443886030838396	True	"""Catalysis of the reaction: dihydrocamalexic acid = camalexin + CO2 + H+."" [MetaCyc:RXN-8275, PMID:16766671]"	1	68	1	22878	0.014705882352941176	1.0	query_1	['GO:0016831']	16hr_60S_up	1.8403159470226456
GO:MF	GO:0043167	ion binding	0.014443886030838396	True	"""Binding to an ion, a charged atoms or groups of atoms."" [GOC:jl]"	6685	68	31	22878	0.45588235294117646	0.004637247569184742	query_1	['GO:0036094']	16hr_60S_up	1.8403159470226456
GO:MF	GO:0010290	chlorophyll catabolite transmembrane transporter activity	0.014443886030838396	True	"""Enables the directed movement of chlorophyll catabolites such as non-fluorescent chlorophyll catabolites (NCCs), from one side of a membrane to the other."" [PMID:9681016]"	1	68	1	22878	0.014705882352941176	1.0	query_1	['GO:0022857']	16hr_60S_up	1.8403159470226456
GO:MF	GO:0061666	UFM1 ligase activity	0.014443886030838396	True	"""Catalysis of the transfer of UFM1 to a substrate protein via the reaction X-UFM1 + S = X + S-UFM1, where X is either an E2 or E3 enzyme, the X-UFM1 linkage is a thioester bond, and the S-UFM1 linkage is an isopeptide bond between the C-terminal amino acid of UFM1 and the epsilon-amino group of lysine residues in the substrate."" [GOC:dph]"	1	68	1	22878	0.014705882352941176	1.0	query_1	['GO:0061659', 'GO:0071568']	16hr_60S_up	1.8403159470226456
GO:MF	GO:0032555	purine ribonucleotide binding	0.015193419272724128	True	"""Binding to a purine ribonucleotide, any compound consisting of a purine ribonucleoside that is esterified with (ortho)phosphate or an oligophosphate at any hydroxyl group on the ribose moiety."" [GOC:mah]"	2841	68	17	22878	0.25	0.00598380851812742	query_1	['GO:0017076', 'GO:0032553']	16hr_60S_up	1.8183444773440873
GO:BP	GO:0010467	gene expression	0.01537557041731951	True	"""The process in which a gene's sequence is converted into a mature gene product (protein or RNA). This includes the production of an RNA transcript and its processing, as well as translation and maturation for protein-coding genes."" [GOC:txnOH-2018, PMID:25934543, PMID:31580950]"	5284	67	29	21925	0.43283582089552236	0.005488266464799395	query_1	['GO:0009059']	16hr_60S_up	1.8131687633900126
GO:CC	GO:0005622	intracellular anatomical structure	0.015876766042853225	True	"""A component of a cell contained within (but not including) the plasma membrane. In eukaryotes it includes the nucleus and cytoplasm."" [ISBN:0198506732]"	13505	69	57	20029	0.8260869565217391	0.004220659015179563	query_1	['GO:0110165']	16hr_60S_up	1.799237954854447
GO:BP	GO:0009605	response to external stimulus	0.016027303205682124	True	"""Any process that results in a change in state or activity of a cell or an organism (in terms of movement, secretion, enzyme production, gene expression, etc.) as a result of an external stimulus."" [GOC:hb]"	1684	67	14	21925	0.208955223880597	0.00831353919239905	query_1	['GO:0050896']	16hr_60S_up	1.7951395469796247
GO:MF	GO:0032553	ribonucleotide binding	0.016037012408941797	True	"""Binding to a ribonucleotide, any compound consisting of a ribonucleoside that is esterified with (ortho)phosphate or an oligophosphate at any hydroxyl group on the ribose moiety."" [GOC:mah]"	2865	68	17	22878	0.25	0.00593368237347295	query_1	['GO:0000166', 'GO:0097367']	16hr_60S_up	1.7948765347526427
GO:MF	GO:0005488	binding	0.016744383652464268	True	"""The selective, non-covalent, often stoichiometric, interaction of a molecule with one or more specific sites on another molecule."" [GOC:ceb, GOC:mah, ISBN:0198506732]"	14966	68	55	22878	0.8088235294117647	0.0036749966590939463	query_1	['GO:0003674']	16hr_60S_up	1.7761308338667312
GO:MF	GO:0000166	nucleotide binding	0.01678317086938294	True	"""Binding to a nucleotide, any compound consisting of a nucleoside that is esterified with (ortho)phosphate or an oligophosphate at any hydroxyl group on the ribose or deoxyribose."" [GOC:mah, ISBN:0198547684]"	3173	68	18	22878	0.2647058823529412	0.005672864796722345	query_1	['GO:1901265', 'GO:1901363']	16hr_60S_up	1.7751259838541764
GO:MF	GO:0036094	small molecule binding	0.01678317086938294	True	"""Binding to a small molecule, any low molecular weight, monomeric, non-encoded molecule."" [GOC:curators, GOC:pde, GOC:pm]"	6804	68	31	22878	0.45588235294117646	0.004556143445032334	query_1	['GO:0005488']	16hr_60S_up	1.7751259838541764
GO:MF	GO:1901265	nucleoside phosphate binding	0.01678317086938294	True	"""Binding to nucleoside phosphate."" [GOC:TermGenie]"	3179	68	18	22878	0.2647058823529412	0.005662157911292859	query_1	['GO:0005488']	16hr_60S_up	1.7751259838541764
GO:MF	GO:0097367	carbohydrate derivative binding	0.01678317086938294	True	"""Binding to a carbohydrate derivative."" [GOC:pr]"	2907	68	17	22878	0.25	0.005847953216374269	query_1	['GO:0005488']	16hr_60S_up	1.7751259838541764
GO:MF	GO:0019843	rRNA binding	0.01678317086938294	True	"""Binding to a ribosomal RNA."" [GOC:jl]"	112	68	3	22878	0.04411764705882353	0.026785714285714284	query_1	['GO:0003723']	16hr_60S_up	1.7751259838541764
GO:BP	GO:0009628	response to abiotic stimulus	0.017059993653005395	True	"""Any process that results in a change in state or activity of a cell or an organism (in terms of movement, secretion, enzyme production, gene expression, etc.) as a result of an abiotic (not derived from living organisms) stimulus."" [GOC:hb]"	2131	67	16	21925	0.23880597014925373	0.007508212106992022	query_1	['GO:0050896']	16hr_60S_up	1.7680211347432464
GO:CC	GO:0005773	vacuole	0.01716518764737058	True	"""A closed structure, found only in eukaryotic cells, that is completely surrounded by unit membrane and contains liquid material. Cells contain one or several vacuoles, that may have different functions from each other. Vacuoles have a diverse array of functions. They can act as a storage organelle for nutrients or waste products, as a degradative compartment, as a cost-effective way of increasing cell size, and as a homeostatic regulator controlling both turgor pressure and pH of the cytosol."" [GOC:mtg_sensu, ISBN:0198506732]"	1094	69	10	20029	0.14492753623188406	0.009140767824497258	query_1	['GO:0005737', 'GO:0043231']	16hr_60S_up	1.7653514445672644
GO:MF	GO:0017076	purine nucleotide binding	0.01889817280621871	True	"""Binding to a purine nucleotide, a compound consisting of a purine nucleoside esterified with (ortho)phosphate."" [GOC:ai]"	2971	68	17	22878	0.25	0.00572197913160552	query_1	['GO:0000166']	16hr_60S_up	1.7235801841091667
GO:MF	GO:0071568	UFM1 transferase activity	0.01892171415222708	True	"""Catalysis of the transfer of UFM1 from one protein to another via the reaction X-UFM1 + Y = Y-UFM1 + X, where both X-UFM1 and Y-UFM1 are covalent linkages."" [GOC:sp, PMID:20018847]"	2	68	1	22878	0.014705882352941176	0.5	query_1	['GO:0019787']	16hr_60S_up	1.7230395226312687
GO:MF	GO:0043168	anion binding	0.01892171415222708	True	"""Binding to an anion, a charged atom or group of atoms with a net negative charge."" [GOC:jl]"	3268	68	18	22878	0.2647058823529412	0.0055079559363525096	query_1	['GO:0043167']	16hr_60S_up	1.7230395226312687
GO:MF	GO:0035515	oxidative RNA demethylase activity	0.01892171415222708	True	"""Catalysis of the removal of a methyl group from one or more nucleosides within a RNA molecule involving the oxidation (i.e. electron loss) of one or more atoms."" [PMID:12594517, PMID:16482161, PMID:18775698]"	2	68	1	22878	0.014705882352941176	0.5	query_1	['GO:0016706', 'GO:0032451', 'GO:0140098']	16hr_60S_up	1.7230395226312687
GO:MF	GO:1990931	mRNA N6-methyladenosine dioxygenase activity	0.01892171415222708	True	"""Catalysis of the oxidative demethylation of N6-methyladenosine RNA, with concomitant decarboxylation of 2-oxoglutarate and releases oxidized methyl group on N6-methyladenosine as formaldehyde."" [PMID:22002720, PMID:26458103]"	2	68	1	22878	0.014705882352941176	0.5	query_1	['GO:0035515']	16hr_60S_up	1.7230395226312687
GO:MF	GO:0052638	indole-3-butyrate beta-glucosyltransferase activity	0.01892171415222708	True	"""Catalysis of the reaction: indole-3-butyrate + UDP-D-glucose = indole-3-butyryl-beta-1-D-glucose + UDP."" [MetaCyc:RXN-11655, RHEA:62708]"	2	68	1	22878	0.014705882352941176	0.5	query_1	['GO:0035251']	16hr_60S_up	1.7230395226312687
GO:BP	GO:0071456	cellular response to hypoxia	0.02036775606023163	True	"""Any process that results in a change in state or activity of a cell (in terms of movement, secretion, enzyme production, gene expression, etc.) as a result of a stimulus indicating lowered oxygen tension. Hypoxia, defined as a decline in O2 levels below normoxic levels of 20.8 - 20.95%, results in metabolic adaptation at both the cellular and organismal level."" [GOC:mah]"	239	67	5	21925	0.07462686567164178	0.02092050209205021	query_1	['GO:0001666', 'GO:0033554', 'GO:0036294']	16hr_60S_up	1.6910568151009528
GO:BP	GO:0050896	response to stimulus	0.02036775606023163	True	"""Any process that results in a change in state or activity of a cell or an organism (in terms of movement, secretion, enzyme production, gene expression, etc.) as a result of a stimulus. The process begins with detection of the stimulus and ends with a change in state or activity or the cell or organism."" [GOC:ai, GOC:bf]"	6001	67	31	21925	0.4626865671641791	0.005165805699050158	query_1	['GO:0008150']	16hr_60S_up	1.6910568151009528
GO:BP	GO:0000302	response to reactive oxygen species	0.02036775606023163	True	"""Any process that results in a change in state or activity of a cell or an organism (in terms of movement, secretion, enzyme production, gene expression, etc.) as a result of a reactive oxygen species stimulus. Reactive oxygen species include singlet oxygen, superoxide, and oxygen free radicals."" [GOC:krc]"	140	67	4	21925	0.05970149253731343	0.02857142857142857	query_1	['GO:0006979', 'GO:1901700']	16hr_60S_up	1.6910568151009528
GO:BP	GO:0036294	cellular response to decreased oxygen levels	0.02036775606023163	True	"""Any process that results in a change in state or activity of a cell (in terms of movement, secretion, enzyme production, gene expression, etc.) as a result of a stimulus reflecting a decline in the level of oxygen."" [GOC:al]"	241	67	5	21925	0.07462686567164178	0.02074688796680498	query_1	['GO:0036293', 'GO:0071453']	16hr_60S_up	1.6910568151009528
GO:BP	GO:0071453	cellular response to oxygen levels	0.02036775606023163	True	"""Any process that results in a change in state or activity of a cell (in terms of movement, secretion, enzyme production, gene expression, etc.) as a result of a stimulus reflecting the presence, absence, or concentration of oxygen."" [GOC:mah]"	241	67	5	21925	0.07462686567164178	0.02074688796680498	query_1	['GO:0070482', 'GO:0070887']	16hr_60S_up	1.6910568151009528
GO:MF	GO:1901363	heterocyclic compound binding	0.020918929505680944	True	"""Binding to heterocyclic compound."" [GOC:TermGenie]"	3307	68	18	22878	0.2647058823529412	0.005442999697611128	query_1	['GO:0036094']	16hr_60S_up	1.679460543594008
GO:BP	GO:0036293	response to decreased oxygen levels	0.025937880299761296	True	"""Any process that results in a change in state or activity of a cell or an organism (in terms of movement, secretion, enzyme production, gene expression, etc.) as a result of a stimulus reflecting a decline in the level of oxygen."" [GOC:al]"	270	67	5	21925	0.07462686567164178	0.018518518518518517	query_1	['GO:0070482']	16hr_60S_up	1.5860655182955623
GO:BP	GO:0043207	response to external biotic stimulus	0.025937880299761296	True	"""Any process that results in a change in state or activity of a cell or an organism (in terms of movement, secretion, enzyme production, gene expression, etc.) as a result of an external biotic stimulus, an external stimulus caused by, or produced by living things."" [GOC:go_curators]"	1461	67	12	21925	0.1791044776119403	0.008213552361396304	query_1	['GO:0009605', 'GO:0009607']	16hr_60S_up	1.5860655182955623
GO:BP	GO:0051707	response to other organism	0.025937880299761296	True	"""Any process that results in a change in state or activity of a cell or an organism (in terms of movement, secretion, enzyme production, gene expression, etc.) as a result of a stimulus from another living organism."" [GOC:ai]"	1461	67	12	21925	0.1791044776119403	0.008213552361396304	query_1	['GO:0043207', 'GO:0044419']	16hr_60S_up	1.5860655182955623
GO:BP	GO:0001666	response to hypoxia	0.025937880299761296	True	"""Any process that results in a change in state or activity of a cell or an organism (in terms of movement, secretion, enzyme production, gene expression, etc.) as a result of a stimulus indicating lowered oxygen tension. Hypoxia, defined as a decline in O2 levels below normoxic levels of 20.8 - 20.95%, results in metabolic adaptation at both the cellular and organismal level."" [GOC:hjd]"	266	67	5	21925	0.07462686567164178	0.018796992481203006	query_1	['GO:0006950', 'GO:0036293']	16hr_60S_up	1.5860655182955623
GO:BP	GO:0070482	response to oxygen levels	0.025937880299761296	True	"""Any process that results in a change in state or activity of a cell or an organism (in terms of movement, secretion, enzyme production, gene expression, etc.) as a result of a stimulus reflecting the presence, absence, or concentration of oxygen."" [GOC:BHF, GOC:mah]"	271	67	5	21925	0.07462686567164178	0.01845018450184502	query_1	['GO:0009628']	16hr_60S_up	1.5860655182955623
GO:BP	GO:0012501	programmed cell death	0.026390363231552662	True	"""A process which begins when a cell receives an internal or external signal and activates a series of biochemical events (signaling pathway). The process ends with the death of the cell."" [GOC:lr, GOC:mtg_apoptosis]"	166	67	4	21925	0.05970149253731343	0.024096385542168676	query_1	['GO:0008219']	16hr_60S_up	1.5785546321985424
GO:BP	GO:0009059	macromolecule biosynthetic process	0.026390363231552662	True	"""The chemical reactions and pathways resulting in the formation of a macromolecule, any molecule of high relative molecular mass, the structure of which essentially comprises the multiple repetition of units derived, actually or conceptually, from molecules of low relative molecular mass."" [GOC:mah]"	5728	67	29	21925	0.43283582089552236	0.005062849162011173	query_1	['GO:0009058', 'GO:0043170']	16hr_60S_up	1.5785546321985424
GO:BP	GO:0044419	biological process involved in interspecies interaction between organisms	0.026390363231552662	True	"""Any process evolved to enable an interaction with an organism of a different species."" [GOC:cc]"	1477	67	12	21925	0.1791044776119403	0.008124576844955992	query_1	['GO:0008150']	16hr_60S_up	1.5785546321985424
GO:BP	GO:0009607	response to biotic stimulus	0.026390363231552662	True	"""Any process that results in a change in state or activity of a cell or an organism (in terms of movement, secretion, enzyme production, gene expression, etc.) as a result of a biotic stimulus, a stimulus caused or produced by a living organism."" [GOC:hb]"	1488	67	12	21925	0.1791044776119403	0.008064516129032258	query_1	['GO:0050896']	16hr_60S_up	1.5785546321985424
GO:CC	GO:0031966	mitochondrial membrane	0.02950443310104752	True	"""Either of the lipid bilayers that surround the mitochondrion and form the mitochondrial envelope."" [GOC:mah, NIF_Subcellular:sao1045389829]"	352	69	5	20029	0.07246376811594203	0.014204545454545454	query_1	['GO:0005740', 'GO:0031090']	16hr_60S_up	1.5301127254903981
GO:MF	GO:0005524	ATP binding	0.031303860220125074	True	"""Binding to ATP, adenosine 5'-triphosphate, a universally important coenzyme and enzyme regulator."" [ISBN:0198506732]"	2409	68	14	22878	0.20588235294117646	0.005811540058115401	query_1	['GO:0032559', 'GO:0035639']	16hr_60S_up	1.5044021043408256
GO:CC	GO:0005740	mitochondrial envelope	0.03257426776609515	True	"""The double lipid bilayer enclosing the mitochondrion and separating its contents from the cell cytoplasm; includes the intermembrane space."" [GOC:ai, GOC:pz]"	367	69	5	20029	0.07246376811594203	0.013623978201634877	query_1	['GO:0005739', 'GO:0031967']	16hr_60S_up	1.4871253379705125
GO:CC	GO:0005743	mitochondrial inner membrane	0.03257426776609515	True	"""The inner, i.e. lumen-facing, lipid bilayer of the mitochondrial envelope. It is highly folded to form cristae."" [GOC:ai]"	233	69	4	20029	0.057971014492753624	0.017167381974248927	query_1	['GO:0019866', 'GO:0031966']	16hr_60S_up	1.4871253379705125
GO:BP	GO:0098657	import into cell	0.03477438292157611	True	"""The directed movement of some substance from outside of a cell into a cell. This may occur via transport across the plasma membrane or via endocytosis."" [GOC:dos]"	86	67	3	21925	0.04477611940298507	0.03488372093023256	query_1	['GO:0006810']	16hr_60S_up	1.4587405679105294
GO:MF	GO:0008097	5S rRNA binding	0.0349849755442872	True	"""Binding to a 5S ribosomal RNA, the smallest RNA constituent of a ribosome."" [GOC:jl, ISBN:0321000382]"	4	68	1	22878	0.014705882352941176	0.25	query_1	['GO:0019843']	16hr_60S_up	1.4561184253386588
GO:CC	GO:0044853	plasma membrane raft	0.035084250460002984	True	"""A membrane raft that is part of the plasma membrane."" [GOC:jl]"	3	69	1	20029	0.014492753623188406	0.3333333333333333	query_1	['GO:0045121', 'GO:0098590']	16hr_60S_up	1.454887797304237
GO:CC	GO:0005901	caveola	0.035084250460002984	True	"""A membrane raft that forms small pit, depression, or invagination that communicates with the outside of a cell and extends inward, indenting the cytoplasm and the cell membrane. Examples include flask-shaped invaginations of the plasma membrane in adipocytes associated with caveolin proteins, and minute pits or incuppings of the cell membrane formed during pinocytosis. Caveolae may be pinched off to form free vesicles within the cytoplasm."" [GOC:mah, ISBN:0721662544, PMID:16645198]"	3	69	1	20029	0.014492753623188406	0.3333333333333333	query_1	['GO:0044853']	16hr_60S_up	1.454887797304237
GO:CC	GO:0045121	membrane raft	0.035084250460002984	True	"""Any of the small (10-200 nm), heterogeneous, highly dynamic, sterol- and sphingolipid-enriched membrane domains that compartmentalize cellular processes. Small rafts can sometimes be stabilized to form larger platforms through protein-protein and protein-lipid interactions."" [PMID:16645198, PMID:20044567]"	3	69	1	20029	0.014492753623188406	0.3333333333333333	query_1	['GO:0098857']	16hr_60S_up	1.454887797304237
GO:BP	GO:0009751	response to salicylic acid	0.03564420176594627	True	"""Any process that results in a change in state or activity of a cell or an organism (in terms of movement, secretion, enzyme production, gene expression, etc.) as a result of a salicylic acid stimulus."" [GOC:jl]"	185	67	4	21925	0.05970149253731343	0.021621621621621623	query_1	['GO:1901700']	16hr_60S_up	1.4480111066495889
GO:BP	GO:0009058	biosynthetic process	0.03564420176594627	True	"""A cellular process consisting of the biochemical pathways by which a living organism synthesizes chemical substances. This typically represents the energy-requiring part of metabolism in which simpler substances are transformed into more complex ones."" [GOC:curators, ISBN:0198547684]"	7344	67	34	21925	0.5074626865671642	0.004629629629629629	query_1	['GO:0008152']	16hr_60S_up	1.4480111066495889
GO:BP	GO:0008219	cell death	0.03564420176594627	True	"""Any biological process that results in permanent cessation of all vital functions of a cell. A cell should be considered dead when any one of the following molecular or morphological criteria is met: (1) the cell has lost the integrity of its plasma membrane; (2) the cell, including its nucleus, has undergone complete fragmentation into discrete bodies (frequently referred to as apoptotic bodies). The cell corpse (or its fragments) may be engulfed by an adjacent cell in vivo, but engulfment of whole cells should not be considered a strict criteria to define cell death as, under some circumstances, live engulfed cells can be released from phagosomes (see PMID:18045538)."" [GOC:mah, GOC:mtg_apoptosis, PMID:25236395]"	188	67	4	21925	0.05970149253731343	0.02127659574468085	query_1	['GO:0009987']	16hr_60S_up	1.4480111066495889
GO:BP	GO:0010324	membrane invagination	0.0359687958263007	True	"""The infolding of a membrane."" [GOC:tb]"	1	67	1	21925	0.014925373134328358	1.0	query_1	['GO:0061024']	16hr_60S_up	1.4440741013737814
GO:BP	GO:0140115	export across plasma membrane	0.0359687958263007	True	"""The directed movement of some substance from inside of a cell, across the plasma membrane and into the extracellular region."" [GOC:pg]"	93	67	3	21925	0.04477611940298507	0.03225806451612903	query_1	['GO:0055085', 'GO:0140352']	16hr_60S_up	1.4440741013737814
GO:BP	GO:0098739	import across plasma membrane	0.0359687958263007	True	"""The directed movement of some substance from outside of a cell, across the plasma membrane and into the cytosol."" [GOC:dos]"	27	67	2	21925	0.029850746268656716	0.07407407407407407	query_1	['GO:0055085', 'GO:0098657']	16hr_60S_up	1.4440741013737814
GO:BP	GO:0009617	response to bacterium	0.0359687958263007	True	"""Any process that results in a change in state or activity of a cell or an organism (in terms of movement, secretion, enzyme production, gene expression, etc.) as a result of a stimulus from a bacterium."" [GOC:hb]"	463	67	6	21925	0.08955223880597014	0.012958963282937365	query_1	['GO:0051707']	16hr_60S_up	1.4440741013737814
GO:BP	GO:0010016	shoot system morphogenesis	0.0359687958263007	True	"""The process in which the anatomical structures of the shoot are generated and organized. The shoot is the part of a seed plant body that is usually above ground."" [GOC:sm, ISBN:0877797099]"	195	67	4	21925	0.05970149253731343	0.020512820512820513	query_1	['GO:0009653', 'GO:0048367']	16hr_60S_up	1.4440741013737814
GO:BP	GO:0140546	defense response to symbiont	0.036045215204547336	True	"""Reactions triggered in response to the presence of a symbiont that act to protect or prevent damage to the host."" [GOC:pg]"	325	67	5	21925	0.07462686567164178	0.015384615384615385	query_1	['GO:0098542']	16hr_60S_up	1.4431523772185604
GO:BP	GO:0006879	intracellular iron ion homeostasis	0.0383334067033311	True	"""A homeostatic process involved in the maintenance of a steady state level of iron ions within a cell."" [GOC:ai, GOC:mah]"	29	67	2	21925	0.029850746268656716	0.06896551724137931	query_1	['GO:0030003', 'GO:0098771']	16hr_60S_up	1.4164225831272332
GO:BP	GO:0009987	cellular process	0.0383334067033311	True	"""Any process that is carried out at the cellular level, but not necessarily restricted to a single cell. For example, cell communication occurs among more than one cell, but occurs at the cellular level."" [GOC:go_curators, GOC:isa_complete]"	16591	67	60	21925	0.8955223880597015	0.0036164185401723827	query_1	['GO:0008150']	16hr_60S_up	1.4164225831272332
GO:BP	GO:0006952	defense response	0.03885512604270528	True	"""Reactions, triggered in response to the presence of a foreign body or the occurrence of an injury, which result in restriction of damage to the organism attacked or prevention/recovery from the infection caused by the attack."" [GOC:go_curators]"	1636	67	12	21925	0.1791044776119403	0.007334963325183374	query_1	['GO:0006950']	16hr_60S_up	1.410551677887375
GO:MF	GO:0043531	ADP binding	0.043384864958081346	True	"""Binding to ADP, adenosine 5'-diphosphate."" [GOC:jl]"	175	68	3	22878	0.04411764705882353	0.017142857142857144	query_1	['GO:0032559', 'GO:0043168']	16hr_60S_up	1.3626617500169778
GO:MF	GO:0003676	nucleic acid binding	0.043384864958081346	True	"""Binding to a nucleic acid."" [GOC:jl]"	4996	68	23	22878	0.3382352941176471	0.004603682946357086	query_1	['GO:0005488']	16hr_60S_up	1.3626617500169778
GO:MF	GO:0106292	superoxide-generating NADPH oxidase activity	0.046168351570454486	True	"""Catalysis of the reaction: NADPH + 2 O2 = H+ + NADP+ + 2 superoxide."" [RHEA:63180]"	6	68	1	22878	0.014705882352941176	0.16666666666666666	query_1	['GO:0016175']	16hr_60S_up	1.3356556315488342
GO:MF	GO:0102721	ubiquinol:oxygen oxidoreductase activity	0.046168351570454486	True	"""Catalysis of the reaction: O2 + 2 an ubiquinol = 2 H2O + 2 an ubiquinone."" [GOC:pz, RHEA:30255]"	6	68	1	22878	0.014705882352941176	0.16666666666666666	query_1	['GO:0016682']	16hr_60S_up	1.3356556315488342
GO:MF	GO:0016175	superoxide-generating NAD(P)H oxidase activity	0.046168351570454486	True	"""Catalysis of the reaction: NAD(P)H + O2 = NAD(P)H + O2-."" [GOC:ai, PMID:10806195]"	6	68	1	22878	0.014705882352941176	0.16666666666666666	query_1	['GO:0050664']	16hr_60S_up	1.3356556315488342
GO:MF	GO:0010328	auxin influx transmembrane transporter activity	0.046168351570454486	True	"""Enables the transfer of auxin, from one side of a membrane to the other, into a cell."" [PMID:16839804]"	6	68	1	22878	0.014705882352941176	0.16666666666666666	query_1	['GO:0080161']	16hr_60S_up	1.3356556315488342
GO:MF	GO:0004497	monooxygenase activity	0.04786677647283009	True	"""Catalysis of the incorporation of one atom from molecular oxygen into a compound and the reduction of the other atom of oxygen to water."" [ISBN:0198506732]"	341	68	4	22878	0.058823529411764705	0.011730205278592375	query_1	['GO:0016491']	16hr_60S_up	1.3199658185427092
GO:CC	GO:0005622	intracellular anatomical structure	2.1008966521720018e-10	True	"""A component of a cell contained within (but not including) the plasma membrane. In eukaryotes it includes the nucleus and cytoplasm."" [ISBN:0198506732]"	13505	113	107	20029	0.9469026548672567	0.00792299148463532	query_1	['GO:0110165']	4hr_Monosome_up	9.677595310990219
GO:CC	GO:0043229	intracellular organelle	6.854764611869755e-09	True	"""Organized structure of distinctive morphology and function, occurring within the cell. Includes the nucleus, mitochondria, plastids, vacuoles, vesicles, ribosomes and the cytoskeleton. Excludes the plasma membrane."" [GOC:go_curators]"	12312	113	100	20029	0.8849557522123894	0.008122157244964262	query_1	['GO:0005622', 'GO:0043226']	4hr_Monosome_up	8.164007454006674
GO:CC	GO:0043226	organelle	6.854764611869755e-09	True	"""Organized structure of distinctive morphology and function. Includes the nucleus, mitochondria, plastids, vacuoles, vesicles, ribosomes and the cytoskeleton, and prokaryotic structures such as anammoxosomes and pirellulosomes. Excludes the plasma membrane."" [GOC:go_curators]"	12326	113	100	20029	0.8849557522123894	0.008112932013629726	query_1	['GO:0110165']	4hr_Monosome_up	8.164007454006674
KEGG	KEGG:03008	Ribosome biogenesis in eukaryotes	3.896710143657495e-08	True	Ribosome biogenesis in eukaryotes	96	39	10	5300	0.2564102564102564	0.10416666666666667	query_1	['KEGG:00000']	4hr_Monosome_up	7.409301897951696
GO:CC	GO:0043227	membrane-bounded organelle	8.623050273935543e-06	True	"""Organized structure of distinctive morphology and function, bounded by a single or double lipid bilayer membrane. Includes the nucleus, mitochondria, plastids, vacuoles, and vesicles. Excludes the plasma membrane."" [GOC:go_curators]"	11823	113	92	20029	0.8141592920353983	0.0077814429501818485	query_1	['GO:0043226']	4hr_Monosome_up	5.064339081876967
GO:CC	GO:0043231	intracellular membrane-bounded organelle	8.623050273935543e-06	True	"""Organized structure of distinctive morphology and function, bounded by a single or double lipid bilayer membrane and occurring within the cell. Includes the nucleus, mitochondria, plastids, vacuoles, and vesicles. Excludes the plasma membrane."" [GOC:go_curators]"	11808	113	92	20029	0.8141592920353983	0.007791327913279133	query_1	['GO:0043227', 'GO:0043229']	4hr_Monosome_up	5.064339081876967
GO:BP	GO:0009628	response to abiotic stimulus	1.134060145547597e-05	True	"""Any process that results in a change in state or activity of a cell or an organism (in terms of movement, secretion, enzyme production, gene expression, etc.) as a result of an abiotic (not derived from living organisms) stimulus."" [GOC:hb]"	2131	118	33	21925	0.2796610169491525	0.015485687470671047	query_1	['GO:0050896']	4hr_Monosome_up	4.945363911768728
GO:BP	GO:0006950	response to stress	1.322409813809522e-05	True	"""Any process that results in a change in state or activity of a cell or an organism (in terms of movement, secretion, enzyme production, gene expression, etc.) as a result of a disturbance in organismal or cellular homeostasis, usually, but not necessarily, exogenous (e.g. temperature, humidity, ionizing radiation)."" [GOC:mah]"	3733	118	45	21925	0.3813559322033898	0.012054647736405036	query_1	['GO:0050896']	4hr_Monosome_up	4.87863393645755
GO:CC	GO:0043232	intracellular membraneless organelle	2.142631968157886e-05	True	"""Organized structure of distinctive morphology and function, not bounded by a lipid bilayer membrane and occurring within the cell. Includes ribosomes, the cytoskeleton and chromosomes."" [GOC:go_curators]"	2568	113	34	20029	0.3008849557522124	0.0132398753894081	query_1	['GO:0043228', 'GO:0043229']	4hr_Monosome_up	4.669052419683542
GO:CC	GO:0043228	membraneless organelle	2.142631968157886e-05	True	"""Organized structure of distinctive morphology and function, not bounded by a lipid bilayer membrane. Includes ribosomes, the cytoskeleton and chromosomes."" [GOC:go_curators]"	2568	113	34	20029	0.3008849557522124	0.0132398753894081	query_1	['GO:0043226']	4hr_Monosome_up	4.669052419683542
GO:BP	GO:0042254	ribosome biogenesis	3.2397960120427656e-05	True	"""A cellular process that results in the biosynthesis of constituent macromolecules, assembly, and arrangement of constituent parts of ribosome subunits; includes transport to the sites of protein synthesis."" [GOC:ma, PMID:26404467, Wikipedia:Ribosome_biogenesis]"	254	118	11	21925	0.09322033898305085	0.04330708661417323	query_1	['GO:0022613']	4hr_Monosome_up	4.489482333507316
GO:BP	GO:0071453	cellular response to oxygen levels	7.848393753122757e-05	True	"""Any process that results in a change in state or activity of a cell (in terms of movement, secretion, enzyme production, gene expression, etc.) as a result of a stimulus reflecting the presence, absence, or concentration of oxygen."" [GOC:mah]"	241	118	10	21925	0.0847457627118644	0.04149377593360996	query_1	['GO:0070482', 'GO:0070887']	4hr_Monosome_up	4.105219216571186
GO:BP	GO:0036294	cellular response to decreased oxygen levels	7.848393753122757e-05	True	"""Any process that results in a change in state or activity of a cell (in terms of movement, secretion, enzyme production, gene expression, etc.) as a result of a stimulus reflecting a decline in the level of oxygen."" [GOC:al]"	241	118	10	21925	0.0847457627118644	0.04149377593360996	query_1	['GO:0036293', 'GO:0071453']	4hr_Monosome_up	4.105219216571186
GO:BP	GO:0009751	response to salicylic acid	7.848393753122757e-05	True	"""Any process that results in a change in state or activity of a cell or an organism (in terms of movement, secretion, enzyme production, gene expression, etc.) as a result of a salicylic acid stimulus."" [GOC:jl]"	185	118	9	21925	0.07627118644067797	0.04864864864864865	query_1	['GO:1901700']	4hr_Monosome_up	4.105219216571186
GO:BP	GO:0071456	cellular response to hypoxia	7.848393753122757e-05	True	"""Any process that results in a change in state or activity of a cell (in terms of movement, secretion, enzyme production, gene expression, etc.) as a result of a stimulus indicating lowered oxygen tension. Hypoxia, defined as a decline in O2 levels below normoxic levels of 20.8 - 20.95%, results in metabolic adaptation at both the cellular and organismal level."" [GOC:mah]"	239	118	10	21925	0.0847457627118644	0.04184100418410042	query_1	['GO:0001666', 'GO:0033554', 'GO:0036294']	4hr_Monosome_up	4.105219216571186
GO:BP	GO:0033554	cellular response to stress	0.00012215173825810068	True	"""Any process that results in a change in state or activity of a cell (in terms of movement, secretion, enzyme production, gene expression, etc.) as a result of a stimulus indicating the organism is under stress. The stress is usually, but not necessarily, exogenous (e.g. temperature, humidity, ionizing radiation)."" [GOC:mah]"	1085	118	20	21925	0.1694915254237288	0.018433179723502304	query_1	['GO:0006950', 'GO:0051716']	4hr_Monosome_up	3.9131003484979137
GO:CC	GO:0005737	cytoplasm	0.00013203325815071187	True	"""The contents of a cell excluding the plasma membrane and nucleus, but including other subcellular structures."" [ISBN:0198547684]"	9524	113	77	20029	0.6814159292035398	0.008084838303233935	query_1	['GO:0005622', 'GO:0110165']	4hr_Monosome_up	3.8793166596120643
GO:BP	GO:0036293	response to decreased oxygen levels	0.00013210435912056761	True	"""Any process that results in a change in state or activity of a cell or an organism (in terms of movement, secretion, enzyme production, gene expression, etc.) as a result of a stimulus reflecting a decline in the level of oxygen."" [GOC:al]"	270	118	10	21925	0.0847457627118644	0.037037037037037035	query_1	['GO:0070482']	4hr_Monosome_up	3.879082851493924
GO:BP	GO:0001666	response to hypoxia	0.00013210435912056761	True	"""Any process that results in a change in state or activity of a cell or an organism (in terms of movement, secretion, enzyme production, gene expression, etc.) as a result of a stimulus indicating lowered oxygen tension. Hypoxia, defined as a decline in O2 levels below normoxic levels of 20.8 - 20.95%, results in metabolic adaptation at both the cellular and organismal level."" [GOC:hjd]"	266	118	10	21925	0.0847457627118644	0.03759398496240601	query_1	['GO:0006950', 'GO:0036293']	4hr_Monosome_up	3.879082851493924
GO:BP	GO:0070482	response to oxygen levels	0.00013210435912056761	True	"""Any process that results in a change in state or activity of a cell or an organism (in terms of movement, secretion, enzyme production, gene expression, etc.) as a result of a stimulus reflecting the presence, absence, or concentration of oxygen."" [GOC:BHF, GOC:mah]"	271	118	10	21925	0.0847457627118644	0.03690036900369004	query_1	['GO:0009628']	4hr_Monosome_up	3.879082851493924
GO:BP	GO:1901700	response to oxygen-containing compound	0.00013210435912056761	True	"""Any process that results in a change in state or activity of a cell or an organism (in terms of movement, secretion, enzyme production, gene expression, etc.) as a result of an oxygen-containing compound stimulus."" [GOC:pr, GOC:TermGenie]"	1659	118	25	21925	0.211864406779661	0.015069318866787222	query_1	['GO:0042221']	4hr_Monosome_up	3.879082851493924
GO:BP	GO:0022613	ribonucleoprotein complex biogenesis	0.00026201853683869593	True	"""A cellular process that results in the biosynthesis of constituent macromolecules, assembly, and arrangement of constituent parts of a complex containing RNA and proteins. Includes the biosynthesis of the constituent RNA and protein molecules, and those macromolecular modifications that are involved in synthesis or assembly of the ribonucleoprotein complex."" [GOC:isa_complete, GOC:mah]"	365	118	11	21925	0.09322033898305085	0.030136986301369864	query_1	['GO:0044085']	4hr_Monosome_up	3.5816679828711657
GO:BP	GO:0051716	cellular response to stimulus	0.00032657691908513403	True	"""Any process that results in a change in state or activity of a cell (in terms of movement, secretion, enzyme production, gene expression, etc.) as a result of a stimulus. The process begins with detection of the stimulus by a cell and ends with a change in state or activity or the cell."" [GOC:bf, GOC:jl]"	2897	118	34	21925	0.288135593220339	0.01173627890921643	query_1	['GO:0009987', 'GO:0050896']	4hr_Monosome_up	3.486014512398422
GO:BP	GO:0070887	cellular response to chemical stimulus	0.0003872714799494689	True	"""Any process that results in a change in state or activity of a cell (in terms of movement, secretion, enzyme production, gene expression, etc.) as a result of a chemical stimulus."" [GOC:mah]"	1669	118	24	21925	0.2033898305084746	0.014379868184541641	query_1	['GO:0042221', 'GO:0051716']	4hr_Monosome_up	3.4119844848281087
GO:BP	GO:0042221	response to chemical	0.0003945637618307467	True	"""Any process that results in a change in state or activity of a cell or an organism (in terms of movement, secretion, enzyme production, gene expression, etc.) as a result of a chemical stimulus."" [GOC:jl]"	2940	118	34	21925	0.288135593220339	0.011564625850340135	query_1	['GO:0050896']	4hr_Monosome_up	3.403882804435166
GO:BP	GO:0006364	rRNA processing	0.0004542611892612768	True	"""Any process involved in the conversion of a primary ribosomal RNA (rRNA) transcript into one or more mature rRNA molecules."" [GOC:curators]"	194	118	8	21925	0.06779661016949153	0.041237113402061855	query_1	['GO:0006396', 'GO:0016072', 'GO:0042254']	4hr_Monosome_up	3.342694366442426
GO:BP	GO:0016072	rRNA metabolic process	0.0005162215547139229	True	"""The chemical reactions and pathways involving rRNA, ribosomal RNA, a structural constituent of ribosomes."" [ISBN:0198506732]"	199	118	8	21925	0.06779661016949153	0.04020100502512563	query_1	['GO:0016070']	4hr_Monosome_up	3.2871638655459705
GO:BP	GO:0050896	response to stimulus	0.0005509347283399795	True	"""Any process that results in a change in state or activity of a cell or an organism (in terms of movement, secretion, enzyme production, gene expression, etc.) as a result of a stimulus. The process begins with detection of the stimulus and ends with a change in state or activity or the cell or organism."" [GOC:ai, GOC:bf]"	6001	118	54	21925	0.4576271186440678	0.00899850024995834	query_1	['GO:0008150']	4hr_Monosome_up	3.2588998508776332
GO:BP	GO:0051246	regulation of protein metabolic process	0.0007093594153545328	True	"""Any process that modulates the frequency, rate or extent of the chemical reactions and pathways involving a protein."" [GOC:ai]"	211	118	8	21925	0.06779661016949153	0.037914691943127965	query_1	['GO:0019538', 'GO:0060255', 'GO:0080090']	4hr_Monosome_up	3.14913366248344
GO:BP	GO:0009611	response to wounding	0.0018457482946361975	True	"""Any process that results in a change in state or activity of a cell or an organism (in terms of movement, secretion, enzyme production, gene expression, etc.) as a result of a stimulus indicating damage to the organism."" [GOC:go_curators]"	243	118	8	21925	0.06779661016949153	0.03292181069958848	query_1	['GO:0006950']	4hr_Monosome_up	2.7338275241680905
GO:BP	GO:0009409	response to cold	0.0025691589122655138	True	"""Any process that results in a change in state or activity of a cell or an organism (in terms of movement, secretion, enzyme production, gene expression, etc.) as a result of a cold stimulus, a temperature stimulus below the optimal temperature for that organism."" [GOC:lr]"	410	118	10	21925	0.0847457627118644	0.024390243902439025	query_1	['GO:0006950', 'GO:0009266']	4hr_Monosome_up	2.5902090321347577
GO:BP	GO:0042256	cytosolic ribosome assembly	0.0026652630481442904	True	"""The aggregation, arrangement and bonding together of the large and small ribosomal subunits into a functional cytosolic ribosome. Distinct stages of this process take place first in the nucleolus, then in the nucleus and finally in the cytosol."" [GOC:ma, PMID:30467428]"	3	118	2	21925	0.01694915254237288	0.6666666666666666	query_1	['GO:0042255']	4hr_Monosome_up	2.5742599218269477
GO:BP	GO:0071569	protein ufmylation	0.0026652630481442904	True	"""Covalent attachment of the ubiquitin-like protein UFM1 to another protein."" [GOC:vw, PMID:20018847]"	3	118	2	21925	0.01694915254237288	0.6666666666666666	query_1	['GO:0032446']	4hr_Monosome_up	2.5742599218269477
GO:BP	GO:0044085	cellular component biogenesis	0.002916711177850673	True	"""A process that results in the biosynthesis of constituent macromolecules, assembly, and arrangement of constituent parts of a cellular component. Includes biosynthesis of constituent macromolecules, and those macromolecular modifications that are involved in synthesis or assembly of the cellular component."" [GOC:jl, GOC:mah]"	1115	118	17	21925	0.1440677966101695	0.015246636771300448	query_1	['GO:0071840']	4hr_Monosome_up	2.5351065739896597
GO:BP	GO:0009737	response to abscisic acid	0.002940163764326259	True	"""Any process that results in a change in state or activity of a cell or an organism (in terms of movement, secretion, enzyme production, gene expression, etc.) as a result of an abscisic acid stimulus."" [GOC:jl]"	604	118	12	21925	0.1016949152542373	0.019867549668874173	query_1	['GO:0009725', 'GO:0033993', 'GO:0097305']	4hr_Monosome_up	2.531628479124415
GO:BP	GO:0097305	response to alcohol	0.0032522210264059118	True	"""Any process that results in a change in state or activity of a cell or an organism (in terms of movement, secretion, enzyme production, gene expression, etc.) as a result of an alcohol stimulus."" [GOC:pr, PMID:24014527]"	613	118	12	21925	0.1016949152542373	0.01957585644371941	query_1	['GO:1901700']	4hr_Monosome_up	2.487819946692198
GO:BP	GO:0009626	plant-type hypersensitive response	0.003366977269000974	True	"""The rapid, localized death of plant cells in response to invasion by a pathogen."" [ISBN:0582227089]"	90	118	5	21925	0.0423728813559322	0.05555555555555555	query_1	['GO:0033554', 'GO:0034050', 'GO:0045087']	4hr_Monosome_up	2.4727598155931316
GO:CC	GO:0000322	storage vacuole	0.00337486816977968	True	"""A vacuole that functions primarily in the storage of materials, including nutrients, pigments, waste products, and small molecules."" [GOC:krc]"	23	113	3	20029	0.02654867256637168	0.13043478260869565	query_1	['GO:0005773']	4hr_Monosome_up	2.47174318705679
GO:CC	GO:0012511	monolayer-surrounded lipid storage body	0.00337486816977968	True	"""A subcellular organelle of plant cells surrounded by 'half-unit' or a monolayer membrane instead of the more usual bilayer. The storage body has a droplet of triglyceride surrounded by a monolayer of phospholipids, interacting with the triglycerides and the hydrophilic head groups facing the cytosol, and containing major protein components called oleosins."" [GOC:mtg_sensu, ISBN:0943088372]"	22	113	3	20029	0.02654867256637168	0.13636363636363635	query_1	['GO:0005811']	4hr_Monosome_up	2.47174318705679
GO:CC	GO:0005811	lipid droplet	0.00337486816977968	True	"""An intracellular non-membrane-bounded organelle comprising a matrix of coalesced lipids surrounded by a phospholipid monolayer. May include associated proteins."" [GOC:mah, GOC:tb]"	56	113	4	20029	0.035398230088495575	0.07142857142857142	query_1	['GO:0043232']	4hr_Monosome_up	2.47174318705679
GO:CC	GO:0000326	protein storage vacuole	0.00337486816977968	True	"""A storage vacuole that contains a lytic vacuole; identified in plants."" [PMID:11739409]"	23	113	3	20029	0.02654867256637168	0.13043478260869565	query_1	['GO:0000322', 'GO:0000325']	4hr_Monosome_up	2.47174318705679
GO:BP	GO:0034050	symbiont-induced defense-related programmed cell death	0.0033753279958046757	True	"""Cell death resulting from activation of endogenous cellular processes after interaction with a symbiont (defined as the smaller of two, or more, organisms engaged in symbiosis, a close interaction encompassing mutualism through parasitism). This can be triggered by direct interaction with the organism, for example, contact with penetrating hyphae of a fungus; or an indirect interaction such as symbiont-secreted molecules."" [GOC:pamgo_curators]"	91	118	5	21925	0.0423728813559322	0.054945054945054944	query_1	['GO:0012501', 'GO:0140546']	4hr_Monosome_up	2.471684018433923
GO:BP	GO:0002376	immune system process	0.0033753279958046757	True	"""Any process involved in the development or functioning of the immune system, an organismal system for calibrated responses to potential internal or invasive threats."" [GO_REF:0000022, GOC:add]"	279	118	8	21925	0.06779661016949153	0.02867383512544803	query_1	['GO:0008150']	4hr_Monosome_up	2.471684018433923
GO:BP	GO:0006970	response to osmotic stress	0.0036067215745113988	True	"""Any process that results in a change in state or activity of a cell or an organism (in terms of movement, secretion, enzyme production, gene expression, etc.) as a result of a stimulus indicating an increase or decrease in the concentration of solutes outside the organism or cell."" [GOC:jl]"	537	118	11	21925	0.09322033898305085	0.020484171322160148	query_1	['GO:0006950', 'GO:0009628']	4hr_Monosome_up	2.442887382306099
GO:BP	GO:0009651	response to salt stress	0.0036067215745113988	True	"""Any process that results in a change in state or activity of a cell or an organism (in terms of movement, secretion, enzyme production, gene expression, etc.) as a result of a stimulus indicating an increase or decrease in the concentration of salt (particularly but not exclusively sodium and chloride ions) in the environment."" [GOC:jl]"	446	118	10	21925	0.0847457627118644	0.02242152466367713	query_1	['GO:0006970']	4hr_Monosome_up	2.442887382306099
GO:BP	GO:0009617	response to bacterium	0.004612918137233088	True	"""Any process that results in a change in state or activity of a cell or an organism (in terms of movement, secretion, enzyme production, gene expression, etc.) as a result of a stimulus from a bacterium."" [GOC:hb]"	463	118	10	21925	0.0847457627118644	0.02159827213822894	query_1	['GO:0051707']	4hr_Monosome_up	2.336024252494141
GO:BP	GO:0051707	response to other organism	0.005571685042010826	True	"""Any process that results in a change in state or activity of a cell or an organism (in terms of movement, secretion, enzyme production, gene expression, etc.) as a result of a stimulus from another living organism."" [GOC:ai]"	1461	118	19	21925	0.16101694915254236	0.013004791238877482	query_1	['GO:0043207', 'GO:0044419']	4hr_Monosome_up	2.2540134414912107
GO:BP	GO:1901701	cellular response to oxygen-containing compound	0.005571685042010826	True	"""Any process that results in a change in state or activity of a cell (in terms of movement, secretion, enzyme production, gene expression, etc.) as a result of an oxygen-containing compound stimulus."" [GOC:pr, GOC:TermGenie]"	772	118	13	21925	0.11016949152542373	0.01683937823834197	query_1	['GO:0070887', 'GO:1901700']	4hr_Monosome_up	2.2540134414912107
GO:BP	GO:0043207	response to external biotic stimulus	0.005571685042010826	True	"""Any process that results in a change in state or activity of a cell or an organism (in terms of movement, secretion, enzyme production, gene expression, etc.) as a result of an external biotic stimulus, an external stimulus caused by, or produced by living things."" [GOC:go_curators]"	1461	118	19	21925	0.16101694915254236	0.013004791238877482	query_1	['GO:0009605', 'GO:0009607']	4hr_Monosome_up	2.2540134414912107
GO:BP	GO:0065007	biological regulation	0.005571685042010826	True	"""Any process that modulates a measurable attribute of any biological process, quality or function."" [GOC:dph, GOC:isa_complete, GOC:mah, GOC:pr, GOC:vw]"	5330	118	46	21925	0.3898305084745763	0.008630393996247656	query_1	['GO:0008150']	4hr_Monosome_up	2.2540134414912107
GO:BP	GO:0012501	programmed cell death	0.005571685042010826	True	"""A process which begins when a cell receives an internal or external signal and activates a series of biochemical events (signaling pathway). The process ends with the death of the cell."" [GOC:lr, GOC:mtg_apoptosis]"	166	118	6	21925	0.05084745762711865	0.03614457831325301	query_1	['GO:0008219']	4hr_Monosome_up	2.2540134414912107
GO:BP	GO:0000462	maturation of SSU-rRNA from tricistronic rRNA transcript (SSU-rRNA, 5.8S rRNA, LSU-rRNA)	0.005571685042010826	True	"""Any process involved in the maturation of a precursor Small SubUnit (SSU) ribosomal RNA (rRNA) molecule into a mature SSU-rRNA molecule from the pre-rRNA molecule originally produced as a tricistronic rRNA transcript that contains the Small Subunit (SSU) rRNA, 5.8S rRNA, and the Large Subunit (LSU) in that order from 5' to 3' along the primary transcript."" [GOC:curators]"	5	118	2	21925	0.01694915254237288	0.4	query_1	['GO:0030490']	4hr_Monosome_up	2.2540134414912107
GO:CC	GO:0030684	preribosome	0.0056455091867237605	True	"""Any complex of pre-rRNAs, ribosomal proteins, and associated proteins formed during ribosome biogenesis."" [PMID:10567516]"	28	113	3	20029	0.02654867256637168	0.10714285714285714	query_1	['GO:1990904']	4hr_Monosome_up	2.248296881549189
GO:BP	GO:0050826	response to freezing	0.005970571606985031	True	"""Any process that results in a change in state or activity of a cell or an organism (in terms of movement, secretion, enzyme production, gene expression, etc.) as a result of a freezing stimulus, temperatures below 0 degrees Celsius."" [GOC:jl]"	25	118	3	21925	0.025423728813559324	0.12	query_1	['GO:0009409']	4hr_Monosome_up	2.2239840886569233
GO:BP	GO:0044419	biological process involved in interspecies interaction between organisms	0.0060752187058199705	True	"""Any process evolved to enable an interaction with an organism of a different species."" [GOC:cc]"	1477	118	19	21925	0.16101694915254236	0.012863913337846988	query_1	['GO:0008150']	4hr_Monosome_up	2.21643808299367
GO:CC	GO:0005730	nucleolus	0.006105553951210618	True	"""A small, dense body one or more of which are present in the nucleus of eukaryotic cells. It is rich in RNA and protein, is not bounded by a limiting membrane, and is not seen during mitosis. Its prime function is the transcription of the nucleolar DNA into 45S ribosomal-precursor RNA, the processing of this RNA into 5.8S, 18S, and 28S components of ribosomal RNA, and the association of these components with 5S RNA and proteins synthesized outside the nucleolus. This association results in the formation of ribonucleoprotein precursors; these pass into the cytoplasm and mature into the 40S and 60S subunits of the ribosome."" [ISBN:0198506732]"	701	113	12	20029	0.10619469026548672	0.017118402282453638	query_1	['GO:0031981', 'GO:0043232']	4hr_Monosome_up	2.2142749267985455
GO:CC	GO:0030686	90S preribosome	0.006157216042002467	True	"""A large ribonucleoprotein complex considered to be the earliest preribosomal complex. In S. cerevisiae, it has a size of 90S and consists of the 35S pre-rRNA, early-associating ribosomal proteins most of which are part of the small ribosomal subunit, the U3 snoRNA and associated proteins."" [GOC:krc, GOC:vw, PMID:12150911, PMID:12957375, PMID:15120992]"	7	113	2	20029	0.017699115044247787	0.2857142857142857	query_1	['GO:0030684']	4hr_Monosome_up	2.210615607785252
GO:BP	GO:0097306	cellular response to alcohol	0.006209865885883953	True	"""Any process that results in a change in state or activity of a cell (in terms of movement, secretion, enzyme production, gene expression, etc.) as a result of an alcohol stimulus."" [GOC:pr]"	323	118	8	21925	0.06779661016949153	0.02476780185758514	query_1	['GO:0097305', 'GO:1901701']	4hr_Monosome_up	2.206917779155062
GO:BP	GO:0009607	response to biotic stimulus	0.006209865885883953	True	"""Any process that results in a change in state or activity of a cell or an organism (in terms of movement, secretion, enzyme production, gene expression, etc.) as a result of a biotic stimulus, a stimulus caused or produced by a living organism."" [GOC:hb]"	1488	118	19	21925	0.16101694915254236	0.012768817204301076	query_1	['GO:0050896']	4hr_Monosome_up	2.206917779155062
GO:BP	GO:0071215	cellular response to abscisic acid stimulus	0.006209865885883953	True	"""Any process that results in a change in state or activity of a cell (in terms of movement, secretion, enzyme production, gene expression, etc.) as a result of an abscisic acid stimulus."" [GOC:mah]"	323	118	8	21925	0.06779661016949153	0.02476780185758514	query_1	['GO:0009737', 'GO:0032870', 'GO:0071396', 'GO:0097306']	4hr_Monosome_up	2.206917779155062
GO:BP	GO:0033993	response to lipid	0.0064465010433153004	True	"""Any process that results in a change in state or activity of a cell or an organism (in terms of movement, secretion, enzyme production, gene expression, etc.) as a result of a lipid stimulus."" [GOC:sl]"	1022	118	15	21925	0.1271186440677966	0.014677103718199608	query_1	['GO:0042221']	4hr_Monosome_up	2.19067594271284
GO:BP	GO:0050789	regulation of biological process	0.006827450891607488	True	"""Any process that modulates the frequency, rate or extent of a biological process. Biological processes are regulated by many means; examples include the control of gene expression, protein modification or interaction with a protein or substrate molecule."" [GOC:ai, GOC:go_curators]"	5102	118	44	21925	0.3728813559322034	0.00862406899255194	query_1	['GO:0008150', 'GO:0065007']	4hr_Monosome_up	2.165741414964221
GO:BP	GO:0009863	salicylic acid mediated signaling pathway	0.007457119733608609	True	"""The series of molecular signals mediated by salicylic acid."" [GOC:jy]"	67	118	4	21925	0.03389830508474576	0.05970149253731343	query_1	['GO:0007165', 'GO:0071446']	4hr_Monosome_up	2.127428883699203
GO:BP	GO:0006417	regulation of translation	0.007783444511936148	True	"""Any process that modulates the frequency, rate or extent of the chemical reactions and pathways resulting in the formation of proteins by the translation of mRNA or circRNA."" [GOC:isa_complete]"	121	118	5	21925	0.0423728813559322	0.04132231404958678	query_1	['GO:0006412', 'GO:0010608', 'GO:0051246']	4hr_Monosome_up	2.1088281663174637
GO:BP	GO:0008219	cell death	0.008304464831259602	True	"""Any biological process that results in permanent cessation of all vital functions of a cell. A cell should be considered dead when any one of the following molecular or morphological criteria is met: (1) the cell has lost the integrity of its plasma membrane; (2) the cell, including its nucleus, has undergone complete fragmentation into discrete bodies (frequently referred to as apoptotic bodies). The cell corpse (or its fragments) may be engulfed by an adjacent cell in vivo, but engulfment of whole cells should not be considered a strict criteria to define cell death as, under some circumstances, live engulfed cells can be released from phagosomes (see PMID:18045538)."" [GOC:mah, GOC:mtg_apoptosis, PMID:25236395]"	188	118	6	21925	0.05084745762711865	0.031914893617021274	query_1	['GO:0009987']	4hr_Monosome_up	2.080688349765228
GO:BP	GO:0050794	regulation of cellular process	0.008442960188265554	True	"""Any process that modulates the frequency, rate or extent of a cellular process, any of those that are carried out at the cellular level, but are not necessarily restricted to a single cell. For example, cell communication occurs among more than one cell, but occurs at the cellular level."" [GOC:go_curators]"	4693	118	41	21925	0.3474576271186441	0.008736415938632005	query_1	['GO:0009987', 'GO:0050789']	4hr_Monosome_up	2.0735052585838623
GO:BP	GO:0009605	response to external stimulus	0.009339910671174952	True	"""Any process that results in a change in state or activity of a cell or an organism (in terms of movement, secretion, enzyme production, gene expression, etc.) as a result of an external stimulus."" [GOC:hb]"	1684	118	20	21925	0.1694915254237288	0.011876484560570071	query_1	['GO:0050896']	4hr_Monosome_up	2.0296572774317174
GO:BP	GO:0071446	cellular response to salicylic acid stimulus	0.0096443170355037	True	"""Any process that results in a change in state or activity of a cell (in terms of movement, secretion, enzyme production, gene expression, etc.) as a result of a salicylic acid stimulus."" [GOC:mah]"	74	118	4	21925	0.03389830508474576	0.05405405405405406	query_1	['GO:0009751', 'GO:1901701']	4hr_Monosome_up	2.0157285215933474
GO:BP	GO:0009743	response to carbohydrate	0.0096443170355037	True	"""Any process that results in a change in state or activity of a cell or an organism (in terms of movement, secretion, enzyme production, gene expression, etc.) as a result of a carbohydrate stimulus."" [GOC:jl]"	196	118	6	21925	0.05084745762711865	0.030612244897959183	query_1	['GO:1901700']	4hr_Monosome_up	2.0157285215933474
GO:BP	GO:0006955	immune response	0.009649042079655938	True	"""Any immune system process that functions in the calibrated response of an organism to a potential internal or invasive threat."" [GO_REF:0000022, GOC:add]"	273	118	7	21925	0.059322033898305086	0.02564102564102564	query_1	['GO:0002376', 'GO:0050896']	4hr_Monosome_up	2.015515799627116
GO:BP	GO:0006396	RNA processing	0.009799858779385075	True	"""Any process involved in the conversion of one or more primary RNA transcripts into one or more mature RNA molecules."" [GOC:mah]"	1085	118	15	21925	0.1271186440677966	0.013824884792626729	query_1	['GO:0010467', 'GO:0032774', 'GO:0044238']	4hr_Monosome_up	2.008780182651964
GO:BP	GO:0009696	salicylic acid metabolic process	0.009804343393832562	True	"""The chemical reactions and pathways involving of salicylic acid (2-hydroxybenzoic acid), a derivative of benzoic acid."" [ISBN:0943088399]"	33	118	3	21925	0.025423728813559324	0.09090909090909091	query_1	['GO:0018958', 'GO:0032787', 'GO:0042537']	4hr_Monosome_up	2.0085814861352915
GO:BP	GO:0030490	maturation of SSU-rRNA	0.010290802975631718	True	"""Any process involved in the maturation of a precursor Small SubUnit (SSU) ribosomal RNA (rRNA) molecule into a mature SSU-rRNA molecule."" [GOC:curators]"	8	118	2	21925	0.01694915254237288	0.25	query_1	['GO:0006364', 'GO:0042274']	4hr_Monosome_up	1.987550736580594
KEGG	KEGG:00196	Photosynthesis - antenna proteins	0.01030208148310873	True	Photosynthesis - antenna proteins	22	39	3	5300	0.07692307692307693	0.13636363636363635	query_1	['KEGG:00000']	4hr_Monosome_up	1.9870750194404387
GO:CC	GO:0110165	cellular anatomical structure	0.011205111620857132	True	"""A part of a cellular organism consisting of a material entity with granularity above the level of a protein complex but below that of an anatomical system. Note that cellular organisms exclude viruses."" [GOC:kmv]"	18497	113	112	20029	0.9911504424778761	0.006055035951775964	query_1	['GO:0005575']	4hr_Monosome_up	1.9505838128387936
GO:CC	GO:0080008	Cul4-RING E3 ubiquitin ligase complex	0.012996236117251755	True	"""A ubiquitin ligase complex in which a cullin from the Cul4 family and a RING domain protein form the catalytic core; substrate specificity is conferred by an adaptor protein."" [PMID:16792691, PMID:18223036, PMID:18552200]"	88	113	4	20029	0.035398230088495575	0.045454545454545456	query_1	['GO:0031461']	4hr_Monosome_up	1.8861824069386282
GO:BP	GO:0009765	photosynthesis, light harvesting	0.013271711032226569	True	"""Absorption and transfer of the energy absorbed from light photons between photosystem reaction centers."" [GOC:sm]"	37	118	3	21925	0.025423728813559324	0.08108108108108109	query_1	['GO:0006091', 'GO:0019684']	4hr_Monosome_up	1.8770730828664322
GO:CC	GO:0009522	photosystem I	0.014444266231402709	True	"""A photosystem that contains an iron-sulfur reaction center associated with accessory pigments and electron carriers. In cyanobacteria and chloroplasts, photosystem I functions as a light-dependent plastocyanin-ferredoxin oxidoreductase, transferring electrons from plastocyanin to ferredoxin; in photosynthetic bacteria that have only a single type I photosystem, such as the green sulfur bacteria, electrons can go either to ferredoxin (Fd) -> NAD+ or to menaquinone (MK) -> Cytb/FeS -> Cytc555 -> photosystem I (cyclic photophosphorylation)."" [GOC:ds, GOC:mah, ISBN:0140514031, PMID:9821949]"	43	113	3	20029	0.02654867256637168	0.06976744186046512	query_1	['GO:0009521']	4hr_Monosome_up	1.8403045154152788
GO:BP	GO:0048583	regulation of response to stimulus	0.014590350255207671	True	"""Any process that modulates the frequency, rate or extent of a response to a stimulus. Response to stimulus is a change in state or activity of a cell or an organism (in terms of movement, secretion, enzyme production, gene expression, etc.) as a result of a stimulus."" [GOC:jid]"	791	118	12	21925	0.1016949152542373	0.015170670037926675	query_1	['GO:0050789', 'GO:0050896']	4hr_Monosome_up	1.8359342823301184
GO:BP	GO:0010344	seed oilbody biogenesis	0.015601493378226309	True	"""A cellular process that results in the biosynthesis of constituent macromolecules, assembly, and arrangement of constituent parts of a seed oilbody. Seed oilbodies are simple organelles comprising a matrix of triglyceride surrounded by a phospholipid monolayer embedded and covered with unique proteins called oleosins. Seed oilbodies supply the energy requirements for the growth of the seedling after germination."" [GOC:jl, PMID:16877495]"	10	118	2	21925	0.01694915254237288	0.2	query_1	['GO:0044085', 'GO:0048316']	4hr_Monosome_up	1.8068338288967143
GO:BP	GO:0009987	cellular process	0.01575449717844608	True	"""Any process that is carried out at the cellular level, but not necessarily restricted to a single cell. For example, cell communication occurs among more than one cell, but occurs at the cellular level."" [GOC:go_curators, GOC:isa_complete]"	16591	118	103	21925	0.8728813559322034	0.006208185160629257	query_1	['GO:0008150']	4hr_Monosome_up	1.8025954532396489
GO:BP	GO:0071396	cellular response to lipid	0.019304023600001864	True	"""Any process that results in a change in state or activity of a cell (in terms of movement, secretion, enzyme production, gene expression, etc.) as a result of a lipid stimulus."" [GOC:mah]"	605	118	10	21925	0.0847457627118644	0.01652892561983471	query_1	['GO:0033993', 'GO:0070887']	4hr_Monosome_up	1.7143521601552012
GO:BP	GO:0030162	regulation of proteolysis	0.02163962055689812	True	"""Any process that modulates the frequency, rate or extent of the hydrolysis of a peptide bond or bonds within a protein."" [GOC:mah]"	12	118	2	21925	0.01694915254237288	0.16666666666666666	query_1	['GO:0006508', 'GO:0051246']	4hr_Monosome_up	1.6647503586990218
KEGG	KEGG:03015	mRNA surveillance pathway	0.021866394050610184	True	mRNA surveillance pathway	119	39	5	5300	0.1282051282051282	0.04201680672268908	query_1	['KEGG:00000']	4hr_Monosome_up	1.660222829812922
GO:BP	GO:0048316	seed development	0.02345505422856749	True	"""The process whose specific outcome is the progression of the seed over time, from its formation to the mature structure. A seed is a propagating organ formed in the sexual reproductive cycle of gymnosperms and angiosperms, consisting of a protective coat enclosing an embryo and food reserves."" [GOC:jid, PO:0009010]"	624	118	10	21925	0.0847457627118644	0.016025641025641024	query_1	['GO:0009791', 'GO:0010154', 'GO:0048608']	4hr_Monosome_up	1.6297635586178931
GO:BP	GO:0009266	response to temperature stimulus	0.02901761724747882	True	"""Any process that results in a change in state or activity of a cell or an organism (in terms of movement, secretion, enzyme production, gene expression, etc.) as a result of a temperature stimulus."" [GOC:hb]"	644	118	10	21925	0.0847457627118644	0.015527950310559006	query_1	['GO:0009628']	4hr_Monosome_up	1.5373382520897707
GO:CC	GO:0032040	small-subunit processome	0.030341023625951393	True	"""A large ribonucleoprotein complex that is an early preribosomal complex. In S. cerevisiae, it has a size of 80S and consists of the 35S pre-rRNA, early-associating ribosomal proteins most of which are part of the small ribosomal subunit, the U3 snoRNA and associated proteins."" [GOC:krc, GOC:vw, PMID:12068309, PMID:12957375, PMID:15120992, PMID:15590835]"	17	113	2	20029	0.017699115044247787	0.11764705882352941	query_1	['GO:0030684']	4hr_Monosome_up	1.5179697713540647
GO:BP	GO:0045087	innate immune response	0.03050145124556968	True	"""Innate immune responses are defense responses mediated by germline encoded components that directly recognize components of potential pathogens."" [GO_REF:0000022, GOC:add, GOC:ebc, GOC:mtg_sensu]"	257	118	6	21925	0.05084745762711865	0.023346303501945526	query_1	['GO:0006955', 'GO:0140546']	4hr_Monosome_up	1.5156794966221117
GO:BP	GO:0018958	phenol-containing compound metabolic process	0.03081880060142277	True	"""The chemical reactions and pathways involving a phenol, any compound containing one or more hydroxyl groups directly attached to an aromatic carbon ring."" [ISBN:0198506732]"	52	118	3	21925	0.025423728813559324	0.057692307692307696	query_1	['GO:0008152']	4hr_Monosome_up	1.5111842670556117
GO:BP	GO:0170062	nutrient storage	0.031103068305835632	True	"""The accumulation and maintenance in cells or tissues of a nutrient, a substance that is used by an organism to survive, to grow, and to reproduce; such as proteins, vitamins, and minerals. Nutrient reserves can be accumulated for mobilization and utilization when needed."" [GOC:ew]"	15	118	2	21925	0.01694915254237288	0.13333333333333333	query_1	['GO:0009987']	4hr_Monosome_up	1.5071967658746623
GO:BP	GO:0019915	lipid storage	0.031103068305835632	True	"""The accumulation and maintenance in cells or tissues of lipids, compounds soluble in organic solvents but insoluble or sparingly soluble in aqueous solvents. Lipid reserves can be accumulated during early developmental stages for mobilization and utilization at later stages of development."" [GOC:dph, GOC:mah, GOC:tb, PMID:11102830]"	15	118	2	21925	0.01694915254237288	0.13333333333333333	query_1	['GO:0170062']	4hr_Monosome_up	1.5071967658746623
GO:MF	GO:0016818	hydrolase activity, acting on acid anhydrides, in phosphorus-containing anhydrides	0.03122940237535706	True	"""Catalysis of the hydrolysis of any acid anhydride which contains phosphorus."" [GOC:jl]"	922	119	13	22878	0.1092436974789916	0.014099783080260303	query_1	['GO:0016817']	4hr_Monosome_up	1.5054363266109179
GO:MF	GO:0043023	ribosomal large subunit binding	0.03122940237535706	True	"""Binding to a large ribosomal subunit."" [GOC:go_curators]"	6	119	2	22878	0.01680672268907563	0.3333333333333333	query_1	['GO:0043022']	4hr_Monosome_up	1.5054363266109179
GO:MF	GO:0043022	ribosome binding	0.03122940237535706	True	"""Binding to a ribosome."" [GOC:go_curators]"	29	119	3	22878	0.025210084033613446	0.10344827586206896	query_1	['GO:0043021']	4hr_Monosome_up	1.5054363266109179
GO:MF	GO:0043021	ribonucleoprotein complex binding	0.03122940237535706	True	"""Binding to a complex of RNA and protein."" [GOC:bf, GOC:go_curators, GOC:vk]"	38	119	3	22878	0.025210084033613446	0.07894736842105263	query_1	['GO:0044877']	4hr_Monosome_up	1.5054363266109179
GO:MF	GO:0017111	ribonucleoside triphosphate phosphatase activity	0.03122940237535706	True	"""Catalysis of the reaction: a ribonucleoside triphosphate + H2O = a ribonucleoside diphosphate + H+ + phosphate."" [RHEA:23680]"	850	119	13	22878	0.1092436974789916	0.015294117647058824	query_1	['GO:0016462']	4hr_Monosome_up	1.5054363266109179
GO:MF	GO:0045735	nutrient reservoir activity	0.03122940237535706	True	"""Functions in the storage of nutritious substrates."" [GOC:ai]"	25	119	3	22878	0.025210084033613446	0.12	query_1	['GO:0003674']	4hr_Monosome_up	1.5054363266109179
GO:MF	GO:0016817	hydrolase activity, acting on acid anhydrides	0.03122940237535706	True	"""Catalysis of the hydrolysis of any acid anhydride."" [GOC:jl]"	927	119	13	22878	0.1092436974789916	0.014023732470334413	query_1	['GO:0016787']	4hr_Monosome_up	1.5054363266109179
GO:MF	GO:0016462	pyrophosphatase activity	0.03122940237535706	True	"""Catalysis of the hydrolysis of a pyrophosphate bond (diphosphate bond) between two phosphate groups."" [GOC:curators, https://en.wikipedia.org/wiki/Pyrophosphatase]"	913	119	13	22878	0.1092436974789916	0.014238773274917854	query_1	['GO:0016818']	4hr_Monosome_up	1.5054363266109179
GO:MF	GO:0016168	chlorophyll binding	0.03122940237535706	True	"""Binding to a chlorophyll; a compound of magnesium complexed in a porphyrin (tetrapyrrole) ring and which functions as a photosynthetic pigment."" [GOC:jl]"	34	119	3	22878	0.025210084033613446	0.08823529411764706	query_1	['GO:0046906']	4hr_Monosome_up	1.5054363266109179
GO:BP	GO:0010154	fruit development	0.03258791194331905	True	"""The process whose specific outcome is the progression of the fruit over time, from its formation to the mature structure. The fruit is a reproductive body of a seed plant."" [GOC:sm]"	664	118	10	21925	0.0847457627118644	0.015060240963855422	query_1	['GO:0048608']	4hr_Monosome_up	1.4869434658787108
GO:BP	GO:0046164	alcohol catabolic process	0.03258791194331905	True	"""The chemical reactions and pathways resulting in the breakdown of alcohols, any of a class of compounds containing one or more hydroxyl groups attached to a saturated carbon atom."" [GOC:ai]"	16	118	2	21925	0.01694915254237288	0.125	query_1	['GO:0006066', 'GO:0044282']	4hr_Monosome_up	1.4869434658787108
GO:BP	GO:0042255	ribosome assembly	0.03258791194331905	True	"""The aggregation, arrangement and bonding together of the mature ribosome and of its subunits."" [GOC:ma, PMID:30467428]"	16	118	2	21925	0.01694915254237288	0.125	query_1	['GO:0042254', 'GO:0140694']	4hr_Monosome_up	1.4869434658787108
GO:BP	GO:0042537	benzene-containing compound metabolic process	0.03258791194331905	True	"""The chemical reactions and pathways involving benzene, C6H6, a volatile, very inflammable liquid, contained in the naphtha produced by the destructive distillation of coal, from which it is separated by fractional distillation, or any of its derivatives."" [GOC:jl]"	55	118	3	21925	0.025423728813559324	0.05454545454545454	query_1	['GO:0008152']	4hr_Monosome_up	1.4869434658787108
GO:BP	GO:0010337	regulation of salicylic acid metabolic process	0.03258791194331905	True	"""Any process that modulates the frequency, rate or extent of the chemical reactions and pathways involving salicylic acid."" [PMID:14765119]"	16	118	2	21925	0.01694915254237288	0.125	query_1	['GO:0009696', 'GO:0010565', 'GO:0062012']	4hr_Monosome_up	1.4869434658787108
GO:BP	GO:0042274	ribosomal small subunit biogenesis	0.03258791194331905	True	"""A cellular process that results in the biosynthesis of constituent macromolecules, assembly, and arrangement of constituent parts of a small ribosomal subunit; includes transport to the sites of protein synthesis."" [GOC:jl]"	16	118	2	21925	0.01694915254237288	0.125	query_1	['GO:0022613', 'GO:0042254']	4hr_Monosome_up	1.4869434658787108
GO:CC	GO:0034455	t-UTP complex	0.04005691746966895	True	"""A protein complex that forms a subcomplex of the 90S preribosome and is required for the subsequent assembly of the rest of the preribosome. In S. cerevisiae, it is composed of Utp5p, Utp4p, Nan1p, Utp8p, Utp9p, Utp10 and Utp15p."" [GOC:krc, GOC:mah, GOC:vw, PMID:17515605]"	1	113	1	20029	0.008849557522123894	1.0	query_1	['GO:0005730', 'GO:0140513']	4hr_Monosome_up	1.3973224743490265
GO:CC	GO:0031981	nuclear lumen	0.043607951373841276	True	"""The volume enclosed by the nuclear inner membrane."" [GOC:mah, GOC:pz]"	1054	113	13	20029	0.11504424778761062	0.012333965844402278	query_1	['GO:0005634', 'GO:0070013']	4hr_Monosome_up	1.3604343152512317
GO:MF	GO:0003729	mRNA binding	0.04576435956425802	True	"""Binding to messenger RNA (mRNA), an intermediate molecule between DNA and protein. mRNA includes UTR and coding sequences, but does not contain introns."" [GOC:kmv, GOC:pr, SO:0000234]"	1619	119	18	22878	0.15126050420168066	0.011117974058060531	query_1	['GO:0003723']	4hr_Monosome_up	1.3394726108645667
GO:BP	GO:0006127	glycerol-3-phosphate shuttle	0.04717150714333636	True	"""The process of transferring reducing equivalents from NADH in the cytosol into the mitochondria via glycerol-3-phosphate. Cytosolic glycerol-3-phosphate dehydrogenase uses NADH to convert dihydroxyacetone phosphate (DHAP) to glycerol-3-phosphate (G3P) in the cytosol; G3P then diffuses into the mitochondria where mitochondrial glycerol-3-phosphate dehydrogenase uses FAD to convert G3P back to DHAP; the electrons on the reduced FADH2 are then available for use in the electron transport chain, and DHAP returns to the cytosol to complete the cycle."" [GOC:sjm, PMID:16368075]"	1	118	1	21925	0.00847457627118644	1.0	query_1	['GO:0006734', 'GO:0019674']	4hr_Monosome_up	1.3263202476979516
GO:BP	GO:0006356	regulation of transcription by RNA polymerase I	0.04717150714333636	True	"""Any process that modulates the frequency, rate or extent of transcription mediated by RNA polymerase I."" [GOC:go_curators]"	1	118	1	21925	0.00847457627118644	1.0	query_1	['GO:0006355', 'GO:0006360']	4hr_Monosome_up	1.3263202476979516
GO:BP	GO:0010466	negative regulation of peptidase activity	0.04717150714333636	True	"""Any process that stops or reduces the rate of peptidase activity, the hydrolysis of peptide bonds within proteins."" [GOC:dph, GOC:tb]"	1	118	1	21925	0.00847457627118644	1.0	query_1	['GO:0045861', 'GO:0051346', 'GO:0052547']	4hr_Monosome_up	1.3263202476979516
GO:BP	GO:0045943	positive regulation of transcription by RNA polymerase I	0.04717150714333636	True	"""Any process that activates or increases the frequency, rate or extent of transcription mediated by RNA polymerase I."" [GOC:go_curators, GOC:txnOH]"	1	118	1	21925	0.00847457627118644	1.0	query_1	['GO:0006356', 'GO:0006360', 'GO:0045893']	4hr_Monosome_up	1.3263202476979516
GO:BP	GO:1900039	positive regulation of cellular response to hypoxia	0.04717150714333636	True	"""Any process that activates or increases the frequency, rate or extent of cellular response to hypoxia."" [GOC:TermGenie, GOC:yaf]"	1	118	1	21925	0.00847457627118644	1.0	query_1	['GO:0048522', 'GO:0048584', 'GO:0071456', 'GO:1900037']	4hr_Monosome_up	1.3263202476979516
GO:BP	GO:0030301	cholesterol transport	0.04717150714333636	True	"""The directed movement of cholesterol, cholest-5-en-3-beta-ol, into, out of or within a cell, or between cells, by means of some agent such as a transporter or pore."" [GOC:mah, ISBN:0198506732]"	1	118	1	21925	0.00847457627118644	1.0	query_1	['GO:0015918']	4hr_Monosome_up	1.3263202476979516
GO:BP	GO:0032355	response to estradiol	0.04717150714333636	True	"""Any process that results in a change in state or activity of a cell or an organism (in terms of movement, secretion, enzyme production, gene expression, etc.) as a result of stimulus by estradiol, a C18 steroid hormone hydroxylated at C3 and C17 that acts as a potent estrogen."" [GOC:mah, ISBN:0911910123]"	1	118	1	21925	0.00847457627118644	1.0	query_1	['GO:0033993', 'GO:1901700']	4hr_Monosome_up	1.3263202476979516
GO:BP	GO:0032367	intracellular cholesterol transport	0.04717150714333636	True	"""The directed movement of cholesterol, cholest-5-en-3-beta-ol, within cells."" [GOC:mah]"	1	118	1	21925	0.00847457627118644	1.0	query_1	['GO:0030301', 'GO:0032366']	4hr_Monosome_up	1.3263202476979516
GO:BP	GO:0000479	endonucleolytic cleavage of tricistronic rRNA transcript (SSU-rRNA, 5.8S rRNA, LSU-rRNA)	0.04717150714333636	True	"""Endonucleolytic cleavage of a pre-rRNA molecule originally produced as a tricistronic rRNA transcript that contains the Small SubUnit (SSU) rRNA, the 5.8S rRNA, and the Large SubUnit (LSU) rRNA, in that order, from 5' to 3' along the primary transcript. Primary ribosomal RNA transcripts with three genes, in this order, are produced in the nuclei of many eukaryotic species, including S. cerevisiae."" [GOC:curators, PMID:10690410]"	1	118	1	21925	0.00847457627118644	1.0	query_1	['GO:0006364']	4hr_Monosome_up	1.3263202476979516
GO:BP	GO:0052547	regulation of peptidase activity	0.04717150714333636	True	"""Any process that modulates the frequency, rate or extent of peptidase activity, the hydrolysis of peptide bonds within proteins."" [GOC:ai]"	1	118	1	21925	0.00847457627118644	1.0	query_1	['GO:0030162', 'GO:0051336']	4hr_Monosome_up	1.3263202476979516
GO:BP	GO:0007165	signal transduction	0.04984051973363928	True	"""The cellular process in which a signal is conveyed to trigger a change in the activity or state of a cell. Signal transduction begins with reception of a signal (e.g. a ligand binding to a receptor or receptor activation by a stimulus such as light), or for signal transduction in the absence of ligand, signal-withdrawal or the activity of a constitutively active receptor. Signal transduction ends with regulation of a downstream cellular process, e.g. regulation of transcription or regulation of a metabolic process. Signal transduction covers signaling from receptors located on the surface of the cell and signaling via molecules located within the cell. For signaling between cells, signal transduction is restricted to events at and within the receiving cell."" [GOC:go_curators, GOC:mtg_signaling_feb11]"	1750	118	18	21925	0.15254237288135594	0.010285714285714285	query_1	['GO:0007154', 'GO:0009987', 'GO:0023052', 'GO:0050794', 'GO:0051716']	4hr_Monosome_up	1.302417437531176
GO:CC	GO:0009522	photosystem I	2.367385468820689e-07	True	"""A photosystem that contains an iron-sulfur reaction center associated with accessory pigments and electron carriers. In cyanobacteria and chloroplasts, photosystem I functions as a light-dependent plastocyanin-ferredoxin oxidoreductase, transferring electrons from plastocyanin to ferredoxin; in photosynthetic bacteria that have only a single type I photosystem, such as the green sulfur bacteria, electrons can go either to ferredoxin (Fd) -> NAD+ or to menaquinone (MK) -> Cytb/FeS -> Cytc555 -> photosystem I (cyclic photophosphorylation)."" [GOC:ds, GOC:mah, ISBN:0140514031, PMID:9821949]"	43	56	6	20029	0.10714285714285714	0.13953488372093023	query_1	['GO:0009521']	Bulked_Monosome_up	6.62573102244606
GO:CC	GO:0009521	photosystem	1.7090314309037023e-05	True	"""A complex located in a photosynthetic membrane that consists of a photoreaction center associated with accessory pigments and electron carriers. Examples of this component are found in Arabidopsis thaliana and in photosynthetic bacterial and archaeal species."" [GOC:ds, GOC:mah, ISBN:0140514031, PMID:9821949]"	97	56	6	20029	0.10714285714285714	0.061855670103092786	query_1	['GO:0034357', 'GO:0098796']	Bulked_Monosome_up	4.767249950068896
GO:CC	GO:0009538	photosystem I reaction center	4.438567310862391e-05	True	"""A photochemical system containing P700, the chlorophyll a dimer that functions as a primary electron donor. Functioning as a light-dependent plastocyanin-ferredoxin oxidoreductase, it transfers electrons from plastocyanin to ferredoxin."" [GOC:kd, ISBN:0943088399]"	8	56	3	20029	0.05357142857142857	0.375	query_1	['GO:0009522', 'GO:0098796']	Bulked_Monosome_up	4.352757189658993
GO:CC	GO:0031976	plastid thylakoid	0.0002922949446639203	True	"""Any thylakoid within a plastid."" [GOC:pz]"	519	56	9	20029	0.16071428571428573	0.017341040462427744	query_1	['GO:0009536', 'GO:0009579']	Bulked_Monosome_up	3.534178695841843
GO:CC	GO:0009534	chloroplast thylakoid	0.0002922949446639203	True	"""Sac-like membranous structures (cisternae) in a chloroplast combined into stacks (grana) and present singly in the stroma (stroma thylakoids or frets) as interconnections between grana. An example of this component is found in Arabidopsis thaliana."" [GOC:mtg_sensu, ISBN:0943088399]"	517	56	9	20029	0.16071428571428573	0.017408123791102514	query_1	['GO:0009507', 'GO:0031976']	Bulked_Monosome_up	3.534178695841843
GO:CC	GO:0005737	cytoplasm	0.0005041795337396521	True	"""The contents of a cell excluding the plasma membrane and nucleus, but including other subcellular structures."" [ISBN:0198547684]"	9524	56	42	20029	0.75	0.004409911801763965	query_1	['GO:0005622', 'GO:0110165']	Bulked_Monosome_up	3.297414787704269
GO:CC	GO:0009579	thylakoid	0.000620540230094791	True	"""A membranous cellular structure that bears the photosynthetic pigments in plants, algae, and cyanobacteria. In cyanobacteria thylakoids are of various shapes and are attached to, or continuous with, the plasma membrane. In eukaryotes they are flattened, membrane-bounded disk-like structures located in the chloroplasts; in the chloroplasts of higher plants the thylakoids form dense stacks called grana. Isolated thylakoid preparations can carry out photosynthetic electron transport and the associated phosphorylation."" [GOC:ds, GOC:mtg_sensu, ISBN:0198506732]"	596	56	9	20029	0.16071428571428573	0.015100671140939598	query_1	['GO:0043232']	Bulked_Monosome_up	3.207230057611166
GO:MF	GO:0019904	protein domain specific binding	0.0007598402799840819	True	"""Binding to a specific domain of a protein."" [GOC:go_curators]"	97	57	5	22878	0.08771929824561403	0.05154639175257732	query_1	['GO:0005515']	Bulked_Monosome_up	3.1192776877342623
GO:CC	GO:0055035	plastid thylakoid membrane	0.0011116697670328771	True	"""The lipid bilayer membrane of any thylakoid within a plastid."" [GOC:jid, GOC:rph]"	426	56	7	20029	0.125	0.01643192488262911	query_1	['GO:0031976', 'GO:0042170', 'GO:0042651']	Bulked_Monosome_up	2.9540242052496497
GO:CC	GO:0098796	membrane protein complex	0.0011116697670328771	True	"""Any protein complex that is part of a membrane."" [GOC:dos]"	428	56	7	20029	0.125	0.016355140186915886	query_1	['GO:0016020', 'GO:0032991']	Bulked_Monosome_up	2.9540242052496497
GO:CC	GO:0031968	organelle outer membrane	0.0011116697670328771	True	"""The outer, i.e. cytoplasm-facing in a cellular organelle, lipid bilayer of an organelle envelope."" [GOC:mah]"	546	56	8	20029	0.14285714285714285	0.014652014652014652	query_1	['GO:0019867', 'GO:0031967', 'GO:0098588']	Bulked_Monosome_up	2.9540242052496497
GO:CC	GO:0030054	cell junction	0.0011116697670328771	True	"""A cellular component that forms a specialized region of connection between two or more cells, or between a cell and the extracellular matrix, or between two membrane-bound components of a cell, such as flagella."" [GOC:aruk, GOC:bc, GOC:mah, ISBN:0198506732, PMID:26820516, PMID:28096264]"	900	56	10	20029	0.17857142857142858	0.011111111111111112	query_1	['GO:0110165']	Bulked_Monosome_up	2.9540242052496497
GO:CC	GO:0055044	symplast	0.0011116697670328771	True	"""The interconnected cell membranes and intracellular regions of a plant. The interconnections occur via the plasmodesmata."" [GOC:mtg_sensu]"	901	56	10	20029	0.17857142857142858	0.011098779134295227	query_1	['GO:0110165']	Bulked_Monosome_up	2.9540242052496497
GO:CC	GO:0009536	plastid	0.0011116697670328771	True	"""Any member of a family of organelles found in the cytoplasm of plants and some protists, which are membrane-bounded and contain DNA. Plant plastids develop from a common type, the proplastid."" [GOC:jl, ISBN:0198547684]"	2856	56	19	20029	0.3392857142857143	0.00665266106442577	query_1	['GO:0005737', 'GO:0043231']	Bulked_Monosome_up	2.9540242052496497
GO:CC	GO:0009535	chloroplast thylakoid membrane	0.0011116697670328771	True	"""The pigmented membrane of a chloroplast thylakoid. An example of this component is found in Arabidopsis thaliana."" [GOC:lr, GOC:mtg_sensu]"	424	56	7	20029	0.125	0.01650943396226415	query_1	['GO:0009534', 'GO:0031968', 'GO:0055035']	Bulked_Monosome_up	2.9540242052496497
GO:CC	GO:0019867	outer membrane	0.0011116697670328771	True	"""The external membrane of Gram-negative bacteria or certain organelles such as mitochondria and chloroplasts; freely permeable to most ions and metabolites."" [GOC:go_curators]"	546	56	8	20029	0.14285714285714285	0.014652014652014652	query_1	['GO:0016020']	Bulked_Monosome_up	2.9540242052496497
GO:CC	GO:0070161	anchoring junction	0.0011116697670328771	True	"""A cell junction that mechanically attaches a cell (and its cytoskeleton) to neighboring cells or to the extracellular matrix."" [ISBN:0815332181]"	900	56	10	20029	0.17857142857142858	0.011111111111111112	query_1	['GO:0030054']	Bulked_Monosome_up	2.9540242052496497
GO:CC	GO:0009506	plasmodesma	0.0011116697670328771	True	"""A fine cytoplasmic channel, found in all higher plants, that connects the cytoplasm of one cell to that of an adjacent cell."" [PMID:29880547]"	900	56	10	20029	0.17857142857142858	0.011111111111111112	query_1	['GO:0005911', 'GO:0055044']	Bulked_Monosome_up	2.9540242052496497
GO:CC	GO:0005911	cell-cell junction	0.0011116697670328771	True	"""A cell junction that forms a connection between two or more cells of an organism; excludes direct cytoplasmic intercellular bridges, such as ring canals in insects."" [GOC:aruk, GOC:bc, GOC:dgh, GOC:hb, GOC:mah, PMID:21422226, PMID:28096264]"	900	56	10	20029	0.17857142857142858	0.011111111111111112	query_1	['GO:0070161']	Bulked_Monosome_up	2.9540242052496497
GO:CC	GO:0005622	intracellular anatomical structure	0.0011116697670328771	True	"""A component of a cell contained within (but not including) the plasma membrane. In eukaryotes it includes the nucleus and cytoplasm."" [ISBN:0198506732]"	13505	56	50	20029	0.8928571428571429	0.0037023324694557573	query_1	['GO:0110165']	Bulked_Monosome_up	2.9540242052496497
GO:CC	GO:0034357	photosynthetic membrane	0.001241525223099983	True	"""A membrane enriched in complexes formed of reaction centers, accessory pigments and electron carriers, in which photosynthetic reactions take place."" [GOC:ds, GOC:mah]"	443	56	7	20029	0.125	0.01580135440180587	query_1	['GO:0009579', 'GO:0016020']	Bulked_Monosome_up	2.906044452797404
GO:CC	GO:0042651	thylakoid membrane	0.001241525223099983	True	"""The pigmented membrane of any thylakoid."" [GOC:jl, GOC:pr]"	442	56	7	20029	0.125	0.01583710407239819	query_1	['GO:0034357']	Bulked_Monosome_up	2.906044452797404
GO:CC	GO:0043231	intracellular membrane-bounded organelle	0.0029977277249167854	True	"""Organized structure of distinctive morphology and function, bounded by a single or double lipid bilayer membrane and occurring within the cell. Includes the nucleus, mitochondria, plastids, vacuoles, and vesicles. Excludes the plasma membrane."" [GOC:go_curators]"	11808	56	45	20029	0.8035714285714286	0.0038109756097560975	query_1	['GO:0043227', 'GO:0043229']	Bulked_Monosome_up	2.523207815429061
GO:CC	GO:0043227	membrane-bounded organelle	0.0029977277249167854	True	"""Organized structure of distinctive morphology and function, bounded by a single or double lipid bilayer membrane. Includes the nucleus, mitochondria, plastids, vacuoles, and vesicles. Excludes the plasma membrane."" [GOC:go_curators]"	11823	56	45	20029	0.8035714285714286	0.0038061405734585133	query_1	['GO:0043226']	Bulked_Monosome_up	2.523207815429061
GO:CC	GO:0010287	plastoglobule	0.003297489912180429	True	"""A lipoprotein particle present in chloroplasts. They are rich in non-polar lipids (triglycerides, esters) as well as in prenylquinones, plastoquinone and tocopherols. Plastoglobules are often associated with thylakoid membranes, suggesting an exchange of lipids with thylakoids."" [GOC:tair_curators, PMID:16461379]"	62	56	3	20029	0.05357142857142857	0.04838709677419355	query_1	['GO:0009570', 'GO:0110165']	Bulked_Monosome_up	2.481816524391476
GO:CC	GO:0005829	cytosol	0.003297489912180429	True	"""The part of the cytoplasm that does not contain organelles but which does contain other particulate matter, such as protein complexes."" [GOC:hjd, GOC:jl]"	2420	56	16	20029	0.2857142857142857	0.006611570247933884	query_1	['GO:0005737', 'GO:0110165']	Bulked_Monosome_up	2.481816524391476
GO:BP	GO:0071569	protein ufmylation	0.0036816547172365756	True	"""Covalent attachment of the ubiquitin-like protein UFM1 to another protein."" [GOC:vw, PMID:20018847]"	3	58	2	21925	0.034482758620689655	0.6666666666666666	query_1	['GO:0032446']	Bulked_Monosome_up	2.433956944085764
GO:BP	GO:0009628	response to abiotic stimulus	0.0036816547172365756	True	"""Any process that results in a change in state or activity of a cell or an organism (in terms of movement, secretion, enzyme production, gene expression, etc.) as a result of an abiotic (not derived from living organisms) stimulus."" [GOC:hb]"	2131	58	17	21925	0.29310344827586204	0.007977475363679024	query_1	['GO:0050896']	Bulked_Monosome_up	2.433956944085764
GO:BP	GO:0015979	photosynthesis	0.0036816547172365756	True	"""The synthesis by organisms of organic chemical compounds, especially carbohydrates, from carbon dioxide (CO2) using energy obtained from light rather than from the oxidation of chemical compounds."" [ISBN:0198547684]"	281	58	7	21925	0.1206896551724138	0.02491103202846975	query_1	['GO:0008152']	Bulked_Monosome_up	2.433956944085764
GO:MF	GO:0005515	protein binding	0.0038918913854668097	True	"""Binding to a protein."" [GOC:go_curators]"	7655	57	34	22878	0.5964912280701754	0.004441541476159373	query_1	['GO:0005488']	Bulked_Monosome_up	2.4098392884834983
GO:MF	GO:0016168	chlorophyll binding	0.004845173202491792	True	"""Binding to a chlorophyll; a compound of magnesium complexed in a porphyrin (tetrapyrrole) ring and which functions as a photosynthetic pigment."" [GOC:jl]"	34	57	3	22878	0.05263157894736842	0.08823529411764706	query_1	['GO:0046906']	Bulked_Monosome_up	2.31469069342396
GO:CC	GO:0032991	protein-containing complex	0.006355234047248578	True	"""A stable assembly of two or more macromolecules, i.e. proteins, nucleic acids, carbohydrates or lipids, in which at least one component is a protein and the constituent parts function together."" [GOC:dos, GOC:mah]"	2580	56	16	20029	0.2857142857142857	0.006201550387596899	query_1	['GO:0005575']	Bulked_Monosome_up	2.1968684508445335
GO:CC	GO:0009507	chloroplast	0.0067684274473153805	True	"""A chlorophyll-containing plastid with thylakoids organized into grana and frets, or stroma thylakoids, and embedded in a stroma."" [ISBN:0471245208]"	2351	56	15	20029	0.26785714285714285	0.0063802637175669925	query_1	['GO:0009536']	Bulked_Monosome_up	2.169512222051119
GO:CC	GO:0043229	intracellular organelle	0.008159438450145287	True	"""Organized structure of distinctive morphology and function, occurring within the cell. Includes the nucleus, mitochondria, plastids, vacuoles, vesicles, ribosomes and the cytoskeleton. Excludes the plasma membrane."" [GOC:go_curators]"	12312	56	45	20029	0.8035714285714286	0.003654970760233918	query_1	['GO:0005622', 'GO:0043226']	Bulked_Monosome_up	2.088339729284757
GO:CC	GO:0043226	organelle	0.008159438450145287	True	"""Organized structure of distinctive morphology and function. Includes the nucleus, mitochondria, plastids, vacuoles, vesicles, ribosomes and the cytoskeleton, and prokaryotic structures such as anammoxosomes and pirellulosomes. Excludes the plasma membrane."" [GOC:go_curators]"	12326	56	45	20029	0.8035714285714286	0.0036508194061333765	query_1	['GO:0110165']	Bulked_Monosome_up	2.088339729284757
GO:CC	GO:0042170	plastid membrane	0.01014633243005771	True	"""Either of the lipid bilayers that surround a plastid and form the plastid envelope."" [GOC:mah]"	674	56	7	20029	0.125	0.010385756676557863	query_1	['GO:0009526', 'GO:0031090']	Bulked_Monosome_up	1.9936909127485007
GO:CC	GO:0034457	Mpp10 complex	0.010462249093652887	True	"""A protein complex that forms a subcomplex of the 90S preribosome. In S. cerevisiae, it is composed of Mpp10p, Imp3p and Imp4p."" [GOC:mah, PMID:17515605]"	1	56	1	20029	0.017857142857142856	1.0	query_1	['GO:0005730', 'GO:0030686', 'GO:0140513']	Bulked_Monosome_up	1.980374944152676
KEGG	KEGG:00195	Photosynthesis	0.014165782095201189	True	Photosynthesis	45	22	3	5300	0.13636363636363635	0.06666666666666667	query_1	['KEGG:00000']	Bulked_Monosome_up	1.8487594430105616
GO:CC	GO:0098588	bounding membrane of organelle	0.018108489288592423	True	"""The lipid bilayer that forms the outer-most layer of an organelle."" [GOC:dos]"	1406	56	10	20029	0.17857142857142858	0.007112375533428165	query_1	['GO:0031090']	Bulked_Monosome_up	1.7421177794482163
GO:CC	GO:0009570	chloroplast stroma	0.018108489288592423	True	"""The space enclosed by the double membrane of a chloroplast but excluding the thylakoid space. It contains DNA, ribosomes and some temporary products of photosynthesis."" [ISBN:0198547684]"	762	56	7	20029	0.125	0.009186351706036745	query_1	['GO:0009507', 'GO:0009532']	Bulked_Monosome_up	1.7421177794482163
GO:CC	GO:0009532	plastid stroma	0.018443708333940597	True	"""The proteinaceous ground substance of plastids."" [ISBN:0943088399]"	769	56	7	20029	0.125	0.009102730819245773	query_1	['GO:0009536', 'GO:0110165']	Bulked_Monosome_up	1.7341517542666463
GO:CC	GO:0031090	organelle membrane	0.018555550387090874	True	"""A membrane that is one of the two lipid bilayers of an organelle envelope or the outermost membrane of single membrane bound organelle."" [GOC:dos, GOC:mah]"	2413	56	14	20029	0.25	0.005801906340654786	query_1	['GO:0016020', 'GO:0043227']	Bulked_Monosome_up	1.731526159260149
GO:CC	GO:0031967	organelle envelope	0.020760189307279207	True	"""A double membrane structure enclosing an organelle, including two lipid bilayers and the region between them. In some cases, an organelle envelope may have more than two membranes."" [GOC:mah, GOC:pz]"	1452	56	10	20029	0.17857142857142858	0.006887052341597796	query_1	['GO:0043227', 'GO:0043229', 'GO:0110165']	Bulked_Monosome_up	1.6827686905763788
GO:MF	GO:0003729	mRNA binding	0.023660464093104353	True	"""Binding to messenger RNA (mRNA), an intermediate molecule between DNA and protein. mRNA includes UTR and coding sequences, but does not contain introns."" [GOC:kmv, GOC:pr, SO:0000234]"	1619	57	12	22878	0.21052631578947367	0.0074119827053736875	query_1	['GO:0003723']	Bulked_Monosome_up	1.6259767410649104
GO:CC	GO:0045121	membrane raft	0.024879989431144695	True	"""Any of the small (10-200 nm), heterogeneous, highly dynamic, sterol- and sphingolipid-enriched membrane domains that compartmentalize cellular processes. Small rafts can sometimes be stabilized to form larger platforms through protein-protein and protein-lipid interactions."" [PMID:16645198, PMID:20044567]"	3	56	1	20029	0.017857142857142856	0.3333333333333333	query_1	['GO:0098857']	Bulked_Monosome_up	1.6041498084666093
GO:CC	GO:0044853	plasma membrane raft	0.024879989431144695	True	"""A membrane raft that is part of the plasma membrane."" [GOC:jl]"	3	56	1	20029	0.017857142857142856	0.3333333333333333	query_1	['GO:0045121', 'GO:0098590']	Bulked_Monosome_up	1.6041498084666093
GO:CC	GO:0005901	caveola	0.024879989431144695	True	"""A membrane raft that forms small pit, depression, or invagination that communicates with the outside of a cell and extends inward, indenting the cytoplasm and the cell membrane. Examples include flask-shaped invaginations of the plasma membrane in adipocytes associated with caveolin proteins, and minute pits or incuppings of the cell membrane formed during pinocytosis. Caveolae may be pinched off to form free vesicles within the cytoplasm."" [GOC:mah, ISBN:0721662544, PMID:16645198]"	3	56	1	20029	0.017857142857142856	0.3333333333333333	query_1	['GO:0044853']	Bulked_Monosome_up	1.6041498084666093
GO:CC	GO:0043232	intracellular membraneless organelle	0.02726156080599639	True	"""Organized structure of distinctive morphology and function, not bounded by a lipid bilayer membrane and occurring within the cell. Includes ribosomes, the cytoskeleton and chromosomes."" [GOC:go_curators]"	2568	56	14	20029	0.25	0.005451713395638629	query_1	['GO:0043228', 'GO:0043229']	Bulked_Monosome_up	1.5644492831298586
GO:CC	GO:0043228	membraneless organelle	0.02726156080599639	True	"""Organized structure of distinctive morphology and function, not bounded by a lipid bilayer membrane. Includes ribosomes, the cytoskeleton and chromosomes."" [GOC:go_curators]"	2568	56	14	20029	0.25	0.005451713395638629	query_1	['GO:0043226']	Bulked_Monosome_up	1.5644492831298586
GO:CC	GO:0062049	protein phosphatase inhibitor complex	0.03076153639394843	True	"""A protein-containing complex that inhibits protein phosphatase activity by directly binding to a protein phosphatase."" [GOC:bhm, PMID:19407142, PMID:19933100]"	4	56	1	20029	0.017857142857142856	0.25	query_1	['GO:0032991']	Bulked_Monosome_up	1.5119919773637593
KEGG	KEGG:00196	Photosynthesis - antenna proteins	0.03252192252012985	True	Photosynthesis - antenna proteins	22	22	2	5300	0.09090909090909091	0.09090909090909091	query_1	['KEGG:00000']	Bulked_Monosome_up	1.4878237891786863
GO:CC	GO:0098857	membrane microdomain	0.03750618593099403	True	"""A membrane region with a lipid composition that is distinct from that of the membrane regions that surround it."" [PMID:20044567, PMID:26253820]"	5	56	1	20029	0.017857142857142856	0.2	query_1	['GO:0016020']	Bulked_Monosome_up	1.4258970977619034
GO:BP	GO:0006950	response to stress	0.041446156308124094	True	"""Any process that results in a change in state or activity of a cell or an organism (in terms of movement, secretion, enzyme production, gene expression, etc.) as a result of a disturbance in organismal or cellular homeostasis, usually, but not necessarily, exogenous (e.g. temperature, humidity, ionizing radiation)."" [GOC:mah]"	3733	58	21	21925	0.3620689655172414	0.005625502276989017	query_1	['GO:0050896']	Bulked_Monosome_up	1.3825157394580774
GO:CC	GO:0009521	photosystem	1.9711300168533164e-11	True	"""A complex located in a photosynthetic membrane that consists of a photoreaction center associated with accessory pigments and electron carriers. Examples of this component are found in Arabidopsis thaliana and in photosynthetic bacterial and archaeal species."" [GOC:ds, GOC:mah, ISBN:0140514031, PMID:9821949]"	97	139	13	20029	0.09352517985611511	0.13402061855670103	query_1	['GO:0034357', 'GO:0098796']	16hr_Monosome_up	10.70528472846553
GO:BP	GO:0042254	ribosome biogenesis	1.7955421910113907e-09	True	"""A cellular process that results in the biosynthesis of constituent macromolecules, assembly, and arrangement of constituent parts of ribosome subunits; includes transport to the sites of protein synthesis."" [GOC:ma, PMID:26404467, Wikipedia:Ribosome_biogenesis]"	254	130	16	21925	0.12307692307692308	0.06299212598425197	query_1	['GO:0022613']	16hr_Monosome_up	8.745804385520836
GO:BP	GO:0015979	photosynthesis	2.764544998257877e-09	True	"""The synthesis by organisms of organic chemical compounds, especially carbohydrates, from carbon dioxide (CO2) using energy obtained from light rather than from the oxidation of chemical compounds."" [ISBN:0198547684]"	281	130	16	21925	0.12307692307692308	0.05693950177935943	query_1	['GO:0008152']	16hr_Monosome_up	8.558376336694302
GO:BP	GO:0006950	response to stress	2.764544998257877e-09	True	"""Any process that results in a change in state or activity of a cell or an organism (in terms of movement, secretion, enzyme production, gene expression, etc.) as a result of a disturbance in organismal or cellular homeostasis, usually, but not necessarily, exogenous (e.g. temperature, humidity, ionizing radiation)."" [GOC:mah]"	3733	130	55	21925	0.4230769230769231	0.014733458344495045	query_1	['GO:0050896']	16hr_Monosome_up	8.558376336694302
GO:MF	GO:0016168	chlorophyll binding	5.243354013330081e-09	True	"""Binding to a chlorophyll; a compound of magnesium complexed in a porphyrin (tetrapyrrole) ring and which functions as a photosynthetic pigment."" [GOC:jl]"	34	133	8	22878	0.06015037593984962	0.23529411764705882	query_1	['GO:0046906']	16hr_Monosome_up	8.28039081921829
GO:MF	GO:0016887	ATP hydrolysis activity	7.960120119633833e-08	True	"""Catalysis of the reaction: ATP + H2O = ADP + H+ phosphate. ATP hydrolysis is used in some reactions as an energy source, for example to catalyze a reaction or drive transport against a concentration gradient."" [RHEA:13065]"	552	133	19	22878	0.14285714285714285	0.034420289855072464	query_1	['GO:0017111', 'GO:0140657']	16hr_Monosome_up	7.09908037863161
GO:BP	GO:0022613	ribonucleoprotein complex biogenesis	9.948357147537236e-08	True	"""A cellular process that results in the biosynthesis of constituent macromolecules, assembly, and arrangement of constituent parts of a complex containing RNA and proteins. Includes the biosynthesis of the constituent RNA and protein molecules, and those macromolecular modifications that are involved in synthesis or assembly of the ribonucleoprotein complex."" [GOC:isa_complete, GOC:mah]"	365	130	16	21925	0.12307692307692308	0.043835616438356165	query_1	['GO:0044085']	16hr_Monosome_up	7.002248631884165
GO:CC	GO:0031967	organelle envelope	1.7017335753861128e-07	True	"""A double membrane structure enclosing an organelle, including two lipid bilayers and the region between them. In some cases, an organelle envelope may have more than two membranes."" [GOC:mah, GOC:pz]"	1452	139	32	20029	0.2302158273381295	0.02203856749311295	query_1	['GO:0043227', 'GO:0043229', 'GO:0110165']	16hr_Monosome_up	6.769108432381129
GO:CC	GO:0009523	photosystem II	1.7017335753861128e-07	True	"""A photosystem that contains a pheophytin-quinone reaction center with associated accessory pigments and electron carriers. In cyanobacteria and chloroplasts, in the presence of light, PSII functions as a water-plastoquinone oxidoreductase, transferring electrons from water to plastoquinone, whereas other photosynthetic bacteria carry out anoxygenic photosynthesis and oxidize other compounds to re-reduce the photoreaction center."" [GOC:ds, GOC:mah, ISBN:0943088399, PMID:9821949]"	78	139	9	20029	0.06474820143884892	0.11538461538461539	query_1	['GO:0009521']	16hr_Monosome_up	6.769108432381129
GO:CC	GO:0098796	membrane protein complex	2.633310236584853e-07	True	"""Any protein complex that is part of a membrane."" [GOC:dos]"	428	139	17	20029	0.1223021582733813	0.0397196261682243	query_1	['GO:0016020', 'GO:0032991']	16hr_Monosome_up	6.579497972606843
GO:BP	GO:0006364	rRNA processing	2.771169739287119e-07	True	"""Any process involved in the conversion of a primary ribosomal RNA (rRNA) transcript into one or more mature rRNA molecules."" [GOC:curators]"	194	130	12	21925	0.09230769230769231	0.061855670103092786	query_1	['GO:0006396', 'GO:0016072', 'GO:0042254']	16hr_Monosome_up	6.557336872060401
GO:BP	GO:0016072	rRNA metabolic process	3.0840415443656577e-07	True	"""The chemical reactions and pathways involving rRNA, ribosomal RNA, a structural constituent of ribosomes."" [ISBN:0198506732]"	199	130	12	21925	0.09230769230769231	0.06030150753768844	query_1	['GO:0016070']	16hr_Monosome_up	6.510879780307451
GO:BP	GO:0050896	response to stimulus	4.484022205187891e-07	True	"""Any process that results in a change in state or activity of a cell or an organism (in terms of movement, secretion, enzyme production, gene expression, etc.) as a result of a stimulus. The process begins with detection of the stimulus and ends with a change in state or activity or the cell or organism."" [GOC:ai, GOC:bf]"	6001	130	67	21925	0.5153846153846153	0.011164805865689052	query_1	['GO:0008150']	16hr_Monosome_up	6.348332245415447
GO:CC	GO:0009522	photosystem I	4.947769346226594e-07	True	"""A photosystem that contains an iron-sulfur reaction center associated with accessory pigments and electron carriers. In cyanobacteria and chloroplasts, photosystem I functions as a light-dependent plastocyanin-ferredoxin oxidoreductase, transferring electrons from plastocyanin to ferredoxin; in photosynthetic bacteria that have only a single type I photosystem, such as the green sulfur bacteria, electrons can go either to ferredoxin (Fd) -> NAD+ or to menaquinone (MK) -> Cytb/FeS -> Cytc555 -> photosystem I (cyclic photophosphorylation)."" [GOC:ds, GOC:mah, ISBN:0140514031, PMID:9821949]"	43	139	7	20029	0.050359712230215826	0.16279069767441862	query_1	['GO:0009521']	16hr_Monosome_up	6.30559055439374
GO:MF	GO:0045156	electron transporter, transferring electrons within the cyclic electron transport pathway of photosynthesis activity	1.1227268082584309e-05	True	"""Enables the directed movement of electrons within the cyclic electron transport pathway of photosynthesis."" [GOC:ai, ISBN:0716731363]"	9	133	4	22878	0.03007518796992481	0.4444444444444444	query_1	['GO:0009055']	16hr_Monosome_up	4.949725907228878
GO:MF	GO:0140657	ATP-dependent activity	1.1227268082584309e-05	True	"""A molecular function characterized by the coupling of ATP hydrolysis to other steps of a reaction mechanism to make the reaction energetically favorable, for example to catalyze a reaction or drive transport against a concentration gradient."" [PMID:24878343, PMID:25750732, PMID:32933017, PMID:33818025, PMID:33873056, PMID:33988324]"	867	133	20	22878	0.15037593984962405	0.02306805074971165	query_1	['GO:0003674']	16hr_Monosome_up	4.949725907228878
GO:CC	GO:0005743	mitochondrial inner membrane	1.669823286194561e-05	True	"""The inner, i.e. lumen-facing, lipid bilayer of the mitochondrial envelope. It is highly folded to form cristae."" [GOC:ai]"	233	139	11	20029	0.07913669064748201	0.04721030042918455	query_1	['GO:0019866', 'GO:0031966']	16hr_Monosome_up	4.777329486871194
GO:BP	GO:0019684	photosynthesis, light reaction	2.0371875865698127e-05	True	"""The light reactions of photosynthesis, which take place in photosystems II and I. Light energy is harvested and used to power the transfer of electrons among a series of electron donors and acceptors. The final electron acceptor is NADP+, which is reduced to NADPH. NADPH generated from light reactions is used in sugar synthesis in dark reactions. Light reactions also generate a proton motive force across the thylakoid membrane, and the proton gradient is used to synthesize ATP. There are two chemical reactions involved in the light reactions: water oxidation in photosystem II, and NADP reduction in photosystem I."" [PMID:15746074]"	146	130	9	21925	0.06923076923076923	0.06164383561643835	query_1	['GO:0006091', 'GO:0015979']	16hr_Monosome_up	4.6909689788244755
GO:CC	GO:0019867	outer membrane	2.280061732713848e-05	True	"""The external membrane of Gram-negative bacteria or certain organelles such as mitochondria and chloroplasts; freely permeable to most ions and metabolites."" [GOC:go_curators]"	546	139	16	20029	0.11510791366906475	0.029304029304029304	query_1	['GO:0016020']	16hr_Monosome_up	4.6420533943091815
GO:CC	GO:0031968	organelle outer membrane	2.280061732713848e-05	True	"""The outer, i.e. cytoplasm-facing in a cellular organelle, lipid bilayer of an organelle envelope."" [GOC:mah]"	546	139	16	20029	0.11510791366906475	0.029304029304029304	query_1	['GO:0019867', 'GO:0031967', 'GO:0098588']	16hr_Monosome_up	4.6420533943091815
GO:CC	GO:0005730	nucleolus	2.286110812348708e-05	True	"""A small, dense body one or more of which are present in the nucleus of eukaryotic cells. It is rich in RNA and protein, is not bounded by a limiting membrane, and is not seen during mitosis. Its prime function is the transcription of the nucleolar DNA into 45S ribosomal-precursor RNA, the processing of this RNA into 5.8S, 18S, and 28S components of ribosomal RNA, and the association of these components with 5S RNA and proteins synthesized outside the nucleolus. This association results in the formation of ribonucleoprotein precursors; these pass into the cytoplasm and mature into the 40S and 60S subunits of the ribosome."" [ISBN:0198506732]"	701	139	18	20029	0.12949640287769784	0.025677603423680456	query_1	['GO:0031981', 'GO:0043232']	16hr_Monosome_up	4.6409027223111705
GO:CC	GO:0055035	plastid thylakoid membrane	2.286110812348708e-05	True	"""The lipid bilayer membrane of any thylakoid within a plastid."" [GOC:jid, GOC:rph]"	426	139	14	20029	0.10071942446043165	0.03286384976525822	query_1	['GO:0031976', 'GO:0042170', 'GO:0042651']	16hr_Monosome_up	4.6409027223111705
GO:CC	GO:0009535	chloroplast thylakoid membrane	2.286110812348708e-05	True	"""The pigmented membrane of a chloroplast thylakoid. An example of this component is found in Arabidopsis thaliana."" [GOC:lr, GOC:mtg_sensu]"	424	139	14	20029	0.10071942446043165	0.0330188679245283	query_1	['GO:0009534', 'GO:0031968', 'GO:0055035']	16hr_Monosome_up	4.6409027223111705
GO:MF	GO:0043167	ion binding	2.470396901233884e-05	True	"""Binding to an ion, a charged atoms or groups of atoms."" [GOC:jl]"	6685	133	66	22878	0.49624060150375937	0.00987284966342558	query_1	['GO:0036094']	16hr_Monosome_up	4.607233266105477
GO:MF	GO:0036094	small molecule binding	2.470396901233884e-05	True	"""Binding to a small molecule, any low molecular weight, monomeric, non-encoded molecule."" [GOC:curators, GOC:pde, GOC:pm]"	6804	133	67	22878	0.5037593984962406	0.009847148736037625	query_1	['GO:0005488']	16hr_Monosome_up	4.607233266105477
GO:MF	GO:0017111	ribonucleoside triphosphate phosphatase activity	2.470396901233884e-05	True	"""Catalysis of the reaction: a ribonucleoside triphosphate + H2O = a ribonucleoside diphosphate + H+ + phosphate."" [RHEA:23680]"	850	133	19	22878	0.14285714285714285	0.02235294117647059	query_1	['GO:0016462']	16hr_Monosome_up	4.607233266105477
GO:MF	GO:0009055	electron transfer activity	2.5656962042846407e-05	True	"""A molecular function representing the directed movement of electrons from one molecular entity to another, typically mediated by electron carriers or acceptors, resulting in the transfer of energy and/or the reduction-oxidation (redox) transformation of chemical species. This activity is fundamental to various biological processes, including cellular respiration and photosynthesis, as well as numerous enzymatic reactions involved in metabolic pathways."" [Wikipedia:Electron_transfer]"	124	133	8	22878	0.06015037593984962	0.06451612903225806	query_1	['GO:0003674']	16hr_Monosome_up	4.590794768309337
GO:CC	GO:0034357	photosynthetic membrane	2.825721721012993e-05	True	"""A membrane enriched in complexes formed of reaction centers, accessory pigments and electron carriers, in which photosynthetic reactions take place."" [GOC:ds, GOC:mah]"	443	139	14	20029	0.10071942446043165	0.03160270880361174	query_1	['GO:0009579', 'GO:0016020']	16hr_Monosome_up	4.548870609996036
GO:CC	GO:0042651	thylakoid membrane	2.825721721012993e-05	True	"""The pigmented membrane of any thylakoid."" [GOC:jl, GOC:pr]"	442	139	14	20029	0.10071942446043165	0.03167420814479638	query_1	['GO:0034357']	16hr_Monosome_up	4.548870609996036
GO:BP	GO:0042221	response to chemical	4.3767433398668356e-05	True	"""Any process that results in a change in state or activity of a cell or an organism (in terms of movement, secretion, enzyme production, gene expression, etc.) as a result of a chemical stimulus."" [GOC:jl]"	2940	130	39	21925	0.3	0.013265306122448979	query_1	['GO:0050896']	16hr_Monosome_up	4.358848920452862
GO:BP	GO:0009767	photosynthetic electron transport chain	4.3767433398668356e-05	True	"""A process, occurring as part of photosynthesis, in which light provides the energy for a series of electron carriers to operate together to transfer electrons and generate a transmembrane electrochemical gradient."" [GOC:mtg_electron_transport, ISBN:0198547684]"	52	130	6	21925	0.046153846153846156	0.11538461538461539	query_1	['GO:0019684', 'GO:0022900']	16hr_Monosome_up	4.358848920452862
GO:BP	GO:0006091	generation of precursor metabolites and energy	4.3767433398668356e-05	True	"""The chemical reactions and pathways resulting in the formation of precursor metabolites, substances from which energy is derived, and any process involved in the liberation of energy from these substances."" [GOC:jl]"	462	130	14	21925	0.1076923076923077	0.030303030303030304	query_1	['GO:0008152']	16hr_Monosome_up	4.358848920452862
GO:MF	GO:0016817	hydrolase activity, acting on acid anhydrides	4.5562449002276916e-05	True	"""Catalysis of the hydrolysis of any acid anhydride."" [GOC:jl]"	927	133	19	22878	0.14285714285714285	0.020496224379719527	query_1	['GO:0016787']	16hr_Monosome_up	4.341392940440383
GO:MF	GO:0004322	ferroxidase activity	4.5562449002276916e-05	True	"""Catalysis of the reaction: 4 Fe2+ + 4 H+ + O2 = 4 Fe3+ + 2 H2O."" [RHEA:11148]"	5	133	3	22878	0.022556390977443608	0.6	query_1	['GO:0016724']	16hr_Monosome_up	4.341392940440383
GO:MF	GO:0016462	pyrophosphatase activity	4.5562449002276916e-05	True	"""Catalysis of the hydrolysis of a pyrophosphate bond (diphosphate bond) between two phosphate groups."" [GOC:curators, https://en.wikipedia.org/wiki/Pyrophosphatase]"	913	133	19	22878	0.14285714285714285	0.0208105147864184	query_1	['GO:0016818']	16hr_Monosome_up	4.341392940440383
GO:MF	GO:0016724	oxidoreductase activity, acting on metal ions, oxygen as acceptor	4.5562449002276916e-05	True	"""Catalysis of an oxidation-reduction in which the oxidation state of metal ion is altered and oxygen acts as an electron acceptor."" [GOC:mah]"	5	133	3	22878	0.022556390977443608	0.6	query_1	['GO:0016722']	16hr_Monosome_up	4.341392940440383
GO:MF	GO:0016818	hydrolase activity, acting on acid anhydrides, in phosphorus-containing anhydrides	4.5562449002276916e-05	True	"""Catalysis of the hydrolysis of any acid anhydride which contains phosphorus."" [GOC:jl]"	922	133	19	22878	0.14285714285714285	0.020607375271149676	query_1	['GO:0016817']	16hr_Monosome_up	4.341392940440383
GO:CC	GO:0005737	cytoplasm	6.394483070617577e-05	True	"""The contents of a cell excluding the plasma membrane and nucleus, but including other subcellular structures."" [ISBN:0198547684]"	9524	139	92	20029	0.6618705035971223	0.009659806803863923	query_1	['GO:0005622', 'GO:0110165']	16hr_Monosome_up	4.1941945580895235
GO:CC	GO:0031966	mitochondrial membrane	6.394483070617577e-05	True	"""Either of the lipid bilayers that surround the mitochondrion and form the mitochondrial envelope."" [GOC:mah, NIF_Subcellular:sao1045389829]"	352	139	12	20029	0.08633093525179857	0.03409090909090909	query_1	['GO:0005740', 'GO:0031090']	16hr_Monosome_up	4.1941945580895235
GO:MF	GO:0008199	ferric iron binding	8.425549922199814e-05	True	"""Binding to a ferric iron ion, Fe(III)."" [GOC:ai]"	6	133	3	22878	0.022556390977443608	0.5	query_1	['GO:0005506']	16hr_Monosome_up	4.07440174382366
GO:CC	GO:0005740	mitochondrial envelope	8.783686221128038e-05	True	"""The double lipid bilayer enclosing the mitochondrion and separating its contents from the cell cytoplasm; includes the intermembrane space."" [GOC:ai, GOC:pz]"	367	139	12	20029	0.08633093525179857	0.0326975476839237	query_1	['GO:0005739', 'GO:0031967']	16hr_Monosome_up	4.0563231868815315
GO:CC	GO:0009534	chloroplast thylakoid	0.00012344719352459655	True	"""Sac-like membranous structures (cisternae) in a chloroplast combined into stacks (grana) and present singly in the stroma (stroma thylakoids or frets) as interconnections between grana. An example of this component is found in Arabidopsis thaliana."" [GOC:mtg_sensu, ISBN:0943088399]"	517	139	14	20029	0.10071942446043165	0.027079303675048357	query_1	['GO:0009507', 'GO:0031976']	16hr_Monosome_up	3.9085187789652274
GO:CC	GO:0031976	plastid thylakoid	0.00012344719352459655	True	"""Any thylakoid within a plastid."" [GOC:pz]"	519	139	14	20029	0.10071942446043165	0.02697495183044316	query_1	['GO:0009536', 'GO:0009579']	16hr_Monosome_up	3.9085187789652274
GO:MF	GO:0009916	alternative oxidase activity	0.0001284667416156412	True	"""Catalysis of the oxidation of ubiquinol by diverting electrons from the standard electron transfer chain, transferring them from ubiquinol to oxygen and generating water as the product."" [ISBN:0943088399]"	7	133	3	22878	0.022556390977443608	0.42857142857142855	query_1	['GO:0016682']	16hr_Monosome_up	3.8912092910277587
GO:MF	GO:0046906	tetrapyrrole binding	0.0001284667416156412	True	"""Binding to a tetrapyrrole, a compound containing four pyrrole nuclei variously substituted and linked to each other through carbons at the alpha position."" [GOC:curators, ISBN:0198506732]"	418	133	12	22878	0.09022556390977443	0.028708133971291867	query_1	['GO:0005488']	16hr_Monosome_up	3.8912092910277587
GO:CC	GO:0019866	organelle inner membrane	0.00015572525066495752	True	"""The inner, i.e. lumen-facing, lipid bilayer of an organelle envelope; usually highly selective to most ions and metabolites."" [GOC:mah]"	332	139	11	20029	0.07913669064748201	0.03313253012048193	query_1	['GO:0031090', 'GO:0031967']	16hr_Monosome_up	3.807640961386104
GO:CC	GO:0043231	intracellular membrane-bounded organelle	0.00020822458315698832	True	"""Organized structure of distinctive morphology and function, bounded by a single or double lipid bilayer membrane and occurring within the cell. Includes the nucleus, mitochondria, plastids, vacuoles, and vesicles. Excludes the plasma membrane."" [GOC:go_curators]"	11808	139	105	20029	0.7553956834532374	0.008892276422764227	query_1	['GO:0043227', 'GO:0043229']	16hr_Monosome_up	3.6814679986526917
GO:CC	GO:0043227	membrane-bounded organelle	0.0002135526275869617	True	"""Organized structure of distinctive morphology and function, bounded by a single or double lipid bilayer membrane. Includes the nucleus, mitochondria, plastids, vacuoles, and vesicles. Excludes the plasma membrane."" [GOC:go_curators]"	11823	139	105	20029	0.7553956834532374	0.008880994671403197	query_1	['GO:0043226']	16hr_Monosome_up	3.6704950805729206
GO:CC	GO:0031090	organelle membrane	0.00023871456969197462	True	"""A membrane that is one of the two lipid bilayers of an organelle envelope or the outermost membrane of single membrane bound organelle."" [GOC:dos, GOC:mah]"	2413	139	34	20029	0.2446043165467626	0.014090343970161625	query_1	['GO:0016020', 'GO:0043227']	16hr_Monosome_up	3.6221210734786817
GO:CC	GO:0016020	membrane	0.00028650543253421916	True	"""A lipid bilayer along with all the proteins and protein complexes embedded in it and attached to it."" [GOC:dos, GOC:mah, ISBN:0815316194]"	8169	139	80	20029	0.5755395683453237	0.009793120332966091	query_1	['GO:0110165']	16hr_Monosome_up	3.54286713880212
GO:CC	GO:0043228	membraneless organelle	0.00030043061271223937	True	"""Organized structure of distinctive morphology and function, not bounded by a lipid bilayer membrane. Includes ribosomes, the cytoskeleton and chromosomes."" [GOC:go_curators]"	2568	139	35	20029	0.2517985611510791	0.013629283489096573	query_1	['GO:0043226']	16hr_Monosome_up	3.5222558164926774
GO:CC	GO:0043232	intracellular membraneless organelle	0.00030043061271223937	True	"""Organized structure of distinctive morphology and function, not bounded by a lipid bilayer membrane and occurring within the cell. Includes ribosomes, the cytoskeleton and chromosomes."" [GOC:go_curators]"	2568	139	35	20029	0.2517985611510791	0.013629283489096573	query_1	['GO:0043228', 'GO:0043229']	16hr_Monosome_up	3.5222558164926774
GO:CC	GO:0009526	plastid envelope	0.00030043061271223937	True	"""The double lipid bilayer enclosing a plastid and separating its contents from the rest of the cytoplasm; includes the intermembrane space."" [GOC:jy]"	988	139	19	20029	0.1366906474820144	0.019230769230769232	query_1	['GO:0009536', 'GO:0031967']	16hr_Monosome_up	3.5222558164926774
GO:BP	GO:0009628	response to abiotic stimulus	0.00034443085886336623	True	"""Any process that results in a change in state or activity of a cell or an organism (in terms of movement, secretion, enzyme production, gene expression, etc.) as a result of an abiotic (not derived from living organisms) stimulus."" [GOC:hb]"	2131	130	30	21925	0.23076923076923078	0.014077897700610043	query_1	['GO:0050896']	16hr_Monosome_up	3.4628979453899875
GO:MF	GO:1901363	heterocyclic compound binding	0.0003450765187678815	True	"""Binding to heterocyclic compound."" [GOC:TermGenie]"	3307	133	38	22878	0.2857142857142857	0.01149077713940127	query_1	['GO:0036094']	16hr_Monosome_up	3.4620845919008936
GO:CC	GO:0009579	thylakoid	0.00037111162214282844	True	"""A membranous cellular structure that bears the photosynthetic pigments in plants, algae, and cyanobacteria. In cyanobacteria thylakoids are of various shapes and are attached to, or continuous with, the plasma membrane. In eukaryotes they are flattened, membrane-bounded disk-like structures located in the chloroplasts; in the chloroplasts of higher plants the thylakoids form dense stacks called grana. Isolated thylakoid preparations can carry out photosynthetic electron transport and the associated phosphorylation."" [GOC:ds, GOC:mtg_sensu, ISBN:0198506732]"	596	139	14	20029	0.10071942446043165	0.02348993288590604	query_1	['GO:0043232']	16hr_Monosome_up	3.4304954445909583
GO:MF	GO:0019904	protein domain specific binding	0.00038154152075531414	True	"""Binding to a specific domain of a protein."" [GOC:go_curators]"	97	133	6	22878	0.045112781954887216	0.061855670103092786	query_1	['GO:0005515']	16hr_Monosome_up	3.418458193610242
GO:CC	GO:0005622	intracellular anatomical structure	0.0004239430868888393	True	"""A component of a cell contained within (but not including) the plasma membrane. In eukaryotes it includes the nucleus and cytoplasm."" [ISBN:0198506732]"	13505	139	114	20029	0.8201438848920863	0.008441318030359126	query_1	['GO:0110165']	16hr_Monosome_up	3.3726924422495936
GO:MF	GO:0016682	oxidoreductase activity, acting on diphenols and related substances as donors, oxygen as acceptor	0.00043546935387848545	True	"""Catalysis of an oxidation-reduction (redox) reaction in which a diphenol, or related compound, acts as a hydrogen or electron donor and reduces oxygen."" [GOC:jl]"	30	133	4	22878	0.03007518796992481	0.13333333333333333	query_1	['GO:0016679']	16hr_Monosome_up	3.3610424030209103
GO:BP	GO:0044085	cellular component biogenesis	0.0005136105781160485	True	"""A process that results in the biosynthesis of constituent macromolecules, assembly, and arrangement of constituent parts of a cellular component. Includes biosynthesis of constituent macromolecules, and those macromolecular modifications that are involved in synthesis or assembly of the cellular component."" [GOC:jl, GOC:mah]"	1115	130	20	21925	0.15384615384615385	0.017937219730941704	query_1	['GO:0071840']	16hr_Monosome_up	3.2893660402933307
GO:BP	GO:0006952	defense response	0.000527400709820345	True	"""Reactions, triggered in response to the presence of a foreign body or the occurrence of an injury, which result in restriction of damage to the organism attacked or prevention/recovery from the infection caused by the attack."" [GOC:go_curators]"	1636	130	25	21925	0.19230769230769232	0.015281173594132029	query_1	['GO:0006950']	16hr_Monosome_up	3.2778592900320582
GO:BP	GO:0009772	photosynthetic electron transport in photosystem II	0.0005431910605131124	True	"""A photosynthetic electron transport chain in which electrons move from the primary electron acceptor (Quinone, Q) through a chain of electron transport molecules in the thylakoid membrane until they reach the ultimate electron acceptor of Photosystem II, which is plastocyanin (PC). The electron is then passed to the P700 chlorophyll a molecules of the reaction centre of photosystem I."" [GOC:jid, ISBN:0716731363, ISBN:0816017360]"	8	130	3	21925	0.023076923076923078	0.375	query_1	['GO:0009767']	16hr_Monosome_up	3.2650473860062235
GO:MF	GO:0005488	binding	0.0006833982281710893	True	"""The selective, non-covalent, often stoichiometric, interaction of a molecule with one or more specific sites on another molecule."" [GOC:ceb, GOC:mah, ISBN:0198506732]"	14966	133	108	22878	0.8120300751879699	0.007216357076039022	query_1	['GO:0003674']	16hr_Monosome_up	3.1653261515198667
GO:MF	GO:1901265	nucleoside phosphate binding	0.0006875747760032925	True	"""Binding to nucleoside phosphate."" [GOC:TermGenie]"	3179	133	36	22878	0.2706766917293233	0.011324315822585718	query_1	['GO:0005488']	16hr_Monosome_up	3.1626800639854467
GO:MF	GO:0016679	oxidoreductase activity, acting on diphenols and related substances as donors	0.0007025577468747961	True	"""Catalysis of an oxidation-reduction (redox) reaction in which a diphenol or related substance acts as a hydrogen or electron donor and reduces a hydrogen or electron acceptor."" [GOC:ai]"	35	133	4	22878	0.03007518796992481	0.11428571428571428	query_1	['GO:0016491']	16hr_Monosome_up	3.153317973033772
GO:CC	GO:0043229	intracellular organelle	0.0007335633448629988	True	"""Organized structure of distinctive morphology and function, occurring within the cell. Includes the nucleus, mitochondria, plastids, vacuoles, vesicles, ribosomes and the cytoskeleton. Excludes the plasma membrane."" [GOC:go_curators]"	12312	139	106	20029	0.762589928057554	0.008609486679662118	query_1	['GO:0005622', 'GO:0043226']	16hr_Monosome_up	3.1345623778852745
GO:CC	GO:0043226	organelle	0.0007555717097819741	True	"""Organized structure of distinctive morphology and function. Includes the nucleus, mitochondria, plastids, vacuoles, vesicles, ribosomes and the cytoskeleton, and prokaryotic structures such as anammoxosomes and pirellulosomes. Excludes the plasma membrane."" [GOC:go_curators]"	12326	139	106	20029	0.762589928057554	0.008599707934447509	query_1	['GO:0110165']	16hr_Monosome_up	3.121724311358449
GO:BP	GO:0009636	response to toxic substance	0.0008700697488897106	True	"""Any process that results in a change in state or activity of a cell or an organism (in terms of movement, secretion, enzyme production, gene expression, etc.) as a result of a toxic stimulus."" [GOC:lr]"	316	130	10	21925	0.07692307692307693	0.03164556962025317	query_1	['GO:0042221']	16hr_Monosome_up	3.0604459308943346
GO:BP	GO:0022900	electron transport chain	0.0008700697488897106	True	"""A process in which a series of electron carriers operate together to transfer electrons from donors to any of several different terminal electron acceptors."" [GOC:mtg_electron_transport]"	193	130	8	21925	0.06153846153846154	0.04145077720207254	query_1	['GO:0006091']	16hr_Monosome_up	3.0604459308943346
GO:MF	GO:0042910	xenobiotic transmembrane transporter activity	0.0009108802955685436	True	"""Enables the directed movement of a xenobiotic from one side of a membrane to the other. A xenobiotic is a compound foreign to the organism exposed to it. It may be synthesized by another organism (like ampicilin) or it can be a synthetic chemical."" [GOC:go_curators, GOC:krc]"	73	133	5	22878	0.03759398496240601	0.0684931506849315	query_1	['GO:0022857']	16hr_Monosome_up	3.0405386926097204
GO:CC	GO:0009536	plastid	0.0009553693412643467	True	"""Any member of a family of organelles found in the cytoplasm of plants and some protists, which are membrane-bounded and contain DNA. Plant plastids develop from a common type, the proplastid."" [GOC:jl, ISBN:0198547684]"	2856	139	36	20029	0.2589928057553957	0.012605042016806723	query_1	['GO:0005737', 'GO:0043231']	16hr_Monosome_up	3.019828699763319
GO:MF	GO:0043168	anion binding	0.001076103127773254	True	"""Binding to an anion, a charged atom or group of atoms with a net negative charge."" [GOC:jl]"	3268	133	36	22878	0.2706766917293233	0.011015911872705019	query_1	['GO:0043167']	16hr_Monosome_up	2.968146106293535
GO:CC	GO:0042170	plastid membrane	0.0011263609782843865	True	"""Either of the lipid bilayers that surround a plastid and form the plastid envelope."" [GOC:mah]"	674	139	14	20029	0.10071942446043165	0.020771513353115726	query_1	['GO:0009526', 'GO:0031090']	16hr_Monosome_up	2.94832240366478
GO:MF	GO:0000166	nucleotide binding	0.0012565549496434622	True	"""Binding to a nucleotide, any compound consisting of a nucleoside that is esterified with (ortho)phosphate or an oligophosphate at any hydroxyl group on the ribose or deoxyribose."" [GOC:mah, ISBN:0198547684]"	3173	133	35	22878	0.2631578947368421	0.011030570438071227	query_1	['GO:1901265', 'GO:1901363']	16hr_Monosome_up	2.9008185147871774
GO:MF	GO:0016722	oxidoreductase activity, acting on metal ions	0.0012565549496434622	True	"""Catalysis of an oxidation-reduction in which the oxidation state of metal ion is altered."" [GOC:mah]"	16	133	3	22878	0.022556390977443608	0.1875	query_1	['GO:0016491']	16hr_Monosome_up	2.9008185147871774
GO:CC	GO:0031981	nuclear lumen	0.0015914680429717676	True	"""The volume enclosed by the nuclear inner membrane."" [GOC:mah, GOC:pz]"	1054	139	18	20029	0.12949640287769784	0.017077798861480076	query_1	['GO:0005634', 'GO:0070013']	16hr_Monosome_up	2.798202077684111
GO:MF	GO:0005509	calcium ion binding	0.0016596952728643779	True	"""Binding to a calcium ion (Ca2+)."" [GOC:ai]"	260	133	8	22878	0.06015037593984962	0.03076923076923077	query_1	['GO:0046872']	16hr_Monosome_up	2.7799716429611245
GO:BP	GO:0051707	response to other organism	0.0017598486919768014	True	"""Any process that results in a change in state or activity of a cell or an organism (in terms of movement, secretion, enzyme production, gene expression, etc.) as a result of a stimulus from another living organism."" [GOC:ai]"	1461	130	22	21925	0.16923076923076924	0.015058179329226557	query_1	['GO:0043207', 'GO:0044419']	16hr_Monosome_up	2.7545246702906008
GO:BP	GO:0009605	response to external stimulus	0.0017598486919768014	True	"""Any process that results in a change in state or activity of a cell or an organism (in terms of movement, secretion, enzyme production, gene expression, etc.) as a result of an external stimulus."" [GOC:hb]"	1684	130	24	21925	0.18461538461538463	0.014251781472684086	query_1	['GO:0050896']	16hr_Monosome_up	2.7545246702906008
GO:BP	GO:0043207	response to external biotic stimulus	0.0017598486919768014	True	"""Any process that results in a change in state or activity of a cell or an organism (in terms of movement, secretion, enzyme production, gene expression, etc.) as a result of an external biotic stimulus, an external stimulus caused by, or produced by living things."" [GOC:go_curators]"	1461	130	22	21925	0.16923076923076924	0.015058179329226557	query_1	['GO:0009605', 'GO:0009607']	16hr_Monosome_up	2.7545246702906008
GO:BP	GO:0098542	defense response to other organism	0.0017598486919768014	True	"""Reactions triggered in response to the presence of another organism that act to protect the cell or organism from damage caused by that organism."" [GOC:dos]"	1154	130	19	21925	0.14615384615384616	0.016464471403812825	query_1	['GO:0006952', 'GO:0051707']	16hr_Monosome_up	2.7545246702906008
GO:BP	GO:0044419	biological process involved in interspecies interaction between organisms	0.0018243761558385176	True	"""Any process evolved to enable an interaction with an organism of a different species."" [GOC:cc]"	1477	130	22	21925	0.16923076923076924	0.014895057549085985	query_1	['GO:0008150']	16hr_Monosome_up	2.738885612519363
GO:MF	GO:0042626	ATPase-coupled transmembrane transporter activity	0.0018589125130641583	True	"""Primary active transporter of a solute across a membrane, via the reaction: ATP + H2O = ADP + phosphate, to directly drive the transport of a substance across a membrane. The transport protein may be transiently phosphorylated (P-type transporters), or not (ABC-type transporters and other families of transporters). Primary active transport occurs up the solute's concentration gradient and is driven by a primary energy source."" [GOC:mtg_transport, ISBN:0815340729]"	199	133	7	22878	0.05263157894736842	0.035175879396984924	query_1	['GO:0015399', 'GO:0140657']	16hr_Monosome_up	2.730741049167075
GO:BP	GO:0009607	response to biotic stimulus	0.0019479193097516171	True	"""Any process that results in a change in state or activity of a cell or an organism (in terms of movement, secretion, enzyme production, gene expression, etc.) as a result of a biotic stimulus, a stimulus caused or produced by a living organism."" [GOC:hb]"	1488	130	22	21925	0.16923076923076924	0.01478494623655914	query_1	['GO:0050896']	16hr_Monosome_up	2.710429037218913
GO:BP	GO:0009635	response to herbicide	0.0021499145237777136	True	"""Any process that results in a change in state or activity of a cell or an organism (in terms of movement, secretion, enzyme production, gene expression, etc.) as a result of a herbicide stimulus. Herbicides are chemicals used to kill or control the growth of plants."" [GOC:curators]"	14	130	3	21925	0.023076923076923078	0.21428571428571427	query_1	['GO:0006950', 'GO:0009636']	16hr_Monosome_up	2.6675788064051424
GO:BP	GO:0042908	xenobiotic transport	0.002154178004015388	True	"""The directed movement of a xenobiotic into, out of or within a cell, or between cells, by means of some agent such as a transporter or pore. A xenobiotic is a compound foreign to the organism exposed to it. It may be synthesized by another organism (like ampicilin) or it can be a synthetic chemical."" [GOC:go_curators, GOC:krc]"	73	130	5	21925	0.038461538461538464	0.0684931506849315	query_1	['GO:0006810']	16hr_Monosome_up	2.666718412937958
GO:MF	GO:0032559	adenyl ribonucleotide binding	0.0025053418193659136	True	"""Binding to an adenyl ribonucleotide, any compound consisting of adenosine esterified with (ortho)phosphate or an oligophosphate at any hydroxyl group on the ribose moiety."" [GOC:mah]"	2521	133	29	22878	0.21804511278195488	0.011503371677905593	query_1	['GO:0030554', 'GO:0032555']	16hr_Monosome_up	2.601133012257028
GO:MF	GO:0030554	adenyl nucleotide binding	0.0025053418193659136	True	"""Binding to an adenyl nucleotide, an adenosine esterified with (ortho)phosphate."" [ISBN:0198506732]"	2651	133	30	22878	0.22556390977443608	0.011316484345529988	query_1	['GO:0017076']	16hr_Monosome_up	2.601133012257028
GO:MF	GO:0005524	ATP binding	0.002562533868277875	True	"""Binding to ATP, adenosine 5'-triphosphate, a universally important coenzyme and enzyme regulator."" [ISBN:0198506732]"	2409	133	28	22878	0.21052631578947367	0.011623080116230802	query_1	['GO:0032559', 'GO:0035639']	16hr_Monosome_up	2.5913303859521926
GO:MF	GO:0022804	active transmembrane transporter activity	0.002562533868277875	True	"""Enables the transfer of a specific substance or related group of substances from one side of a membrane to the other, up the solute's concentration gradient. The transporter binds the solute and undergoes a series of conformational changes. Transport works equally well in either direction."" [GOC:mtg_transport, ISBN:0815340729]"	527	133	11	22878	0.08270676691729323	0.020872865275142316	query_1	['GO:0022857']	16hr_Monosome_up	2.5913303859521926
GO:BP	GO:0071569	protein ufmylation	0.0028187740622596506	True	"""Covalent attachment of the ubiquitin-like protein UFM1 to another protein."" [GOC:vw, PMID:20018847]"	3	130	2	21925	0.015384615384615385	0.6666666666666666	query_1	['GO:0032446']	16hr_Monosome_up	2.549939733438901
GO:BP	GO:0009617	response to bacterium	0.0028187740622596506	True	"""Any process that results in a change in state or activity of a cell or an organism (in terms of movement, secretion, enzyme production, gene expression, etc.) as a result of a stimulus from a bacterium."" [GOC:hb]"	463	130	11	21925	0.08461538461538462	0.023758099352051837	query_1	['GO:0051707']	16hr_Monosome_up	2.549939733438901
GO:BP	GO:1901700	response to oxygen-containing compound	0.0028263529408642223	True	"""Any process that results in a change in state or activity of a cell or an organism (in terms of movement, secretion, enzyme production, gene expression, etc.) as a result of an oxygen-containing compound stimulus."" [GOC:pr, GOC:TermGenie]"	1659	130	23	21925	0.17692307692307693	0.013863773357444244	query_1	['GO:0042221']	16hr_Monosome_up	2.548773606571348
GO:MF	GO:0140359	ABC-type transporter activity	0.003675945742068488	True	"""Primary active transporter characterized by two nucleotide-binding domains and two transmembrane domains. Uses the energy generated from ATP hydrolysis to drive the transport of a substance across a membrane."" [PMID:26517899]"	106	133	5	22878	0.03759398496240601	0.04716981132075472	query_1	['GO:0042626']	16hr_Monosome_up	2.43463090754005
GO:CC	GO:0070013	intracellular organelle lumen	0.003912308197327913	True	"""An organelle lumen that is part of an intracellular organelle."" [GOC:mah]"	1245	139	19	20029	0.1366906474820144	0.015261044176706828	query_1	['GO:0043229', 'GO:0043233']	16hr_Monosome_up	2.407566940406249
GO:CC	GO:0043233	organelle lumen	0.003912308197327913	True	"""The internal volume enclosed by the membranes of a particular organelle; includes the volume enclosed by a single organelle membrane, e.g. endoplasmic reticulum lumen, or the volume enclosed by the innermost of the two lipid bilayers of an organelle envelope, e.g. nuclear lumen."" [GOC:jl, GOC:mah]"	1245	139	19	20029	0.1366906474820144	0.015261044176706828	query_1	['GO:0031974', 'GO:0043226']	16hr_Monosome_up	2.407566940406249
GO:CC	GO:0031974	membrane-enclosed lumen	0.003912308197327913	True	"""The enclosed volume within a sealed membrane or between two sealed membranes. Encompasses the volume enclosed by the membranes of a particular organelle, e.g. endoplasmic reticulum lumen, or the space between the two lipid bilayers of a double membrane surrounding an organelle, e.g. nuclear envelope lumen."" [GOC:add, GOC:mah]"	1245	139	19	20029	0.1366906474820144	0.015261044176706828	query_1	['GO:0110165']	16hr_Monosome_up	2.407566940406249
GO:MF	GO:0016175	superoxide-generating NAD(P)H oxidase activity	0.004280725343176997	True	"""Catalysis of the reaction: NAD(P)H + O2 = NAD(P)H + O2-."" [GOC:ai, PMID:10806195]"	6	133	2	22878	0.015037593984962405	0.3333333333333333	query_1	['GO:0050664']	16hr_Monosome_up	2.368482636162235
GO:MF	GO:0106292	superoxide-generating NADPH oxidase activity	0.004280725343176997	True	"""Catalysis of the reaction: NADPH + 2 O2 = H+ + NADP+ + 2 superoxide."" [RHEA:63180]"	6	133	2	22878	0.015037593984962405	0.3333333333333333	query_1	['GO:0016175']	16hr_Monosome_up	2.368482636162235
GO:MF	GO:0102721	ubiquinol:oxygen oxidoreductase activity	0.004280725343176997	True	"""Catalysis of the reaction: O2 + 2 an ubiquinol = 2 H2O + 2 an ubiquinone."" [GOC:pz, RHEA:30255]"	6	133	2	22878	0.015037593984962405	0.3333333333333333	query_1	['GO:0016682']	16hr_Monosome_up	2.368482636162235
GO:MF	GO:0097367	carbohydrate derivative binding	0.0044337424865061575	True	"""Binding to a carbohydrate derivative."" [GOC:pr]"	2907	133	31	22878	0.23308270676691728	0.010663914688682491	query_1	['GO:0005488']	16hr_Monosome_up	2.3532295344820375
GO:MF	GO:0015399	primary active transmembrane transporter activity	0.0045810126673601	True	"""Enables the transfer of a solute from one side of a membrane to the other, up the solute's concentration gradient, by binding the solute and undergoing a series of conformational changes. Transport works equally well in either direction and is powered by a primary energy source. Primary energy sources known to be coupled to transport are chemical such as ATP hydrolysis, redox energy and photon energy."" [GOC:mtg_transport, PMID:31613498]"	243	133	7	22878	0.05263157894736842	0.02880658436213992	query_1	['GO:0022804']	16hr_Monosome_up	2.339038507316476
GO:CC	GO:0110165	cellular anatomical structure	0.0045993875654801	True	"""A part of a cellular organism consisting of a material entity with granularity above the level of a protein complex but below that of an anatomical system. Note that cellular organisms exclude viruses."" [GOC:kmv]"	18497	139	137	20029	0.9856115107913669	0.007406606476725955	query_1	['GO:0005575']	16hr_Monosome_up	2.3372999932401437
GO:CC	GO:0000325	plant-type vacuole	0.004733078870045122	True	"""A closed structure that is completely surrounded by a unit membrane, contains liquid, and retains the same shape regardless of cell cycle phase. An example of this structure is found in Arabidopsis thaliana."" [GOC:mtg_sensu, ISBN:0815316208]"	794	139	14	20029	0.10071942446043165	0.017632241813602016	query_1	['GO:0005773']	16hr_Monosome_up	2.3248562585702492
GO:BP	GO:0000302	response to reactive oxygen species	0.004776100711313915	True	"""Any process that results in a change in state or activity of a cell or an organism (in terms of movement, secretion, enzyme production, gene expression, etc.) as a result of a reactive oxygen species stimulus. Reactive oxygen species include singlet oxygen, superoxide, and oxygen free radicals."" [GOC:krc]"	140	130	6	21925	0.046153846153846156	0.04285714285714286	query_1	['GO:0006979', 'GO:1901700']	16hr_Monosome_up	2.320926524025515
GO:CC	GO:0005773	vacuole	0.0055756702175458915	True	"""A closed structure, found only in eukaryotic cells, that is completely surrounded by unit membrane and contains liquid material. Cells contain one or several vacuoles, that may have different functions from each other. Vacuoles have a diverse array of functions. They can act as a storage organelle for nutrients or waste products, as a degradative compartment, as a cost-effective way of increasing cell size, and as a homeostatic regulator controlling both turgor pressure and pH of the cytosol."" [GOC:mtg_sensu, ISBN:0198506732]"	1094	139	17	20029	0.1223021582733813	0.015539305301645339	query_1	['GO:0005737', 'GO:0043231']	16hr_Monosome_up	2.2537029212327764
GO:CC	GO:0098588	bounding membrane of organelle	0.006030914585457804	True	"""The lipid bilayer that forms the outer-most layer of an organelle."" [GOC:dos]"	1406	139	20	20029	0.14388489208633093	0.01422475106685633	query_1	['GO:0031090']	16hr_Monosome_up	2.219616822304546
GO:BP	GO:0010039	response to iron ion	0.006057753234135721	True	"""Any process that results in a change in state or activity of a cell or an organism (in terms of movement, secretion, enzyme production, gene expression, etc.) as a result of an iron ion stimulus."" [GOC:sm]"	21	130	3	21925	0.023076923076923078	0.14285714285714285	query_1	['GO:0010038']	16hr_Monosome_up	2.217688421864164
GO:BP	GO:0009737	response to abscisic acid	0.006057753234135721	True	"""Any process that results in a change in state or activity of a cell or an organism (in terms of movement, secretion, enzyme production, gene expression, etc.) as a result of an abscisic acid stimulus."" [GOC:jl]"	604	130	12	21925	0.09230769230769231	0.019867549668874173	query_1	['GO:0009725', 'GO:0033993', 'GO:0097305']	16hr_Monosome_up	2.217688421864164
GO:MF	GO:0017076	purine nucleotide binding	0.0060661558285773284	True	"""Binding to a purine nucleotide, a compound consisting of a purine nucleoside esterified with (ortho)phosphate."" [GOC:ai]"	2971	133	31	22878	0.23308270676691728	0.010434197239986537	query_1	['GO:0000166']	16hr_Monosome_up	2.2170864376419037
GO:MF	GO:0032555	purine ribonucleotide binding	0.0060661558285773284	True	"""Binding to a purine ribonucleotide, any compound consisting of a purine ribonucleoside that is esterified with (ortho)phosphate or an oligophosphate at any hydroxyl group on the ribose moiety."" [GOC:mah]"	2841	133	30	22878	0.22556390977443608	0.010559662090813094	query_1	['GO:0017076', 'GO:0032553']	16hr_Monosome_up	2.2170864376419037
GO:MF	GO:0035639	purine ribonucleoside triphosphate binding	0.006411711760289537	True	"""Binding to a purine ribonucleoside triphosphate, a compound consisting of a purine base linked to a ribose sugar esterified with triphosphate on the sugar."" [GOC:BHF, GOC:ebc, ISBN:0198506732]"	2722	133	29	22878	0.21804511278195488	0.0106539309331374	query_1	['GO:0043168', 'GO:1901265', 'GO:1901363']	16hr_Monosome_up	2.1930260096693344
GO:MF	GO:0032553	ribonucleotide binding	0.006629695434271901	True	"""Binding to a ribonucleotide, any compound consisting of a ribonucleoside that is esterified with (ortho)phosphate or an oligophosphate at any hydroxyl group on the ribose moiety."" [GOC:mah]"	2865	133	30	22878	0.22556390977443608	0.010471204188481676	query_1	['GO:0000166', 'GO:0097367']	16hr_Monosome_up	2.178506422462993
GO:MF	GO:0080046	quercetin 4'-O-glucosyltransferase activity	0.006638997950087926	True	"""Catalysis of the transfer of a glucosyl group from UDP-glucose to the 4'-hydroxy group of a quercetin molecule."" [PMID:15352060]"	8	133	2	22878	0.015037593984962405	0.25	query_1	['GO:0035251']	16hr_Monosome_up	2.1778974654494254
GO:BP	GO:0097305	response to alcohol	0.006710899380660866	True	"""Any process that results in a change in state or activity of a cell or an organism (in terms of movement, secretion, enzyme production, gene expression, etc.) as a result of an alcohol stimulus."" [GOC:pr, PMID:24014527]"	613	130	12	21925	0.09230769230769231	0.01957585644371941	query_1	['GO:1901700']	16hr_Monosome_up	2.1732192726948614
GO:MF	GO:0071949	FAD binding	0.0068149890512631045	True	"""Binding to the oxidized form, FAD, of flavin-adenine dinucleotide, the coenzyme or the prosthetic group of various flavoprotein oxidoreductase enzymes."" [GOC:mah]"	75	133	4	22878	0.03007518796992481	0.05333333333333334	query_1	['GO:0050660']	16hr_Monosome_up	2.1665348375519544
GO:CC	GO:0005886	plasma membrane	0.0071213237391118175	True	"""The membrane surrounding a cell that separates the cell from its external environment. It consists of a phospholipid bilayer and associated proteins."" [ISBN:0716731363]"	2524	139	30	20029	0.2158273381294964	0.011885895404120444	query_1	['GO:0016020', 'GO:0071944']	16hr_Monosome_up	2.1474392705265135
GO:BP	GO:0009651	response to salt stress	0.007366774159725653	True	"""Any process that results in a change in state or activity of a cell or an organism (in terms of movement, secretion, enzyme production, gene expression, etc.) as a result of a stimulus indicating an increase or decrease in the concentration of salt (particularly but not exclusively sodium and chloride ions) in the environment."" [GOC:jl]"	446	130	10	21925	0.07692307692307693	0.02242152466367713	query_1	['GO:0006970']	16hr_Monosome_up	2.132722643934765
GO:BP	GO:0071840	cellular component organization or biogenesis	0.0075242547750718515	True	"""A process that results in the biosynthesis of constituent macromolecules, assembly, arrangement of constituent parts, or disassembly of a cellular component."" [GOC:mah]"	2788	130	31	21925	0.23846153846153847	0.011119081779053085	query_1	['GO:0009987']	16hr_Monosome_up	2.123536507441898
GO:BP	GO:0033993	response to lipid	0.007629143314355484	True	"""Any process that results in a change in state or activity of a cell or an organism (in terms of movement, secretion, enzyme production, gene expression, etc.) as a result of a lipid stimulus."" [GOC:sl]"	1022	130	16	21925	0.12307692307692308	0.015655577299412915	query_1	['GO:0042221']	16hr_Monosome_up	2.1175242267550205
GO:MF	GO:0046872	metal ion binding	0.011027460366852211	True	"""Binding to a metal ion."" [GOC:ai]"	3948	133	37	22878	0.2781954887218045	0.009371833839918946	query_1	['GO:0043169']	16hr_Monosome_up	1.9575244944190464
GO:BP	GO:0006810	transport	0.01132051604860004	True	"""The directed movement of substances (such as macromolecules, small molecules, ions) or cellular components (such as complexes and organelles) into, out of or within a cell, or between cells, or within a multicellular organism by means of some agent such as a transporter or a transporter complex, a pore or a motor protein."" [GOC:dos, GOC:dph, GOC:jl, GOC:mah]"	2477	130	28	21925	0.2153846153846154	0.011303996770286637	query_1	['GO:0051234']	16hr_Monosome_up	1.9461337752722088
GO:MF	GO:0043169	cation binding	0.011454461932228831	True	"""Binding to a cation, a charged atom or group of atoms with a net positive charge."" [GOC:jl]"	3961	133	37	22878	0.2781954887218045	0.009341075485988387	query_1	['GO:0043167']	16hr_Monosome_up	1.941025306767235
GO:CC	GO:0005739	mitochondrion	0.012555779173594572	True	"""A semiautonomous, self replicating organelle that occurs in varying numbers, shapes, and sizes in the cytoplasm of virtually all eukaryotic cells. It is notably the site of tissue respiration."" [GOC:giardia, ISBN:0198506732]"	1720	139	22	20029	0.15827338129496402	0.012790697674418604	query_1	['GO:0005737', 'GO:0043231']	16hr_Monosome_up	1.9011563311157265
GO:BP	GO:0006879	intracellular iron ion homeostasis	0.01311786440786031	True	"""A homeostatic process involved in the maintenance of a steady state level of iron ions within a cell."" [GOC:ai, GOC:mah]"	29	130	3	21925	0.023076923076923078	0.10344827586206896	query_1	['GO:0030003', 'GO:0098771']	16hr_Monosome_up	1.882136862473654
GO:BP	GO:0033554	cellular response to stress	0.013440406790844394	True	"""Any process that results in a change in state or activity of a cell (in terms of movement, secretion, enzyme production, gene expression, etc.) as a result of a stimulus indicating the organism is under stress. The stress is usually, but not necessarily, exogenous (e.g. temperature, humidity, ionizing radiation)."" [GOC:mah]"	1085	130	16	21925	0.12307692307692308	0.014746543778801843	query_1	['GO:0006950', 'GO:0051716']	16hr_Monosome_up	1.8715875866136327
GO:MF	GO:0140326	ATPase-coupled intramembrane lipid transporter activity	0.014100571211612005	True	"""Catalysis of the movement of lipids from one membrane leaflet to the other, driven by ATP hydrolysis. This includes flippases and floppases."" [PMID:16828084]"	12	133	2	22878	0.015037593984962405	0.16666666666666666	query_1	['GO:0140303', 'GO:0140657']	16hr_Monosome_up	1.850763293796655
GO:MF	GO:0016491	oxidoreductase activity	0.014511159140444804	True	"""Catalysis of an oxidation-reduction (redox) reaction, a reversible chemical reaction in which the oxidation state of an atom or atoms within a molecule is altered. One substrate acts as a hydrogen or electron donor and becomes oxidized, while the other acts as hydrogen or electron acceptor and becomes reduced."" [EC:1.-.-.-]"	1475	133	18	22878	0.13533834586466165	0.012203389830508475	query_1	['GO:0003824']	16hr_Monosome_up	1.8382978950610611
GO:BP	GO:0051234	establishment of localization	0.015156441365532127	True	"""Any process that localizes a substance or cellular component. This may occur via movement, tethering or selective degradation."" [GOC:ai, GOC:dos]"	2536	130	28	21925	0.2153846153846154	0.011041009463722398	query_1	['GO:0051179']	16hr_Monosome_up	1.8194027562722017
GO:BP	GO:0009751	response to salicylic acid	0.015251534027913696	True	"""Any process that results in a change in state or activity of a cell or an organism (in terms of movement, secretion, enzyme production, gene expression, etc.) as a result of a salicylic acid stimulus."" [GOC:jl]"	185	130	6	21925	0.046153846153846156	0.032432432432432434	query_1	['GO:1901700']	16hr_Monosome_up	1.8166864719662408
GO:MF	GO:0015562	efflux transmembrane transporter activity	0.015604918901559853	True	"""Enables the transfer of a specific substance or related group of substances from the inside of the cell to the outside of the cell across a membrane."" [GOC:ai, GOC:mtg_transport, ISBN:0815340729]"	13	133	2	22878	0.015037593984962405	0.15384615384615385	query_1	['GO:0022857']	16hr_Monosome_up	1.806738484012206
GO:MF	GO:0140303	intramembrane lipid transporter activity	0.015604918901559853	True	"""Enables the transport of a lipid from a region of a membrane to a different region on the same membrane."" [PMID:16828084]"	13	133	2	22878	0.015037593984962405	0.15384615384615385	query_1	['GO:0005319']	16hr_Monosome_up	1.806738484012206
GO:CC	GO:0071944	cell periphery	0.016610853850835203	True	"""The broad region around and including the plasma membrane of a cell, encompassing the cell cortex (inside the cell), the plasma membrane, and any external encapsulating structures."" [GOC:pdt]"	2917	139	32	20029	0.2302158273381295	0.010970174837161468	query_1	['GO:0110165']	16hr_Monosome_up	1.7796080428541323
GO:BP	GO:0006979	response to oxidative stress	0.017954546520876212	True	"""Any process that results in a change in state or activity of a cell or an organism (in terms of movement, secretion, enzyme production, gene expression, etc.) as a result of oxidative stress, a state often resulting from exposure to high levels of reactive oxygen species, e.g. superoxide anions, hydrogen peroxide (H2O2), and hydroxyl radicals."" [GOC:jl, PMID:12115731]"	426	130	9	21925	0.06923076923076923	0.02112676056338028	query_1	['GO:0006950']	16hr_Monosome_up	1.7458255594027483
GO:BP	GO:0001666	response to hypoxia	0.018487557792761542	True	"""Any process that results in a change in state or activity of a cell or an organism (in terms of movement, secretion, enzyme production, gene expression, etc.) as a result of a stimulus indicating lowered oxygen tension. Hypoxia, defined as a decline in O2 levels below normoxic levels of 20.8 - 20.95%, results in metabolic adaptation at both the cellular and organismal level."" [GOC:hjd]"	266	130	7	21925	0.05384615384615385	0.02631578947368421	query_1	['GO:0006950', 'GO:0036293']	16hr_Monosome_up	1.7331204553729713
GO:BP	GO:0036293	response to decreased oxygen levels	0.019650858959871717	True	"""Any process that results in a change in state or activity of a cell or an organism (in terms of movement, secretion, enzyme production, gene expression, etc.) as a result of a stimulus reflecting a decline in the level of oxygen."" [GOC:al]"	270	130	7	21925	0.05384615384615385	0.025925925925925925	query_1	['GO:0070482']	16hr_Monosome_up	1.706618461401566
GO:BP	GO:0070482	response to oxygen levels	0.019650858959871717	True	"""Any process that results in a change in state or activity of a cell or an organism (in terms of movement, secretion, enzyme production, gene expression, etc.) as a result of a stimulus reflecting the presence, absence, or concentration of oxygen."" [GOC:BHF, GOC:mah]"	271	130	7	21925	0.05384615384615385	0.025830258302583026	query_1	['GO:0009628']	16hr_Monosome_up	1.706618461401566
GO:MF	GO:0008559	ABC-type xenobiotic transporter activity	0.020438587076262976	True	"""Catalysis of the reaction: ATP + H2O + xenobiotic(in) = ADP + phosphate + xenobiotic(out)."" [EC:7.6.2.2]"	15	133	2	22878	0.015037593984962405	0.13333333333333333	query_1	['GO:0042910', 'GO:0140359']	16hr_Monosome_up	1.6895491303666723
GO:BP	GO:0006970	response to osmotic stress	0.021859769124033677	True	"""Any process that results in a change in state or activity of a cell or an organism (in terms of movement, secretion, enzyme production, gene expression, etc.) as a result of a stimulus indicating an increase or decrease in the concentration of solutes outside the organism or cell."" [GOC:jl]"	537	130	10	21925	0.07692307692307693	0.0186219739292365	query_1	['GO:0006950', 'GO:0009628']	16hr_Monosome_up	1.660354429243026
GO:BP	GO:0051716	cellular response to stimulus	0.021859769124033677	True	"""Any process that results in a change in state or activity of a cell (in terms of movement, secretion, enzyme production, gene expression, etc.) as a result of a stimulus. The process begins with detection of the stimulus by a cell and ends with a change in state or activity or the cell."" [GOC:bf, GOC:jl]"	2897	130	30	21925	0.23076923076923078	0.010355540214014497	query_1	['GO:0009987', 'GO:0050896']	16hr_Monosome_up	1.660354429243026
GO:BP	GO:0051179	localization	0.021859769124033677	True	"""Any process in which a cell, a substance, or a cellular entity, such as a protein complex or organelle, is transported, tethered to or otherwise maintained in a specific location. In the case of substances, localization may also be achieved via selective degradation."" [GOC:ai, GOC:dos]"	2636	130	28	21925	0.2153846153846154	0.010622154779969651	query_1	['GO:0008150']	16hr_Monosome_up	1.660354429243026
GO:BP	GO:0010817	regulation of hormone levels	0.021859769124033677	True	"""Any process that modulates the levels of hormone within an organism or a tissue. A hormone is any substance formed in very small amounts in one specialized organ or group of cells and carried (sometimes in the bloodstream) to another organ or group of cells in the same organism, upon which it has a specific regulatory action."" [GOC:BHF, GOC:dph, GOC:tb]"	280	130	7	21925	0.05384615384615385	0.025	query_1	['GO:0065008']	16hr_Monosome_up	1.660354429243026
GO:BP	GO:0009765	photosynthesis, light harvesting	0.021859769124033677	True	"""Absorption and transfer of the energy absorbed from light photons between photosystem reaction centers."" [GOC:sm]"	37	130	3	21925	0.023076923076923078	0.08108108108108109	query_1	['GO:0006091', 'GO:0019684']	16hr_Monosome_up	1.660354429243026
GO:MF	GO:0005215	transporter activity	0.022126251193816147	True	"""Enables the directed movement of substances (such as macromolecules, small molecules, ions) into, out of or within a cell, accross or in between cells."" [GOC:ai, GOC:dgf]"	1183	133	15	22878	0.11278195488721804	0.01267962806424345	query_1	['GO:0003674']	16hr_Monosome_up	1.655092161479576
GO:BP	GO:0009610	response to symbiotic fungus	0.02221829134871833	True	"""Any process that results in a change in state or activity of a cell or an organism (in terms of movement, secretion, enzyme production, gene expression, etc.) as a result of a stimulus from a symbiotic fungus, a fungus living in close physical association with another organism."" [GOC:hb, ISBN:0198506732]"	10	130	2	21925	0.015384615384615385	0.2	query_1	['GO:0009608', 'GO:0009620']	16hr_Monosome_up	1.6532893426208757
GO:MF	GO:0140328	floppase activity	0.02443218198528793	True	"""Catalysis of the movement of a lipid from the cytosolic to the exoplasmic leaflet of a membrane, using energy from the hydrolysis of ATP."" [PMID:20043909, PMID:25284293, Wikipedia:Flippase]"	1	133	1	22878	0.007518796992481203	1.0	query_1	['GO:0140326']	16hr_Monosome_up	1.6120377453944
GO:MF	GO:0140333	glycerophospholipid flippase activity	0.02443218198528793	True	"""Catalysis of the movement of a glycerophospholipid from the exoplasmic to the cytosolic leaflet of a membrane, using energy from the hydrolysis of ATP."" [PMID:26212235]"	1	133	1	22878	0.007518796992481203	1.0	query_1	['GO:0005548', 'GO:0140327']	16hr_Monosome_up	1.6120377453944
GO:MF	GO:0005506	iron ion binding	0.02443218198528793	True	"""Binding to an iron (Fe) ion."" [GOC:ai]"	354	133	7	22878	0.05263157894736842	0.01977401129943503	query_1	['GO:0046914']	16hr_Monosome_up	1.6120377453944
GO:MF	GO:0008525	phosphatidylcholine transporter activity	0.02443218198528793	True	"""Enables the directed movement of phosphatidylcholine into, out of or within a cell, or between cells. Phosphatidylcholine refers to a class of glycerophospholipids in which the phosphatidyl group is esterified to the hydroxyl group of choline."" [GOC:ai, ISBN:0198506732]"	1	133	1	22878	0.007518796992481203	1.0	query_1	['GO:0005548']	16hr_Monosome_up	1.6120377453944
GO:MF	GO:0090554	phosphatidylcholine floppase activity	0.02443218198528793	True	"""Catalysis of the movement of phosphatidylcholine from the cytosolic to the exoplasmic leaflet of a membrane, using energy from the hydrolysis of ATP."" [GOC:ab, PMID:16452632, RHEA:38583]"	1	133	1	22878	0.007518796992481203	1.0	query_1	['GO:0008525', 'GO:0140328']	16hr_Monosome_up	1.6120377453944
GO:MF	GO:0047634	agmatine N4-coumaroyltransferase activity	0.02443218198528793	True	"""Catalysis of the reaction: 4-coumaroyl-CoA + agmatine = N-(4-guanidiniumylbutyl)-4-hydroxycinnamamide + CoA + H+."" [EC:2.3.1.64, RHEA:13405]"	1	133	1	22878	0.007518796992481203	1.0	query_1	['GO:0016747']	16hr_Monosome_up	1.6120377453944
GO:MF	GO:0005358	high-affinity D-glucose:proton symporter activity	0.02443218198528793	True	"""Enables the transfer of a solute or solutes from one side of a membrane to the other according to the reaction: glucose + H+ = glucose + H+. This activity is constitutive and therefore always present, regardless of demand. Symporter activity enables the active transport of a solute across a membrane by a mechanism whereby two or more species are transported together in the same direction in a tightly coupled process not directly linked to a form of energy other than chemiosmotic energy. In high-affinity transport the transporter is able to bind the solute even if it is only present at very low concentrations."" [GOC:mtg_transport]"	1	133	1	22878	0.007518796992481203	1.0	query_1	['GO:0005356']	16hr_Monosome_up	1.6120377453944
GO:MF	GO:0010290	chlorophyll catabolite transmembrane transporter activity	0.02443218198528793	True	"""Enables the directed movement of chlorophyll catabolites such as non-fluorescent chlorophyll catabolites (NCCs), from one side of a membrane to the other."" [PMID:9681016]"	1	133	1	22878	0.007518796992481203	1.0	query_1	['GO:0022857']	16hr_Monosome_up	1.6120377453944
GO:MF	GO:0140376	innate immune receptor activity	0.02443218198528793	True	"""Receiving a signal and transmitting it in a cell to initiate an innate immune response."" [PMID:28921463, PMID:31415752]"	1	133	1	22878	0.007518796992481203	1.0	query_1	['GO:0140375']	16hr_Monosome_up	1.6120377453944
GO:MF	GO:0005483	soluble NSF attachment protein activity	0.02443218198528793	True	"""Binding to both N-ethylmaleimide-sensitive fusion protein (NSF) and a cis-SNARE complex (i.e. a SNARE complex in which all proteins are associated with the same membrane) and increasing the ATPase activity of NSF, thereby allowing ATP hydrolysis by NSF to disassemble the cis-SNARE complex."" [GOC:mah, PMID:14570579, PMID:15556857]"	1	133	1	22878	0.007518796992481203	1.0	query_1	['GO:0030674']	16hr_Monosome_up	1.6120377453944
GO:MF	GO:0010298	dihydrocamalexic acid decarboxylase activity	0.02443218198528793	True	"""Catalysis of the reaction: dihydrocamalexic acid = camalexin + CO2 + H+."" [MetaCyc:RXN-8275, PMID:16766671]"	1	133	1	22878	0.007518796992481203	1.0	query_1	['GO:0016831']	16hr_Monosome_up	1.6120377453944
GO:MF	GO:0061666	UFM1 ligase activity	0.02443218198528793	True	"""Catalysis of the transfer of UFM1 to a substrate protein via the reaction X-UFM1 + S = X + S-UFM1, where X is either an E2 or E3 enzyme, the X-UFM1 linkage is a thioester bond, and the S-UFM1 linkage is an isopeptide bond between the C-terminal amino acid of UFM1 and the epsilon-amino group of lysine residues in the substrate."" [GOC:dph]"	1	133	1	22878	0.007518796992481203	1.0	query_1	['GO:0061659', 'GO:0071568']	16hr_Monosome_up	1.6120377453944
GO:MF	GO:0047165	flavonol-3-O-beta-glucoside O-malonyltransferase activity	0.02443218198528793	True	"""Catalysis of the reaction: flavonol 3-O-beta-D-glucoside + malonyl-CoA = malonyl-flavonol 3-O-beta-D-glucoside + CoA."" [EC:2.3.1.116, MetaCyc:2.3.1.116-RXN]"	1	133	1	22878	0.007518796992481203	1.0	query_1	['GO:0050736']	16hr_Monosome_up	1.6120377453944
GO:MF	GO:0055056	D-glucose transmembrane transporter activity	0.02443218198528793	True	"""Enables the transfer of the D-enantiomer of the hexose monosaccharide glucose from one side of a membrane to the other."" [GOC:jid, GOC:jsg, GOC:mah]"	1	133	1	22878	0.007518796992481203	1.0	query_1	['GO:0015149']	16hr_Monosome_up	1.6120377453944
GO:MF	GO:0005356	D-glucose:proton symporter activity	0.02443218198528793	True	"""Enables the transfer of a solute or solutes from one side of a membrane to the other according to the reaction: D-glucose + H+ = D-glucose + H+. Symporter activity enables the active transport of a solute across a membrane by a mechanism whereby two or more species are transported together in the same direction in a tightly coupled process not directly linked to a form of energy other than chemiosmotic energy."" [GOC:mtg_transport]"	1	133	1	22878	0.007518796992481203	1.0	query_1	['GO:0009679', 'GO:0055056']	16hr_Monosome_up	1.6120377453944
GO:MF	GO:0051539	4 iron, 4 sulfur cluster binding	0.02443218198528793	True	"""Binding to a 4 iron, 4 sulfur (4Fe-4S) cluster; this cluster consists of four iron atoms, with the inorganic sulfur atoms found between the irons and acting as bridging ligands."" [GOC:ai, PMID:15952888, Wikipedia:Iron-sulfur_cluster]"	62	133	3	22878	0.022556390977443608	0.04838709677419355	query_1	['GO:0051536']	16hr_Monosome_up	1.6120377453944
GO:MF	GO:0015431	ABC-type glutathione S-conjugate transporter activity	0.02443218198528793	True	"""Catalysis of the reaction: ATP + H2O + glutathione S-conjugate(in) -> ADP + phosphate + glutathione S-conjugate(out)."" [GOC:jl, PMID:1455517, RHEA:19121]"	1	133	1	22878	0.007518796992481203	1.0	query_1	['GO:0140359', 'GO:1901682']	16hr_Monosome_up	1.6120377453944
GO:MF	GO:0050664	oxidoreductase activity, acting on NAD(P)H, oxygen as acceptor	0.02443218198528793	True	"""Catalysis of an oxidation-reduction (redox) reaction in which NADH or NADPH acts as a hydrogen or electron donor and reduces an oxygen molecule."" [EC:1.6.3.-]"	17	133	2	22878	0.015037593984962405	0.11764705882352941	query_1	['GO:0016651']	16hr_Monosome_up	1.6120377453944
GO:MF	GO:0004698	calcium,diacylglycerol-dependent serine/threonine kinase activity	0.02443218198528793	True	"""Calcium-dependent catalysis of the reaction: ATP + a protein = ADP + a phosphoprotein. This reaction is activated in the presence of diacylglycerol and calcium."" [PMID:34834162]"	1	133	1	22878	0.007518796992481203	1.0	query_1	['GO:0004697', 'GO:0009931']	16hr_Monosome_up	1.6120377453944
GO:MF	GO:0004697	diacylglycerol-dependent serine/threonine kinase activity	0.02443218198528793	True	"""Catalysis of the reaction: ATP + a protein = ADP + a phosphoprotein. This reaction requires diacylglycerol."" [EC:2.7.11.13]"	1	133	1	22878	0.007518796992481203	1.0	query_1	['GO:0004674']	16hr_Monosome_up	1.6120377453944
GO:MF	GO:0140375	immune receptor activity	0.02443218198528793	True	"""Receiving a signal and transmitting it in a cell to initiate an immune response."" [PMID:31415752, Wikipedia:Immune_receptor]"	1	133	1	22878	0.007518796992481203	1.0	query_1	['GO:0038023']	16hr_Monosome_up	1.6120377453944
GO:MF	GO:0080044	quercetin 7-O-glucosyltransferase activity	0.02443218198528793	True	"""Catalysis of the transfer of a glucosyl group from UDP-glucose to the 7-hydroxy group of a quercetin molecule."" [PMID:15352060]"	17	133	2	22878	0.015037593984962405	0.11764705882352941	query_1	['GO:0035251']	16hr_Monosome_up	1.6120377453944
KEGG	KEGG:00196	Photosynthesis - antenna proteins	0.026149074213057347	True	Photosynthesis - antenna proteins	22	43	3	5300	0.06976744186046512	0.13636363636363635	query_1	['KEGG:00000']	16hr_Monosome_up	1.5825436823713879
GO:BP	GO:0009553	embryo sac development	0.026493577861946605	True	"""The process whose specific outcome is the progression of the embryo sac over time, from its formation to the mature structure. The process begins with the meiosis of the megasporocyte to form four haploid megaspores. Three of the megaspores disintegrate, and the fourth undergoes mitosis giving rise to a binucleate syncytial embryo sac. The two haploid nuclei migrate to the opposite poles of the embryo sac and then undergo two rounds of mitosis generating four haploid nuclei at each pole. One nucleus from each set of four migrates to the center of the cell. Cellularization occurs, resulting in an eight-nucleate seven-celled structure. This structure contains two synergid cells and an egg cell at the micropylar end, and three antipodal cells at the other end. A binucleate endosperm mother cell is formed at the center. The two polar nuclei fuse resulting in a mononucleate diploid endosperm mother cell. The three antipodal cells degenerate."" [GOC:mtg_plant, GOC:tb]"	147	130	5	21925	0.038461538461538464	0.034013605442176874	query_1	['GO:0048229']	16hr_Monosome_up	1.5768593878418753
GO:BP	GO:0009626	plant-type hypersensitive response	0.028555464507699035	True	"""The rapid, localized death of plant cells in response to invasion by a pathogen."" [ISBN:0582227089]"	90	130	4	21925	0.03076923076923077	0.044444444444444446	query_1	['GO:0033554', 'GO:0034050', 'GO:0045087']	16hr_Monosome_up	1.544310770834888
GO:BP	GO:0034050	symbiont-induced defense-related programmed cell death	0.029171956166247473	True	"""Cell death resulting from activation of endogenous cellular processes after interaction with a symbiont (defined as the smaller of two, or more, organisms engaged in symbiosis, a close interaction encompassing mutualism through parasitism). This can be triggered by direct interaction with the organism, for example, contact with penetrating hyphae of a fungus; or an indirect interaction such as symbiont-secreted molecules."" [GOC:pamgo_curators]"	91	130	4	21925	0.03076923076923077	0.04395604395604396	query_1	['GO:0012501', 'GO:0140546']	16hr_Monosome_up	1.5350344476790088
GO:CC	GO:0070161	anchoring junction	0.029543820758868723	True	"""A cell junction that mechanically attaches a cell (and its cytoskeleton) to neighboring cells or to the extracellular matrix."" [ISBN:0815332181]"	900	139	13	20029	0.09352517985611511	0.014444444444444444	query_1	['GO:0030054']	16hr_Monosome_up	1.5295333401956364
GO:CC	GO:0005911	cell-cell junction	0.029543820758868723	True	"""A cell junction that forms a connection between two or more cells of an organism; excludes direct cytoplasmic intercellular bridges, such as ring canals in insects."" [GOC:aruk, GOC:bc, GOC:dgh, GOC:hb, GOC:mah, PMID:21422226, PMID:28096264]"	900	139	13	20029	0.09352517985611511	0.014444444444444444	query_1	['GO:0070161']	16hr_Monosome_up	1.5295333401956364
GO:CC	GO:0055044	symplast	0.029543820758868723	True	"""The interconnected cell membranes and intracellular regions of a plant. The interconnections occur via the plasmodesmata."" [GOC:mtg_sensu]"	901	139	13	20029	0.09352517985611511	0.014428412874583796	query_1	['GO:0110165']	16hr_Monosome_up	1.5295333401956364
GO:CC	GO:0030054	cell junction	0.029543820758868723	True	"""A cellular component that forms a specialized region of connection between two or more cells, or between a cell and the extracellular matrix, or between two membrane-bound components of a cell, such as flagella."" [GOC:aruk, GOC:bc, GOC:mah, ISBN:0198506732, PMID:26820516, PMID:28096264]"	900	139	13	20029	0.09352517985611511	0.014444444444444444	query_1	['GO:0110165']	16hr_Monosome_up	1.5295333401956364
GO:CC	GO:0009506	plasmodesma	0.029543820758868723	True	"""A fine cytoplasmic channel, found in all higher plants, that connects the cytoplasm of one cell to that of an adjacent cell."" [PMID:29880547]"	900	139	13	20029	0.09352517985611511	0.014444444444444444	query_1	['GO:0005911', 'GO:0055044']	16hr_Monosome_up	1.5295333401956364
GO:BP	GO:0009608	response to symbiont	0.02993946099093936	True	"""Any process that results in a change in state or activity of a cell or an organism (in terms of movement, secretion, enzyme production, gene expression, etc.) as a result of a stimulus from a symbiont, an organism living with an organism of a different species in close physical association. The symbiont is defined as the smaller of the organisms involved in a symbiotic interaction."" [GOC:hb, ISBN:0198506732]"	12	130	2	21925	0.015384615384615385	0.16666666666666666	query_1	['GO:0051707']	16hr_Monosome_up	1.523756022655889
GO:BP	GO:0140115	export across plasma membrane	0.030432056328461656	True	"""The directed movement of some substance from inside of a cell, across the plasma membrane and into the extracellular region."" [GOC:pg]"	93	130	4	21925	0.03076923076923077	0.043010752688172046	query_1	['GO:0055085', 'GO:0140352']	16hr_Monosome_up	1.51666870088104
GO:CC	GO:0009507	chloroplast	0.031103201342176576	True	"""A chlorophyll-containing plastid with thylakoids organized into grana and frets, or stroma thylakoids, and embedded in a stroma."" [ISBN:0471245208]"	2351	139	26	20029	0.18705035971223022	0.01105912377711612	query_1	['GO:0009536']	16hr_Monosome_up	1.5071949082822014
GO:BP	GO:0034204	lipid translocation	0.03281515078045525	True	"""The translocation, or flipping, of lipid molecules from one monolayer of a membrane bilayer to the opposite monolayer."" [GOC:mah]"	13	130	2	21925	0.015384615384615385	0.15384615384615385	query_1	['GO:0006869', 'GO:0097035']	16hr_Monosome_up	1.4839255958876538
GO:BP	GO:0009753	response to jasmonic acid	0.03281515078045525	True	"""Any process that results in a change in state or activity of a cell or an organism (in terms of movement, secretion, enzyme production, gene expression, etc.) as a result of a jasmonic acid stimulus."" [GOC:jl]"	231	130	6	21925	0.046153846153846156	0.025974025974025976	query_1	['GO:0009725', 'GO:0070542']	16hr_Monosome_up	1.4839255958876538
GO:BP	GO:0010310	regulation of hydrogen peroxide metabolic process	0.03281515078045525	True	"""Any process that modulates the frequency, rate or extent of the chemical reactions and pathways involving hydrogen peroxide."" [PMID:14765119]"	13	130	2	21925	0.015384615384615385	0.15384615384615385	query_1	['GO:0042743', 'GO:2000377']	16hr_Monosome_up	1.4839255958876538
GO:CC	GO:0009654	photosystem II oxygen evolving complex	0.0339155941258616	True	"""A complex, composed of a cluster of manganese, calcium and chloride ions bound to extrinsic proteins, that catalyzes the splitting of water to O2 and 4 H+. In cyanobacteria there are five extrinsic proteins in OEC (PsbO, PsbP-like, PsbQ-like, PsbU and PsbV), while in plants there are only three (PsbO, PsbP and PsbQ)."" [GOC:cjm, InterPro:IPR002683]"	24	139	2	20029	0.014388489208633094	0.08333333333333333	query_1	['GO:0009523', 'GO:0042651', 'GO:0098796', 'GO:1990204']	16hr_Monosome_up	1.469600570657835
GO:BP	GO:0070542	response to fatty acid	0.0347985016510892	True	"""Any process that results in a change in state or activity of a cell or an organism (in terms of movement, secretion, enzyme production, gene expression, etc.) as a result of a fatty acid stimulus."" [GOC:lp]"	235	130	6	21925	0.046153846153846156	0.02553191489361702	query_1	['GO:0033993', 'GO:1901700']	16hr_Monosome_up	1.458439455440578
GO:BP	GO:0036294	cellular response to decreased oxygen levels	0.036584671641535	True	"""Any process that results in a change in state or activity of a cell (in terms of movement, secretion, enzyme production, gene expression, etc.) as a result of a stimulus reflecting a decline in the level of oxygen."" [GOC:al]"	241	130	6	21925	0.046153846153846156	0.024896265560165973	query_1	['GO:0036293', 'GO:0071453']	16hr_Monosome_up	1.4367008385370905
GO:BP	GO:1990961	xenobiotic detoxification by transmembrane export across the plasma membrane	0.036584671641535	True	"""A process that reduces or removes the toxicity of a xenobiotic by exporting it outside the cell."" [PMID:28355133]"	50	130	3	21925	0.023076923076923078	0.06	query_1	['GO:0046618', 'GO:0098754', 'GO:0140115']	16hr_Monosome_up	1.4367008385370905
GO:BP	GO:0000041	transition metal ion transport	0.036584671641535	True	"""The directed movement of transition metal ions into, out of or within a cell, or between cells, by means of some agent such as a transporter or pore. A transition metal is an element whose atom has an incomplete d-subshell of extranuclear electrons, or which gives rise to a cation or cations with an incomplete d-subshell. Transition metals often have more than one valency state. Biologically relevant transition metals include vanadium, manganese, iron, copper, cobalt, nickel, molybdenum and silver."" [ISBN:0198506732]"	101	130	4	21925	0.03076923076923077	0.039603960396039604	query_1	['GO:0030001']	16hr_Monosome_up	1.4367008385370905
GO:BP	GO:0071453	cellular response to oxygen levels	0.036584671641535	True	"""Any process that results in a change in state or activity of a cell (in terms of movement, secretion, enzyme production, gene expression, etc.) as a result of a stimulus reflecting the presence, absence, or concentration of oxygen."" [GOC:mah]"	241	130	6	21925	0.046153846153846156	0.024896265560165973	query_1	['GO:0070482', 'GO:0070887']	16hr_Monosome_up	1.4367008385370905
GO:BP	GO:0071456	cellular response to hypoxia	0.036584671641535	True	"""Any process that results in a change in state or activity of a cell (in terms of movement, secretion, enzyme production, gene expression, etc.) as a result of a stimulus indicating lowered oxygen tension. Hypoxia, defined as a decline in O2 levels below normoxic levels of 20.8 - 20.95%, results in metabolic adaptation at both the cellular and organismal level."" [GOC:mah]"	239	130	6	21925	0.046153846153846156	0.02510460251046025	query_1	['GO:0001666', 'GO:0033554', 'GO:0036294']	16hr_Monosome_up	1.4367008385370905
GO:BP	GO:0046618	xenobiotic export from cell	0.036584671641535	True	"""The directed movement of a xenobiotic from a cell, into the extracellular region. A xenobiotic is a compound foreign to the organism exposed to it. It may be synthesized by another organism (like ampicilin) or it can be a synthetic chemical."" [GOC:go_curators, GOC:krc]"	50	130	3	21925	0.023076923076923078	0.06	query_1	['GO:0042908', 'GO:0055085', 'GO:0140352']	16hr_Monosome_up	1.4367008385370905
GO:CC	GO:0009344	nitrite reductase complex [NAD(P)H]	0.03851278215461733	True	"""Complex that possesses nitrite reductase [NAD(P)H] activity."" [GOC:mah]"	2	139	1	20029	0.007194244604316547	0.5	query_1	['GO:1902494']	16hr_Monosome_up	1.414395106909486
GO:BP	GO:0009697	salicylic acid biosynthetic process	0.03851975197716257	True	"""The chemical reactions and pathways resulting in the formation of salicylic acid (2-hydroxybenzoic acid), a derivative of benzoic acid."" [ISBN:0943088399]"	15	130	2	21925	0.015384615384615385	0.13333333333333333	query_1	['GO:0009696', 'GO:0046189', 'GO:0072330']	16hr_Monosome_up	1.4143165178947632
GO:MF	GO:0000287	magnesium ion binding	0.03870297408139969	True	"""Binding to a magnesium (Mg) ion."" [GOC:ai]"	141	133	4	22878	0.03007518796992481	0.028368794326241134	query_1	['GO:0046872']	16hr_Monosome_up	1.4122556608851555
GO:BP	GO:0009725	response to hormone	0.0387499261255567	True	"""Any process that results in a change in state or activity of a cell or an organism (in terms of movement, secretion, enzyme production, gene expression, etc.) as a result of a hormone stimulus."" [GOC:jl]"	1635	130	19	21925	0.14615384615384616	0.011620795107033639	query_1	['GO:0009719', 'GO:0042221']	16hr_Monosome_up	1.4117291211136362
GO:BP	GO:0009719	response to endogenous stimulus	0.0387499261255567	True	"""Any process that results in a change in state or activity of a cell or an organism (in terms of movement, secretion, enzyme production, gene expression, etc.) as a result of a stimulus arising within the organism."" [GOC:sm]"	1636	130	19	21925	0.14615384615384616	0.011613691931540342	query_1	['GO:0050896']	16hr_Monosome_up	1.4117291211136362
GO:BP	GO:1901703	protein localization involved in auxin polar transport	0.04076405207067466	True	"""Any protein localization that is involved in auxin polar transport."" [GOC:TermGenie, PMID:23163883]"	16	130	2	21925	0.015384615384615385	0.125	query_1	['GO:0008104', 'GO:0009926']	16hr_Monosome_up	1.3897226523283428
GO:BP	GO:0042255	ribosome assembly	0.04076405207067466	True	"""The aggregation, arrangement and bonding together of the mature ribosome and of its subunits."" [GOC:ma, PMID:30467428]"	16	130	2	21925	0.015384615384615385	0.125	query_1	['GO:0042254', 'GO:0140694']	16hr_Monosome_up	1.3897226523283428
GO:BP	GO:0097035	regulation of membrane lipid distribution	0.04076405207067466	True	"""Any process that modulates the proportions or spatial arrangement of lipids in a cellular membrane."" [GOC:mah, PMID:18441123, PMID:20823909]"	16	130	2	21925	0.015384615384615385	0.125	query_1	['GO:0061024', 'GO:0065008']	16hr_Monosome_up	1.3897226523283428
GO:BP	GO:0007033	vacuole organization	0.04108447622367995	True	"""A process that is carried out at the cellular level which results in the assembly, arrangement of constituent parts, or disassembly of a vacuole."" [GOC:mah]"	54	130	3	21925	0.023076923076923078	0.05555555555555555	query_1	['GO:0006996']	16hr_Monosome_up	1.3863222453732231
GO:MF	GO:0009703	nitrate reductase (NADH) activity	0.04192477794973888	True	"""Catalysis of the reaction: nitrite + NAD+ + H2O = nitrate + NADH + H+."" [RHEA:17913]"	2	133	1	22878	0.007518796992481203	0.5	query_1	['GO:0050463']	16hr_Monosome_up	1.3775292289117034
GO:MF	GO:0009679	hexose:proton symporter activity	0.04192477794973888	True	"""Enables the transfer of a solute or solutes from one side of a membrane to the other according to the reaction: hexose(out) + H+(out) = hexose(in) + H+(in)."" [TC:2.A.1.-.-]"	2	133	1	22878	0.007518796992481203	0.5	query_1	['GO:0005351', 'GO:0015149']	16hr_Monosome_up	1.3775292289117034
GO:MF	GO:0071568	UFM1 transferase activity	0.04192477794973888	True	"""Catalysis of the transfer of UFM1 from one protein to another via the reaction X-UFM1 + Y = Y-UFM1 + X, where both X-UFM1 and Y-UFM1 are covalent linkages."" [GOC:sp, PMID:20018847]"	2	133	1	22878	0.007518796992481203	0.5	query_1	['GO:0019787']	16hr_Monosome_up	1.3775292289117034
GO:MF	GO:0016651	oxidoreductase activity, acting on NAD(P)H	0.04192477794973888	True	"""Catalysis of an oxidation-reduction (redox) reaction in which NADH or NADPH acts as a hydrogen or electron donor and reduces a hydrogen or electron acceptor."" [GOC:ai]"	78	133	3	22878	0.022556390977443608	0.038461538461538464	query_1	['GO:0016491']	16hr_Monosome_up	1.3775292289117034
GO:MF	GO:0017077	oxidative phosphorylation uncoupler activity	0.04192477794973888	True	"""Enables the transfer of protons from mitochondrial intermembrane space into mitochondrial matrix, dissipating the proton gradient across the mitochondrial inner membrane established by the electron transport chain during the oxidative phosphorylation (proton leak). Proton leak uncouples the processes of electron transport/proton generation and ATP synthesis."" [PMID:15738989, PMID:16179945]"	2	133	1	22878	0.007518796992481203	0.5	query_1	['GO:0022857']	16hr_Monosome_up	1.3775292289117034
GO:MF	GO:0017151	DEAD/H-box RNA helicase binding	0.04192477794973888	True	"""Binding to a DEAD/H-box RNA helicase."" [GOC:jl]"	2	133	1	22878	0.007518796992481203	0.5	query_1	['GO:0019899']	16hr_Monosome_up	1.3775292289117034
GO:MF	GO:0043546	molybdopterin cofactor binding	0.04192477794973888	True	"""Binding to a molybdopterin cofactor (Moco), essential for the catalytic activity of some enzymes, e.g. sulfite oxidase, xanthine dehydrogenase, and aldehyde oxidase. The cofactor consists of a mononuclear molybdenum (Mo-molybdopterin) or tungsten ion (W-molybdopterin) coordinated by one or two molybdopterin ligands."" [ISSN:09498257]"	2	133	1	22878	0.007518796992481203	0.5	query_1	['GO:0005488']	16hr_Monosome_up	1.3775292289117034
GO:MF	GO:0050464	nitrate reductase (NADPH) activity	0.04192477794973888	True	"""Catalysis of the reaction: nitrite + NADP+ + H2O = nitrate + NADPH + H+."" [RHEA:19061]"	2	133	1	22878	0.007518796992481203	0.5	query_1	['GO:0050463']	16hr_Monosome_up	1.3775292289117034
GO:MF	GO:0050463	nitrate reductase [NAD(P)H] activity	0.04192477794973888	True	"""Catalysis of the reaction: nitrite + NAD(P)+ + H2O = nitrate + NAD(P)H + H+."" [EC:1.7.1.2]"	2	133	1	22878	0.007518796992481203	0.5	query_1	['GO:0008940', 'GO:0046857']	16hr_Monosome_up	1.3775292289117034
GO:MF	GO:0080118	brassinosteroid sulfotransferase activity	0.04192477794973888	True	"""Catalysis of the reaction: a brassinosteroid + 3'-phosphoadenosine-5'-phosphosulfate = sulfated brassinosteroid + adenosine-3',5'-diphosphate. This reaction is the transfer of a sulfate group to the hydroxyl group of a brassinosteroid acceptor, producing the sulfated brassinosteroid derivative."" [PMID:10409637, PMID:17039368]"	2	133	1	22878	0.007518796992481203	0.5	query_1	['GO:0008146']	16hr_Monosome_up	1.3775292289117034
GO:MF	GO:0052638	indole-3-butyrate beta-glucosyltransferase activity	0.04192477794973888	True	"""Catalysis of the reaction: indole-3-butyrate + UDP-D-glucose = indole-3-butyryl-beta-1-D-glucose + UDP."" [MetaCyc:RXN-11655, RHEA:62708]"	2	133	1	22878	0.007518796992481203	0.5	query_1	['GO:0035251']	16hr_Monosome_up	1.3775292289117034
GO:MF	GO:0003953	NAD+ nucleosidase activity	0.04393259148862576	True	"""Catalysis of the reaction: NAD+ + H2O = ADP-D-ribose + nicotinamide + H+."" [PMID:11866528, PMID:7805847, RHEA:16301]"	29	133	2	22878	0.015037593984962405	0.06896551724137931	query_1	['GO:0016799']	16hr_Monosome_up	1.3572131778861722
GO:BP	GO:0070887	cellular response to chemical stimulus	0.04405600581142727	True	"""Any process that results in a change in state or activity of a cell (in terms of movement, secretion, enzyme production, gene expression, etc.) as a result of a chemical stimulus."" [GOC:mah]"	1669	130	19	21925	0.14615384615384616	0.011384062312762133	query_1	['GO:0042221', 'GO:0051716']	16hr_Monosome_up	1.3559948792389895
GO:BP	GO:0006826	iron ion transport	0.04405600581142727	True	"""The directed movement of iron (Fe) ions into, out of or within a cell, or between cells, by means of some agent such as a transporter or pore."" [GOC:ai]"	56	130	3	21925	0.023076923076923078	0.05357142857142857	query_1	['GO:0000041']	16hr_Monosome_up	1.3559948792389895
GO:BP	GO:0061024	membrane organization	0.04405600581142727	True	"""A process which results in the assembly, arrangement of constituent parts, or disassembly of a membrane. A membrane is a double layer of lipid molecules that encloses all cells, and, in eukaryotes, many organelles; may be a single or double lipid bilayer; also includes associated proteins."" [GOC:dph, GOC:tb]"	181	130	5	21925	0.038461538461538464	0.027624309392265192	query_1	['GO:0016043']	16hr_Monosome_up	1.3559948792389895
GO:MF	GO:0061809	NAD+ nucleosidase activity, cyclic ADP-ribose generating	0.045839347740702543	True	"""Catalysis of the reaction: NAD+ + H2O = ADP-D-ribose + nicotinamide + H+, in a two step reaction: first an ADP-ribosyl cyclase reaction to synthesise cyclic ADP-ribose, followed by a cyclic ADP-ribose hydrolase reaction to generate (linear) ADP-ribose."" [EC:3.2.2.6, PMID:11866528]"	30	133	2	22878	0.015037593984962405	0.06666666666666667	query_1	['GO:0016799']	16hr_Monosome_up	1.3387615706791705
GO:MF	GO:0050135	NADP+ nucleosidase activity	0.045839347740702543	True	"""Catalysis of the reaction: NADP+ + H2O = ADP-D-ribose 2'-phosphate + nicotinamide + H+."" [RHEA:19849]"	30	133	2	22878	0.015037593984962405	0.06666666666666667	query_1	['GO:0016799']	16hr_Monosome_up	1.3387615706791705
GO:MF	GO:0003824	catalytic activity	0.0459632126625329	True	"""Catalysis of a biochemical reaction at physiological temperatures. In biologically catalyzed reactions, the reactants are known as substrates, and the catalysts are naturally occurring macromolecular substances known as enzymes. Enzymes possess specific binding sites for substrates, and are usually composed wholly or largely of protein, but RNA that has catalytic activity (ribozyme) is often also regarded as enzymatic."" [GOC:vw, ISBN:0198506732]"	9606	133	69	22878	0.518796992481203	0.007183010618363523	query_1	['GO:0003674']	16hr_Monosome_up	1.3375896233073394
GO:MF	GO:0050660	flavin adenine dinucleotide binding	0.046877988680384376	True	"""Binding to FAD, flavin-adenine dinucleotide, the coenzyme or the prosthetic group of various flavoprotein oxidoreductase enzymes, in either the oxidized form, FAD, or the reduced form, FADH2."" [GOC:ai, GOC:imk, ISBN:0198506732]"	158	133	4	22878	0.03007518796992481	0.02531645569620253	query_1	['GO:0000166', 'GO:0043168']	16hr_Monosome_up	1.329031030175742
GO:BP	GO:0015914	phospholipid transport	0.04818005552647865	True	"""The directed movement of phospholipids into, out of or within a cell, or between cells, by means of some agent such as a transporter or pore. Phospholipids are any lipids containing phosphoric acid as a mono- or diester."" [GOC:ai]"	18	130	2	21925	0.015384615384615385	0.1111111111111111	query_1	['GO:0006869', 'GO:0015748']	16hr_Monosome_up	1.3171327038223293
GO:BP	GO:0071569	protein ufmylation	0.0012807171733582859	True	"""Covalent attachment of the ubiquitin-like protein UFM1 to another protein."" [GOC:vw, PMID:20018847]"	3	24	2	21925	0.08333333333333333	0.6666666666666666	query_1	['GO:0032446']	4hr_Disome_up	2.8925467669074565
GO:CC	GO:0043228	membraneless organelle	0.0022411595550522728	True	"""Organized structure of distinctive morphology and function, not bounded by a lipid bilayer membrane. Includes ribosomes, the cytoskeleton and chromosomes."" [GOC:go_curators]"	2568	23	11	20029	0.4782608695652174	0.004283489096573208	query_1	['GO:0043226']	4hr_Disome_up	2.6495272236023415
GO:CC	GO:0043232	intracellular membraneless organelle	0.0022411595550522728	True	"""Organized structure of distinctive morphology and function, not bounded by a lipid bilayer membrane and occurring within the cell. Includes ribosomes, the cytoskeleton and chromosomes."" [GOC:go_curators]"	2568	23	11	20029	0.4782608695652174	0.004283489096573208	query_1	['GO:0043228', 'GO:0043229']	4hr_Disome_up	2.6495272236023415
GO:CC	GO:0005730	nucleolus	0.0030947793259294247	True	"""A small, dense body one or more of which are present in the nucleus of eukaryotic cells. It is rich in RNA and protein, is not bounded by a limiting membrane, and is not seen during mitosis. Its prime function is the transcription of the nucleolar DNA into 45S ribosomal-precursor RNA, the processing of this RNA into 5.8S, 18S, and 28S components of ribosomal RNA, and the association of these components with 5S RNA and proteins synthesized outside the nucleolus. This association results in the formation of ribonucleoprotein precursors; these pass into the cytoplasm and mature into the 40S and 60S subunits of the ribosome."" [ISBN:0198506732]"	701	23	6	20029	0.2608695652173913	0.008559201141226819	query_1	['GO:0031981', 'GO:0043232']	4hr_Disome_up	2.5093703130244545
GO:CC	GO:0031981	nuclear lumen	0.0030947793259294247	True	"""The volume enclosed by the nuclear inner membrane."" [GOC:mah, GOC:pz]"	1054	23	7	20029	0.30434782608695654	0.006641366223908918	query_1	['GO:0005634', 'GO:0070013']	4hr_Disome_up	2.5093703130244545
GO:CC	GO:0031974	membrane-enclosed lumen	0.0049546342799691575	True	"""The enclosed volume within a sealed membrane or between two sealed membranes. Encompasses the volume enclosed by the membranes of a particular organelle, e.g. endoplasmic reticulum lumen, or the space between the two lipid bilayers of a double membrane surrounding an organelle, e.g. nuclear envelope lumen."" [GOC:add, GOC:mah]"	1245	23	7	20029	0.30434782608695654	0.005622489959839358	query_1	['GO:0110165']	4hr_Disome_up	2.3049883968907334
GO:CC	GO:0043233	organelle lumen	0.0049546342799691575	True	"""The internal volume enclosed by the membranes of a particular organelle; includes the volume enclosed by a single organelle membrane, e.g. endoplasmic reticulum lumen, or the volume enclosed by the innermost of the two lipid bilayers of an organelle envelope, e.g. nuclear lumen."" [GOC:jl, GOC:mah]"	1245	23	7	20029	0.30434782608695654	0.005622489959839358	query_1	['GO:0031974', 'GO:0043226']	4hr_Disome_up	2.3049883968907334
GO:CC	GO:0070013	intracellular organelle lumen	0.0049546342799691575	True	"""An organelle lumen that is part of an intracellular organelle."" [GOC:mah]"	1245	23	7	20029	0.30434782608695654	0.005622489959839358	query_1	['GO:0043229', 'GO:0043233']	4hr_Disome_up	2.3049883968907334
GO:CC	GO:1990904	ribonucleoprotein complex	0.026564025151711704	True	"""A macromolecular complex that contains both RNA and protein molecules."" [GOC:krc, GOC:vesicles]"	831	23	5	20029	0.21739130434782608	0.006016847172081829	query_1	['GO:0032991']	4hr_Disome_up	1.5757061172283888
GO:BP	GO:0071462	cellular response to water stimulus	0.03706215047734108	True	"""Any process that results in a change in state or activity of a cell (in terms of movement, secretion, enzyme production, gene expression, etc.) as a result of a stimulus reflecting the presence, absence, or concentration of water."" [GOC:mah]"	40	24	2	21925	0.08333333333333333	0.05	query_1	['GO:0009415', 'GO:0071214', 'GO:0071229', 'GO:1901701']	4hr_Disome_up	1.4310693849807776
GO:BP	GO:0048316	seed development	0.03706215047734108	True	"""The process whose specific outcome is the progression of the seed over time, from its formation to the mature structure. A seed is a propagating organ formed in the sexual reproductive cycle of gymnosperms and angiosperms, consisting of a protective coat enclosing an embryo and food reserves."" [GOC:jid, PO:0009010]"	624	24	5	21925	0.20833333333333334	0.008012820512820512	query_1	['GO:0009791', 'GO:0010154', 'GO:0048608']	4hr_Disome_up	1.4310693849807776
GO:BP	GO:0042631	cellular response to water deprivation	0.03706215047734108	True	"""Any process that results in a change in state or activity of a cell (in terms of movement, secretion, enzyme production, gene expression, etc.) as a result of deprivation of water."" [GOC:go_curators]"	39	24	2	21925	0.08333333333333333	0.05128205128205128	query_1	['GO:0009414', 'GO:0033554', 'GO:0071462']	4hr_Disome_up	1.4310693849807776
GO:BP	GO:0035494	SNARE complex disassembly	0.03706215047734108	True	"""The disaggregation of the SNARE protein complex into its constituent components. The SNARE complex is a protein complex involved in membrane fusion; a stable ternary complex consisting of a four-helix bundle, usually formed from one R-SNARE and three Q-SNAREs with an ionic layer sandwiched between hydrophobic layers."" [GOC:rb, PMID:11697877]"	1	24	1	21925	0.041666666666666664	1.0	query_1	['GO:0016192', 'GO:0032984']	4hr_Disome_up	1.4310693849807776
GO:BP	GO:0016072	rRNA metabolic process	0.03706215047734108	True	"""The chemical reactions and pathways involving rRNA, ribosomal RNA, a structural constituent of ribosomes."" [ISBN:0198506732]"	199	24	3	21925	0.125	0.01507537688442211	query_1	['GO:0016070']	4hr_Disome_up	1.4310693849807776
GO:BP	GO:0010888	negative regulation of lipid storage	0.03706215047734108	True	"""Any process that decreases the rate, frequency or extent of lipid storage. Lipid storage is the accumulation and maintenance in cells or tissues of lipids, compounds soluble in organic solvents but insoluble or sparingly soluble in aqueous solvents. Lipid reserves can be accumulated during early developmental stages for mobilization and utilization at later stages of development."" [GOC:BHF, GOC:dph, GOC:tb]"	1	24	1	21925	0.041666666666666664	1.0	query_1	['GO:0010883', 'GO:0019915', 'GO:0048523', 'GO:1905953']	4hr_Disome_up	1.4310693849807776
GO:BP	GO:0009790	embryo development	0.03706215047734108	True	"""The process whose specific outcome is the progression of an embryo from its formation until the end of its embryonic life stage. The end of the embryonic stage is organism-specific. For example, for mammals, the process would begin with zygote formation and end with birth. For insects, the process would begin at zygote formation and end with larval hatching. For plant zygotic embryos, this would be from zygote formation to the end of seed dormancy. For plant vegetative embryos, this would be from the initial determination of the cell or group of cells to form an embryo until the point when the embryo becomes independent of the parent plant."" [GOC:go_curators, GOC:isa_complete, GOC:mtg_sensu]"	441	24	4	21925	0.16666666666666666	0.009070294784580499	query_1	['GO:0007275']	4hr_Disome_up	1.4310693849807776
GO:BP	GO:0010154	fruit development	0.03706215047734108	True	"""The process whose specific outcome is the progression of the fruit over time, from its formation to the mature structure. The fruit is a reproductive body of a seed plant."" [GOC:sm]"	664	24	5	21925	0.20833333333333334	0.007530120481927711	query_1	['GO:0048608']	4hr_Disome_up	1.4310693849807776
GO:BP	GO:0009793	embryo development ending in seed dormancy	0.03706215047734108	True	"""The process whose specific outcome is the progression of the embryo over time, from zygote formation to the end of seed dormancy. An example of this process is found in Arabidopsis thaliana."" [GOC:go_curators, GOC:mtg_sensu]"	411	24	4	21925	0.16666666666666666	0.009732360097323601	query_1	['GO:0003006', 'GO:0009790', 'GO:0048316']	4hr_Disome_up	1.4310693849807776
GO:BP	GO:0006364	rRNA processing	0.03706215047734108	True	"""Any process involved in the conversion of a primary ribosomal RNA (rRNA) transcript into one or more mature rRNA molecules."" [GOC:curators]"	194	24	3	21925	0.125	0.015463917525773196	query_1	['GO:0006396', 'GO:0016072', 'GO:0042254']	4hr_Disome_up	1.4310693849807776
GO:BP	GO:0010883	regulation of lipid storage	0.03706215047734108	True	"""Any process that modulates the rate, frequency or extent of lipid storage. Lipid storage is the accumulation and maintenance in cells or tissues of lipids, compounds soluble in organic solvents but insoluble or sparingly soluble in aqueous solvents. Lipid reserves can be accumulated during early developmental stages for mobilization and utilization at later stages of development."" [GOC:BHF, GOC:dph, GOC:tb]"	1	24	1	21925	0.041666666666666664	1.0	query_1	['GO:0019915', 'GO:0050794']	4hr_Disome_up	1.4310693849807776
GO:BP	GO:1905953	negative regulation of lipid localization	0.03706215047734108	True	"""Any process that stops, prevents or reduces the frequency, rate or extent of lipid localization."" [GO_REF:0000058, GOC:TermGenie, PMID:17564681]"	1	24	1	21925	0.041666666666666664	1.0	query_1	['GO:0010876', 'GO:0048519', 'GO:1905952']	4hr_Disome_up	1.4310693849807776
GO:CC	GO:0022626	cytosolic ribosome	0.041241268065359785	True	"""A ribosome located in the cytosol."" [GOC:mtg_sensu]"	289	23	3	20029	0.13043478260869565	0.010380622837370242	query_1	['GO:0005829', 'GO:0005840']	4hr_Disome_up	1.3846679897192236
GO:CC	GO:0005829	cytosol	0.041241268065359785	True	"""The part of the cytoplasm that does not contain organelles but which does contain other particulate matter, such as protein complexes."" [GOC:hjd, GOC:jl]"	2420	23	8	20029	0.34782608695652173	0.003305785123966942	query_1	['GO:0005737', 'GO:0110165']	4hr_Disome_up	1.3846679897192236
GO:CC	GO:0005737	cytoplasm	7.092804627531592e-05	True	"""The contents of a cell excluding the plasma membrane and nucleus, but including other subcellular structures."" [ISBN:0198547684]"	9524	47	39	20029	0.8297872340425532	0.0040949181016379675	query_1	['GO:0005622', 'GO:0110165']	Bulked_Disome_up	4.149182002699549
GO:CC	GO:0034357	photosynthetic membrane	0.00012894370749164054	True	"""A membrane enriched in complexes formed of reaction centers, accessory pigments and electron carriers, in which photosynthetic reactions take place."" [GOC:ds, GOC:mah]"	443	47	8	20029	0.1702127659574468	0.01805869074492099	query_1	['GO:0009579', 'GO:0016020']	Bulked_Disome_up	3.8895998467663517
GO:CC	GO:0042651	thylakoid membrane	0.00012894370749164054	True	"""The pigmented membrane of any thylakoid."" [GOC:jl, GOC:pr]"	442	47	8	20029	0.1702127659574468	0.01809954751131222	query_1	['GO:0034357']	Bulked_Disome_up	3.8895998467663517
GO:CC	GO:0005829	cytosol	0.00012894370749164054	True	"""The part of the cytoplasm that does not contain organelles but which does contain other particulate matter, such as protein complexes."" [GOC:hjd, GOC:jl]"	2420	47	18	20029	0.3829787234042553	0.00743801652892562	query_1	['GO:0005737', 'GO:0110165']	Bulked_Disome_up	3.8895998467663517
GO:CC	GO:0031968	organelle outer membrane	0.00012894370749164054	True	"""The outer, i.e. cytoplasm-facing in a cellular organelle, lipid bilayer of an organelle envelope."" [GOC:mah]"	546	47	9	20029	0.19148936170212766	0.016483516483516484	query_1	['GO:0019867', 'GO:0031967', 'GO:0098588']	Bulked_Disome_up	3.8895998467663517
GO:CC	GO:0055035	plastid thylakoid membrane	0.00012894370749164054	True	"""The lipid bilayer membrane of any thylakoid within a plastid."" [GOC:jid, GOC:rph]"	426	47	8	20029	0.1702127659574468	0.018779342723004695	query_1	['GO:0031976', 'GO:0042170', 'GO:0042651']	Bulked_Disome_up	3.8895998467663517
GO:CC	GO:0019867	outer membrane	0.00012894370749164054	True	"""The external membrane of Gram-negative bacteria or certain organelles such as mitochondria and chloroplasts; freely permeable to most ions and metabolites."" [GOC:go_curators]"	546	47	9	20029	0.19148936170212766	0.016483516483516484	query_1	['GO:0016020']	Bulked_Disome_up	3.8895998467663517
GO:CC	GO:0009535	chloroplast thylakoid membrane	0.00012894370749164054	True	"""The pigmented membrane of a chloroplast thylakoid. An example of this component is found in Arabidopsis thaliana."" [GOC:lr, GOC:mtg_sensu]"	424	47	8	20029	0.1702127659574468	0.018867924528301886	query_1	['GO:0009534', 'GO:0031968', 'GO:0055035']	Bulked_Disome_up	3.8895998467663517
GO:CC	GO:0031976	plastid thylakoid	0.0003235067154789766	True	"""Any thylakoid within a plastid."" [GOC:pz]"	519	47	8	20029	0.1702127659574468	0.015414258188824663	query_1	['GO:0009536', 'GO:0009579']	Bulked_Disome_up	3.490116699646929
GO:CC	GO:0009534	chloroplast thylakoid	0.0003235067154789766	True	"""Sac-like membranous structures (cisternae) in a chloroplast combined into stacks (grana) and present singly in the stroma (stroma thylakoids or frets) as interconnections between grana. An example of this component is found in Arabidopsis thaliana."" [GOC:mtg_sensu, ISBN:0943088399]"	517	47	8	20029	0.1702127659574468	0.015473887814313346	query_1	['GO:0009507', 'GO:0031976']	Bulked_Disome_up	3.490116699646929
KEGG	KEGG:00195	Photosynthesis	0.000757474458458766	True	Photosynthesis	45	21	4	5300	0.19047619047619047	0.08888888888888889	query_1	['KEGG:00000']	Bulked_Disome_up	3.120632006703455
GO:CC	GO:0009579	thylakoid	0.0007708923650215633	True	"""A membranous cellular structure that bears the photosynthetic pigments in plants, algae, and cyanobacteria. In cyanobacteria thylakoids are of various shapes and are attached to, or continuous with, the plasma membrane. In eukaryotes they are flattened, membrane-bounded disk-like structures located in the chloroplasts; in the chloroplasts of higher plants the thylakoids form dense stacks called grana. Isolated thylakoid preparations can carry out photosynthetic electron transport and the associated phosphorylation."" [GOC:ds, GOC:mtg_sensu, ISBN:0198506732]"	596	47	8	20029	0.1702127659574468	0.013422818791946308	query_1	['GO:0043232']	Bulked_Disome_up	3.1130062555942066
GO:CC	GO:0098588	bounding membrane of organelle	0.0007708923650215633	True	"""The lipid bilayer that forms the outer-most layer of an organelle."" [GOC:dos]"	1406	47	12	20029	0.2553191489361702	0.008534850640113799	query_1	['GO:0031090']	Bulked_Disome_up	3.1130062555942066
GO:CC	GO:0009521	photosystem	0.000785876695798067	True	"""A complex located in a photosynthetic membrane that consists of a photoreaction center associated with accessory pigments and electron carriers. Examples of this component are found in Arabidopsis thaliana and in photosynthetic bacterial and archaeal species."" [GOC:ds, GOC:mah, ISBN:0140514031, PMID:9821949]"	97	47	4	20029	0.0851063829787234	0.041237113402061855	query_1	['GO:0034357', 'GO:0098796']	Bulked_Disome_up	3.1046455895016916
GO:CC	GO:0009522	photosystem I	0.001299304407401835	True	"""A photosystem that contains an iron-sulfur reaction center associated with accessory pigments and electron carriers. In cyanobacteria and chloroplasts, photosystem I functions as a light-dependent plastocyanin-ferredoxin oxidoreductase, transferring electrons from plastocyanin to ferredoxin; in photosynthetic bacteria that have only a single type I photosystem, such as the green sulfur bacteria, electrons can go either to ferredoxin (Fd) -> NAD+ or to menaquinone (MK) -> Cytb/FeS -> Cytc555 -> photosystem I (cyclic photophosphorylation)."" [GOC:ds, GOC:mah, ISBN:0140514031, PMID:9821949]"	43	47	3	20029	0.06382978723404255	0.06976744186046512	query_1	['GO:0009521']	Bulked_Disome_up	2.8862890883672043
GO:CC	GO:0042170	plastid membrane	0.001346108430272578	True	"""Either of the lipid bilayers that surround a plastid and form the plastid envelope."" [GOC:mah]"	674	47	8	20029	0.1702127659574468	0.011869436201780416	query_1	['GO:0009526', 'GO:0031090']	Bulked_Disome_up	2.8709199558829166
GO:CC	GO:0009570	chloroplast stroma	0.0028995274894392923	True	"""The space enclosed by the double membrane of a chloroplast but excluding the thylakoid space. It contains DNA, ribosomes and some temporary products of photosynthesis."" [ISBN:0198547684]"	762	47	8	20029	0.1702127659574468	0.010498687664041995	query_1	['GO:0009507', 'GO:0009532']	Bulked_Disome_up	2.5376727694971755
GO:CC	GO:0009532	plastid stroma	0.002901130375087014	True	"""The proteinaceous ground substance of plastids."" [ISBN:0943088399]"	769	47	8	20029	0.1702127659574468	0.010403120936280884	query_1	['GO:0009536', 'GO:0110165']	Bulked_Disome_up	2.537432753821056
GO:CC	GO:0005622	intracellular anatomical structure	0.003358573911417112	True	"""A component of a cell contained within (but not including) the plasma membrane. In eukaryotes it includes the nucleus and cytoplasm."" [ISBN:0198506732]"	13505	47	42	20029	0.8936170212765957	0.003109959274342836	query_1	['GO:0110165']	Bulked_Disome_up	2.4738450898344273
GO:CC	GO:0009507	chloroplast	0.004663125368811053	True	"""A chlorophyll-containing plastid with thylakoids organized into grana and frets, or stroma thylakoids, and embedded in a stroma."" [ISBN:0471245208]"	2351	47	14	20029	0.2978723404255319	0.005954912803062527	query_1	['GO:0009536']	Bulked_Disome_up	2.331322908317558
GO:CC	GO:0031977	thylakoid lumen	0.004663125368811053	True	"""The volume enclosed by a thylakoid membrane."" [GOC:mah, GOC:pz]"	74	47	3	20029	0.06382978723404255	0.04054054054054054	query_1	['GO:0009579', 'GO:0110165']	Bulked_Disome_up	2.331322908317558
GO:CC	GO:0005773	vacuole	0.005391938724588689	True	"""A closed structure, found only in eukaryotic cells, that is completely surrounded by unit membrane and contains liquid material. Cells contain one or several vacuoles, that may have different functions from each other. Vacuoles have a diverse array of functions. They can act as a storage organelle for nutrients or waste products, as a degradative compartment, as a cost-effective way of increasing cell size, and as a homeostatic regulator controlling both turgor pressure and pH of the cytosol."" [GOC:mtg_sensu, ISBN:0198506732]"	1094	47	9	20029	0.19148936170212766	0.008226691042047532	query_1	['GO:0005737', 'GO:0043231']	Bulked_Disome_up	2.268255051881531
GO:BP	GO:0071569	protein ufmylation	0.006387062762513901	True	"""Covalent attachment of the ubiquitin-like protein UFM1 to another protein."" [GOC:vw, PMID:20018847]"	3	47	2	21925	0.0425531914893617	0.6666666666666666	query_1	['GO:0032446']	Bulked_Disome_up	2.1946988162234877
GO:CC	GO:0009536	plastid	0.009609450027816846	True	"""Any member of a family of organelles found in the cytoplasm of plants and some protists, which are membrane-bounded and contain DNA. Plant plastids develop from a common type, the proplastid."" [GOC:jl, ISBN:0198547684]"	2856	47	15	20029	0.3191489361702128	0.005252100840336135	query_1	['GO:0005737', 'GO:0043231']	Bulked_Disome_up	2.0173014673490606
GO:CC	GO:0009526	plastid envelope	0.010910732040990228	True	"""The double lipid bilayer enclosing a plastid and separating its contents from the rest of the cytoplasm; includes the intermembrane space."" [GOC:jy]"	988	47	8	20029	0.1702127659574468	0.008097165991902834	query_1	['GO:0009536', 'GO:0031967']	Bulked_Disome_up	1.9621461100260404
GO:CC	GO:0031090	organelle membrane	0.015848407360081064	True	"""A membrane that is one of the two lipid bilayers of an organelle envelope or the outermost membrane of single membrane bound organelle."" [GOC:dos, GOC:mah]"	2413	47	13	20029	0.2765957446808511	0.005387484459179445	query_1	['GO:0016020', 'GO:0043227']	Bulked_Disome_up	1.8000143744229626
GO:CC	GO:0009344	nitrite reductase complex [NAD(P)H]	0.024376587241889156	True	"""Complex that possesses nitrite reductase [NAD(P)H] activity."" [GOC:mah]"	2	47	1	20029	0.02127659574468085	0.5	query_1	['GO:1902494']	Bulked_Disome_up	1.6130270963288675
GO:BP	GO:0010258	NADH dehydrogenase complex (plastoquinone) assembly	0.029602995248816093	True	"""The aggregation, arrangement and bonding together of a set of components to form NADH:plastoquinone dehydrogenase complex, which is involved in the non-photochemical reduction of plastoquinones, as well as the cyclic electron transport around photosystem I."" [PMID:15608332]"	8	47	2	21925	0.0425531914893617	0.25	query_1	['GO:0010257', 'GO:0010275']	Bulked_Disome_up	1.528664344541681
GO:CC	GO:0031967	organelle envelope	0.029653017192365388	True	"""A double membrane structure enclosing an organelle, including two lipid bilayers and the region between them. In some cases, an organelle envelope may have more than two membranes."" [GOC:mah, GOC:pz]"	1452	47	9	20029	0.19148936170212766	0.006198347107438017	query_1	['GO:0043227', 'GO:0043229', 'GO:0110165']	Bulked_Disome_up	1.52793111061915
GO:CC	GO:0031978	plastid thylakoid lumen	0.029653017192365388	True	"""The volume enclosed by a plastid thylakoid membrane."" [GOC:mah]"	51	47	2	20029	0.0425531914893617	0.0392156862745098	query_1	['GO:0031976', 'GO:0031977']	Bulked_Disome_up	1.52793111061915
GO:CC	GO:0009543	chloroplast thylakoid lumen	0.029653017192365388	True	"""The cavity enclosed within the chloroplast thylakoid membrane. An example of this component is found in Arabidopsis thaliana."" [GOC:mtg_sensu, ISBN:0943088399]"	51	47	2	20029	0.0425531914893617	0.0392156862745098	query_1	['GO:0009534', 'GO:0031978']	Bulked_Disome_up	1.52793111061915
GO:CC	GO:0030093	chloroplast photosystem I	0.03148526270108462	True	"""Photosystem located in the chloroplast that functions as a light-dependent plastocyanin-ferredoxin oxidoreductase, transferring electrons from plastocyanin to ferredoxin. An example of this is found in Arabidopsis thaliana."" [GOC:jid, GOC:mtg_sensu]"	3	47	1	20029	0.02127659574468085	0.3333333333333333	query_1	['GO:0009522', 'GO:0098807']	Bulked_Disome_up	1.5018926787584412
GO:CC	GO:0043226	organelle	0.03514390322078176	True	"""Organized structure of distinctive morphology and function. Includes the nucleus, mitochondria, plastids, vacuoles, vesicles, ribosomes and the cytoskeleton, and prokaryotic structures such as anammoxosomes and pirellulosomes. Excludes the plasma membrane."" [GOC:go_curators]"	12326	47	37	20029	0.7872340425531915	0.0030017848450429986	query_1	['GO:0110165']	Bulked_Disome_up	1.454150005700462
GO:CC	GO:0043227	membrane-bounded organelle	0.03514390322078176	True	"""Organized structure of distinctive morphology and function, bounded by a single or double lipid bilayer membrane. Includes the nucleus, mitochondria, plastids, vacuoles, and vesicles. Excludes the plasma membrane."" [GOC:go_curators]"	11823	47	36	20029	0.7659574468085106	0.0030449124587668104	query_1	['GO:0043226']	Bulked_Disome_up	1.454150005700462
GO:CC	GO:0043229	intracellular organelle	0.03514390322078176	True	"""Organized structure of distinctive morphology and function, occurring within the cell. Includes the nucleus, mitochondria, plastids, vacuoles, vesicles, ribosomes and the cytoskeleton. Excludes the plasma membrane."" [GOC:go_curators]"	12312	47	37	20029	0.7872340425531915	0.003005198180636777	query_1	['GO:0005622', 'GO:0043226']	Bulked_Disome_up	1.454150005700462
GO:CC	GO:0043231	intracellular membrane-bounded organelle	0.03514390322078176	True	"""Organized structure of distinctive morphology and function, bounded by a single or double lipid bilayer membrane and occurring within the cell. Includes the nucleus, mitochondria, plastids, vacuoles, and vesicles. Excludes the plasma membrane."" [GOC:go_curators]"	11808	47	36	20029	0.7659574468085106	0.003048780487804878	query_1	['GO:0043227', 'GO:0043229']	Bulked_Disome_up	1.454150005700462
GO:CC	GO:0043529	GET complex	0.03514390322078176	True	"""An endoplasmic reticulum protein-containing complex that is conserved in eukaryotics and that mediates the insertion of tail-anchored proteins into the ER membrane. In yeast, includes Get1p, Get2p and Get3p proteins."" [GOC:krc, GOC:vw, PMID:16269340, PMID:18724936, PMID:32910895]"	4	47	1	20029	0.02127659574468085	0.25	query_1	['GO:0140534']	Bulked_Disome_up	1.454150005700462
GO:CC	GO:0010287	plastoglobule	0.03514390322078176	True	"""A lipoprotein particle present in chloroplasts. They are rich in non-polar lipids (triglycerides, esters) as well as in prenylquinones, plastoquinone and tocopherols. Plastoglobules are often associated with thylakoid membranes, suggesting an exchange of lipids with thylakoids."" [GOC:tair_curators, PMID:16461379]"	62	47	2	20029	0.0425531914893617	0.03225806451612903	query_1	['GO:0009570', 'GO:0110165']	Bulked_Disome_up	1.454150005700462
GO:CC	GO:0000325	plant-type vacuole	0.036977131296029274	True	"""A closed structure that is completely surrounded by a unit membrane, contains liquid, and retains the same shape regardless of cell cycle phase. An example of this structure is found in Arabidopsis thaliana."" [GOC:mtg_sensu, ISBN:0815316208]"	794	47	6	20029	0.1276595744680851	0.007556675062972292	query_1	['GO:0005773']	Bulked_Disome_up	1.432066784648743
GO:BP	GO:0010275	NAD(P)H dehydrogenase complex assembly	0.03860705286702886	True	"""The aggregation, arrangement and bonding together of a set of components to form NAD(P)H dehydrogenase complex, which is involved in electron transport from an unidentified electron donor, possibly NAD(P)H or ferredoxin(Fd) to the plastoquinone pool."" [GOC:sm]"	11	47	2	21925	0.0425531914893617	0.18181818181818182	query_1	['GO:0065003']	Bulked_Disome_up	1.413333349695249
GO:BP	GO:0015979	photosynthesis	0.03905728061570436	True	"""The synthesis by organisms of organic chemical compounds, especially carbohydrates, from carbon dioxide (CO2) using energy obtained from light rather than from the oxidation of chemical compounds."" [ISBN:0198547684]"	281	47	5	21925	0.10638297872340426	0.017793594306049824	query_1	['GO:0008152']	Bulked_Disome_up	1.408297997983832
GO:CC	GO:0043228	membraneless organelle	0.0460335609238239	True	"""Organized structure of distinctive morphology and function, not bounded by a lipid bilayer membrane. Includes ribosomes, the cytoskeleton and chromosomes."" [GOC:go_curators]"	2568	47	12	20029	0.2553191489361702	0.004672897196261682	query_1	['GO:0043226']	Bulked_Disome_up	1.336925428978471
GO:CC	GO:0043232	intracellular membraneless organelle	0.0460335609238239	True	"""Organized structure of distinctive morphology and function, not bounded by a lipid bilayer membrane and occurring within the cell. Includes ribosomes, the cytoskeleton and chromosomes."" [GOC:go_curators]"	2568	47	12	20029	0.2553191489361702	0.004672897196261682	query_1	['GO:0043228', 'GO:0043229']	Bulked_Disome_up	1.336925428978471
GO:CC	GO:0032991	protein-containing complex	0.04644996365201022	True	"""A stable assembly of two or more macromolecules, i.e. proteins, nucleic acids, carbohydrates or lipids, in which at least one component is a protein and the constituent parts function together."" [GOC:dos, GOC:mah]"	2580	47	12	20029	0.2553191489361702	0.004651162790697674	query_1	['GO:0005575']	Bulked_Disome_up	1.33301462151399
GO:BP	GO:0006952	defense response	3.44429776875293e-09	True	"""Reactions, triggered in response to the presence of a foreign body or the occurrence of an injury, which result in restriction of damage to the organism attacked or prevention/recovery from the infection caused by the attack."" [GOC:go_curators]"	1636	119	34	21925	0.2857142857142857	0.02078239608801956	query_1	['GO:0006950']	16hr_Disome_up	8.462899309675956
GO:BP	GO:0006950	response to stress	8.303083018895005e-09	True	"""Any process that results in a change in state or activity of a cell or an organism (in terms of movement, secretion, enzyme production, gene expression, etc.) as a result of a disturbance in organismal or cellular homeostasis, usually, but not necessarily, exogenous (e.g. temperature, humidity, ionizing radiation)."" [GOC:mah]"	3733	119	51	21925	0.42857142857142855	0.013661934101259042	query_1	['GO:0050896']	16hr_Disome_up	8.080760619734495
GO:BP	GO:0050896	response to stimulus	8.303083018895005e-09	True	"""Any process that results in a change in state or activity of a cell or an organism (in terms of movement, secretion, enzyme production, gene expression, etc.) as a result of a stimulus. The process begins with detection of the stimulus and ends with a change in state or activity or the cell or organism."" [GOC:ai, GOC:bf]"	6001	119	67	21925	0.5630252100840336	0.011164805865689052	query_1	['GO:0008150']	16hr_Disome_up	8.080760619734495
GO:BP	GO:0042221	response to chemical	1.332741479174264e-08	True	"""Any process that results in a change in state or activity of a cell or an organism (in terms of movement, secretion, enzyme production, gene expression, etc.) as a result of a chemical stimulus."" [GOC:jl]"	2940	119	44	21925	0.3697478991596639	0.014965986394557823	query_1	['GO:0050896']	16hr_Disome_up	7.875254085437347
GO:BP	GO:0098542	defense response to other organism	1.332741479174264e-08	True	"""Reactions triggered in response to the presence of another organism that act to protect the cell or organism from damage caused by that organism."" [GOC:dos]"	1154	119	27	21925	0.226890756302521	0.02339688041594454	query_1	['GO:0006952', 'GO:0051707']	16hr_Disome_up	7.875254085437347
GO:BP	GO:0051707	response to other organism	1.6606288600693193e-08	True	"""Any process that results in a change in state or activity of a cell or an organism (in terms of movement, secretion, enzyme production, gene expression, etc.) as a result of a stimulus from another living organism."" [GOC:ai]"	1461	119	30	21925	0.25210084033613445	0.02053388090349076	query_1	['GO:0043207', 'GO:0044419']	16hr_Disome_up	7.779727418743287
GO:BP	GO:0043207	response to external biotic stimulus	1.6606288600693193e-08	True	"""Any process that results in a change in state or activity of a cell or an organism (in terms of movement, secretion, enzyme production, gene expression, etc.) as a result of an external biotic stimulus, an external stimulus caused by, or produced by living things."" [GOC:go_curators]"	1461	119	30	21925	0.25210084033613445	0.02053388090349076	query_1	['GO:0009605', 'GO:0009607']	16hr_Disome_up	7.779727418743287
GO:BP	GO:0009607	response to biotic stimulus	1.8086535642875477e-08	True	"""Any process that results in a change in state or activity of a cell or an organism (in terms of movement, secretion, enzyme production, gene expression, etc.) as a result of a biotic stimulus, a stimulus caused or produced by a living organism."" [GOC:hb]"	1488	119	30	21925	0.25210084033613445	0.020161290322580645	query_1	['GO:0050896']	16hr_Disome_up	7.742644611430223
GO:BP	GO:0009605	response to external stimulus	1.8086535642875477e-08	True	"""Any process that results in a change in state or activity of a cell or an organism (in terms of movement, secretion, enzyme production, gene expression, etc.) as a result of an external stimulus."" [GOC:hb]"	1684	119	32	21925	0.2689075630252101	0.019002375296912115	query_1	['GO:0050896']	16hr_Disome_up	7.742644611430223
GO:BP	GO:0044419	biological process involved in interspecies interaction between organisms	1.8086535642875477e-08	True	"""Any process evolved to enable an interaction with an organism of a different species."" [GOC:cc]"	1477	119	30	21925	0.25210084033613445	0.020311442112389978	query_1	['GO:0008150']	16hr_Disome_up	7.742644611430223
GO:BP	GO:0009617	response to bacterium	2.8811694214620936e-07	True	"""Any process that results in a change in state or activity of a cell or an organism (in terms of movement, secretion, enzyme production, gene expression, etc.) as a result of a stimulus from a bacterium."" [GOC:hb]"	463	119	16	21925	0.13445378151260504	0.03455723542116631	query_1	['GO:0051707']	16hr_Disome_up	6.540431203141756
GO:BP	GO:0002376	immune system process	2.8811694214620936e-07	True	"""Any process involved in the development or functioning of the immune system, an organismal system for calibrated responses to potential internal or invasive threats."" [GO_REF:0000022, GOC:add]"	279	119	13	21925	0.1092436974789916	0.04659498207885305	query_1	['GO:0008150']	16hr_Disome_up	6.540431203141756
GO:BP	GO:0009751	response to salicylic acid	3.2862131982292105e-07	True	"""Any process that results in a change in state or activity of a cell or an organism (in terms of movement, secretion, enzyme production, gene expression, etc.) as a result of a salicylic acid stimulus."" [GOC:jl]"	185	119	11	21925	0.09243697478991597	0.05945945945945946	query_1	['GO:1901700']	16hr_Disome_up	6.4833042644521
GO:BP	GO:1901700	response to oxygen-containing compound	7.107763431298661e-07	True	"""Any process that results in a change in state or activity of a cell or an organism (in terms of movement, secretion, enzyme production, gene expression, etc.) as a result of an oxygen-containing compound stimulus."" [GOC:pr, GOC:TermGenie]"	1659	119	29	21925	0.24369747899159663	0.017480409885473176	query_1	['GO:0042221']	16hr_Disome_up	6.1482670353112105
GO:BP	GO:0140546	defense response to symbiont	1.2220848730412581e-06	True	"""Reactions triggered in response to the presence of a symbiont that act to protect or prevent damage to the host."" [GOC:pg]"	325	119	13	21925	0.1092436974789916	0.04	query_1	['GO:0098542']	16hr_Disome_up	5.912898631561957
GO:BP	GO:0012501	programmed cell death	1.2220848730412581e-06	True	"""A process which begins when a cell receives an internal or external signal and activates a series of biochemical events (signaling pathway). The process ends with the death of the cell."" [GOC:lr, GOC:mtg_apoptosis]"	166	119	10	21925	0.08403361344537816	0.060240963855421686	query_1	['GO:0008219']	16hr_Disome_up	5.912898631561957
GO:BP	GO:0009626	plant-type hypersensitive response	1.376095590330714e-06	True	"""The rapid, localized death of plant cells in response to invasion by a pathogen."" [ISBN:0582227089]"	90	119	8	21925	0.06722689075630252	0.08888888888888889	query_1	['GO:0033554', 'GO:0034050', 'GO:0045087']	16hr_Disome_up	5.86135139683363
GO:BP	GO:0006955	immune response	1.376095590330714e-06	True	"""Any immune system process that functions in the calibrated response of an organism to a potential internal or invasive threat."" [GO_REF:0000022, GOC:add]"	273	119	12	21925	0.10084033613445378	0.04395604395604396	query_1	['GO:0002376', 'GO:0050896']	16hr_Disome_up	5.86135139683363
GO:BP	GO:0034050	symbiont-induced defense-related programmed cell death	1.4228990869899255e-06	True	"""Cell death resulting from activation of endogenous cellular processes after interaction with a symbiont (defined as the smaller of two, or more, organisms engaged in symbiosis, a close interaction encompassing mutualism through parasitism). This can be triggered by direct interaction with the organism, for example, contact with penetrating hyphae of a fungus; or an indirect interaction such as symbiont-secreted molecules."" [GOC:pamgo_curators]"	91	119	8	21925	0.06722689075630252	0.08791208791208792	query_1	['GO:0012501', 'GO:0140546']	16hr_Disome_up	5.8468258992955295
GO:BP	GO:0008219	cell death	3.125454498503404e-06	True	"""Any biological process that results in permanent cessation of all vital functions of a cell. A cell should be considered dead when any one of the following molecular or morphological criteria is met: (1) the cell has lost the integrity of its plasma membrane; (2) the cell, including its nucleus, has undergone complete fragmentation into discrete bodies (frequently referred to as apoptotic bodies). The cell corpse (or its fragments) may be engulfed by an adjacent cell in vivo, but engulfment of whole cells should not be considered a strict criteria to define cell death as, under some circumstances, live engulfed cells can be released from phagosomes (see PMID:18045538)."" [GOC:mah, GOC:mtg_apoptosis, PMID:25236395]"	188	119	10	21925	0.08403361344537816	0.05319148936170213	query_1	['GO:0009987']	16hr_Disome_up	5.505086819331241
GO:BP	GO:0045087	innate immune response	5.948034673881219e-06	True	"""Innate immune responses are defense responses mediated by germline encoded components that directly recognize components of potential pathogens."" [GO_REF:0000022, GOC:add, GOC:ebc, GOC:mtg_sensu]"	257	119	11	21925	0.09243697478991597	0.042801556420233464	query_1	['GO:0006955', 'GO:0140546']	16hr_Disome_up	5.225626508436669
GO:CC	GO:0044853	plasma membrane raft	1.0348336137517165e-05	True	"""A membrane raft that is part of the plasma membrane."" [GOC:jl]"	3	116	3	20029	0.02586206896551724	1.0	query_1	['GO:0045121', 'GO:0098590']	16hr_Disome_up	4.985129472852874
GO:CC	GO:0005901	caveola	1.0348336137517165e-05	True	"""A membrane raft that forms small pit, depression, or invagination that communicates with the outside of a cell and extends inward, indenting the cytoplasm and the cell membrane. Examples include flask-shaped invaginations of the plasma membrane in adipocytes associated with caveolin proteins, and minute pits or incuppings of the cell membrane formed during pinocytosis. Caveolae may be pinched off to form free vesicles within the cytoplasm."" [GOC:mah, ISBN:0721662544, PMID:16645198]"	3	116	3	20029	0.02586206896551724	1.0	query_1	['GO:0044853']	16hr_Disome_up	4.985129472852874
GO:CC	GO:0045121	membrane raft	1.0348336137517165e-05	True	"""Any of the small (10-200 nm), heterogeneous, highly dynamic, sterol- and sphingolipid-enriched membrane domains that compartmentalize cellular processes. Small rafts can sometimes be stabilized to form larger platforms through protein-protein and protein-lipid interactions."" [PMID:16645198, PMID:20044567]"	3	116	3	20029	0.02586206896551724	1.0	query_1	['GO:0098857']	16hr_Disome_up	4.985129472852874
GO:BP	GO:0051716	cellular response to stimulus	1.1000035139863114e-05	True	"""Any process that results in a change in state or activity of a cell (in terms of movement, secretion, enzyme production, gene expression, etc.) as a result of a stimulus. The process begins with detection of the stimulus by a cell and ends with a change in state or activity or the cell."" [GOC:bf, GOC:jl]"	2897	119	37	21925	0.31092436974789917	0.01277183293061788	query_1	['GO:0009987', 'GO:0050896']	16hr_Disome_up	4.958605927475932
GO:BP	GO:0033554	cellular response to stress	1.2142393926394435e-05	True	"""Any process that results in a change in state or activity of a cell (in terms of movement, secretion, enzyme production, gene expression, etc.) as a result of a stimulus indicating the organism is under stress. The stress is usually, but not necessarily, exogenous (e.g. temperature, humidity, ionizing radiation)."" [GOC:mah]"	1085	119	21	21925	0.17647058823529413	0.01935483870967742	query_1	['GO:0006950', 'GO:0051716']	16hr_Disome_up	4.915695681750976
GO:BP	GO:0042742	defense response to bacterium	2.2282196460059695e-05	True	"""Reactions triggered in response to the presence of a bacterium that act to protect the cell or organism."" [GOC:jl]"	363	119	12	21925	0.10084033613445378	0.03305785123966942	query_1	['GO:0009617', 'GO:0098542']	16hr_Disome_up	4.652042000954934
GO:BP	GO:0048583	regulation of response to stimulus	4.069883533820334e-05	True	"""Any process that modulates the frequency, rate or extent of a response to a stimulus. Response to stimulus is a change in state or activity of a cell or an organism (in terms of movement, secretion, enzyme production, gene expression, etc.) as a result of a stimulus."" [GOC:jid]"	791	119	17	21925	0.14285714285714285	0.021491782553729456	query_1	['GO:0050789', 'GO:0050896']	16hr_Disome_up	4.390418018623151
GO:CC	GO:0098857	membrane microdomain	7.695707854752035e-05	True	"""A membrane region with a lipid composition that is distinct from that of the membrane regions that surround it."" [PMID:20044567, PMID:26253820]"	5	116	3	20029	0.02586206896551724	0.6	query_1	['GO:0016020']	16hr_Disome_up	4.1137514273888165
GO:BP	GO:0070887	cellular response to chemical stimulus	8.265977215058195e-05	True	"""Any process that results in a change in state or activity of a cell (in terms of movement, secretion, enzyme production, gene expression, etc.) as a result of a chemical stimulus."" [GOC:mah]"	1669	119	25	21925	0.21008403361344538	0.014979029358897543	query_1	['GO:0042221', 'GO:0051716']	16hr_Disome_up	4.08270579617361
GO:BP	GO:0036294	cellular response to decreased oxygen levels	0.00018374249939877258	True	"""Any process that results in a change in state or activity of a cell (in terms of movement, secretion, enzyme production, gene expression, etc.) as a result of a stimulus reflecting a decline in the level of oxygen."" [GOC:al]"	241	119	9	21925	0.07563025210084033	0.03734439834024896	query_1	['GO:0036293', 'GO:0071453']	16hr_Disome_up	3.735790380331986
GO:BP	GO:0071453	cellular response to oxygen levels	0.00018374249939877258	True	"""Any process that results in a change in state or activity of a cell (in terms of movement, secretion, enzyme production, gene expression, etc.) as a result of a stimulus reflecting the presence, absence, or concentration of oxygen."" [GOC:mah]"	241	119	9	21925	0.07563025210084033	0.03734439834024896	query_1	['GO:0070482', 'GO:0070887']	16hr_Disome_up	3.735790380331986
GO:BP	GO:0071456	cellular response to hypoxia	0.00018374249939877258	True	"""Any process that results in a change in state or activity of a cell (in terms of movement, secretion, enzyme production, gene expression, etc.) as a result of a stimulus indicating lowered oxygen tension. Hypoxia, defined as a decline in O2 levels below normoxic levels of 20.8 - 20.95%, results in metabolic adaptation at both the cellular and organismal level."" [GOC:mah]"	239	119	9	21925	0.07563025210084033	0.03765690376569038	query_1	['GO:0001666', 'GO:0033554', 'GO:0036294']	16hr_Disome_up	3.735790380331986
GO:BP	GO:0001666	response to hypoxia	0.00039125624371144695	True	"""Any process that results in a change in state or activity of a cell or an organism (in terms of movement, secretion, enzyme production, gene expression, etc.) as a result of a stimulus indicating lowered oxygen tension. Hypoxia, defined as a decline in O2 levels below normoxic levels of 20.8 - 20.95%, results in metabolic adaptation at both the cellular and organismal level."" [GOC:hjd]"	266	119	9	21925	0.07563025210084033	0.03383458646616541	query_1	['GO:0006950', 'GO:0036293']	16hr_Disome_up	3.4075387188696693
GO:BP	GO:0070482	response to oxygen levels	0.00042513103906199553	True	"""Any process that results in a change in state or activity of a cell or an organism (in terms of movement, secretion, enzyme production, gene expression, etc.) as a result of a stimulus reflecting the presence, absence, or concentration of oxygen."" [GOC:BHF, GOC:mah]"	271	119	9	21925	0.07563025210084033	0.033210332103321034	query_1	['GO:0009628']	16hr_Disome_up	3.371477185785073
GO:BP	GO:0036293	response to decreased oxygen levels	0.00042513103906199553	True	"""Any process that results in a change in state or activity of a cell or an organism (in terms of movement, secretion, enzyme production, gene expression, etc.) as a result of a stimulus reflecting a decline in the level of oxygen."" [GOC:al]"	270	119	9	21925	0.07563025210084033	0.03333333333333333	query_1	['GO:0070482']	16hr_Disome_up	3.371477185785073
GO:MF	GO:0016887	ATP hydrolysis activity	0.00046382872140859324	True	"""Catalysis of the reaction: ATP + H2O = ADP + H+ phosphate. ATP hydrolysis is used in some reactions as an energy source, for example to catalyze a reaction or drive transport against a concentration gradient."" [RHEA:13065]"	552	122	14	22878	0.11475409836065574	0.025362318840579712	query_1	['GO:0017111', 'GO:0140657']	16hr_Disome_up	3.3336423622891047
GO:BP	GO:0009628	response to abiotic stimulus	0.0005333842568349276	True	"""Any process that results in a change in state or activity of a cell or an organism (in terms of movement, secretion, enzyme production, gene expression, etc.) as a result of an abiotic (not derived from living organisms) stimulus."" [GOC:hb]"	2131	119	27	21925	0.226890756302521	0.012670107930549039	query_1	['GO:0050896']	16hr_Disome_up	3.2729598069262686
GO:MF	GO:0043531	ADP binding	0.0007032589742546609	True	"""Binding to ADP, adenosine 5'-diphosphate."" [GOC:jl]"	175	122	8	22878	0.06557377049180328	0.045714285714285714	query_1	['GO:0032559', 'GO:0043168']	16hr_Disome_up	3.1528847171159637
GO:MF	GO:0032559	adenyl ribonucleotide binding	0.0018320793473001252	True	"""Binding to an adenyl ribonucleotide, any compound consisting of adenosine esterified with (ortho)phosphate or an oligophosphate at any hydroxyl group on the ribose moiety."" [GOC:mah]"	2521	122	29	22878	0.23770491803278687	0.011503371677905593	query_1	['GO:0030554', 'GO:0032555']	16hr_Disome_up	2.737055720980202
GO:MF	GO:0017111	ribonucleoside triphosphate phosphatase activity	0.0018320793473001252	True	"""Catalysis of the reaction: a ribonucleoside triphosphate + H2O = a ribonucleoside diphosphate + H+ + phosphate."" [RHEA:23680]"	850	122	15	22878	0.12295081967213115	0.01764705882352941	query_1	['GO:0016462']	16hr_Disome_up	2.737055720980202
GO:MF	GO:0016818	hydrolase activity, acting on acid anhydrides, in phosphorus-containing anhydrides	0.0018320793473001252	True	"""Catalysis of the hydrolysis of any acid anhydride which contains phosphorus."" [GOC:jl]"	922	122	16	22878	0.13114754098360656	0.01735357917570499	query_1	['GO:0016817']	16hr_Disome_up	2.737055720980202
GO:MF	GO:0016817	hydrolase activity, acting on acid anhydrides	0.0018320793473001252	True	"""Catalysis of the hydrolysis of any acid anhydride."" [GOC:jl]"	927	122	16	22878	0.13114754098360656	0.017259978425026967	query_1	['GO:0016787']	16hr_Disome_up	2.737055720980202
GO:MF	GO:0016462	pyrophosphatase activity	0.0018320793473001252	True	"""Catalysis of the hydrolysis of a pyrophosphate bond (diphosphate bond) between two phosphate groups."" [GOC:curators, https://en.wikipedia.org/wiki/Pyrophosphatase]"	913	122	16	22878	0.13114754098360656	0.017524644030668127	query_1	['GO:0016818']	16hr_Disome_up	2.737055720980202
GO:MF	GO:0030554	adenyl nucleotide binding	0.0018320793473001252	True	"""Binding to an adenyl nucleotide, an adenosine esterified with (ortho)phosphate."" [ISBN:0198506732]"	2651	122	30	22878	0.2459016393442623	0.011316484345529988	query_1	['GO:0017076']	16hr_Disome_up	2.737055720980202
GO:MF	GO:0032555	purine ribonucleotide binding	0.0018406526392398827	True	"""Binding to a purine ribonucleotide, any compound consisting of a purine ribonucleoside that is esterified with (ortho)phosphate or an oligophosphate at any hydroxyl group on the ribose moiety."" [GOC:mah]"	2841	122	31	22878	0.2540983606557377	0.010911650827173531	query_1	['GO:0017076', 'GO:0032553']	16hr_Disome_up	2.735028162117936
GO:MF	GO:0017076	purine nucleotide binding	0.0018406526392398827	True	"""Binding to a purine nucleotide, a compound consisting of a purine nucleoside esterified with (ortho)phosphate."" [GOC:ai]"	2971	122	32	22878	0.26229508196721313	0.010770784247728038	query_1	['GO:0000166']	16hr_Disome_up	2.735028162117936
GO:MF	GO:0140657	ATP-dependent activity	0.0018406526392398827	True	"""A molecular function characterized by the coupling of ATP hydrolysis to other steps of a reaction mechanism to make the reaction energetically favorable, for example to catalyze a reaction or drive transport against a concentration gradient."" [PMID:24878343, PMID:25750732, PMID:32933017, PMID:33818025, PMID:33873056, PMID:33988324]"	867	122	15	22878	0.12295081967213115	0.01730103806228374	query_1	['GO:0003674']	16hr_Disome_up	2.735028162117936
GO:MF	GO:0032553	ribonucleotide binding	0.001977829341481413	True	"""Binding to a ribonucleotide, any compound consisting of a ribonucleoside that is esterified with (ortho)phosphate or an oligophosphate at any hydroxyl group on the ribose moiety."" [GOC:mah]"	2865	122	31	22878	0.2540983606557377	0.010820244328097731	query_1	['GO:0000166', 'GO:0097367']	16hr_Disome_up	2.7038111845540063
GO:BP	GO:0071569	protein ufmylation	0.002003358065405058	True	"""Covalent attachment of the ubiquitin-like protein UFM1 to another protein."" [GOC:vw, PMID:20018847]"	3	119	2	21925	0.01680672268907563	0.6666666666666666	query_1	['GO:0032446']	16hr_Disome_up	2.698241421184822
GO:MF	GO:1901265	nucleoside phosphate binding	0.002078069432829911	True	"""Binding to nucleoside phosphate."" [GOC:TermGenie]"	3179	122	33	22878	0.27049180327868855	0.010380622837370242	query_1	['GO:0005488']	16hr_Disome_up	2.6823399458110226
GO:MF	GO:0097367	carbohydrate derivative binding	0.002078069432829911	True	"""Binding to a carbohydrate derivative."" [GOC:pr]"	2907	122	31	22878	0.2540983606557377	0.010663914688682491	query_1	['GO:0005488']	16hr_Disome_up	2.6823399458110226
GO:MF	GO:0000166	nucleotide binding	0.002078069432829911	True	"""Binding to a nucleotide, any compound consisting of a nucleoside that is esterified with (ortho)phosphate or an oligophosphate at any hydroxyl group on the ribose or deoxyribose."" [GOC:mah, ISBN:0198547684]"	3173	122	33	22878	0.27049180327868855	0.010400252127324299	query_1	['GO:1901265', 'GO:1901363']	16hr_Disome_up	2.6823399458110226
GO:MF	GO:0022804	active transmembrane transporter activity	0.0023511497354330372	True	"""Enables the transfer of a specific substance or related group of substances from one side of a membrane to the other, up the solute's concentration gradient. The transporter binds the solute and undergoes a series of conformational changes. Transport works equally well in either direction."" [GOC:mtg_transport, ISBN:0815340729]"	527	122	11	22878	0.09016393442622951	0.020872865275142316	query_1	['GO:0022857']	16hr_Disome_up	2.6287197114954175
GO:MF	GO:0005516	calmodulin binding	0.002536329047952098	True	"""Binding to calmodulin, a calcium-binding protein with many roles, both in the calcium-bound and calcium-free states."" [GOC:krc]"	211	122	7	22878	0.05737704918032787	0.03317535545023697	query_1	['GO:0005515']	16hr_Disome_up	2.595794404402392
GO:BP	GO:0000302	response to reactive oxygen species	0.002605503909849303	True	"""Any process that results in a change in state or activity of a cell or an organism (in terms of movement, secretion, enzyme production, gene expression, etc.) as a result of a reactive oxygen species stimulus. Reactive oxygen species include singlet oxygen, superoxide, and oxygen free radicals."" [GOC:krc]"	140	119	6	21925	0.05042016806722689	0.04285714285714286	query_1	['GO:0006979', 'GO:1901700']	16hr_Disome_up	2.5841082707894083
GO:MF	GO:0030619	U1 snRNA binding	0.0027153251215124154	True	"""Binding to a U1 small nuclear RNA (U1 snRNA)."" [GOC:mah]"	4	122	2	22878	0.01639344262295082	0.5	query_1	['GO:0017069']	16hr_Disome_up	2.5661781623826116
GO:MF	GO:0043168	anion binding	0.0027153251215124154	True	"""Binding to an anion, a charged atom or group of atoms with a net negative charge."" [GOC:jl]"	3268	122	33	22878	0.27049180327868855	0.010097919216646267	query_1	['GO:0043167']	16hr_Disome_up	2.5661781623826116
GO:BP	GO:0002831	regulation of response to biotic stimulus	0.003099270408389189	True	"""Any process that modulates the frequency, rate, or extent of a response to biotic stimulus."" [GOC:add]"	209	119	7	21925	0.058823529411764705	0.03349282296650718	query_1	['GO:0009607', 'GO:0048583']	16hr_Disome_up	2.508740530327994
GO:BP	GO:0032101	regulation of response to external stimulus	0.003099270408389189	True	"""Any process that modulates the frequency, rate or extent of a response to an external stimulus."" [GOC:mah]"	209	119	7	21925	0.058823529411764705	0.03349282296650718	query_1	['GO:0009605', 'GO:0048583']	16hr_Disome_up	2.508740530327994
GO:MF	GO:1901363	heterocyclic compound binding	0.0031358428761813213	True	"""Binding to heterocyclic compound."" [GOC:TermGenie]"	3307	122	33	22878	0.27049180327868855	0.009978832778953735	query_1	['GO:0036094']	16hr_Disome_up	2.503645706101425
GO:BP	GO:0031347	regulation of defense response	0.0034217870613174935	True	"""Any process that modulates the frequency, rate or extent of a defense response."" [GOC:mah]"	285	119	8	21925	0.06722689075630252	0.028070175438596492	query_1	['GO:0006952', 'GO:0080134']	16hr_Disome_up	2.4657470202105247
GO:BP	GO:0042537	benzene-containing compound metabolic process	0.00454426438134263	True	"""The chemical reactions and pathways involving benzene, C6H6, a volatile, very inflammable liquid, contained in the naphtha produced by the destructive distillation of coal, from which it is separated by fractional distillation, or any of its derivatives."" [GOC:jl]"	55	119	4	21925	0.03361344537815126	0.07272727272727272	query_1	['GO:0008152']	16hr_Disome_up	2.3425364096874177
GO:CC	GO:0016020	membrane	0.005259557382620357	True	"""A lipid bilayer along with all the proteins and protein complexes embedded in it and attached to it."" [GOC:dos, GOC:mah, ISBN:0815316194]"	8169	116	67	20029	0.5775862068965517	0.0082017382788591	query_1	['GO:0110165']	16hr_Disome_up	2.279050802305146
GO:BP	GO:0007154	cell communication	0.005541558254675626	True	"""Any process that mediates interactions between a cell and its surroundings. Encompasses interactions such as signaling or attachment between one cell and another cell, between a cell and an extracellular matrix, or between a cell and any other aspect of its environment."" [GOC:mah]"	1817	119	22	21925	0.18487394957983194	0.012107870115575124	query_1	['GO:0009987']	16hr_Disome_up	2.256368096959262
GO:BP	GO:1901701	cellular response to oxygen-containing compound	0.005541558254675626	True	"""Any process that results in a change in state or activity of a cell (in terms of movement, secretion, enzyme production, gene expression, etc.) as a result of an oxygen-containing compound stimulus."" [GOC:pr, GOC:TermGenie]"	772	119	13	21925	0.1092436974789916	0.01683937823834197	query_1	['GO:0070887', 'GO:1901700']	16hr_Disome_up	2.256368096959262
GO:MF	GO:0102721	ubiquinol:oxygen oxidoreductase activity	0.005568623141587748	True	"""Catalysis of the reaction: O2 + 2 an ubiquinol = 2 H2O + 2 an ubiquinone."" [GOC:pz, RHEA:30255]"	6	122	2	22878	0.01639344262295082	0.3333333333333333	query_1	['GO:0016682']	16hr_Disome_up	2.2542521721384152
GO:MF	GO:0106292	superoxide-generating NADPH oxidase activity	0.005568623141587748	True	"""Catalysis of the reaction: NADPH + 2 O2 = H+ + NADP+ + 2 superoxide."" [RHEA:63180]"	6	122	2	22878	0.01639344262295082	0.3333333333333333	query_1	['GO:0016175']	16hr_Disome_up	2.2542521721384152
GO:MF	GO:0016175	superoxide-generating NAD(P)H oxidase activity	0.005568623141587748	True	"""Catalysis of the reaction: NAD(P)H + O2 = NAD(P)H + O2-."" [GOC:ai, PMID:10806195]"	6	122	2	22878	0.01639344262295082	0.3333333333333333	query_1	['GO:0050664']	16hr_Disome_up	2.2542521721384152
GO:BP	GO:0065007	biological regulation	0.006482313309901214	True	"""Any process that modulates a measurable attribute of any biological process, quality or function."" [GOC:dph, GOC:isa_complete, GOC:mah, GOC:pr, GOC:vw]"	5330	119	46	21925	0.3865546218487395	0.008630393996247656	query_1	['GO:0008150']	16hr_Disome_up	2.188269982024441
GO:MF	GO:0009916	alternative oxidase activity	0.007445150761694185	True	"""Catalysis of the oxidation of ubiquinol by diverting electrons from the standard electron transfer chain, transferring them from ubiquinol to oxygen and generating water as the product."" [ISBN:0943088399]"	7	122	2	22878	0.01639344262295082	0.2857142857142857	query_1	['GO:0016682']	16hr_Disome_up	2.128126503511679
GO:BP	GO:0033993	response to lipid	0.007740553409423506	True	"""Any process that results in a change in state or activity of a cell or an organism (in terms of movement, secretion, enzyme production, gene expression, etc.) as a result of a lipid stimulus."" [GOC:sl]"	1022	119	15	21925	0.12605042016806722	0.014677103718199608	query_1	['GO:0042221']	16hr_Disome_up	2.1112279884040546
GO:MF	GO:0042910	xenobiotic transmembrane transporter activity	0.007744282538751852	True	"""Enables the directed movement of a xenobiotic from one side of a membrane to the other. A xenobiotic is a compound foreign to the organism exposed to it. It may be synthesized by another organism (like ampicilin) or it can be a synthetic chemical."" [GOC:go_curators, GOC:krc]"	73	122	4	22878	0.03278688524590164	0.0547945205479452	query_1	['GO:0022857']	16hr_Disome_up	2.1110188108155628
GO:BP	GO:0007165	signal transduction	0.007876555321311231	True	"""The cellular process in which a signal is conveyed to trigger a change in the activity or state of a cell. Signal transduction begins with reception of a signal (e.g. a ligand binding to a receptor or receptor activation by a stimulus such as light), or for signal transduction in the absence of ligand, signal-withdrawal or the activity of a constitutively active receptor. Signal transduction ends with regulation of a downstream cellular process, e.g. regulation of transcription or regulation of a metabolic process. Signal transduction covers signaling from receptors located on the surface of the cell and signaling via molecules located within the cell. For signaling between cells, signal transduction is restricted to events at and within the receiving cell."" [GOC:go_curators, GOC:mtg_signaling_feb11]"	1750	119	21	21925	0.17647058823529413	0.012	query_1	['GO:0007154', 'GO:0009987', 'GO:0023052', 'GO:0050794', 'GO:0051716']	16hr_Disome_up	2.10366367236134
GO:BP	GO:0009737	response to abscisic acid	0.007876555321311231	True	"""Any process that results in a change in state or activity of a cell or an organism (in terms of movement, secretion, enzyme production, gene expression, etc.) as a result of an abscisic acid stimulus."" [GOC:jl]"	604	119	11	21925	0.09243697478991597	0.018211920529801324	query_1	['GO:0009725', 'GO:0033993', 'GO:0097305']	16hr_Disome_up	2.10366367236134
GO:BP	GO:0009863	salicylic acid mediated signaling pathway	0.008235803282189147	True	"""The series of molecular signals mediated by salicylic acid."" [GOC:jy]"	67	119	4	21925	0.03361344537815126	0.05970149253731343	query_1	['GO:0007165', 'GO:0071446']	16hr_Disome_up	2.0842940353517303
GO:BP	GO:0097305	response to alcohol	0.008530558986157961	True	"""Any process that results in a change in state or activity of a cell or an organism (in terms of movement, secretion, enzyme production, gene expression, etc.) as a result of an alcohol stimulus."" [GOC:pr, PMID:24014527]"	613	119	11	21925	0.09243697478991597	0.01794453507340946	query_1	['GO:1901700']	16hr_Disome_up	2.069022509670717
GO:BP	GO:0023052	signaling	0.010074111400868708	True	"""The entirety of a process in which information is transmitted within a biological system. This process begins with an active signal and ends when a cellular response has been triggered."" [GOC:mtg_signal, GOC:mtg_signaling_feb11, GOC:signaling]"	1793	119	21	21925	0.17647058823529413	0.011712214166201896	query_1	['GO:0050789']	16hr_Disome_up	1.9967932509653974
GO:BP	GO:0042908	xenobiotic transport	0.010708083341384027	True	"""The directed movement of a xenobiotic into, out of or within a cell, or between cells, by means of some agent such as a transporter or pore. A xenobiotic is a compound foreign to the organism exposed to it. It may be synthesized by another organism (like ampicilin) or it can be a synthetic chemical."" [GOC:go_curators, GOC:krc]"	73	119	4	21925	0.03361344537815126	0.0547945205479452	query_1	['GO:0006810']	16hr_Disome_up	1.9702882573429361
GO:BP	GO:0071446	cellular response to salicylic acid stimulus	0.011047479067898294	True	"""Any process that results in a change in state or activity of a cell (in terms of movement, secretion, enzyme production, gene expression, etc.) as a result of a salicylic acid stimulus."" [GOC:mah]"	74	119	4	21925	0.03361344537815126	0.05405405405405406	query_1	['GO:0009751', 'GO:1901701']	16hr_Disome_up	1.956736812640064
GO:BP	GO:0009696	salicylic acid metabolic process	0.011328860859853842	True	"""The chemical reactions and pathways involving of salicylic acid (2-hydroxybenzoic acid), a derivative of benzoic acid."" [ISBN:0943088399]"	33	119	3	21925	0.025210084033613446	0.09090909090909091	query_1	['GO:0018958', 'GO:0032787', 'GO:0042537']	16hr_Disome_up	1.9458137571402592
GO:BP	GO:0010193	response to ozone	0.011328860859853842	True	"""Any process that results in a change in state or activity of a cell or an organism (in terms of movement, secretion, enzyme production, gene expression, etc.) as a result of a ozone stimulus."" [GOC:sm]"	33	119	3	21925	0.025210084033613446	0.09090909090909091	query_1	['GO:0000302']	16hr_Disome_up	1.9458137571402592
GO:CC	GO:0005770	late endosome	0.01181216478977733	True	"""A prelysosomal endocytic organelle differentiated from early endosomes by lower lumenal pH and different protein composition. Late endosomes are more spherical than early endosomes and are mostly juxtanuclear, being concentrated near the microtubule organizing center."" [NIF_Subcellular:nlx_subcell_20090702, PMID:11964142, PMID:2557062]"	61	116	4	20029	0.034482758620689655	0.06557377049180328	query_1	['GO:0005768']	16hr_Disome_up	1.9276705028861199
GO:BP	GO:0009620	response to fungus	0.014562096587918861	True	"""Any process that results in a change in state or activity of a cell or an organism (in terms of movement, secretion, enzyme production, gene expression, etc.) as a result of a stimulus from a fungus."" [GOC:hb]"	664	119	11	21925	0.09243697478991597	0.016566265060240965	query_1	['GO:0051707']	16hr_Disome_up	1.8367760926731689
KEGG	KEGG:03008	Ribosome biogenesis in eukaryotes	0.01739919037787411	True	Ribosome biogenesis in eukaryotes	96	36	5	5300	0.1388888888888889	0.052083333333333336	query_1	['KEGG:00000']	16hr_Disome_up	1.7594709599129328
GO:CC	GO:0098590	plasma membrane region	0.021316257393062654	True	"""A membrane that is a (regional) part of the plasma membrane."" [GOC:dos]"	33	116	3	20029	0.02586206896551724	0.09090909090909091	query_1	['GO:0005886', 'GO:0016020']	16hr_Disome_up	1.6712890443087816
GO:CC	GO:0005886	plasma membrane	0.021499442707695725	True	"""The membrane surrounding a cell that separates the cell from its external environment. It consists of a phospholipid bilayer and associated proteins."" [ISBN:0716731363]"	2524	116	27	20029	0.23275862068965517	0.010697305863708399	query_1	['GO:0016020', 'GO:0071944']	16hr_Disome_up	1.6675727973918073
GO:MF	GO:0043167	ion binding	0.023420288007585846	True	"""Binding to an ion, a charged atoms or groups of atoms."" [GOC:jl]"	6685	122	51	22878	0.4180327868852459	0.00762902019446522	query_1	['GO:0036094']	16hr_Disome_up	1.630407768557584
GO:MF	GO:0015562	efflux transmembrane transporter activity	0.024071079878009678	True	"""Enables the transfer of a specific substance or related group of substances from the inside of the cell to the outside of the cell across a membrane."" [GOC:ai, GOC:mtg_transport, ISBN:0815340729]"	13	122	2	22878	0.01639344262295082	0.15384615384615385	query_1	['GO:0022857']	16hr_Disome_up	1.6185044259467913
GO:BP	GO:0080134	regulation of response to stress	0.026833950269560244	True	"""Any process that modulates the frequency, rate or extent of a response to stress. Response to stress is a change in state or activity of a cell or an organism (in terms of movement, secretion, enzyme production, gene expression, etc.) as a result of a disturbance in organismal or cellular homeostasis, usually, but not necessarily, exogenous (e.g. temperature, humidity, ionizing radiation)."" [GOC:dhl]"	412	119	8	21925	0.06722689075630252	0.019417475728155338	query_1	['GO:0006950', 'GO:0048583']	16hr_Disome_up	1.571315389423135
GO:BP	GO:0097306	cellular response to alcohol	0.02696460387089099	True	"""Any process that results in a change in state or activity of a cell (in terms of movement, secretion, enzyme production, gene expression, etc.) as a result of an alcohol stimulus."" [GOC:pr]"	323	119	7	21925	0.058823529411764705	0.021671826625386997	query_1	['GO:0097305', 'GO:1901701']	16hr_Disome_up	1.569205955422169
GO:BP	GO:0071215	cellular response to abscisic acid stimulus	0.02696460387089099	True	"""Any process that results in a change in state or activity of a cell (in terms of movement, secretion, enzyme production, gene expression, etc.) as a result of an abscisic acid stimulus."" [GOC:mah]"	323	119	7	21925	0.058823529411764705	0.021671826625386997	query_1	['GO:0009737', 'GO:0032870', 'GO:0071396', 'GO:0097306']	16hr_Disome_up	1.569205955422169
GO:MF	GO:0005388	P-type calcium transporter activity	0.02896037622033331	True	"""Enables the transfer of a solute or solutes from one side of a membrane to the other according to the reaction: ATP + H2O + Ca2+(in) = ADP + phosphate + Ca2+(out)."" [RHEA:18105]"	15	122	2	22878	0.01639344262295082	0.13333333333333333	query_1	['GO:0015085', 'GO:0015662', 'GO:0019829']	16hr_Disome_up	1.538195800577327
GO:MF	GO:0005509	calcium ion binding	0.02896037622033331	True	"""Binding to a calcium ion (Ca2+)."" [GOC:ai]"	260	122	6	22878	0.04918032786885246	0.023076923076923078	query_1	['GO:0046872']	16hr_Disome_up	1.538195800577327
GO:MF	GO:0008559	ABC-type xenobiotic transporter activity	0.02896037622033331	True	"""Catalysis of the reaction: ATP + H2O + xenobiotic(in) = ADP + phosphate + xenobiotic(out)."" [EC:7.6.2.2]"	15	122	2	22878	0.01639344262295082	0.13333333333333333	query_1	['GO:0042910', 'GO:0140359']	16hr_Disome_up	1.538195800577327
GO:MF	GO:0052625	N-(4-aminobenzoyl)-L-glutamate synthetase activity	0.029234261236623194	True	"""Catalysis of the reaction: 4-aminobenzoate + L-glutamate + ATP = N-(4-aminobenzoyl)-L-glutamate + AMP + diphosphate + H+."" [MetaCyc:RXN-10884, PMID:19189963]"	1	122	1	22878	0.00819672131147541	1.0	query_1	['GO:0016881']	16hr_Disome_up	1.5341078765115561
GO:MF	GO:0015431	ABC-type glutathione S-conjugate transporter activity	0.029234261236623194	True	"""Catalysis of the reaction: ATP + H2O + glutathione S-conjugate(in) -> ADP + phosphate + glutathione S-conjugate(out)."" [GOC:jl, PMID:1455517, RHEA:19121]"	1	122	1	22878	0.00819672131147541	1.0	query_1	['GO:0140359', 'GO:1901682']	16hr_Disome_up	1.5341078765115561
GO:MF	GO:0015291	secondary active transmembrane transporter activity	0.029234261236623194	True	"""Enables the transfer of a solute from one side of a membrane to the other, up its concentration gradient. The transporter binds the solute and undergoes a series of conformational changes. Transport works equally well in either direction and is driven by a chemiosmotic source of energy, not direct ATP coupling. Secondary active transporters include symporters and antiporters."" [GOC:mtg_transport, ISBN:0198506732, ISBN:0815340729, PMID:10839820]"	283	122	6	22878	0.04918032786885246	0.02120141342756184	query_1	['GO:0022804']	16hr_Disome_up	1.5341078765115561
GO:MF	GO:0010298	dihydrocamalexic acid decarboxylase activity	0.029234261236623194	True	"""Catalysis of the reaction: dihydrocamalexic acid = camalexin + CO2 + H+."" [MetaCyc:RXN-8275, PMID:16766671]"	1	122	1	22878	0.00819672131147541	1.0	query_1	['GO:0016831']	16hr_Disome_up	1.5341078765115561
GO:MF	GO:0010290	chlorophyll catabolite transmembrane transporter activity	0.029234261236623194	True	"""Enables the directed movement of chlorophyll catabolites such as non-fluorescent chlorophyll catabolites (NCCs), from one side of a membrane to the other."" [PMID:9681016]"	1	122	1	22878	0.00819672131147541	1.0	query_1	['GO:0022857']	16hr_Disome_up	1.5341078765115561
GO:MF	GO:0055056	D-glucose transmembrane transporter activity	0.029234261236623194	True	"""Enables the transfer of the D-enantiomer of the hexose monosaccharide glucose from one side of a membrane to the other."" [GOC:jid, GOC:jsg, GOC:mah]"	1	122	1	22878	0.00819672131147541	1.0	query_1	['GO:0015149']	16hr_Disome_up	1.5341078765115561
GO:MF	GO:0008824	cyanate hydratase activity	0.029234261236623194	True	"""Catalysis of the reaction: cyanate + H2O = carbamate."" [EC:4.2.1.104, RHEA:11120]"	1	122	1	22878	0.00819672131147541	1.0	query_1	['GO:0016840']	16hr_Disome_up	1.5341078765115561
GO:MF	GO:0102983	xylogalacturonan beta-1,3-xylosyltransferase activity	0.029234261236623194	True	"""Catalysis of the reaction: UDP-alpha-D-xylose + a homogalacturonan = UDP + 4 H+ + a xylogalacturonan."" [EC:2.4.2.41, GOC:pz]"	1	122	1	22878	0.00819672131147541	1.0	query_1	['GO:0016763']	16hr_Disome_up	1.5341078765115561
GO:MF	GO:0005358	high-affinity D-glucose:proton symporter activity	0.029234261236623194	True	"""Enables the transfer of a solute or solutes from one side of a membrane to the other according to the reaction: glucose + H+ = glucose + H+. This activity is constitutive and therefore always present, regardless of demand. Symporter activity enables the active transport of a solute across a membrane by a mechanism whereby two or more species are transported together in the same direction in a tightly coupled process not directly linked to a form of energy other than chemiosmotic energy. In high-affinity transport the transporter is able to bind the solute even if it is only present at very low concentrations."" [GOC:mtg_transport]"	1	122	1	22878	0.00819672131147541	1.0	query_1	['GO:0005356']	16hr_Disome_up	1.5341078765115561
GO:MF	GO:0005356	D-glucose:proton symporter activity	0.029234261236623194	True	"""Enables the transfer of a solute or solutes from one side of a membrane to the other according to the reaction: D-glucose + H+ = D-glucose + H+. Symporter activity enables the active transport of a solute across a membrane by a mechanism whereby two or more species are transported together in the same direction in a tightly coupled process not directly linked to a form of energy other than chemiosmotic energy."" [GOC:mtg_transport]"	1	122	1	22878	0.00819672131147541	1.0	query_1	['GO:0009679', 'GO:0055056']	16hr_Disome_up	1.5341078765115561
GO:MF	GO:0005215	transporter activity	0.029234261236623194	True	"""Enables the directed movement of substances (such as macromolecules, small molecules, ions) into, out of or within a cell, accross or in between cells."" [GOC:ai, GOC:dgf]"	1183	122	14	22878	0.11475409836065574	0.011834319526627219	query_1	['GO:0003674']	16hr_Disome_up	1.5341078765115561
GO:MF	GO:0052628	N-(4-hydroxybenzoyl)-L-glutamate synthetase activity	0.029234261236623194	True	"""Catalysis of the reaction: 4-hydroxybenzoate + L-glutamate + ATP = N-(4-hydroxybenzoyl)-L-glutamate + AMP + diphosphate + H+."" [MetaCyc:RXN-10887, PMID:19189963]"	1	122	1	22878	0.00819672131147541	1.0	query_1	['GO:0016881']	16hr_Disome_up	1.5341078765115561
GO:MF	GO:0061666	UFM1 ligase activity	0.029234261236623194	True	"""Catalysis of the transfer of UFM1 to a substrate protein via the reaction X-UFM1 + S = X + S-UFM1, where X is either an E2 or E3 enzyme, the X-UFM1 linkage is a thioester bond, and the S-UFM1 linkage is an isopeptide bond between the C-terminal amino acid of UFM1 and the epsilon-amino group of lysine residues in the substrate."" [GOC:dph]"	1	122	1	22878	0.00819672131147541	1.0	query_1	['GO:0061659', 'GO:0071568']	16hr_Disome_up	1.5341078765115561
GO:MF	GO:0050664	oxidoreductase activity, acting on NAD(P)H, oxygen as acceptor	0.029234261236623194	True	"""Catalysis of an oxidation-reduction (redox) reaction in which NADH or NADPH acts as a hydrogen or electron donor and reduces an oxygen molecule."" [EC:1.6.3.-]"	17	122	2	22878	0.01639344262295082	0.11764705882352941	query_1	['GO:0016651']	16hr_Disome_up	1.5341078765115561
GO:MF	GO:0052627	N-vanillate-L-glutamate synthetase activity	0.029234261236623194	True	"""Catalysis of the reaction: vanillate + L-glutamate + ATP = N-vanillate-L-glutamate + AMP + diphosphate + H+."" [MetaCyc:RXN-10885, PMID:19189963]"	1	122	1	22878	0.00819672131147541	1.0	query_1	['GO:0016881']	16hr_Disome_up	1.5341078765115561
GO:MF	GO:0047634	agmatine N4-coumaroyltransferase activity	0.029234261236623194	True	"""Catalysis of the reaction: 4-coumaroyl-CoA + agmatine = N-(4-guanidiniumylbutyl)-4-hydroxycinnamamide + CoA + H+."" [EC:2.3.1.64, RHEA:13405]"	1	122	1	22878	0.00819672131147541	1.0	query_1	['GO:0016747']	16hr_Disome_up	1.5341078765115561
GO:MF	GO:0030553	cGMP binding	0.029234261236623194	True	"""Binding to cGMP, the nucleotide cyclic GMP (guanosine 3',5'-cyclophosphate)."" [GOC:ai]"	20	122	2	22878	0.01639344262295082	0.1	query_1	['GO:0030551', 'GO:0032561', 'GO:0043168']	16hr_Disome_up	1.5341078765115561
GO:MF	GO:0030552	cAMP binding	0.029234261236623194	True	"""Binding to cAMP, the nucleotide cyclic AMP (adenosine 3',5'-cyclophosphate)."" [GOC:ai]"	20	122	2	22878	0.01639344262295082	0.1	query_1	['GO:0030551', 'GO:0032559', 'GO:0043168']	16hr_Disome_up	1.5341078765115561
GO:MF	GO:0141122	nitrogen-oxygen hydrolyase activity	0.029234261236623194	True	"""Catalysis of the breakage of a nitrogen-oxygen bond by means other than hydrolysis and oxidation."" [EC:4.8.1.-]"	1	122	1	22878	0.00819672131147541	1.0	query_1	['GO:0016829']	16hr_Disome_up	1.5341078765115561
GO:MF	GO:0030551	cyclic nucleotide binding	0.029234261236623194	True	"""Binding to a cyclic nucleotide, a nucleotide in which the phosphate group is in diester linkage to two positions on the sugar residue."" [GOC:ai]"	20	122	2	22878	0.01639344262295082	0.1	query_1	['GO:0000166']	16hr_Disome_up	1.5341078765115561
GO:MF	GO:0047720	indoleacetaldoxime dehydratase activity	0.029234261236623194	True	"""Catalysis of the reaction: (indol-3-yl)acetaldehyde oxime = (indol-3-yl)acetonitrile + H2O."" [RHEA:23156]"	1	122	1	22878	0.00819672131147541	1.0	query_1	['GO:0141122']	16hr_Disome_up	1.5341078765115561
GO:MF	GO:0022857	transmembrane transporter activity	0.029234261236623194	True	"""Enables the transfer of a substance, usually a specific substance or a group of related substances, from one side of a membrane to the other."" [GOC:jid, GOC:mtg_transport, ISBN:0815340729]"	1157	122	14	22878	0.11475409836065574	0.012100259291270527	query_1	['GO:0005215']	16hr_Disome_up	1.5341078765115561
GO:MF	GO:0030957	Tat protein binding	0.029234261236623194	True	"""Binding to Tat, a viral transactivating regulatory protein from the human immunodeficiency virus, or the equivalent protein from another virus."" [GOC:mah, PMID:9094689]"	1	122	1	22878	0.00819672131147541	1.0	query_1	['GO:0061629']	16hr_Disome_up	1.5341078765115561
GO:MF	GO:0052626	N-benzoyl-L-glutamate synthetase activity	0.029234261236623194	True	"""Catalysis of the reaction: benzoate + L-glutamate + ATP = N-benzoyl-L-glutamate + AMP + diphosphate + H+."" [MetaCyc:RXN-10886, PMID:19189963]"	1	122	1	22878	0.00819672131147541	1.0	query_1	['GO:0016881']	16hr_Disome_up	1.5341078765115561
GO:MF	GO:0036094	small molecule binding	0.029234261236623194	True	"""Binding to a small molecule, any low molecular weight, monomeric, non-encoded molecule."" [GOC:curators, GOC:pde, GOC:pm]"	6804	122	51	22878	0.4180327868852459	0.007495590828924162	query_1	['GO:0005488']	16hr_Disome_up	1.5341078765115561
GO:MF	GO:0042626	ATPase-coupled transmembrane transporter activity	0.029234261236623194	True	"""Primary active transporter of a solute across a membrane, via the reaction: ATP + H2O = ADP + phosphate, to directly drive the transport of a substance across a membrane. The transport protein may be transiently phosphorylated (P-type transporters), or not (ABC-type transporters and other families of transporters). Primary active transport occurs up the solute's concentration gradient and is driven by a primary energy source."" [GOC:mtg_transport, ISBN:0815340729]"	199	122	5	22878	0.040983606557377046	0.02512562814070352	query_1	['GO:0015399', 'GO:0140657']	16hr_Disome_up	1.5341078765115561
GO:CC	GO:0080008	Cul4-RING E3 ubiquitin ligase complex	0.031216053786091477	True	"""A ubiquitin ligase complex in which a cullin from the Cul4 family and a RING domain protein form the catalytic core; substrate specificity is conferred by an adaptor protein."" [PMID:16792691, PMID:18223036, PMID:18552200]"	88	116	4	20029	0.034482758620689655	0.045454545454545456	query_1	['GO:0031461']	16hr_Disome_up	1.5056219996479616
GO:BP	GO:0006979	response to oxidative stress	0.0312722261923351	True	"""Any process that results in a change in state or activity of a cell or an organism (in terms of movement, secretion, enzyme production, gene expression, etc.) as a result of oxidative stress, a state often resulting from exposure to high levels of reactive oxygen species, e.g. superoxide anions, hydrogen peroxide (H2O2), and hydroxyl radicals."" [GOC:jl, PMID:12115731]"	426	119	8	21925	0.06722689075630252	0.018779342723004695	query_1	['GO:0006950']	16hr_Disome_up	1.5048412013079748
GO:BP	GO:0002833	positive regulation of response to biotic stimulus	0.03303001404433548	True	"""Any process that activates or increases the frequency, rate, or extent of a response to biotic stimulus."" [GOC:add]"	104	119	4	21925	0.03361344537815126	0.038461538461538464	query_1	['GO:0002831', 'GO:0009607', 'GO:0048584']	16hr_Disome_up	1.481091241646881
GO:BP	GO:0032103	positive regulation of response to external stimulus	0.03303001404433548	True	"""Any process that activates, maintains or increases the rate of a response to an external stimulus."" [GOC:mah]"	104	119	4	21925	0.03361344537815126	0.038461538461538464	query_1	['GO:0009605', 'GO:0032101', 'GO:0048584']	16hr_Disome_up	1.481091241646881
GO:BP	GO:0042254	ribosome biogenesis	0.034570433431998795	True	"""A cellular process that results in the biosynthesis of constituent macromolecules, assembly, and arrangement of constituent parts of ribosome subunits; includes transport to the sites of protein synthesis."" [GOC:ma, PMID:26404467, Wikipedia:Ribosome_biogenesis]"	254	119	6	21925	0.05042016806722689	0.023622047244094488	query_1	['GO:0022613']	16hr_Disome_up	1.4612951753911967
GO:BP	GO:0018958	phenol-containing compound metabolic process	0.036296601047620836	True	"""The chemical reactions and pathways involving a phenol, any compound containing one or more hydroxyl groups directly attached to an aromatic carbon ring."" [ISBN:0198506732]"	52	119	3	21925	0.025210084033613446	0.057692307692307696	query_1	['GO:0008152']	16hr_Disome_up	1.440134042054145
GO:BP	GO:0006811	monoatomic ion transport	0.037106854143933846	True	"""The directed movement of a monoatomic ion into, out of or within a cell, or between cells, by means of some agent such as a transporter or pore. Monatomic ions (also called simple ions) are ions consisting of exactly one atom."" [GOC:ai]"	547	119	9	21925	0.07563025210084033	0.016453382084095063	query_1	['GO:0006810']	16hr_Disome_up	1.4305458628390908
GO:BP	GO:0002237	response to molecule of bacterial origin	0.037106854143933846	True	"""Any process that results in a change in state or activity of an organism (in terms of movement, secretion, enzyme production, gene expression, etc.) as a result of a stimulus by molecules of bacterial origin such as peptides derived from bacterial flagellin."" [GOC:rl, GOC:sm]"	53	119	3	21925	0.025210084033613446	0.05660377358490566	query_1	['GO:0009617', 'GO:0043207']	16hr_Disome_up	1.4305458628390908
GO:BP	GO:0009725	response to hormone	0.037483421084321566	True	"""Any process that results in a change in state or activity of a cell or an organism (in terms of movement, secretion, enzyme production, gene expression, etc.) as a result of a hormone stimulus."" [GOC:jl]"	1635	119	18	21925	0.15126050420168066	0.011009174311926606	query_1	['GO:0009719', 'GO:0042221']	16hr_Disome_up	1.4261607782367969
GO:BP	GO:0009719	response to endogenous stimulus	0.037483421084321566	True	"""Any process that results in a change in state or activity of a cell or an organism (in terms of movement, secretion, enzyme production, gene expression, etc.) as a result of a stimulus arising within the organism."" [GOC:sm]"	1636	119	18	21925	0.15126050420168066	0.011002444987775062	query_1	['GO:0050896']	16hr_Disome_up	1.4261607782367969
GO:BP	GO:0031349	positive regulation of defense response	0.03923921089008498	True	"""Any process that activates or increases the frequency, rate or extent of a defense response."" [GOC:mah]"	113	119	4	21925	0.03361344537815126	0.035398230088495575	query_1	['GO:0006952', 'GO:0031347', 'GO:0048584']	16hr_Disome_up	1.4062797349701635
GO:BP	GO:0010337	regulation of salicylic acid metabolic process	0.03923921089008498	True	"""Any process that modulates the frequency, rate or extent of the chemical reactions and pathways involving salicylic acid."" [PMID:14765119]"	16	119	2	21925	0.01680672268907563	0.125	query_1	['GO:0009696', 'GO:0010565', 'GO:0062012']	16hr_Disome_up	1.4062797349701635
GO:MF	GO:0003824	catalytic activity	0.04110952157696958	True	"""Catalysis of a biochemical reaction at physiological temperatures. In biologically catalyzed reactions, the reactants are known as substrates, and the catalysts are naturally occurring macromolecular substances known as enzymes. Enzymes possess specific binding sites for substrates, and are usually composed wholly or largely of protein, but RNA that has catalytic activity (ribozyme) is often also regarded as enzymatic."" [GOC:vw, ISBN:0198506732]"	9606	122	65	22878	0.5327868852459017	0.006766604205704768	query_1	['GO:0003674']	16hr_Disome_up	1.386057577408197
GO:BP	GO:0050789	regulation of biological process	0.041657969951044	True	"""Any process that modulates the frequency, rate or extent of a biological process. Biological processes are regulated by many means; examples include the control of gene expression, protein modification or interaction with a protein or substrate molecule."" [GOC:ai, GOC:go_curators]"	5102	119	41	21925	0.3445378151260504	0.008036064288514309	query_1	['GO:0008150', 'GO:0065007']	16hr_Disome_up	1.3803018976273744
GO:BP	GO:1900424	regulation of defense response to bacterium	0.041657969951044	True	"""Any process that modulates the frequency, rate or extent of defense response to bacterium."" [GOC:TermGenie, PMID:22346749]"	57	119	3	21925	0.025210084033613446	0.05263157894736842	query_1	['GO:0002831', 'GO:0031347', 'GO:0032101', 'GO:0042742']	16hr_Disome_up	1.3803018976273744
GO:BP	GO:0048584	positive regulation of response to stimulus	0.0445336592535555	True	"""Any process that activates, maintains or increases the rate of a response to a stimulus. Response to stimulus is a change in state or activity of a cell or an organism (in terms of movement, secretion, enzyme production, gene expression, etc.) as a result of a stimulus."" [GOC:jid]"	276	119	6	21925	0.05042016806722689	0.021739130434782608	query_1	['GO:0048518', 'GO:0048583', 'GO:0050896']	16hr_Disome_up	1.351311618178128
GO:BP	GO:0006364	rRNA processing	0.045815535406726164	True	"""Any process involved in the conversion of a primary ribosomal RNA (rRNA) transcript into one or more mature rRNA molecules."" [GOC:curators]"	194	119	5	21925	0.04201680672268908	0.02577319587628866	query_1	['GO:0006396', 'GO:0016072', 'GO:0042254']	16hr_Disome_up	1.3389872338435262
GO:BP	GO:0009404	toxin metabolic process	0.04614313071910218	True	"""The chemical reactions and pathways involving a toxin, a poisonous compound (typically a protein) that is produced by cells or organisms and that can cause disease when introduced into the body or tissues of an organism."" [GOC:cab2]"	60	119	3	21925	0.025210084033613446	0.05	query_1	['GO:0019748']	16hr_Disome_up	1.3358929428035573
GO:MF	GO:0004497	monooxygenase activity	0.0473272215107528	True	"""Catalysis of the incorporation of one atom from molecular oxygen into a compound and the reduction of the other atom of oxygen to water."" [ISBN:0198506732]"	341	122	6	22878	0.04918032786885246	0.017595307917888565	query_1	['GO:0016491']	16hr_Disome_up	1.3248889913690731
GO:MF	GO:0003953	NAD+ nucleosidase activity	0.0473272215107528	True	"""Catalysis of the reaction: NAD+ + H2O = ADP-D-ribose + nicotinamide + H+."" [PMID:11866528, PMID:7805847, RHEA:16301]"	29	122	2	22878	0.01639344262295082	0.06896551724137931	query_1	['GO:0016799']	16hr_Disome_up	1.3248889913690731
GO:MF	GO:0052638	indole-3-butyrate beta-glucosyltransferase activity	0.0473272215107528	True	"""Catalysis of the reaction: indole-3-butyrate + UDP-D-glucose = indole-3-butyryl-beta-1-D-glucose + UDP."" [MetaCyc:RXN-11655, RHEA:62708]"	2	122	1	22878	0.00819672131147541	0.5	query_1	['GO:0035251']	16hr_Disome_up	1.3248889913690731
GO:MF	GO:0009679	hexose:proton symporter activity	0.0473272215107528	True	"""Enables the transfer of a solute or solutes from one side of a membrane to the other according to the reaction: hexose(out) + H+(out) = hexose(in) + H+(in)."" [TC:2.A.1.-.-]"	2	122	1	22878	0.00819672131147541	0.5	query_1	['GO:0005351', 'GO:0015149']	16hr_Disome_up	1.3248889913690731
GO:MF	GO:0071568	UFM1 transferase activity	0.0473272215107528	True	"""Catalysis of the transfer of UFM1 from one protein to another via the reaction X-UFM1 + Y = Y-UFM1 + X, where both X-UFM1 and Y-UFM1 are covalent linkages."" [GOC:sp, PMID:20018847]"	2	122	1	22878	0.00819672131147541	0.5	query_1	['GO:0019787']	16hr_Disome_up	1.3248889913690731
GO:MF	GO:0015399	primary active transmembrane transporter activity	0.0473272215107528	True	"""Enables the transfer of a solute from one side of a membrane to the other, up the solute's concentration gradient, by binding the solute and undergoing a series of conformational changes. Transport works equally well in either direction and is powered by a primary energy source. Primary energy sources known to be coupled to transport are chemical such as ATP hydrolysis, redox energy and photon energy."" [GOC:mtg_transport, PMID:31613498]"	243	122	5	22878	0.040983606557377046	0.0205761316872428	query_1	['GO:0022804']	16hr_Disome_up	1.3248889913690731
GO:MF	GO:0080041	ADP-ribose pyrophosphohydrolase activity	0.0473272215107528	True	"""Catalysis of the reaction: ADP-ribose + H2O = AMP + ribose-1-phosphate."" [GOC:tb]"	2	122	1	22878	0.00819672131147541	0.5	query_1	['GO:0019144']	16hr_Disome_up	1.3248889913690731
GO:MF	GO:0080042	ADP-glucose pyrophosphohydrolase activity	0.0473272215107528	True	"""Catalysis of the reaction: ADP-glucose + H2O = AMP + glucose-1-phosphate."" [GOC:tb]"	2	122	1	22878	0.00819672131147541	0.5	query_1	['GO:0019144']	16hr_Disome_up	1.3248889913690731
GO:MF	GO:0080118	brassinosteroid sulfotransferase activity	0.0473272215107528	True	"""Catalysis of the reaction: a brassinosteroid + 3'-phosphoadenosine-5'-phosphosulfate = sulfated brassinosteroid + adenosine-3',5'-diphosphate. This reaction is the transfer of a sulfate group to the hydroxyl group of a brassinosteroid acceptor, producing the sulfated brassinosteroid derivative."" [PMID:10409637, PMID:17039368]"	2	122	1	22878	0.00819672131147541	0.5	query_1	['GO:0008146']	16hr_Disome_up	1.3248889913690731
GO:MF	GO:0019144	ADP-sugar diphosphatase activity	0.0473272215107528	True	"""Catalysis of the reaction: ADP-sugar + H2O = AMP + sugar 1-phosphate."" [EC:3.6.1.21]"	2	122	1	22878	0.00819672131147541	0.5	query_1	['GO:0016462']	16hr_Disome_up	1.3248889913690731
GO:MF	GO:0017069	snRNA binding	0.0473272215107528	True	"""Binding to a small nuclear RNA (snRNA)."" [GOC:mah]"	29	122	2	22878	0.01639344262295082	0.06896551724137931	query_1	['GO:0003723']	16hr_Disome_up	1.3248889913690731
GO:MF	GO:0061629	RNA polymerase II-specific DNA-binding transcription factor binding	0.0473272215107528	True	"""Binding to a sequence-specific DNA binding RNA polymerase II transcription factor, any of the factors that interact selectively and non-covalently with a specific DNA sequence in order to modulate transcription."" [GOC:dph, GOC:vw]"	2	122	1	22878	0.00819672131147541	0.5	query_1	['GO:0140297']	16hr_Disome_up	1.3248889913690731
GO:MF	GO:0061809	NAD+ nucleosidase activity, cyclic ADP-ribose generating	0.04745244789093348	True	"""Catalysis of the reaction: NAD+ + H2O = ADP-D-ribose + nicotinamide + H+, in a two step reaction: first an ADP-ribosyl cyclase reaction to synthesise cyclic ADP-ribose, followed by a cyclic ADP-ribose hydrolase reaction to generate (linear) ADP-ribose."" [EC:3.2.2.6, PMID:11866528]"	30	122	2	22878	0.01639344262295082	0.06666666666666667	query_1	['GO:0016799']	16hr_Disome_up	1.3237413790616948
GO:MF	GO:0050135	NADP+ nucleosidase activity	0.04745244789093348	True	"""Catalysis of the reaction: NADP+ + H2O = ADP-D-ribose 2'-phosphate + nicotinamide + H+."" [RHEA:19849]"	30	122	2	22878	0.01639344262295082	0.06666666666666667	query_1	['GO:0016799']	16hr_Disome_up	1.3237413790616948
GO:MF	GO:0016682	oxidoreductase activity, acting on diphenols and related substances as donors, oxygen as acceptor	0.04745244789093348	True	"""Catalysis of an oxidation-reduction (redox) reaction in which a diphenol, or related compound, acts as a hydrogen or electron donor and reduces oxygen."" [GOC:jl]"	30	122	2	22878	0.01639344262295082	0.06666666666666667	query_1	['GO:0016679']	16hr_Disome_up	1.3237413790616948
GO:BP	GO:0016072	rRNA metabolic process	0.04960465362293366	True	"""The chemical reactions and pathways involving rRNA, ribosomal RNA, a structural constituent of ribosomes."" [ISBN:0198506732]"	199	119	5	21925	0.04201680672268908	0.02512562814070352	query_1	['GO:0016070']	16hr_Disome_up	1.304477578591321
