source	native	name	p_value	significant	description	term_size	query_size	intersection_size	effective_domain_size	precision	recall	query	parents	Cluster	-log10(p_value)
GO:CC	GO:1990904	ribonucleoprotein complex	0.003359738225741031	True	"""A macromolecular complex that contains both RNA and protein molecules."" [GOC:krc, GOC:vesicles]"	831	37	8	20029	0.21621621621621623	0.009626955475330927	query_1	['GO:0032991']	4hr_60S_up	2.47369455937951
GO:CC	GO:0043232	intracellular membraneless organelle	0.003359738225741031	True	"""Organized structure of distinctive morphology and function, not bounded by a lipid bilayer membrane and occurring within the cell. Includes ribosomes, the cytoskeleton and chromosomes."" [GOC:go_curators]"	2568	37	14	20029	0.3783783783783784	0.005451713395638629	query_1	['GO:0043228', 'GO:0043229']	4hr_60S_up	2.47369455937951
GO:CC	GO:0043228	membraneless organelle	0.003359738225741031	True	"""Organized structure of distinctive morphology and function, not bounded by a lipid bilayer membrane. Includes ribosomes, the cytoskeleton and chromosomes."" [GOC:go_curators]"	2568	37	14	20029	0.3783783783783784	0.005451713395638629	query_1	['GO:0043226']	4hr_60S_up	2.47369455937951
GO:CC	GO:0005737	cytoplasm	0.003359738225741031	True	"""The contents of a cell excluding the plasma membrane and nucleus, but including other subcellular structures."" [ISBN:0198547684]"	9524	37	29	20029	0.7837837837837838	0.003044939101217976	query_1	['GO:0005622', 'GO:0110165']	4hr_60S_up	2.47369455937951
GO:CC	GO:0031967	organelle envelope	0.004821250031584613	True	"""A double membrane structure enclosing an organelle, including two lipid bilayers and the region between them. In some cases, an organelle envelope may have more than two membranes."" [GOC:mah, GOC:pz]"	1452	37	10	20029	0.2702702702702703	0.006887052341597796	query_1	['GO:0043227', 'GO:0043229', 'GO:0110165']	4hr_60S_up	2.316840345280784
GO:CC	GO:0019867	outer membrane	0.004928872969233858	True	"""The external membrane of Gram-negative bacteria or certain organelles such as mitochondria and chloroplasts; freely permeable to most ions and metabolites."" [GOC:go_curators]"	546	37	6	20029	0.16216216216216217	0.01098901098901099	query_1	['GO:0016020']	4hr_60S_up	2.3072523746778355
GO:CC	GO:0031966	mitochondrial membrane	0.004928872969233858	True	"""Either of the lipid bilayers that surround the mitochondrion and form the mitochondrial envelope."" [GOC:mah, NIF_Subcellular:sao1045389829]"	352	37	5	20029	0.13513513513513514	0.014204545454545454	query_1	['GO:0005740', 'GO:0031090']	4hr_60S_up	2.3072523746778355
GO:CC	GO:0005840	ribosome	0.004928872969233858	True	"""An intracellular organelle, about 200 A in diameter, consisting of RNA and protein. It is the site of protein biosynthesis resulting from translation of messenger RNA (mRNA). It consists of two subunits, one large and one small, each containing only protein and RNA. Both the ribosome and its subunits are characterized by their sedimentation coefficients, expressed in Svedberg units (symbol: S). Hence, the prokaryotic ribosome (70S) comprises a large (50S) subunit and a small (30S) subunit, while the eukaryotic ribosome (80S) comprises a large (60S) subunit and a small (40S) subunit. Two sites on the ribosomal large subunit are involved in translation, namely the aminoacyl site (A site) and peptidyl site (P site). Ribosomes from prokaryotes, eukaryotes, mitochondria, and chloroplasts have characteristically distinct ribosomal proteins."" [ISBN:0198506732]"	533	37	6	20029	0.16216216216216217	0.01125703564727955	query_1	['GO:0043232']	4hr_60S_up	2.3072523746778355
GO:CC	GO:0032040	small-subunit processome	0.004928872969233858	True	"""A large ribonucleoprotein complex that is an early preribosomal complex. In S. cerevisiae, it has a size of 80S and consists of the 35S pre-rRNA, early-associating ribosomal proteins most of which are part of the small ribosomal subunit, the U3 snoRNA and associated proteins."" [GOC:krc, GOC:vw, PMID:12068309, PMID:12957375, PMID:15120992, PMID:15590835]"	17	37	2	20029	0.05405405405405406	0.11764705882352941	query_1	['GO:0030684']	4hr_60S_up	2.3072523746778355
GO:CC	GO:0031968	organelle outer membrane	0.004928872969233858	True	"""The outer, i.e. cytoplasm-facing in a cellular organelle, lipid bilayer of an organelle envelope."" [GOC:mah]"	546	37	6	20029	0.16216216216216217	0.01098901098901099	query_1	['GO:0019867', 'GO:0031967', 'GO:0098588']	4hr_60S_up	2.3072523746778355
GO:CC	GO:0005740	mitochondrial envelope	0.005360089458710634	True	"""The double lipid bilayer enclosing the mitochondrion and separating its contents from the cell cytoplasm; includes the intermembrane space."" [GOC:ai, GOC:pz]"	367	37	5	20029	0.13513513513513514	0.013623978201634877	query_1	['GO:0005739', 'GO:0031967']	4hr_60S_up	2.2708279619676452
GO:CC	GO:0031090	organelle membrane	0.008415731350913393	True	"""A membrane that is one of the two lipid bilayers of an organelle envelope or the outermost membrane of single membrane bound organelle."" [GOC:dos, GOC:mah]"	2413	37	12	20029	0.32432432432432434	0.004973062577704103	query_1	['GO:0016020', 'GO:0043227']	4hr_60S_up	2.074908136626421
GO:CC	GO:0030684	preribosome	0.010210258340388887	True	"""Any complex of pre-rRNAs, ribosomal proteins, and associated proteins formed during ribosome biogenesis."" [PMID:10567516]"	28	37	2	20029	0.05405405405405406	0.07142857142857142	query_1	['GO:1990904']	4hr_60S_up	1.9909632692366996
GO:CC	GO:0022625	cytosolic large ribosomal subunit	0.011199582435317951	True	"""The large subunit of a ribosome located in the cytosol."" [GOC:mtg_sensu]"	121	37	3	20029	0.08108108108108109	0.024793388429752067	query_1	['GO:0015934', 'GO:0022626']	4hr_60S_up	1.950798169242127
GO:CC	GO:0022626	cytosolic ribosome	0.014005086246481982	True	"""A ribosome located in the cytosol."" [GOC:mtg_sensu]"	289	37	4	20029	0.10810810810810811	0.01384083044982699	query_1	['GO:0005829', 'GO:0005840']	4hr_60S_up	1.8537142123487402
GO:CC	GO:0005622	intracellular anatomical structure	0.014595304690458251	True	"""A component of a cell contained within (but not including) the plasma membrane. In eukaryotes it includes the nucleus and cytoplasm."" [ISBN:0198506732]"	13505	37	33	20029	0.8918918918918919	0.0024435394298408	query_1	['GO:0110165']	4hr_60S_up	1.8357868342831276
GO:CC	GO:0015934	large ribosomal subunit	0.01638519907421486	True	"""The larger of the two subunits of a ribosome. Two sites on the ribosomal large subunit are involved in translation, namely the aminoacyl site (A site) and peptidyl site (P site)."" [ISBN:0198506732]"	148	37	3	20029	0.08108108108108109	0.02027027027027027	query_1	['GO:0044391']	4hr_60S_up	1.7855482777294058
GO:CC	GO:0043226	organelle	0.017320861270826465	True	"""Organized structure of distinctive morphology and function. Includes the nucleus, mitochondria, plastids, vacuoles, vesicles, ribosomes and the cytoskeleton, and prokaryotic structures such as anammoxosomes and pirellulosomes. Excludes the plasma membrane."" [GOC:go_curators]"	12326	37	31	20029	0.8378378378378378	0.002515008924225215	query_1	['GO:0110165']	4hr_60S_up	1.7614305167143072
GO:CC	GO:0043229	intracellular organelle	0.017320861270826465	True	"""Organized structure of distinctive morphology and function, occurring within the cell. Includes the nucleus, mitochondria, plastids, vacuoles, vesicles, ribosomes and the cytoskeleton. Excludes the plasma membrane."" [GOC:go_curators]"	12312	37	31	20029	0.8378378378378378	0.0025178687459389212	query_1	['GO:0005622', 'GO:0043226']	4hr_60S_up	1.7614305167143072
GO:CC	GO:0043231	intracellular membrane-bounded organelle	0.01910795246191636	True	"""Organized structure of distinctive morphology and function, bounded by a single or double lipid bilayer membrane and occurring within the cell. Includes the nucleus, mitochondria, plastids, vacuoles, and vesicles. Excludes the plasma membrane."" [GOC:go_curators]"	11808	37	30	20029	0.8108108108108109	0.002540650406504065	query_1	['GO:0043227', 'GO:0043229']	4hr_60S_up	1.718785847855142
GO:CC	GO:0043227	membrane-bounded organelle	0.01910795246191636	True	"""Organized structure of distinctive morphology and function, bounded by a single or double lipid bilayer membrane. Includes the nucleus, mitochondria, plastids, vacuoles, and vesicles. Excludes the plasma membrane."" [GOC:go_curators]"	11823	37	30	20029	0.8108108108108109	0.002537427048972342	query_1	['GO:0043226']	4hr_60S_up	1.718785847855142
GO:CC	GO:0098588	bounding membrane of organelle	0.01910795246191636	True	"""The lipid bilayer that forms the outer-most layer of an organelle."" [GOC:dos]"	1406	37	8	20029	0.21621621621621623	0.005689900426742532	query_1	['GO:0031090']	4hr_60S_up	1.718785847855142
GO:CC	GO:0005783	endoplasmic reticulum	0.021529574771531383	True	"""The irregular network of unit membranes, visible only by electron microscopy, that occurs in the cytoplasm of many eukaryotic cells. The membranes form a complex meshwork of tubular channels, which are often expanded into slitlike cavities called cisternae. The ER takes two forms, rough (or granular), with ribosomes adhering to the outer surface, and smooth (with no ribosomes attached)."" [ISBN:0198506732]"	1149	37	7	20029	0.1891891891891892	0.006092254134029591	query_1	['GO:0005737', 'GO:0012505', 'GO:0043231']	4hr_60S_up	1.6669645477984913
GO:CC	GO:0032991	protein-containing complex	0.02473823974543644	True	"""A stable assembly of two or more macromolecules, i.e. proteins, nucleic acids, carbohydrates or lipids, in which at least one component is a protein and the constituent parts function together."" [GOC:dos, GOC:mah]"	2580	37	11	20029	0.2972972972972973	0.004263565891472868	query_1	['GO:0005575']	4hr_60S_up	1.6066312059211674
GO:CC	GO:0005741	mitochondrial outer membrane	0.02473823974543644	True	"""The outer, i.e. cytoplasm-facing, lipid bilayer of the mitochondrial envelope."" [GOC:ai]"	61	37	2	20029	0.05405405405405406	0.03278688524590164	query_1	['GO:0031966', 'GO:0031968']	4hr_60S_up	1.6066312059211674
GO:CC	GO:0005743	mitochondrial inner membrane	0.036855813234068724	True	"""The inner, i.e. lumen-facing, lipid bilayer of the mitochondrial envelope. It is highly folded to form cristae."" [GOC:ai]"	233	37	3	20029	0.08108108108108109	0.012875536480686695	query_1	['GO:0019866', 'GO:0031966']	4hr_60S_up	1.4334940015264555
GO:CC	GO:0009523	photosystem II	0.036855813234068724	True	"""A photosystem that contains a pheophytin-quinone reaction center with associated accessory pigments and electron carriers. In cyanobacteria and chloroplasts, in the presence of light, PSII functions as a water-plastoquinone oxidoreductase, transferring electrons from water to plastoquinone, whereas other photosynthetic bacteria carry out anoxygenic photosynthesis and oxidize other compounds to re-reduce the photoreaction center."" [GOC:ds, GOC:mah, ISBN:0943088399, PMID:9821949]"	78	37	2	20029	0.05405405405405406	0.02564102564102564	query_1	['GO:0009521']	4hr_60S_up	1.4334940015264555
GO:CC	GO:0009517	PSII associated light-harvesting complex II	0.042954705486979335	True	"""Protein-pigment complex associated with photosystem II."" [GOC:lr, ISBN:0582227089]"	6	37	1	20029	0.02702702702702703	0.16666666666666666	query_1	['GO:0009503']	4hr_60S_up	1.366989254298534
GO:CC	GO:0044391	ribosomal subunit	0.04656145789382305	True	"""Either of the two subunits of a ribosome: the ribosomal large subunit or the ribosomal small subunit."" [GOC:jl]"	262	37	3	20029	0.08108108108108109	0.011450381679389313	query_1	['GO:0005840', 'GO:1990904']	4hr_60S_up	1.3319734298759938
GO:CC	GO:0031976	plastid thylakoid	0.04799559145604122	True	"""Any thylakoid within a plastid."" [GOC:pz]"	519	37	4	20029	0.10810810810810811	0.007707129094412331	query_1	['GO:0009536', 'GO:0009579']	4hr_60S_up	1.3187986520878106
GO:CC	GO:0009503	thylakoid light-harvesting complex	0.04799559145604122	True	"""A thylakoid membrane complex of chlorophylls a and b together with chlorophyll a-b binding proteins. In addition, LHCs contain a number of other proteins, the function of which is speculative, together with accessory pigments. The LHCs capture and transfer energy to photosystems I and II. An example of this is found in Arabidopsis thaliana."" [GOC:mtg_sensu, ISBN:0198547684]"	8	37	1	20029	0.02702702702702703	0.125	query_1	['GO:0030076', 'GO:0098807']	4hr_60S_up	1.3187986520878106
GO:CC	GO:0009521	photosystem	0.04799559145604122	True	"""A complex located in a photosynthetic membrane that consists of a photoreaction center associated with accessory pigments and electron carriers. Examples of this component are found in Arabidopsis thaliana and in photosynthetic bacterial and archaeal species."" [GOC:ds, GOC:mah, ISBN:0140514031, PMID:9821949]"	97	37	2	20029	0.05405405405405406	0.020618556701030927	query_1	['GO:0034357', 'GO:0098796']	4hr_60S_up	1.3187986520878106
GO:CC	GO:0030076	light-harvesting complex	0.04799559145604122	True	"""A protein-pigment complex that may be closely or peripherally associated to photosynthetic reaction centers that participate in harvesting and transferring radiant energy to the reaction center."" [GOC:lr]"	8	37	1	20029	0.02702702702702703	0.125	query_1	['GO:0005622', 'GO:0032991']	4hr_60S_up	1.3187986520878106
GO:CC	GO:0009534	chloroplast thylakoid	0.04799559145604122	True	"""Sac-like membranous structures (cisternae) in a chloroplast combined into stacks (grana) and present singly in the stroma (stroma thylakoids or frets) as interconnections between grana. An example of this component is found in Arabidopsis thaliana."" [GOC:mtg_sensu, ISBN:0943088399]"	517	37	4	20029	0.10810810810810811	0.007736943907156673	query_1	['GO:0009507', 'GO:0031976']	4hr_60S_up	1.3187986520878106
GO:CC	GO:0009522	photosystem I	0.02297336936097098	True	"""A photosystem that contains an iron-sulfur reaction center associated with accessory pigments and electron carriers. In cyanobacteria and chloroplasts, photosystem I functions as a light-dependent plastocyanin-ferredoxin oxidoreductase, transferring electrons from plastocyanin to ferredoxin; in photosynthetic bacteria that have only a single type I photosystem, such as the green sulfur bacteria, electrons can go either to ferredoxin (Fd) -> NAD+ or to menaquinone (MK) -> Cytb/FeS -> Cytc555 -> photosystem I (cyclic photophosphorylation)."" [GOC:ds, GOC:mah, ISBN:0140514031, PMID:9821949]"	43	14	2	20029	0.14285714285714285	0.046511627906976744	query_1	['GO:0009521']	Bulked_60S_up	1.6387753048674112
GO:CC	GO:0009523	photosystem II	0.037669829391243546	True	"""A photosystem that contains a pheophytin-quinone reaction center with associated accessory pigments and electron carriers. In cyanobacteria and chloroplasts, in the presence of light, PSII functions as a water-plastoquinone oxidoreductase, transferring electrons from water to plastoquinone, whereas other photosynthetic bacteria carry out anoxygenic photosynthesis and oxidize other compounds to re-reduce the photoreaction center."" [GOC:ds, GOC:mah, ISBN:0943088399, PMID:9821949]"	78	14	2	20029	0.14285714285714285	0.02564102564102564	query_1	['GO:0009521']	Bulked_60S_up	1.4240063467361876
GO:CC	GO:0009521	photosystem	0.03864264200001456	True	"""A complex located in a photosynthetic membrane that consists of a photoreaction center associated with accessory pigments and electron carriers. Examples of this component are found in Arabidopsis thaliana and in photosynthetic bacterial and archaeal species."" [GOC:ds, GOC:mah, ISBN:0140514031, PMID:9821949]"	97	14	2	20029	0.14285714285714285	0.020618556701030927	query_1	['GO:0034357', 'GO:0098796']	Bulked_60S_up	1.4129331884987155
GO:CC	GO:0009534	chloroplast thylakoid	0.03975182281426902	True	"""Sac-like membranous structures (cisternae) in a chloroplast combined into stacks (grana) and present singly in the stroma (stroma thylakoids or frets) as interconnections between grana. An example of this component is found in Arabidopsis thaliana."" [GOC:mtg_sensu, ISBN:0943088399]"	517	14	3	20029	0.21428571428571427	0.005802707930367505	query_1	['GO:0009507', 'GO:0031976']	Bulked_60S_up	1.4006429520382515
GO:CC	GO:0009503	thylakoid light-harvesting complex	0.03975182281426902	True	"""A thylakoid membrane complex of chlorophylls a and b together with chlorophyll a-b binding proteins. In addition, LHCs contain a number of other proteins, the function of which is speculative, together with accessory pigments. The LHCs capture and transfer energy to photosystems I and II. An example of this is found in Arabidopsis thaliana."" [GOC:mtg_sensu, ISBN:0198547684]"	8	14	1	20029	0.07142857142857142	0.125	query_1	['GO:0030076', 'GO:0098807']	Bulked_60S_up	1.4006429520382515
GO:CC	GO:0009517	PSII associated light-harvesting complex II	0.03975182281426902	True	"""Protein-pigment complex associated with photosystem II."" [GOC:lr, ISBN:0582227089]"	6	14	1	20029	0.07142857142857142	0.16666666666666666	query_1	['GO:0009503']	Bulked_60S_up	1.4006429520382515
GO:CC	GO:0031976	plastid thylakoid	0.03975182281426902	True	"""Any thylakoid within a plastid."" [GOC:pz]"	519	14	3	20029	0.21428571428571427	0.005780346820809248	query_1	['GO:0009536', 'GO:0009579']	Bulked_60S_up	1.4006429520382515
GO:CC	GO:0030076	light-harvesting complex	0.03975182281426902	True	"""A protein-pigment complex that may be closely or peripherally associated to photosynthetic reaction centers that participate in harvesting and transferring radiant energy to the reaction center."" [GOC:lr]"	8	14	1	20029	0.07142857142857142	0.125	query_1	['GO:0005622', 'GO:0032991']	Bulked_60S_up	1.4006429520382515
GO:CC	GO:0009579	thylakoid	0.047303309117409584	True	"""A membranous cellular structure that bears the photosynthetic pigments in plants, algae, and cyanobacteria. In cyanobacteria thylakoids are of various shapes and are attached to, or continuous with, the plasma membrane. In eukaryotes they are flattened, membrane-bounded disk-like structures located in the chloroplasts; in the chloroplasts of higher plants the thylakoids form dense stacks called grana. Isolated thylakoid preparations can carry out photosynthetic electron transport and the associated phosphorylation."" [GOC:ds, GOC:mtg_sensu, ISBN:0198506732]"	596	14	3	20029	0.21428571428571427	0.0050335570469798654	query_1	['GO:0043232']	Bulked_60S_up	1.3251084769966008
GO:CC	GO:0022625	cytosolic large ribosomal subunit	1.0400488273484484e-30	True	"""The large subunit of a ribosome located in the cytosol."" [GOC:mtg_sensu]"	121	69	22	20029	0.3188405797101449	0.18181818181818182	query_1	['GO:0015934', 'GO:0022626']	16hr_60S_up	29.982946271326007
GO:CC	GO:0015934	large ribosomal subunit	6.078687735029236e-29	True	"""The larger of the two subunits of a ribosome. Two sites on the ribosomal large subunit are involved in translation, namely the aminoacyl site (A site) and peptidyl site (P site)."" [ISBN:0198506732]"	148	69	22	20029	0.3188405797101449	0.14864864864864866	query_1	['GO:0044391']	16hr_60S_up	28.216190165948827
GO:CC	GO:0022626	cytosolic ribosome	6.494850975636408e-29	True	"""A ribosome located in the cytosol."" [GOC:mtg_sensu]"	289	69	26	20029	0.37681159420289856	0.08996539792387544	query_1	['GO:0005829', 'GO:0005840']	16hr_60S_up	28.187430809364052
GO:CC	GO:0005840	ribosome	1.3491911061858548e-23	True	"""An intracellular organelle, about 200 A in diameter, consisting of RNA and protein. It is the site of protein biosynthesis resulting from translation of messenger RNA (mRNA). It consists of two subunits, one large and one small, each containing only protein and RNA. Both the ribosome and its subunits are characterized by their sedimentation coefficients, expressed in Svedberg units (symbol: S). Hence, the prokaryotic ribosome (70S) comprises a large (50S) subunit and a small (30S) subunit, while the eukaryotic ribosome (80S) comprises a large (60S) subunit and a small (40S) subunit. Two sites on the ribosomal large subunit are involved in translation, namely the aminoacyl site (A site) and peptidyl site (P site). Ribosomes from prokaryotes, eukaryotes, mitochondria, and chloroplasts have characteristically distinct ribosomal proteins."" [ISBN:0198506732]"	533	69	27	20029	0.391304347826087	0.05065666041275797	query_1	['GO:0043232']	16hr_60S_up	22.869926530325362
GO:CC	GO:0044391	ribosomal subunit	1.3491911061858548e-23	True	"""Either of the two subunits of a ribosome: the ribosomal large subunit or the ribosomal small subunit."" [GOC:jl]"	262	69	22	20029	0.3188405797101449	0.08396946564885496	query_1	['GO:0005840', 'GO:1990904']	16hr_60S_up	22.869926530325362
GO:CC	GO:1990904	ribonucleoprotein complex	4.5925428723295985e-21	True	"""A macromolecular complex that contains both RNA and protein molecules."" [GOC:krc, GOC:vesicles]"	831	69	29	20029	0.42028985507246375	0.03489771359807461	query_1	['GO:0032991']	16hr_60S_up	20.337946780775173
GO:CC	GO:0005829	cytosol	2.770956097663898e-11	True	"""The part of the cytoplasm that does not contain organelles but which does contain other particulate matter, such as protein complexes."" [GOC:hjd, GOC:jl]"	2420	69	32	20029	0.463768115942029	0.013223140495867768	query_1	['GO:0005737', 'GO:0110165']	16hr_60S_up	10.557370355016525
GO:CC	GO:0032991	protein-containing complex	8.013711798618187e-10	True	"""A stable assembly of two or more macromolecules, i.e. proteins, nucleic acids, carbohydrates or lipids, in which at least one component is a protein and the constituent parts function together."" [GOC:dos, GOC:mah]"	2580	69	31	20029	0.4492753623188406	0.012015503875968992	query_1	['GO:0005575']	16hr_60S_up	9.09616628038603
GO:CC	GO:0043232	intracellular membraneless organelle	3.1398708606393853e-09	True	"""Organized structure of distinctive morphology and function, not bounded by a lipid bilayer membrane and occurring within the cell. Includes ribosomes, the cytoskeleton and chromosomes."" [GOC:go_curators]"	2568	69	30	20029	0.43478260869565216	0.011682242990654205	query_1	['GO:0043228', 'GO:0043229']	16hr_60S_up	8.50308821360355
GO:CC	GO:0043228	membraneless organelle	3.1398708606393853e-09	True	"""Organized structure of distinctive morphology and function, not bounded by a lipid bilayer membrane. Includes ribosomes, the cytoskeleton and chromosomes."" [GOC:go_curators]"	2568	69	30	20029	0.43478260869565216	0.011682242990654205	query_1	['GO:0043226']	16hr_60S_up	8.50308821360355
GO:CC	GO:0005737	cytoplasm	0.00022553463028574623	True	"""The contents of a cell excluding the plasma membrane and nucleus, but including other subcellular structures."" [ISBN:0198547684]"	9524	69	50	20029	0.7246376811594203	0.005249895002099958	query_1	['GO:0005622', 'GO:0110165']	16hr_60S_up	3.6467867638202134
GO:CC	GO:0055044	symplast	0.0003593874079390575	True	"""The interconnected cell membranes and intracellular regions of a plant. The interconnections occur via the plasmodesmata."" [GOC:mtg_sensu]"	901	69	12	20029	0.17391304347826086	0.013318534961154272	query_1	['GO:0110165']	16hr_60S_up	3.4444371435831562
GO:CC	GO:0009506	plasmodesma	0.0003593874079390575	True	"""A fine cytoplasmic channel, found in all higher plants, that connects the cytoplasm of one cell to that of an adjacent cell."" [PMID:29880547]"	900	69	12	20029	0.17391304347826086	0.013333333333333334	query_1	['GO:0005911', 'GO:0055044']	16hr_60S_up	3.4444371435831562
GO:CC	GO:0030054	cell junction	0.0003593874079390575	True	"""A cellular component that forms a specialized region of connection between two or more cells, or between a cell and the extracellular matrix, or between two membrane-bound components of a cell, such as flagella."" [GOC:aruk, GOC:bc, GOC:mah, ISBN:0198506732, PMID:26820516, PMID:28096264]"	900	69	12	20029	0.17391304347826086	0.013333333333333334	query_1	['GO:0110165']	16hr_60S_up	3.4444371435831562
GO:CC	GO:0070161	anchoring junction	0.0003593874079390575	True	"""A cell junction that mechanically attaches a cell (and its cytoskeleton) to neighboring cells or to the extracellular matrix."" [ISBN:0815332181]"	900	69	12	20029	0.17391304347826086	0.013333333333333334	query_1	['GO:0030054']	16hr_60S_up	3.4444371435831562
GO:CC	GO:0005911	cell-cell junction	0.0003593874079390575	True	"""A cell junction that forms a connection between two or more cells of an organism; excludes direct cytoplasmic intercellular bridges, such as ring canals in insects."" [GOC:aruk, GOC:bc, GOC:dgh, GOC:hb, GOC:mah, PMID:21422226, PMID:28096264]"	900	69	12	20029	0.17391304347826086	0.013333333333333334	query_1	['GO:0070161']	16hr_60S_up	3.4444371435831562
GO:CC	GO:0005730	nucleolus	0.0008732841057294207	True	"""A small, dense body one or more of which are present in the nucleus of eukaryotic cells. It is rich in RNA and protein, is not bounded by a limiting membrane, and is not seen during mitosis. Its prime function is the transcription of the nucleolar DNA into 45S ribosomal-precursor RNA, the processing of this RNA into 5.8S, 18S, and 28S components of ribosomal RNA, and the association of these components with 5S RNA and proteins synthesized outside the nucleolus. This association results in the formation of ribonucleoprotein precursors; these pass into the cytoplasm and mature into the 40S and 60S subunits of the ribosome."" [ISBN:0198506732]"	701	69	10	20029	0.14492753623188406	0.014265335235378032	query_1	['GO:0031981', 'GO:0043232']	16hr_60S_up	3.05884444417775
GO:CC	GO:0031981	nuclear lumen	0.001402583038881014	True	"""The volume enclosed by the nuclear inner membrane."" [GOC:mah, GOC:pz]"	1054	69	12	20029	0.17391304347826086	0.011385199240986717	query_1	['GO:0005634', 'GO:0070013']	16hr_60S_up	2.8530714172302782
GO:CC	GO:0043233	organelle lumen	0.001491532060949353	True	"""The internal volume enclosed by the membranes of a particular organelle; includes the volume enclosed by a single organelle membrane, e.g. endoplasmic reticulum lumen, or the volume enclosed by the innermost of the two lipid bilayers of an organelle envelope, e.g. nuclear lumen."" [GOC:jl, GOC:mah]"	1245	69	13	20029	0.18840579710144928	0.010441767068273093	query_1	['GO:0031974', 'GO:0043226']	16hr_60S_up	2.826367406905513
GO:CC	GO:0070013	intracellular organelle lumen	0.001491532060949353	True	"""An organelle lumen that is part of an intracellular organelle."" [GOC:mah]"	1245	69	13	20029	0.18840579710144928	0.010441767068273093	query_1	['GO:0043229', 'GO:0043233']	16hr_60S_up	2.826367406905513
GO:CC	GO:0031974	membrane-enclosed lumen	0.001491532060949353	True	"""The enclosed volume within a sealed membrane or between two sealed membranes. Encompasses the volume enclosed by the membranes of a particular organelle, e.g. endoplasmic reticulum lumen, or the space between the two lipid bilayers of a double membrane surrounding an organelle, e.g. nuclear envelope lumen."" [GOC:add, GOC:mah]"	1245	69	13	20029	0.18840579710144928	0.010441767068273093	query_1	['GO:0110165']	16hr_60S_up	2.826367406905513
GO:CC	GO:0000325	plant-type vacuole	0.007709322920033349	True	"""A closed structure that is completely surrounded by a unit membrane, contains liquid, and retains the same shape regardless of cell cycle phase. An example of this structure is found in Arabidopsis thaliana."" [GOC:mtg_sensu, ISBN:0815316208]"	794	69	9	20029	0.13043478260869565	0.011335012594458438	query_1	['GO:0005773']	16hr_60S_up	2.1129837626761083
GO:CC	GO:0043226	organelle	0.010612089203704959	True	"""Organized structure of distinctive morphology and function. Includes the nucleus, mitochondria, plastids, vacuoles, vesicles, ribosomes and the cytoskeleton, and prokaryotic structures such as anammoxosomes and pirellulosomes. Excludes the plasma membrane."" [GOC:go_curators]"	12326	69	54	20029	0.782608695652174	0.004380983287360052	query_1	['GO:0110165']	16hr_60S_up	1.974199108057028
GO:CC	GO:0043229	intracellular organelle	0.010612089203704959	True	"""Organized structure of distinctive morphology and function, occurring within the cell. Includes the nucleus, mitochondria, plastids, vacuoles, vesicles, ribosomes and the cytoskeleton. Excludes the plasma membrane."" [GOC:go_curators]"	12312	69	54	20029	0.782608695652174	0.0043859649122807015	query_1	['GO:0005622', 'GO:0043226']	16hr_60S_up	1.974199108057028
GO:CC	GO:0005622	intracellular anatomical structure	0.015876766042853225	True	"""A component of a cell contained within (but not including) the plasma membrane. In eukaryotes it includes the nucleus and cytoplasm."" [ISBN:0198506732]"	13505	69	57	20029	0.8260869565217391	0.004220659015179563	query_1	['GO:0110165']	16hr_60S_up	1.799237954854447
GO:CC	GO:0005773	vacuole	0.01716518764737058	True	"""A closed structure, found only in eukaryotic cells, that is completely surrounded by unit membrane and contains liquid material. Cells contain one or several vacuoles, that may have different functions from each other. Vacuoles have a diverse array of functions. They can act as a storage organelle for nutrients or waste products, as a degradative compartment, as a cost-effective way of increasing cell size, and as a homeostatic regulator controlling both turgor pressure and pH of the cytosol."" [GOC:mtg_sensu, ISBN:0198506732]"	1094	69	10	20029	0.14492753623188406	0.009140767824497258	query_1	['GO:0005737', 'GO:0043231']	16hr_60S_up	1.7653514445672644
GO:CC	GO:0031966	mitochondrial membrane	0.02950443310104752	True	"""Either of the lipid bilayers that surround the mitochondrion and form the mitochondrial envelope."" [GOC:mah, NIF_Subcellular:sao1045389829]"	352	69	5	20029	0.07246376811594203	0.014204545454545454	query_1	['GO:0005740', 'GO:0031090']	16hr_60S_up	1.5301127254903981
GO:CC	GO:0005740	mitochondrial envelope	0.03257426776609515	True	"""The double lipid bilayer enclosing the mitochondrion and separating its contents from the cell cytoplasm; includes the intermembrane space."" [GOC:ai, GOC:pz]"	367	69	5	20029	0.07246376811594203	0.013623978201634877	query_1	['GO:0005739', 'GO:0031967']	16hr_60S_up	1.4871253379705125
GO:CC	GO:0005743	mitochondrial inner membrane	0.03257426776609515	True	"""The inner, i.e. lumen-facing, lipid bilayer of the mitochondrial envelope. It is highly folded to form cristae."" [GOC:ai]"	233	69	4	20029	0.057971014492753624	0.017167381974248927	query_1	['GO:0019866', 'GO:0031966']	16hr_60S_up	1.4871253379705125
GO:CC	GO:0044853	plasma membrane raft	0.035084250460002984	True	"""A membrane raft that is part of the plasma membrane."" [GOC:jl]"	3	69	1	20029	0.014492753623188406	0.3333333333333333	query_1	['GO:0045121', 'GO:0098590']	16hr_60S_up	1.454887797304237
GO:CC	GO:0005901	caveola	0.035084250460002984	True	"""A membrane raft that forms small pit, depression, or invagination that communicates with the outside of a cell and extends inward, indenting the cytoplasm and the cell membrane. Examples include flask-shaped invaginations of the plasma membrane in adipocytes associated with caveolin proteins, and minute pits or incuppings of the cell membrane formed during pinocytosis. Caveolae may be pinched off to form free vesicles within the cytoplasm."" [GOC:mah, ISBN:0721662544, PMID:16645198]"	3	69	1	20029	0.014492753623188406	0.3333333333333333	query_1	['GO:0044853']	16hr_60S_up	1.454887797304237
GO:CC	GO:0045121	membrane raft	0.035084250460002984	True	"""Any of the small (10-200 nm), heterogeneous, highly dynamic, sterol- and sphingolipid-enriched membrane domains that compartmentalize cellular processes. Small rafts can sometimes be stabilized to form larger platforms through protein-protein and protein-lipid interactions."" [PMID:16645198, PMID:20044567]"	3	69	1	20029	0.014492753623188406	0.3333333333333333	query_1	['GO:0098857']	16hr_60S_up	1.454887797304237
GO:CC	GO:0005622	intracellular anatomical structure	2.1008966521720018e-10	True	"""A component of a cell contained within (but not including) the plasma membrane. In eukaryotes it includes the nucleus and cytoplasm."" [ISBN:0198506732]"	13505	113	107	20029	0.9469026548672567	0.00792299148463532	query_1	['GO:0110165']	4hr_Monosome_up	9.677595310990219
GO:CC	GO:0043229	intracellular organelle	6.854764611869755e-09	True	"""Organized structure of distinctive morphology and function, occurring within the cell. Includes the nucleus, mitochondria, plastids, vacuoles, vesicles, ribosomes and the cytoskeleton. Excludes the plasma membrane."" [GOC:go_curators]"	12312	113	100	20029	0.8849557522123894	0.008122157244964262	query_1	['GO:0005622', 'GO:0043226']	4hr_Monosome_up	8.164007454006674
GO:CC	GO:0043226	organelle	6.854764611869755e-09	True	"""Organized structure of distinctive morphology and function. Includes the nucleus, mitochondria, plastids, vacuoles, vesicles, ribosomes and the cytoskeleton, and prokaryotic structures such as anammoxosomes and pirellulosomes. Excludes the plasma membrane."" [GOC:go_curators]"	12326	113	100	20029	0.8849557522123894	0.008112932013629726	query_1	['GO:0110165']	4hr_Monosome_up	8.164007454006674
GO:CC	GO:0043227	membrane-bounded organelle	8.623050273935543e-06	True	"""Organized structure of distinctive morphology and function, bounded by a single or double lipid bilayer membrane. Includes the nucleus, mitochondria, plastids, vacuoles, and vesicles. Excludes the plasma membrane."" [GOC:go_curators]"	11823	113	92	20029	0.8141592920353983	0.0077814429501818485	query_1	['GO:0043226']	4hr_Monosome_up	5.064339081876967
GO:CC	GO:0043231	intracellular membrane-bounded organelle	8.623050273935543e-06	True	"""Organized structure of distinctive morphology and function, bounded by a single or double lipid bilayer membrane and occurring within the cell. Includes the nucleus, mitochondria, plastids, vacuoles, and vesicles. Excludes the plasma membrane."" [GOC:go_curators]"	11808	113	92	20029	0.8141592920353983	0.007791327913279133	query_1	['GO:0043227', 'GO:0043229']	4hr_Monosome_up	5.064339081876967
GO:CC	GO:0043232	intracellular membraneless organelle	2.142631968157886e-05	True	"""Organized structure of distinctive morphology and function, not bounded by a lipid bilayer membrane and occurring within the cell. Includes ribosomes, the cytoskeleton and chromosomes."" [GOC:go_curators]"	2568	113	34	20029	0.3008849557522124	0.0132398753894081	query_1	['GO:0043228', 'GO:0043229']	4hr_Monosome_up	4.669052419683542
GO:CC	GO:0043228	membraneless organelle	2.142631968157886e-05	True	"""Organized structure of distinctive morphology and function, not bounded by a lipid bilayer membrane. Includes ribosomes, the cytoskeleton and chromosomes."" [GOC:go_curators]"	2568	113	34	20029	0.3008849557522124	0.0132398753894081	query_1	['GO:0043226']	4hr_Monosome_up	4.669052419683542
GO:CC	GO:0005737	cytoplasm	0.00013203325815071187	True	"""The contents of a cell excluding the plasma membrane and nucleus, but including other subcellular structures."" [ISBN:0198547684]"	9524	113	77	20029	0.6814159292035398	0.008084838303233935	query_1	['GO:0005622', 'GO:0110165']	4hr_Monosome_up	3.8793166596120643
GO:CC	GO:0000322	storage vacuole	0.00337486816977968	True	"""A vacuole that functions primarily in the storage of materials, including nutrients, pigments, waste products, and small molecules."" [GOC:krc]"	23	113	3	20029	0.02654867256637168	0.13043478260869565	query_1	['GO:0005773']	4hr_Monosome_up	2.47174318705679
GO:CC	GO:0012511	monolayer-surrounded lipid storage body	0.00337486816977968	True	"""A subcellular organelle of plant cells surrounded by 'half-unit' or a monolayer membrane instead of the more usual bilayer. The storage body has a droplet of triglyceride surrounded by a monolayer of phospholipids, interacting with the triglycerides and the hydrophilic head groups facing the cytosol, and containing major protein components called oleosins."" [GOC:mtg_sensu, ISBN:0943088372]"	22	113	3	20029	0.02654867256637168	0.13636363636363635	query_1	['GO:0005811']	4hr_Monosome_up	2.47174318705679
GO:CC	GO:0005811	lipid droplet	0.00337486816977968	True	"""An intracellular non-membrane-bounded organelle comprising a matrix of coalesced lipids surrounded by a phospholipid monolayer. May include associated proteins."" [GOC:mah, GOC:tb]"	56	113	4	20029	0.035398230088495575	0.07142857142857142	query_1	['GO:0043232']	4hr_Monosome_up	2.47174318705679
GO:CC	GO:0000326	protein storage vacuole	0.00337486816977968	True	"""A storage vacuole that contains a lytic vacuole; identified in plants."" [PMID:11739409]"	23	113	3	20029	0.02654867256637168	0.13043478260869565	query_1	['GO:0000322', 'GO:0000325']	4hr_Monosome_up	2.47174318705679
GO:CC	GO:0030684	preribosome	0.0056455091867237605	True	"""Any complex of pre-rRNAs, ribosomal proteins, and associated proteins formed during ribosome biogenesis."" [PMID:10567516]"	28	113	3	20029	0.02654867256637168	0.10714285714285714	query_1	['GO:1990904']	4hr_Monosome_up	2.248296881549189
GO:CC	GO:0005730	nucleolus	0.006105553951210618	True	"""A small, dense body one or more of which are present in the nucleus of eukaryotic cells. It is rich in RNA and protein, is not bounded by a limiting membrane, and is not seen during mitosis. Its prime function is the transcription of the nucleolar DNA into 45S ribosomal-precursor RNA, the processing of this RNA into 5.8S, 18S, and 28S components of ribosomal RNA, and the association of these components with 5S RNA and proteins synthesized outside the nucleolus. This association results in the formation of ribonucleoprotein precursors; these pass into the cytoplasm and mature into the 40S and 60S subunits of the ribosome."" [ISBN:0198506732]"	701	113	12	20029	0.10619469026548672	0.017118402282453638	query_1	['GO:0031981', 'GO:0043232']	4hr_Monosome_up	2.2142749267985455
GO:CC	GO:0030686	90S preribosome	0.006157216042002467	True	"""A large ribonucleoprotein complex considered to be the earliest preribosomal complex. In S. cerevisiae, it has a size of 90S and consists of the 35S pre-rRNA, early-associating ribosomal proteins most of which are part of the small ribosomal subunit, the U3 snoRNA and associated proteins."" [GOC:krc, GOC:vw, PMID:12150911, PMID:12957375, PMID:15120992]"	7	113	2	20029	0.017699115044247787	0.2857142857142857	query_1	['GO:0030684']	4hr_Monosome_up	2.210615607785252
GO:CC	GO:0110165	cellular anatomical structure	0.011205111620857132	True	"""A part of a cellular organism consisting of a material entity with granularity above the level of a protein complex but below that of an anatomical system. Note that cellular organisms exclude viruses."" [GOC:kmv]"	18497	113	112	20029	0.9911504424778761	0.006055035951775964	query_1	['GO:0005575']	4hr_Monosome_up	1.9505838128387936
GO:CC	GO:0080008	Cul4-RING E3 ubiquitin ligase complex	0.012996236117251755	True	"""A ubiquitin ligase complex in which a cullin from the Cul4 family and a RING domain protein form the catalytic core; substrate specificity is conferred by an adaptor protein."" [PMID:16792691, PMID:18223036, PMID:18552200]"	88	113	4	20029	0.035398230088495575	0.045454545454545456	query_1	['GO:0031461']	4hr_Monosome_up	1.8861824069386282
GO:CC	GO:0009522	photosystem I	0.014444266231402709	True	"""A photosystem that contains an iron-sulfur reaction center associated with accessory pigments and electron carriers. In cyanobacteria and chloroplasts, photosystem I functions as a light-dependent plastocyanin-ferredoxin oxidoreductase, transferring electrons from plastocyanin to ferredoxin; in photosynthetic bacteria that have only a single type I photosystem, such as the green sulfur bacteria, electrons can go either to ferredoxin (Fd) -> NAD+ or to menaquinone (MK) -> Cytb/FeS -> Cytc555 -> photosystem I (cyclic photophosphorylation)."" [GOC:ds, GOC:mah, ISBN:0140514031, PMID:9821949]"	43	113	3	20029	0.02654867256637168	0.06976744186046512	query_1	['GO:0009521']	4hr_Monosome_up	1.8403045154152788
GO:CC	GO:0032040	small-subunit processome	0.030341023625951393	True	"""A large ribonucleoprotein complex that is an early preribosomal complex. In S. cerevisiae, it has a size of 80S and consists of the 35S pre-rRNA, early-associating ribosomal proteins most of which are part of the small ribosomal subunit, the U3 snoRNA and associated proteins."" [GOC:krc, GOC:vw, PMID:12068309, PMID:12957375, PMID:15120992, PMID:15590835]"	17	113	2	20029	0.017699115044247787	0.11764705882352941	query_1	['GO:0030684']	4hr_Monosome_up	1.5179697713540647
GO:CC	GO:0034455	t-UTP complex	0.04005691746966895	True	"""A protein complex that forms a subcomplex of the 90S preribosome and is required for the subsequent assembly of the rest of the preribosome. In S. cerevisiae, it is composed of Utp5p, Utp4p, Nan1p, Utp8p, Utp9p, Utp10 and Utp15p."" [GOC:krc, GOC:mah, GOC:vw, PMID:17515605]"	1	113	1	20029	0.008849557522123894	1.0	query_1	['GO:0005730', 'GO:0140513']	4hr_Monosome_up	1.3973224743490265
GO:CC	GO:0031981	nuclear lumen	0.043607951373841276	True	"""The volume enclosed by the nuclear inner membrane."" [GOC:mah, GOC:pz]"	1054	113	13	20029	0.11504424778761062	0.012333965844402278	query_1	['GO:0005634', 'GO:0070013']	4hr_Monosome_up	1.3604343152512317
GO:CC	GO:0009522	photosystem I	2.367385468820689e-07	True	"""A photosystem that contains an iron-sulfur reaction center associated with accessory pigments and electron carriers. In cyanobacteria and chloroplasts, photosystem I functions as a light-dependent plastocyanin-ferredoxin oxidoreductase, transferring electrons from plastocyanin to ferredoxin; in photosynthetic bacteria that have only a single type I photosystem, such as the green sulfur bacteria, electrons can go either to ferredoxin (Fd) -> NAD+ or to menaquinone (MK) -> Cytb/FeS -> Cytc555 -> photosystem I (cyclic photophosphorylation)."" [GOC:ds, GOC:mah, ISBN:0140514031, PMID:9821949]"	43	56	6	20029	0.10714285714285714	0.13953488372093023	query_1	['GO:0009521']	Bulked_Monosome_up	6.62573102244606
GO:CC	GO:0009521	photosystem	1.7090314309037023e-05	True	"""A complex located in a photosynthetic membrane that consists of a photoreaction center associated with accessory pigments and electron carriers. Examples of this component are found in Arabidopsis thaliana and in photosynthetic bacterial and archaeal species."" [GOC:ds, GOC:mah, ISBN:0140514031, PMID:9821949]"	97	56	6	20029	0.10714285714285714	0.061855670103092786	query_1	['GO:0034357', 'GO:0098796']	Bulked_Monosome_up	4.767249950068896
GO:CC	GO:0009538	photosystem I reaction center	4.438567310862391e-05	True	"""A photochemical system containing P700, the chlorophyll a dimer that functions as a primary electron donor. Functioning as a light-dependent plastocyanin-ferredoxin oxidoreductase, it transfers electrons from plastocyanin to ferredoxin."" [GOC:kd, ISBN:0943088399]"	8	56	3	20029	0.05357142857142857	0.375	query_1	['GO:0009522', 'GO:0098796']	Bulked_Monosome_up	4.352757189658993
GO:CC	GO:0031976	plastid thylakoid	0.0002922949446639203	True	"""Any thylakoid within a plastid."" [GOC:pz]"	519	56	9	20029	0.16071428571428573	0.017341040462427744	query_1	['GO:0009536', 'GO:0009579']	Bulked_Monosome_up	3.534178695841843
GO:CC	GO:0009534	chloroplast thylakoid	0.0002922949446639203	True	"""Sac-like membranous structures (cisternae) in a chloroplast combined into stacks (grana) and present singly in the stroma (stroma thylakoids or frets) as interconnections between grana. An example of this component is found in Arabidopsis thaliana."" [GOC:mtg_sensu, ISBN:0943088399]"	517	56	9	20029	0.16071428571428573	0.017408123791102514	query_1	['GO:0009507', 'GO:0031976']	Bulked_Monosome_up	3.534178695841843
GO:CC	GO:0005737	cytoplasm	0.0005041795337396521	True	"""The contents of a cell excluding the plasma membrane and nucleus, but including other subcellular structures."" [ISBN:0198547684]"	9524	56	42	20029	0.75	0.004409911801763965	query_1	['GO:0005622', 'GO:0110165']	Bulked_Monosome_up	3.297414787704269
GO:CC	GO:0009579	thylakoid	0.000620540230094791	True	"""A membranous cellular structure that bears the photosynthetic pigments in plants, algae, and cyanobacteria. In cyanobacteria thylakoids are of various shapes and are attached to, or continuous with, the plasma membrane. In eukaryotes they are flattened, membrane-bounded disk-like structures located in the chloroplasts; in the chloroplasts of higher plants the thylakoids form dense stacks called grana. Isolated thylakoid preparations can carry out photosynthetic electron transport and the associated phosphorylation."" [GOC:ds, GOC:mtg_sensu, ISBN:0198506732]"	596	56	9	20029	0.16071428571428573	0.015100671140939598	query_1	['GO:0043232']	Bulked_Monosome_up	3.207230057611166
GO:CC	GO:0055035	plastid thylakoid membrane	0.0011116697670328771	True	"""The lipid bilayer membrane of any thylakoid within a plastid."" [GOC:jid, GOC:rph]"	426	56	7	20029	0.125	0.01643192488262911	query_1	['GO:0031976', 'GO:0042170', 'GO:0042651']	Bulked_Monosome_up	2.9540242052496497
GO:CC	GO:0098796	membrane protein complex	0.0011116697670328771	True	"""Any protein complex that is part of a membrane."" [GOC:dos]"	428	56	7	20029	0.125	0.016355140186915886	query_1	['GO:0016020', 'GO:0032991']	Bulked_Monosome_up	2.9540242052496497
GO:CC	GO:0031968	organelle outer membrane	0.0011116697670328771	True	"""The outer, i.e. cytoplasm-facing in a cellular organelle, lipid bilayer of an organelle envelope."" [GOC:mah]"	546	56	8	20029	0.14285714285714285	0.014652014652014652	query_1	['GO:0019867', 'GO:0031967', 'GO:0098588']	Bulked_Monosome_up	2.9540242052496497
GO:CC	GO:0030054	cell junction	0.0011116697670328771	True	"""A cellular component that forms a specialized region of connection between two or more cells, or between a cell and the extracellular matrix, or between two membrane-bound components of a cell, such as flagella."" [GOC:aruk, GOC:bc, GOC:mah, ISBN:0198506732, PMID:26820516, PMID:28096264]"	900	56	10	20029	0.17857142857142858	0.011111111111111112	query_1	['GO:0110165']	Bulked_Monosome_up	2.9540242052496497
GO:CC	GO:0055044	symplast	0.0011116697670328771	True	"""The interconnected cell membranes and intracellular regions of a plant. The interconnections occur via the plasmodesmata."" [GOC:mtg_sensu]"	901	56	10	20029	0.17857142857142858	0.011098779134295227	query_1	['GO:0110165']	Bulked_Monosome_up	2.9540242052496497
GO:CC	GO:0009536	plastid	0.0011116697670328771	True	"""Any member of a family of organelles found in the cytoplasm of plants and some protists, which are membrane-bounded and contain DNA. Plant plastids develop from a common type, the proplastid."" [GOC:jl, ISBN:0198547684]"	2856	56	19	20029	0.3392857142857143	0.00665266106442577	query_1	['GO:0005737', 'GO:0043231']	Bulked_Monosome_up	2.9540242052496497
GO:CC	GO:0009535	chloroplast thylakoid membrane	0.0011116697670328771	True	"""The pigmented membrane of a chloroplast thylakoid. An example of this component is found in Arabidopsis thaliana."" [GOC:lr, GOC:mtg_sensu]"	424	56	7	20029	0.125	0.01650943396226415	query_1	['GO:0009534', 'GO:0031968', 'GO:0055035']	Bulked_Monosome_up	2.9540242052496497
GO:CC	GO:0019867	outer membrane	0.0011116697670328771	True	"""The external membrane of Gram-negative bacteria or certain organelles such as mitochondria and chloroplasts; freely permeable to most ions and metabolites."" [GOC:go_curators]"	546	56	8	20029	0.14285714285714285	0.014652014652014652	query_1	['GO:0016020']	Bulked_Monosome_up	2.9540242052496497
GO:CC	GO:0070161	anchoring junction	0.0011116697670328771	True	"""A cell junction that mechanically attaches a cell (and its cytoskeleton) to neighboring cells or to the extracellular matrix."" [ISBN:0815332181]"	900	56	10	20029	0.17857142857142858	0.011111111111111112	query_1	['GO:0030054']	Bulked_Monosome_up	2.9540242052496497
GO:CC	GO:0009506	plasmodesma	0.0011116697670328771	True	"""A fine cytoplasmic channel, found in all higher plants, that connects the cytoplasm of one cell to that of an adjacent cell."" [PMID:29880547]"	900	56	10	20029	0.17857142857142858	0.011111111111111112	query_1	['GO:0005911', 'GO:0055044']	Bulked_Monosome_up	2.9540242052496497
GO:CC	GO:0005911	cell-cell junction	0.0011116697670328771	True	"""A cell junction that forms a connection between two or more cells of an organism; excludes direct cytoplasmic intercellular bridges, such as ring canals in insects."" [GOC:aruk, GOC:bc, GOC:dgh, GOC:hb, GOC:mah, PMID:21422226, PMID:28096264]"	900	56	10	20029	0.17857142857142858	0.011111111111111112	query_1	['GO:0070161']	Bulked_Monosome_up	2.9540242052496497
GO:CC	GO:0005622	intracellular anatomical structure	0.0011116697670328771	True	"""A component of a cell contained within (but not including) the plasma membrane. In eukaryotes it includes the nucleus and cytoplasm."" [ISBN:0198506732]"	13505	56	50	20029	0.8928571428571429	0.0037023324694557573	query_1	['GO:0110165']	Bulked_Monosome_up	2.9540242052496497
GO:CC	GO:0034357	photosynthetic membrane	0.001241525223099983	True	"""A membrane enriched in complexes formed of reaction centers, accessory pigments and electron carriers, in which photosynthetic reactions take place."" [GOC:ds, GOC:mah]"	443	56	7	20029	0.125	0.01580135440180587	query_1	['GO:0009579', 'GO:0016020']	Bulked_Monosome_up	2.906044452797404
GO:CC	GO:0042651	thylakoid membrane	0.001241525223099983	True	"""The pigmented membrane of any thylakoid."" [GOC:jl, GOC:pr]"	442	56	7	20029	0.125	0.01583710407239819	query_1	['GO:0034357']	Bulked_Monosome_up	2.906044452797404
GO:CC	GO:0043231	intracellular membrane-bounded organelle	0.0029977277249167854	True	"""Organized structure of distinctive morphology and function, bounded by a single or double lipid bilayer membrane and occurring within the cell. Includes the nucleus, mitochondria, plastids, vacuoles, and vesicles. Excludes the plasma membrane."" [GOC:go_curators]"	11808	56	45	20029	0.8035714285714286	0.0038109756097560975	query_1	['GO:0043227', 'GO:0043229']	Bulked_Monosome_up	2.523207815429061
GO:CC	GO:0043227	membrane-bounded organelle	0.0029977277249167854	True	"""Organized structure of distinctive morphology and function, bounded by a single or double lipid bilayer membrane. Includes the nucleus, mitochondria, plastids, vacuoles, and vesicles. Excludes the plasma membrane."" [GOC:go_curators]"	11823	56	45	20029	0.8035714285714286	0.0038061405734585133	query_1	['GO:0043226']	Bulked_Monosome_up	2.523207815429061
GO:CC	GO:0010287	plastoglobule	0.003297489912180429	True	"""A lipoprotein particle present in chloroplasts. They are rich in non-polar lipids (triglycerides, esters) as well as in prenylquinones, plastoquinone and tocopherols. Plastoglobules are often associated with thylakoid membranes, suggesting an exchange of lipids with thylakoids."" [GOC:tair_curators, PMID:16461379]"	62	56	3	20029	0.05357142857142857	0.04838709677419355	query_1	['GO:0009570', 'GO:0110165']	Bulked_Monosome_up	2.481816524391476
GO:CC	GO:0005829	cytosol	0.003297489912180429	True	"""The part of the cytoplasm that does not contain organelles but which does contain other particulate matter, such as protein complexes."" [GOC:hjd, GOC:jl]"	2420	56	16	20029	0.2857142857142857	0.006611570247933884	query_1	['GO:0005737', 'GO:0110165']	Bulked_Monosome_up	2.481816524391476
GO:CC	GO:0032991	protein-containing complex	0.006355234047248578	True	"""A stable assembly of two or more macromolecules, i.e. proteins, nucleic acids, carbohydrates or lipids, in which at least one component is a protein and the constituent parts function together."" [GOC:dos, GOC:mah]"	2580	56	16	20029	0.2857142857142857	0.006201550387596899	query_1	['GO:0005575']	Bulked_Monosome_up	2.1968684508445335
GO:CC	GO:0009507	chloroplast	0.0067684274473153805	True	"""A chlorophyll-containing plastid with thylakoids organized into grana and frets, or stroma thylakoids, and embedded in a stroma."" [ISBN:0471245208]"	2351	56	15	20029	0.26785714285714285	0.0063802637175669925	query_1	['GO:0009536']	Bulked_Monosome_up	2.169512222051119
GO:CC	GO:0043229	intracellular organelle	0.008159438450145287	True	"""Organized structure of distinctive morphology and function, occurring within the cell. Includes the nucleus, mitochondria, plastids, vacuoles, vesicles, ribosomes and the cytoskeleton. Excludes the plasma membrane."" [GOC:go_curators]"	12312	56	45	20029	0.8035714285714286	0.003654970760233918	query_1	['GO:0005622', 'GO:0043226']	Bulked_Monosome_up	2.088339729284757
GO:CC	GO:0043226	organelle	0.008159438450145287	True	"""Organized structure of distinctive morphology and function. Includes the nucleus, mitochondria, plastids, vacuoles, vesicles, ribosomes and the cytoskeleton, and prokaryotic structures such as anammoxosomes and pirellulosomes. Excludes the plasma membrane."" [GOC:go_curators]"	12326	56	45	20029	0.8035714285714286	0.0036508194061333765	query_1	['GO:0110165']	Bulked_Monosome_up	2.088339729284757
GO:CC	GO:0042170	plastid membrane	0.01014633243005771	True	"""Either of the lipid bilayers that surround a plastid and form the plastid envelope."" [GOC:mah]"	674	56	7	20029	0.125	0.010385756676557863	query_1	['GO:0009526', 'GO:0031090']	Bulked_Monosome_up	1.9936909127485007
GO:CC	GO:0034457	Mpp10 complex	0.010462249093652887	True	"""A protein complex that forms a subcomplex of the 90S preribosome. In S. cerevisiae, it is composed of Mpp10p, Imp3p and Imp4p."" [GOC:mah, PMID:17515605]"	1	56	1	20029	0.017857142857142856	1.0	query_1	['GO:0005730', 'GO:0030686', 'GO:0140513']	Bulked_Monosome_up	1.980374944152676
GO:CC	GO:0098588	bounding membrane of organelle	0.018108489288592423	True	"""The lipid bilayer that forms the outer-most layer of an organelle."" [GOC:dos]"	1406	56	10	20029	0.17857142857142858	0.007112375533428165	query_1	['GO:0031090']	Bulked_Monosome_up	1.7421177794482163
GO:CC	GO:0009570	chloroplast stroma	0.018108489288592423	True	"""The space enclosed by the double membrane of a chloroplast but excluding the thylakoid space. It contains DNA, ribosomes and some temporary products of photosynthesis."" [ISBN:0198547684]"	762	56	7	20029	0.125	0.009186351706036745	query_1	['GO:0009507', 'GO:0009532']	Bulked_Monosome_up	1.7421177794482163
GO:CC	GO:0009532	plastid stroma	0.018443708333940597	True	"""The proteinaceous ground substance of plastids."" [ISBN:0943088399]"	769	56	7	20029	0.125	0.009102730819245773	query_1	['GO:0009536', 'GO:0110165']	Bulked_Monosome_up	1.7341517542666463
GO:CC	GO:0031090	organelle membrane	0.018555550387090874	True	"""A membrane that is one of the two lipid bilayers of an organelle envelope or the outermost membrane of single membrane bound organelle."" [GOC:dos, GOC:mah]"	2413	56	14	20029	0.25	0.005801906340654786	query_1	['GO:0016020', 'GO:0043227']	Bulked_Monosome_up	1.731526159260149
GO:CC	GO:0031967	organelle envelope	0.020760189307279207	True	"""A double membrane structure enclosing an organelle, including two lipid bilayers and the region between them. In some cases, an organelle envelope may have more than two membranes."" [GOC:mah, GOC:pz]"	1452	56	10	20029	0.17857142857142858	0.006887052341597796	query_1	['GO:0043227', 'GO:0043229', 'GO:0110165']	Bulked_Monosome_up	1.6827686905763788
GO:CC	GO:0045121	membrane raft	0.024879989431144695	True	"""Any of the small (10-200 nm), heterogeneous, highly dynamic, sterol- and sphingolipid-enriched membrane domains that compartmentalize cellular processes. Small rafts can sometimes be stabilized to form larger platforms through protein-protein and protein-lipid interactions."" [PMID:16645198, PMID:20044567]"	3	56	1	20029	0.017857142857142856	0.3333333333333333	query_1	['GO:0098857']	Bulked_Monosome_up	1.6041498084666093
GO:CC	GO:0044853	plasma membrane raft	0.024879989431144695	True	"""A membrane raft that is part of the plasma membrane."" [GOC:jl]"	3	56	1	20029	0.017857142857142856	0.3333333333333333	query_1	['GO:0045121', 'GO:0098590']	Bulked_Monosome_up	1.6041498084666093
GO:CC	GO:0005901	caveola	0.024879989431144695	True	"""A membrane raft that forms small pit, depression, or invagination that communicates with the outside of a cell and extends inward, indenting the cytoplasm and the cell membrane. Examples include flask-shaped invaginations of the plasma membrane in adipocytes associated with caveolin proteins, and minute pits or incuppings of the cell membrane formed during pinocytosis. Caveolae may be pinched off to form free vesicles within the cytoplasm."" [GOC:mah, ISBN:0721662544, PMID:16645198]"	3	56	1	20029	0.017857142857142856	0.3333333333333333	query_1	['GO:0044853']	Bulked_Monosome_up	1.6041498084666093
GO:CC	GO:0043232	intracellular membraneless organelle	0.02726156080599639	True	"""Organized structure of distinctive morphology and function, not bounded by a lipid bilayer membrane and occurring within the cell. Includes ribosomes, the cytoskeleton and chromosomes."" [GOC:go_curators]"	2568	56	14	20029	0.25	0.005451713395638629	query_1	['GO:0043228', 'GO:0043229']	Bulked_Monosome_up	1.5644492831298586
GO:CC	GO:0043228	membraneless organelle	0.02726156080599639	True	"""Organized structure of distinctive morphology and function, not bounded by a lipid bilayer membrane. Includes ribosomes, the cytoskeleton and chromosomes."" [GOC:go_curators]"	2568	56	14	20029	0.25	0.005451713395638629	query_1	['GO:0043226']	Bulked_Monosome_up	1.5644492831298586
GO:CC	GO:0062049	protein phosphatase inhibitor complex	0.03076153639394843	True	"""A protein-containing complex that inhibits protein phosphatase activity by directly binding to a protein phosphatase."" [GOC:bhm, PMID:19407142, PMID:19933100]"	4	56	1	20029	0.017857142857142856	0.25	query_1	['GO:0032991']	Bulked_Monosome_up	1.5119919773637593
GO:CC	GO:0098857	membrane microdomain	0.03750618593099403	True	"""A membrane region with a lipid composition that is distinct from that of the membrane regions that surround it."" [PMID:20044567, PMID:26253820]"	5	56	1	20029	0.017857142857142856	0.2	query_1	['GO:0016020']	Bulked_Monosome_up	1.4258970977619034
GO:CC	GO:0009521	photosystem	1.9711300168533164e-11	True	"""A complex located in a photosynthetic membrane that consists of a photoreaction center associated with accessory pigments and electron carriers. Examples of this component are found in Arabidopsis thaliana and in photosynthetic bacterial and archaeal species."" [GOC:ds, GOC:mah, ISBN:0140514031, PMID:9821949]"	97	139	13	20029	0.09352517985611511	0.13402061855670103	query_1	['GO:0034357', 'GO:0098796']	16hr_Monosome_up	10.70528472846553
GO:CC	GO:0031967	organelle envelope	1.7017335753861128e-07	True	"""A double membrane structure enclosing an organelle, including two lipid bilayers and the region between them. In some cases, an organelle envelope may have more than two membranes."" [GOC:mah, GOC:pz]"	1452	139	32	20029	0.2302158273381295	0.02203856749311295	query_1	['GO:0043227', 'GO:0043229', 'GO:0110165']	16hr_Monosome_up	6.769108432381129
GO:CC	GO:0009523	photosystem II	1.7017335753861128e-07	True	"""A photosystem that contains a pheophytin-quinone reaction center with associated accessory pigments and electron carriers. In cyanobacteria and chloroplasts, in the presence of light, PSII functions as a water-plastoquinone oxidoreductase, transferring electrons from water to plastoquinone, whereas other photosynthetic bacteria carry out anoxygenic photosynthesis and oxidize other compounds to re-reduce the photoreaction center."" [GOC:ds, GOC:mah, ISBN:0943088399, PMID:9821949]"	78	139	9	20029	0.06474820143884892	0.11538461538461539	query_1	['GO:0009521']	16hr_Monosome_up	6.769108432381129
GO:CC	GO:0098796	membrane protein complex	2.633310236584853e-07	True	"""Any protein complex that is part of a membrane."" [GOC:dos]"	428	139	17	20029	0.1223021582733813	0.0397196261682243	query_1	['GO:0016020', 'GO:0032991']	16hr_Monosome_up	6.579497972606843
GO:CC	GO:0009522	photosystem I	4.947769346226594e-07	True	"""A photosystem that contains an iron-sulfur reaction center associated with accessory pigments and electron carriers. In cyanobacteria and chloroplasts, photosystem I functions as a light-dependent plastocyanin-ferredoxin oxidoreductase, transferring electrons from plastocyanin to ferredoxin; in photosynthetic bacteria that have only a single type I photosystem, such as the green sulfur bacteria, electrons can go either to ferredoxin (Fd) -> NAD+ or to menaquinone (MK) -> Cytb/FeS -> Cytc555 -> photosystem I (cyclic photophosphorylation)."" [GOC:ds, GOC:mah, ISBN:0140514031, PMID:9821949]"	43	139	7	20029	0.050359712230215826	0.16279069767441862	query_1	['GO:0009521']	16hr_Monosome_up	6.30559055439374
GO:CC	GO:0005743	mitochondrial inner membrane	1.669823286194561e-05	True	"""The inner, i.e. lumen-facing, lipid bilayer of the mitochondrial envelope. It is highly folded to form cristae."" [GOC:ai]"	233	139	11	20029	0.07913669064748201	0.04721030042918455	query_1	['GO:0019866', 'GO:0031966']	16hr_Monosome_up	4.777329486871194
GO:CC	GO:0019867	outer membrane	2.280061732713848e-05	True	"""The external membrane of Gram-negative bacteria or certain organelles such as mitochondria and chloroplasts; freely permeable to most ions and metabolites."" [GOC:go_curators]"	546	139	16	20029	0.11510791366906475	0.029304029304029304	query_1	['GO:0016020']	16hr_Monosome_up	4.6420533943091815
GO:CC	GO:0031968	organelle outer membrane	2.280061732713848e-05	True	"""The outer, i.e. cytoplasm-facing in a cellular organelle, lipid bilayer of an organelle envelope."" [GOC:mah]"	546	139	16	20029	0.11510791366906475	0.029304029304029304	query_1	['GO:0019867', 'GO:0031967', 'GO:0098588']	16hr_Monosome_up	4.6420533943091815
GO:CC	GO:0005730	nucleolus	2.286110812348708e-05	True	"""A small, dense body one or more of which are present in the nucleus of eukaryotic cells. It is rich in RNA and protein, is not bounded by a limiting membrane, and is not seen during mitosis. Its prime function is the transcription of the nucleolar DNA into 45S ribosomal-precursor RNA, the processing of this RNA into 5.8S, 18S, and 28S components of ribosomal RNA, and the association of these components with 5S RNA and proteins synthesized outside the nucleolus. This association results in the formation of ribonucleoprotein precursors; these pass into the cytoplasm and mature into the 40S and 60S subunits of the ribosome."" [ISBN:0198506732]"	701	139	18	20029	0.12949640287769784	0.025677603423680456	query_1	['GO:0031981', 'GO:0043232']	16hr_Monosome_up	4.6409027223111705
GO:CC	GO:0055035	plastid thylakoid membrane	2.286110812348708e-05	True	"""The lipid bilayer membrane of any thylakoid within a plastid."" [GOC:jid, GOC:rph]"	426	139	14	20029	0.10071942446043165	0.03286384976525822	query_1	['GO:0031976', 'GO:0042170', 'GO:0042651']	16hr_Monosome_up	4.6409027223111705
GO:CC	GO:0009535	chloroplast thylakoid membrane	2.286110812348708e-05	True	"""The pigmented membrane of a chloroplast thylakoid. An example of this component is found in Arabidopsis thaliana."" [GOC:lr, GOC:mtg_sensu]"	424	139	14	20029	0.10071942446043165	0.0330188679245283	query_1	['GO:0009534', 'GO:0031968', 'GO:0055035']	16hr_Monosome_up	4.6409027223111705
GO:CC	GO:0034357	photosynthetic membrane	2.825721721012993e-05	True	"""A membrane enriched in complexes formed of reaction centers, accessory pigments and electron carriers, in which photosynthetic reactions take place."" [GOC:ds, GOC:mah]"	443	139	14	20029	0.10071942446043165	0.03160270880361174	query_1	['GO:0009579', 'GO:0016020']	16hr_Monosome_up	4.548870609996036
GO:CC	GO:0042651	thylakoid membrane	2.825721721012993e-05	True	"""The pigmented membrane of any thylakoid."" [GOC:jl, GOC:pr]"	442	139	14	20029	0.10071942446043165	0.03167420814479638	query_1	['GO:0034357']	16hr_Monosome_up	4.548870609996036
GO:CC	GO:0005737	cytoplasm	6.394483070617577e-05	True	"""The contents of a cell excluding the plasma membrane and nucleus, but including other subcellular structures."" [ISBN:0198547684]"	9524	139	92	20029	0.6618705035971223	0.009659806803863923	query_1	['GO:0005622', 'GO:0110165']	16hr_Monosome_up	4.1941945580895235
GO:CC	GO:0031966	mitochondrial membrane	6.394483070617577e-05	True	"""Either of the lipid bilayers that surround the mitochondrion and form the mitochondrial envelope."" [GOC:mah, NIF_Subcellular:sao1045389829]"	352	139	12	20029	0.08633093525179857	0.03409090909090909	query_1	['GO:0005740', 'GO:0031090']	16hr_Monosome_up	4.1941945580895235
GO:CC	GO:0005740	mitochondrial envelope	8.783686221128038e-05	True	"""The double lipid bilayer enclosing the mitochondrion and separating its contents from the cell cytoplasm; includes the intermembrane space."" [GOC:ai, GOC:pz]"	367	139	12	20029	0.08633093525179857	0.0326975476839237	query_1	['GO:0005739', 'GO:0031967']	16hr_Monosome_up	4.0563231868815315
GO:CC	GO:0009534	chloroplast thylakoid	0.00012344719352459655	True	"""Sac-like membranous structures (cisternae) in a chloroplast combined into stacks (grana) and present singly in the stroma (stroma thylakoids or frets) as interconnections between grana. An example of this component is found in Arabidopsis thaliana."" [GOC:mtg_sensu, ISBN:0943088399]"	517	139	14	20029	0.10071942446043165	0.027079303675048357	query_1	['GO:0009507', 'GO:0031976']	16hr_Monosome_up	3.9085187789652274
GO:CC	GO:0031976	plastid thylakoid	0.00012344719352459655	True	"""Any thylakoid within a plastid."" [GOC:pz]"	519	139	14	20029	0.10071942446043165	0.02697495183044316	query_1	['GO:0009536', 'GO:0009579']	16hr_Monosome_up	3.9085187789652274
GO:CC	GO:0019866	organelle inner membrane	0.00015572525066495752	True	"""The inner, i.e. lumen-facing, lipid bilayer of an organelle envelope; usually highly selective to most ions and metabolites."" [GOC:mah]"	332	139	11	20029	0.07913669064748201	0.03313253012048193	query_1	['GO:0031090', 'GO:0031967']	16hr_Monosome_up	3.807640961386104
GO:CC	GO:0043231	intracellular membrane-bounded organelle	0.00020822458315698832	True	"""Organized structure of distinctive morphology and function, bounded by a single or double lipid bilayer membrane and occurring within the cell. Includes the nucleus, mitochondria, plastids, vacuoles, and vesicles. Excludes the plasma membrane."" [GOC:go_curators]"	11808	139	105	20029	0.7553956834532374	0.008892276422764227	query_1	['GO:0043227', 'GO:0043229']	16hr_Monosome_up	3.6814679986526917
GO:CC	GO:0043227	membrane-bounded organelle	0.0002135526275869617	True	"""Organized structure of distinctive morphology and function, bounded by a single or double lipid bilayer membrane. Includes the nucleus, mitochondria, plastids, vacuoles, and vesicles. Excludes the plasma membrane."" [GOC:go_curators]"	11823	139	105	20029	0.7553956834532374	0.008880994671403197	query_1	['GO:0043226']	16hr_Monosome_up	3.6704950805729206
GO:CC	GO:0031090	organelle membrane	0.00023871456969197462	True	"""A membrane that is one of the two lipid bilayers of an organelle envelope or the outermost membrane of single membrane bound organelle."" [GOC:dos, GOC:mah]"	2413	139	34	20029	0.2446043165467626	0.014090343970161625	query_1	['GO:0016020', 'GO:0043227']	16hr_Monosome_up	3.6221210734786817
GO:CC	GO:0016020	membrane	0.00028650543253421916	True	"""A lipid bilayer along with all the proteins and protein complexes embedded in it and attached to it."" [GOC:dos, GOC:mah, ISBN:0815316194]"	8169	139	80	20029	0.5755395683453237	0.009793120332966091	query_1	['GO:0110165']	16hr_Monosome_up	3.54286713880212
GO:CC	GO:0043228	membraneless organelle	0.00030043061271223937	True	"""Organized structure of distinctive morphology and function, not bounded by a lipid bilayer membrane. Includes ribosomes, the cytoskeleton and chromosomes."" [GOC:go_curators]"	2568	139	35	20029	0.2517985611510791	0.013629283489096573	query_1	['GO:0043226']	16hr_Monosome_up	3.5222558164926774
GO:CC	GO:0043232	intracellular membraneless organelle	0.00030043061271223937	True	"""Organized structure of distinctive morphology and function, not bounded by a lipid bilayer membrane and occurring within the cell. Includes ribosomes, the cytoskeleton and chromosomes."" [GOC:go_curators]"	2568	139	35	20029	0.2517985611510791	0.013629283489096573	query_1	['GO:0043228', 'GO:0043229']	16hr_Monosome_up	3.5222558164926774
GO:CC	GO:0009526	plastid envelope	0.00030043061271223937	True	"""The double lipid bilayer enclosing a plastid and separating its contents from the rest of the cytoplasm; includes the intermembrane space."" [GOC:jy]"	988	139	19	20029	0.1366906474820144	0.019230769230769232	query_1	['GO:0009536', 'GO:0031967']	16hr_Monosome_up	3.5222558164926774
GO:CC	GO:0009579	thylakoid	0.00037111162214282844	True	"""A membranous cellular structure that bears the photosynthetic pigments in plants, algae, and cyanobacteria. In cyanobacteria thylakoids are of various shapes and are attached to, or continuous with, the plasma membrane. In eukaryotes they are flattened, membrane-bounded disk-like structures located in the chloroplasts; in the chloroplasts of higher plants the thylakoids form dense stacks called grana. Isolated thylakoid preparations can carry out photosynthetic electron transport and the associated phosphorylation."" [GOC:ds, GOC:mtg_sensu, ISBN:0198506732]"	596	139	14	20029	0.10071942446043165	0.02348993288590604	query_1	['GO:0043232']	16hr_Monosome_up	3.4304954445909583
GO:CC	GO:0005622	intracellular anatomical structure	0.0004239430868888393	True	"""A component of a cell contained within (but not including) the plasma membrane. In eukaryotes it includes the nucleus and cytoplasm."" [ISBN:0198506732]"	13505	139	114	20029	0.8201438848920863	0.008441318030359126	query_1	['GO:0110165']	16hr_Monosome_up	3.3726924422495936
GO:CC	GO:0043229	intracellular organelle	0.0007335633448629988	True	"""Organized structure of distinctive morphology and function, occurring within the cell. Includes the nucleus, mitochondria, plastids, vacuoles, vesicles, ribosomes and the cytoskeleton. Excludes the plasma membrane."" [GOC:go_curators]"	12312	139	106	20029	0.762589928057554	0.008609486679662118	query_1	['GO:0005622', 'GO:0043226']	16hr_Monosome_up	3.1345623778852745
GO:CC	GO:0043226	organelle	0.0007555717097819741	True	"""Organized structure of distinctive morphology and function. Includes the nucleus, mitochondria, plastids, vacuoles, vesicles, ribosomes and the cytoskeleton, and prokaryotic structures such as anammoxosomes and pirellulosomes. Excludes the plasma membrane."" [GOC:go_curators]"	12326	139	106	20029	0.762589928057554	0.008599707934447509	query_1	['GO:0110165']	16hr_Monosome_up	3.121724311358449
GO:CC	GO:0009536	plastid	0.0009553693412643467	True	"""Any member of a family of organelles found in the cytoplasm of plants and some protists, which are membrane-bounded and contain DNA. Plant plastids develop from a common type, the proplastid."" [GOC:jl, ISBN:0198547684]"	2856	139	36	20029	0.2589928057553957	0.012605042016806723	query_1	['GO:0005737', 'GO:0043231']	16hr_Monosome_up	3.019828699763319
GO:CC	GO:0042170	plastid membrane	0.0011263609782843865	True	"""Either of the lipid bilayers that surround a plastid and form the plastid envelope."" [GOC:mah]"	674	139	14	20029	0.10071942446043165	0.020771513353115726	query_1	['GO:0009526', 'GO:0031090']	16hr_Monosome_up	2.94832240366478
GO:CC	GO:0031981	nuclear lumen	0.0015914680429717676	True	"""The volume enclosed by the nuclear inner membrane."" [GOC:mah, GOC:pz]"	1054	139	18	20029	0.12949640287769784	0.017077798861480076	query_1	['GO:0005634', 'GO:0070013']	16hr_Monosome_up	2.798202077684111
GO:CC	GO:0070013	intracellular organelle lumen	0.003912308197327913	True	"""An organelle lumen that is part of an intracellular organelle."" [GOC:mah]"	1245	139	19	20029	0.1366906474820144	0.015261044176706828	query_1	['GO:0043229', 'GO:0043233']	16hr_Monosome_up	2.407566940406249
GO:CC	GO:0043233	organelle lumen	0.003912308197327913	True	"""The internal volume enclosed by the membranes of a particular organelle; includes the volume enclosed by a single organelle membrane, e.g. endoplasmic reticulum lumen, or the volume enclosed by the innermost of the two lipid bilayers of an organelle envelope, e.g. nuclear lumen."" [GOC:jl, GOC:mah]"	1245	139	19	20029	0.1366906474820144	0.015261044176706828	query_1	['GO:0031974', 'GO:0043226']	16hr_Monosome_up	2.407566940406249
GO:CC	GO:0031974	membrane-enclosed lumen	0.003912308197327913	True	"""The enclosed volume within a sealed membrane or between two sealed membranes. Encompasses the volume enclosed by the membranes of a particular organelle, e.g. endoplasmic reticulum lumen, or the space between the two lipid bilayers of a double membrane surrounding an organelle, e.g. nuclear envelope lumen."" [GOC:add, GOC:mah]"	1245	139	19	20029	0.1366906474820144	0.015261044176706828	query_1	['GO:0110165']	16hr_Monosome_up	2.407566940406249
GO:CC	GO:0110165	cellular anatomical structure	0.0045993875654801	True	"""A part of a cellular organism consisting of a material entity with granularity above the level of a protein complex but below that of an anatomical system. Note that cellular organisms exclude viruses."" [GOC:kmv]"	18497	139	137	20029	0.9856115107913669	0.007406606476725955	query_1	['GO:0005575']	16hr_Monosome_up	2.3372999932401437
GO:CC	GO:0000325	plant-type vacuole	0.004733078870045122	True	"""A closed structure that is completely surrounded by a unit membrane, contains liquid, and retains the same shape regardless of cell cycle phase. An example of this structure is found in Arabidopsis thaliana."" [GOC:mtg_sensu, ISBN:0815316208]"	794	139	14	20029	0.10071942446043165	0.017632241813602016	query_1	['GO:0005773']	16hr_Monosome_up	2.3248562585702492
GO:CC	GO:0005773	vacuole	0.0055756702175458915	True	"""A closed structure, found only in eukaryotic cells, that is completely surrounded by unit membrane and contains liquid material. Cells contain one or several vacuoles, that may have different functions from each other. Vacuoles have a diverse array of functions. They can act as a storage organelle for nutrients or waste products, as a degradative compartment, as a cost-effective way of increasing cell size, and as a homeostatic regulator controlling both turgor pressure and pH of the cytosol."" [GOC:mtg_sensu, ISBN:0198506732]"	1094	139	17	20029	0.1223021582733813	0.015539305301645339	query_1	['GO:0005737', 'GO:0043231']	16hr_Monosome_up	2.2537029212327764
GO:CC	GO:0098588	bounding membrane of organelle	0.006030914585457804	True	"""The lipid bilayer that forms the outer-most layer of an organelle."" [GOC:dos]"	1406	139	20	20029	0.14388489208633093	0.01422475106685633	query_1	['GO:0031090']	16hr_Monosome_up	2.219616822304546
GO:CC	GO:0005886	plasma membrane	0.0071213237391118175	True	"""The membrane surrounding a cell that separates the cell from its external environment. It consists of a phospholipid bilayer and associated proteins."" [ISBN:0716731363]"	2524	139	30	20029	0.2158273381294964	0.011885895404120444	query_1	['GO:0016020', 'GO:0071944']	16hr_Monosome_up	2.1474392705265135
GO:CC	GO:0005739	mitochondrion	0.012555779173594572	True	"""A semiautonomous, self replicating organelle that occurs in varying numbers, shapes, and sizes in the cytoplasm of virtually all eukaryotic cells. It is notably the site of tissue respiration."" [GOC:giardia, ISBN:0198506732]"	1720	139	22	20029	0.15827338129496402	0.012790697674418604	query_1	['GO:0005737', 'GO:0043231']	16hr_Monosome_up	1.9011563311157265
GO:CC	GO:0071944	cell periphery	0.016610853850835203	True	"""The broad region around and including the plasma membrane of a cell, encompassing the cell cortex (inside the cell), the plasma membrane, and any external encapsulating structures."" [GOC:pdt]"	2917	139	32	20029	0.2302158273381295	0.010970174837161468	query_1	['GO:0110165']	16hr_Monosome_up	1.7796080428541323
GO:CC	GO:0070161	anchoring junction	0.029543820758868723	True	"""A cell junction that mechanically attaches a cell (and its cytoskeleton) to neighboring cells or to the extracellular matrix."" [ISBN:0815332181]"	900	139	13	20029	0.09352517985611511	0.014444444444444444	query_1	['GO:0030054']	16hr_Monosome_up	1.5295333401956364
GO:CC	GO:0005911	cell-cell junction	0.029543820758868723	True	"""A cell junction that forms a connection between two or more cells of an organism; excludes direct cytoplasmic intercellular bridges, such as ring canals in insects."" [GOC:aruk, GOC:bc, GOC:dgh, GOC:hb, GOC:mah, PMID:21422226, PMID:28096264]"	900	139	13	20029	0.09352517985611511	0.014444444444444444	query_1	['GO:0070161']	16hr_Monosome_up	1.5295333401956364
GO:CC	GO:0055044	symplast	0.029543820758868723	True	"""The interconnected cell membranes and intracellular regions of a plant. The interconnections occur via the plasmodesmata."" [GOC:mtg_sensu]"	901	139	13	20029	0.09352517985611511	0.014428412874583796	query_1	['GO:0110165']	16hr_Monosome_up	1.5295333401956364
GO:CC	GO:0030054	cell junction	0.029543820758868723	True	"""A cellular component that forms a specialized region of connection between two or more cells, or between a cell and the extracellular matrix, or between two membrane-bound components of a cell, such as flagella."" [GOC:aruk, GOC:bc, GOC:mah, ISBN:0198506732, PMID:26820516, PMID:28096264]"	900	139	13	20029	0.09352517985611511	0.014444444444444444	query_1	['GO:0110165']	16hr_Monosome_up	1.5295333401956364
GO:CC	GO:0009506	plasmodesma	0.029543820758868723	True	"""A fine cytoplasmic channel, found in all higher plants, that connects the cytoplasm of one cell to that of an adjacent cell."" [PMID:29880547]"	900	139	13	20029	0.09352517985611511	0.014444444444444444	query_1	['GO:0005911', 'GO:0055044']	16hr_Monosome_up	1.5295333401956364
GO:CC	GO:0009507	chloroplast	0.031103201342176576	True	"""A chlorophyll-containing plastid with thylakoids organized into grana and frets, or stroma thylakoids, and embedded in a stroma."" [ISBN:0471245208]"	2351	139	26	20029	0.18705035971223022	0.01105912377711612	query_1	['GO:0009536']	16hr_Monosome_up	1.5071949082822014
GO:CC	GO:0009654	photosystem II oxygen evolving complex	0.0339155941258616	True	"""A complex, composed of a cluster of manganese, calcium and chloride ions bound to extrinsic proteins, that catalyzes the splitting of water to O2 and 4 H+. In cyanobacteria there are five extrinsic proteins in OEC (PsbO, PsbP-like, PsbQ-like, PsbU and PsbV), while in plants there are only three (PsbO, PsbP and PsbQ)."" [GOC:cjm, InterPro:IPR002683]"	24	139	2	20029	0.014388489208633094	0.08333333333333333	query_1	['GO:0009523', 'GO:0042651', 'GO:0098796', 'GO:1990204']	16hr_Monosome_up	1.469600570657835
GO:CC	GO:0009344	nitrite reductase complex [NAD(P)H]	0.03851278215461733	True	"""Complex that possesses nitrite reductase [NAD(P)H] activity."" [GOC:mah]"	2	139	1	20029	0.007194244604316547	0.5	query_1	['GO:1902494']	16hr_Monosome_up	1.414395106909486
GO:CC	GO:0043228	membraneless organelle	0.0022411595550522728	True	"""Organized structure of distinctive morphology and function, not bounded by a lipid bilayer membrane. Includes ribosomes, the cytoskeleton and chromosomes."" [GOC:go_curators]"	2568	23	11	20029	0.4782608695652174	0.004283489096573208	query_1	['GO:0043226']	4hr_Disome_up	2.6495272236023415
GO:CC	GO:0043232	intracellular membraneless organelle	0.0022411595550522728	True	"""Organized structure of distinctive morphology and function, not bounded by a lipid bilayer membrane and occurring within the cell. Includes ribosomes, the cytoskeleton and chromosomes."" [GOC:go_curators]"	2568	23	11	20029	0.4782608695652174	0.004283489096573208	query_1	['GO:0043228', 'GO:0043229']	4hr_Disome_up	2.6495272236023415
GO:CC	GO:0005730	nucleolus	0.0030947793259294247	True	"""A small, dense body one or more of which are present in the nucleus of eukaryotic cells. It is rich in RNA and protein, is not bounded by a limiting membrane, and is not seen during mitosis. Its prime function is the transcription of the nucleolar DNA into 45S ribosomal-precursor RNA, the processing of this RNA into 5.8S, 18S, and 28S components of ribosomal RNA, and the association of these components with 5S RNA and proteins synthesized outside the nucleolus. This association results in the formation of ribonucleoprotein precursors; these pass into the cytoplasm and mature into the 40S and 60S subunits of the ribosome."" [ISBN:0198506732]"	701	23	6	20029	0.2608695652173913	0.008559201141226819	query_1	['GO:0031981', 'GO:0043232']	4hr_Disome_up	2.5093703130244545
GO:CC	GO:0031981	nuclear lumen	0.0030947793259294247	True	"""The volume enclosed by the nuclear inner membrane."" [GOC:mah, GOC:pz]"	1054	23	7	20029	0.30434782608695654	0.006641366223908918	query_1	['GO:0005634', 'GO:0070013']	4hr_Disome_up	2.5093703130244545
GO:CC	GO:0031974	membrane-enclosed lumen	0.0049546342799691575	True	"""The enclosed volume within a sealed membrane or between two sealed membranes. Encompasses the volume enclosed by the membranes of a particular organelle, e.g. endoplasmic reticulum lumen, or the space between the two lipid bilayers of a double membrane surrounding an organelle, e.g. nuclear envelope lumen."" [GOC:add, GOC:mah]"	1245	23	7	20029	0.30434782608695654	0.005622489959839358	query_1	['GO:0110165']	4hr_Disome_up	2.3049883968907334
GO:CC	GO:0043233	organelle lumen	0.0049546342799691575	True	"""The internal volume enclosed by the membranes of a particular organelle; includes the volume enclosed by a single organelle membrane, e.g. endoplasmic reticulum lumen, or the volume enclosed by the innermost of the two lipid bilayers of an organelle envelope, e.g. nuclear lumen."" [GOC:jl, GOC:mah]"	1245	23	7	20029	0.30434782608695654	0.005622489959839358	query_1	['GO:0031974', 'GO:0043226']	4hr_Disome_up	2.3049883968907334
GO:CC	GO:0070013	intracellular organelle lumen	0.0049546342799691575	True	"""An organelle lumen that is part of an intracellular organelle."" [GOC:mah]"	1245	23	7	20029	0.30434782608695654	0.005622489959839358	query_1	['GO:0043229', 'GO:0043233']	4hr_Disome_up	2.3049883968907334
GO:CC	GO:1990904	ribonucleoprotein complex	0.026564025151711704	True	"""A macromolecular complex that contains both RNA and protein molecules."" [GOC:krc, GOC:vesicles]"	831	23	5	20029	0.21739130434782608	0.006016847172081829	query_1	['GO:0032991']	4hr_Disome_up	1.5757061172283888
GO:CC	GO:0022626	cytosolic ribosome	0.041241268065359785	True	"""A ribosome located in the cytosol."" [GOC:mtg_sensu]"	289	23	3	20029	0.13043478260869565	0.010380622837370242	query_1	['GO:0005829', 'GO:0005840']	4hr_Disome_up	1.3846679897192236
GO:CC	GO:0005829	cytosol	0.041241268065359785	True	"""The part of the cytoplasm that does not contain organelles but which does contain other particulate matter, such as protein complexes."" [GOC:hjd, GOC:jl]"	2420	23	8	20029	0.34782608695652173	0.003305785123966942	query_1	['GO:0005737', 'GO:0110165']	4hr_Disome_up	1.3846679897192236
GO:CC	GO:0005737	cytoplasm	7.092804627531592e-05	True	"""The contents of a cell excluding the plasma membrane and nucleus, but including other subcellular structures."" [ISBN:0198547684]"	9524	47	39	20029	0.8297872340425532	0.0040949181016379675	query_1	['GO:0005622', 'GO:0110165']	Bulked_Disome_up	4.149182002699549
GO:CC	GO:0034357	photosynthetic membrane	0.00012894370749164054	True	"""A membrane enriched in complexes formed of reaction centers, accessory pigments and electron carriers, in which photosynthetic reactions take place."" [GOC:ds, GOC:mah]"	443	47	8	20029	0.1702127659574468	0.01805869074492099	query_1	['GO:0009579', 'GO:0016020']	Bulked_Disome_up	3.8895998467663517
GO:CC	GO:0042651	thylakoid membrane	0.00012894370749164054	True	"""The pigmented membrane of any thylakoid."" [GOC:jl, GOC:pr]"	442	47	8	20029	0.1702127659574468	0.01809954751131222	query_1	['GO:0034357']	Bulked_Disome_up	3.8895998467663517
GO:CC	GO:0005829	cytosol	0.00012894370749164054	True	"""The part of the cytoplasm that does not contain organelles but which does contain other particulate matter, such as protein complexes."" [GOC:hjd, GOC:jl]"	2420	47	18	20029	0.3829787234042553	0.00743801652892562	query_1	['GO:0005737', 'GO:0110165']	Bulked_Disome_up	3.8895998467663517
GO:CC	GO:0031968	organelle outer membrane	0.00012894370749164054	True	"""The outer, i.e. cytoplasm-facing in a cellular organelle, lipid bilayer of an organelle envelope."" [GOC:mah]"	546	47	9	20029	0.19148936170212766	0.016483516483516484	query_1	['GO:0019867', 'GO:0031967', 'GO:0098588']	Bulked_Disome_up	3.8895998467663517
GO:CC	GO:0055035	plastid thylakoid membrane	0.00012894370749164054	True	"""The lipid bilayer membrane of any thylakoid within a plastid."" [GOC:jid, GOC:rph]"	426	47	8	20029	0.1702127659574468	0.018779342723004695	query_1	['GO:0031976', 'GO:0042170', 'GO:0042651']	Bulked_Disome_up	3.8895998467663517
GO:CC	GO:0019867	outer membrane	0.00012894370749164054	True	"""The external membrane of Gram-negative bacteria or certain organelles such as mitochondria and chloroplasts; freely permeable to most ions and metabolites."" [GOC:go_curators]"	546	47	9	20029	0.19148936170212766	0.016483516483516484	query_1	['GO:0016020']	Bulked_Disome_up	3.8895998467663517
GO:CC	GO:0009535	chloroplast thylakoid membrane	0.00012894370749164054	True	"""The pigmented membrane of a chloroplast thylakoid. An example of this component is found in Arabidopsis thaliana."" [GOC:lr, GOC:mtg_sensu]"	424	47	8	20029	0.1702127659574468	0.018867924528301886	query_1	['GO:0009534', 'GO:0031968', 'GO:0055035']	Bulked_Disome_up	3.8895998467663517
GO:CC	GO:0031976	plastid thylakoid	0.0003235067154789766	True	"""Any thylakoid within a plastid."" [GOC:pz]"	519	47	8	20029	0.1702127659574468	0.015414258188824663	query_1	['GO:0009536', 'GO:0009579']	Bulked_Disome_up	3.490116699646929
GO:CC	GO:0009534	chloroplast thylakoid	0.0003235067154789766	True	"""Sac-like membranous structures (cisternae) in a chloroplast combined into stacks (grana) and present singly in the stroma (stroma thylakoids or frets) as interconnections between grana. An example of this component is found in Arabidopsis thaliana."" [GOC:mtg_sensu, ISBN:0943088399]"	517	47	8	20029	0.1702127659574468	0.015473887814313346	query_1	['GO:0009507', 'GO:0031976']	Bulked_Disome_up	3.490116699646929
GO:CC	GO:0009579	thylakoid	0.0007708923650215633	True	"""A membranous cellular structure that bears the photosynthetic pigments in plants, algae, and cyanobacteria. In cyanobacteria thylakoids are of various shapes and are attached to, or continuous with, the plasma membrane. In eukaryotes they are flattened, membrane-bounded disk-like structures located in the chloroplasts; in the chloroplasts of higher plants the thylakoids form dense stacks called grana. Isolated thylakoid preparations can carry out photosynthetic electron transport and the associated phosphorylation."" [GOC:ds, GOC:mtg_sensu, ISBN:0198506732]"	596	47	8	20029	0.1702127659574468	0.013422818791946308	query_1	['GO:0043232']	Bulked_Disome_up	3.1130062555942066
GO:CC	GO:0098588	bounding membrane of organelle	0.0007708923650215633	True	"""The lipid bilayer that forms the outer-most layer of an organelle."" [GOC:dos]"	1406	47	12	20029	0.2553191489361702	0.008534850640113799	query_1	['GO:0031090']	Bulked_Disome_up	3.1130062555942066
GO:CC	GO:0009521	photosystem	0.000785876695798067	True	"""A complex located in a photosynthetic membrane that consists of a photoreaction center associated with accessory pigments and electron carriers. Examples of this component are found in Arabidopsis thaliana and in photosynthetic bacterial and archaeal species."" [GOC:ds, GOC:mah, ISBN:0140514031, PMID:9821949]"	97	47	4	20029	0.0851063829787234	0.041237113402061855	query_1	['GO:0034357', 'GO:0098796']	Bulked_Disome_up	3.1046455895016916
GO:CC	GO:0009522	photosystem I	0.001299304407401835	True	"""A photosystem that contains an iron-sulfur reaction center associated with accessory pigments and electron carriers. In cyanobacteria and chloroplasts, photosystem I functions as a light-dependent plastocyanin-ferredoxin oxidoreductase, transferring electrons from plastocyanin to ferredoxin; in photosynthetic bacteria that have only a single type I photosystem, such as the green sulfur bacteria, electrons can go either to ferredoxin (Fd) -> NAD+ or to menaquinone (MK) -> Cytb/FeS -> Cytc555 -> photosystem I (cyclic photophosphorylation)."" [GOC:ds, GOC:mah, ISBN:0140514031, PMID:9821949]"	43	47	3	20029	0.06382978723404255	0.06976744186046512	query_1	['GO:0009521']	Bulked_Disome_up	2.8862890883672043
GO:CC	GO:0042170	plastid membrane	0.001346108430272578	True	"""Either of the lipid bilayers that surround a plastid and form the plastid envelope."" [GOC:mah]"	674	47	8	20029	0.1702127659574468	0.011869436201780416	query_1	['GO:0009526', 'GO:0031090']	Bulked_Disome_up	2.8709199558829166
GO:CC	GO:0009570	chloroplast stroma	0.0028995274894392923	True	"""The space enclosed by the double membrane of a chloroplast but excluding the thylakoid space. It contains DNA, ribosomes and some temporary products of photosynthesis."" [ISBN:0198547684]"	762	47	8	20029	0.1702127659574468	0.010498687664041995	query_1	['GO:0009507', 'GO:0009532']	Bulked_Disome_up	2.5376727694971755
GO:CC	GO:0009532	plastid stroma	0.002901130375087014	True	"""The proteinaceous ground substance of plastids."" [ISBN:0943088399]"	769	47	8	20029	0.1702127659574468	0.010403120936280884	query_1	['GO:0009536', 'GO:0110165']	Bulked_Disome_up	2.537432753821056
GO:CC	GO:0005622	intracellular anatomical structure	0.003358573911417112	True	"""A component of a cell contained within (but not including) the plasma membrane. In eukaryotes it includes the nucleus and cytoplasm."" [ISBN:0198506732]"	13505	47	42	20029	0.8936170212765957	0.003109959274342836	query_1	['GO:0110165']	Bulked_Disome_up	2.4738450898344273
GO:CC	GO:0009507	chloroplast	0.004663125368811053	True	"""A chlorophyll-containing plastid with thylakoids organized into grana and frets, or stroma thylakoids, and embedded in a stroma."" [ISBN:0471245208]"	2351	47	14	20029	0.2978723404255319	0.005954912803062527	query_1	['GO:0009536']	Bulked_Disome_up	2.331322908317558
GO:CC	GO:0031977	thylakoid lumen	0.004663125368811053	True	"""The volume enclosed by a thylakoid membrane."" [GOC:mah, GOC:pz]"	74	47	3	20029	0.06382978723404255	0.04054054054054054	query_1	['GO:0009579', 'GO:0110165']	Bulked_Disome_up	2.331322908317558
GO:CC	GO:0005773	vacuole	0.005391938724588689	True	"""A closed structure, found only in eukaryotic cells, that is completely surrounded by unit membrane and contains liquid material. Cells contain one or several vacuoles, that may have different functions from each other. Vacuoles have a diverse array of functions. They can act as a storage organelle for nutrients or waste products, as a degradative compartment, as a cost-effective way of increasing cell size, and as a homeostatic regulator controlling both turgor pressure and pH of the cytosol."" [GOC:mtg_sensu, ISBN:0198506732]"	1094	47	9	20029	0.19148936170212766	0.008226691042047532	query_1	['GO:0005737', 'GO:0043231']	Bulked_Disome_up	2.268255051881531
GO:CC	GO:0009536	plastid	0.009609450027816846	True	"""Any member of a family of organelles found in the cytoplasm of plants and some protists, which are membrane-bounded and contain DNA. Plant plastids develop from a common type, the proplastid."" [GOC:jl, ISBN:0198547684]"	2856	47	15	20029	0.3191489361702128	0.005252100840336135	query_1	['GO:0005737', 'GO:0043231']	Bulked_Disome_up	2.0173014673490606
GO:CC	GO:0009526	plastid envelope	0.010910732040990228	True	"""The double lipid bilayer enclosing a plastid and separating its contents from the rest of the cytoplasm; includes the intermembrane space."" [GOC:jy]"	988	47	8	20029	0.1702127659574468	0.008097165991902834	query_1	['GO:0009536', 'GO:0031967']	Bulked_Disome_up	1.9621461100260404
GO:CC	GO:0031090	organelle membrane	0.015848407360081064	True	"""A membrane that is one of the two lipid bilayers of an organelle envelope or the outermost membrane of single membrane bound organelle."" [GOC:dos, GOC:mah]"	2413	47	13	20029	0.2765957446808511	0.005387484459179445	query_1	['GO:0016020', 'GO:0043227']	Bulked_Disome_up	1.8000143744229626
GO:CC	GO:0009344	nitrite reductase complex [NAD(P)H]	0.024376587241889156	True	"""Complex that possesses nitrite reductase [NAD(P)H] activity."" [GOC:mah]"	2	47	1	20029	0.02127659574468085	0.5	query_1	['GO:1902494']	Bulked_Disome_up	1.6130270963288675
GO:CC	GO:0031967	organelle envelope	0.029653017192365388	True	"""A double membrane structure enclosing an organelle, including two lipid bilayers and the region between them. In some cases, an organelle envelope may have more than two membranes."" [GOC:mah, GOC:pz]"	1452	47	9	20029	0.19148936170212766	0.006198347107438017	query_1	['GO:0043227', 'GO:0043229', 'GO:0110165']	Bulked_Disome_up	1.52793111061915
GO:CC	GO:0031978	plastid thylakoid lumen	0.029653017192365388	True	"""The volume enclosed by a plastid thylakoid membrane."" [GOC:mah]"	51	47	2	20029	0.0425531914893617	0.0392156862745098	query_1	['GO:0031976', 'GO:0031977']	Bulked_Disome_up	1.52793111061915
GO:CC	GO:0009543	chloroplast thylakoid lumen	0.029653017192365388	True	"""The cavity enclosed within the chloroplast thylakoid membrane. An example of this component is found in Arabidopsis thaliana."" [GOC:mtg_sensu, ISBN:0943088399]"	51	47	2	20029	0.0425531914893617	0.0392156862745098	query_1	['GO:0009534', 'GO:0031978']	Bulked_Disome_up	1.52793111061915
GO:CC	GO:0030093	chloroplast photosystem I	0.03148526270108462	True	"""Photosystem located in the chloroplast that functions as a light-dependent plastocyanin-ferredoxin oxidoreductase, transferring electrons from plastocyanin to ferredoxin. An example of this is found in Arabidopsis thaliana."" [GOC:jid, GOC:mtg_sensu]"	3	47	1	20029	0.02127659574468085	0.3333333333333333	query_1	['GO:0009522', 'GO:0098807']	Bulked_Disome_up	1.5018926787584412
GO:CC	GO:0043226	organelle	0.03514390322078176	True	"""Organized structure of distinctive morphology and function. Includes the nucleus, mitochondria, plastids, vacuoles, vesicles, ribosomes and the cytoskeleton, and prokaryotic structures such as anammoxosomes and pirellulosomes. Excludes the plasma membrane."" [GOC:go_curators]"	12326	47	37	20029	0.7872340425531915	0.0030017848450429986	query_1	['GO:0110165']	Bulked_Disome_up	1.454150005700462
GO:CC	GO:0043227	membrane-bounded organelle	0.03514390322078176	True	"""Organized structure of distinctive morphology and function, bounded by a single or double lipid bilayer membrane. Includes the nucleus, mitochondria, plastids, vacuoles, and vesicles. Excludes the plasma membrane."" [GOC:go_curators]"	11823	47	36	20029	0.7659574468085106	0.0030449124587668104	query_1	['GO:0043226']	Bulked_Disome_up	1.454150005700462
GO:CC	GO:0043229	intracellular organelle	0.03514390322078176	True	"""Organized structure of distinctive morphology and function, occurring within the cell. Includes the nucleus, mitochondria, plastids, vacuoles, vesicles, ribosomes and the cytoskeleton. Excludes the plasma membrane."" [GOC:go_curators]"	12312	47	37	20029	0.7872340425531915	0.003005198180636777	query_1	['GO:0005622', 'GO:0043226']	Bulked_Disome_up	1.454150005700462
GO:CC	GO:0043231	intracellular membrane-bounded organelle	0.03514390322078176	True	"""Organized structure of distinctive morphology and function, bounded by a single or double lipid bilayer membrane and occurring within the cell. Includes the nucleus, mitochondria, plastids, vacuoles, and vesicles. Excludes the plasma membrane."" [GOC:go_curators]"	11808	47	36	20029	0.7659574468085106	0.003048780487804878	query_1	['GO:0043227', 'GO:0043229']	Bulked_Disome_up	1.454150005700462
GO:CC	GO:0043529	GET complex	0.03514390322078176	True	"""An endoplasmic reticulum protein-containing complex that is conserved in eukaryotics and that mediates the insertion of tail-anchored proteins into the ER membrane. In yeast, includes Get1p, Get2p and Get3p proteins."" [GOC:krc, GOC:vw, PMID:16269340, PMID:18724936, PMID:32910895]"	4	47	1	20029	0.02127659574468085	0.25	query_1	['GO:0140534']	Bulked_Disome_up	1.454150005700462
GO:CC	GO:0010287	plastoglobule	0.03514390322078176	True	"""A lipoprotein particle present in chloroplasts. They are rich in non-polar lipids (triglycerides, esters) as well as in prenylquinones, plastoquinone and tocopherols. Plastoglobules are often associated with thylakoid membranes, suggesting an exchange of lipids with thylakoids."" [GOC:tair_curators, PMID:16461379]"	62	47	2	20029	0.0425531914893617	0.03225806451612903	query_1	['GO:0009570', 'GO:0110165']	Bulked_Disome_up	1.454150005700462
GO:CC	GO:0000325	plant-type vacuole	0.036977131296029274	True	"""A closed structure that is completely surrounded by a unit membrane, contains liquid, and retains the same shape regardless of cell cycle phase. An example of this structure is found in Arabidopsis thaliana."" [GOC:mtg_sensu, ISBN:0815316208]"	794	47	6	20029	0.1276595744680851	0.007556675062972292	query_1	['GO:0005773']	Bulked_Disome_up	1.432066784648743
GO:CC	GO:0043228	membraneless organelle	0.0460335609238239	True	"""Organized structure of distinctive morphology and function, not bounded by a lipid bilayer membrane. Includes ribosomes, the cytoskeleton and chromosomes."" [GOC:go_curators]"	2568	47	12	20029	0.2553191489361702	0.004672897196261682	query_1	['GO:0043226']	Bulked_Disome_up	1.336925428978471
GO:CC	GO:0043232	intracellular membraneless organelle	0.0460335609238239	True	"""Organized structure of distinctive morphology and function, not bounded by a lipid bilayer membrane and occurring within the cell. Includes ribosomes, the cytoskeleton and chromosomes."" [GOC:go_curators]"	2568	47	12	20029	0.2553191489361702	0.004672897196261682	query_1	['GO:0043228', 'GO:0043229']	Bulked_Disome_up	1.336925428978471
GO:CC	GO:0032991	protein-containing complex	0.04644996365201022	True	"""A stable assembly of two or more macromolecules, i.e. proteins, nucleic acids, carbohydrates or lipids, in which at least one component is a protein and the constituent parts function together."" [GOC:dos, GOC:mah]"	2580	47	12	20029	0.2553191489361702	0.004651162790697674	query_1	['GO:0005575']	Bulked_Disome_up	1.33301462151399
GO:CC	GO:0044853	plasma membrane raft	1.0348336137517165e-05	True	"""A membrane raft that is part of the plasma membrane."" [GOC:jl]"	3	116	3	20029	0.02586206896551724	1.0	query_1	['GO:0045121', 'GO:0098590']	16hr_Disome_up	4.985129472852874
GO:CC	GO:0005901	caveola	1.0348336137517165e-05	True	"""A membrane raft that forms small pit, depression, or invagination that communicates with the outside of a cell and extends inward, indenting the cytoplasm and the cell membrane. Examples include flask-shaped invaginations of the plasma membrane in adipocytes associated with caveolin proteins, and minute pits or incuppings of the cell membrane formed during pinocytosis. Caveolae may be pinched off to form free vesicles within the cytoplasm."" [GOC:mah, ISBN:0721662544, PMID:16645198]"	3	116	3	20029	0.02586206896551724	1.0	query_1	['GO:0044853']	16hr_Disome_up	4.985129472852874
GO:CC	GO:0045121	membrane raft	1.0348336137517165e-05	True	"""Any of the small (10-200 nm), heterogeneous, highly dynamic, sterol- and sphingolipid-enriched membrane domains that compartmentalize cellular processes. Small rafts can sometimes be stabilized to form larger platforms through protein-protein and protein-lipid interactions."" [PMID:16645198, PMID:20044567]"	3	116	3	20029	0.02586206896551724	1.0	query_1	['GO:0098857']	16hr_Disome_up	4.985129472852874
GO:CC	GO:0098857	membrane microdomain	7.695707854752035e-05	True	"""A membrane region with a lipid composition that is distinct from that of the membrane regions that surround it."" [PMID:20044567, PMID:26253820]"	5	116	3	20029	0.02586206896551724	0.6	query_1	['GO:0016020']	16hr_Disome_up	4.1137514273888165
GO:CC	GO:0016020	membrane	0.005259557382620357	True	"""A lipid bilayer along with all the proteins and protein complexes embedded in it and attached to it."" [GOC:dos, GOC:mah, ISBN:0815316194]"	8169	116	67	20029	0.5775862068965517	0.0082017382788591	query_1	['GO:0110165']	16hr_Disome_up	2.279050802305146
GO:CC	GO:0005770	late endosome	0.01181216478977733	True	"""A prelysosomal endocytic organelle differentiated from early endosomes by lower lumenal pH and different protein composition. Late endosomes are more spherical than early endosomes and are mostly juxtanuclear, being concentrated near the microtubule organizing center."" [NIF_Subcellular:nlx_subcell_20090702, PMID:11964142, PMID:2557062]"	61	116	4	20029	0.034482758620689655	0.06557377049180328	query_1	['GO:0005768']	16hr_Disome_up	1.9276705028861199
GO:CC	GO:0098590	plasma membrane region	0.021316257393062654	True	"""A membrane that is a (regional) part of the plasma membrane."" [GOC:dos]"	33	116	3	20029	0.02586206896551724	0.09090909090909091	query_1	['GO:0005886', 'GO:0016020']	16hr_Disome_up	1.6712890443087816
GO:CC	GO:0005886	plasma membrane	0.021499442707695725	True	"""The membrane surrounding a cell that separates the cell from its external environment. It consists of a phospholipid bilayer and associated proteins."" [ISBN:0716731363]"	2524	116	27	20029	0.23275862068965517	0.010697305863708399	query_1	['GO:0016020', 'GO:0071944']	16hr_Disome_up	1.6675727973918073
GO:CC	GO:0080008	Cul4-RING E3 ubiquitin ligase complex	0.031216053786091477	True	"""A ubiquitin ligase complex in which a cullin from the Cul4 family and a RING domain protein form the catalytic core; substrate specificity is conferred by an adaptor protein."" [PMID:16792691, PMID:18223036, PMID:18552200]"	88	116	4	20029	0.034482758620689655	0.045454545454545456	query_1	['GO:0031461']	16hr_Disome_up	1.5056219996479616
